case,category,compiler_id,compiler_version,iterations,seconds,ns_per_call,allocations,allocations_per_call,estimated_bytes_per_call,modeled_flops_per_call,modeled_min_bytes_per_call,arithmetic_intensity_flop_per_byte,bound_class,model_lower_bound_ns,measured_to_model_bound,machine_balance_flop_per_byte,vector_efficiency,sink,repeats,min_ns_per_call,max_ns_per_call,build_flags,cpu_model,hardware_threads,bench_threads,simd_width_bytes,stream_gbps
lagrange_hex_order2_values,scalar_point,clang,14.0.0,200000,0.010094535,50.472675,0,0,216,0,0,0,unmodeled,0,0,8,unmeasured,1002.35939026,5,49.460305,51.39787,optimized,Intel(R) Core(TM) i7-8565U CPU @ 1.80GHz,8,4,16,unmeasured
lagrange_pyramid_special_order2_strided_values,lagrange_pyramid_strided,clang,14.0.0,4000,0.004507129,1126.78225,0,0,4144,0,0,0,unmodeled,0,0,8,unmeasured,8184.10425124,5,1120.989,1159.932,optimized,Intel(R) Core(TM) i7-8565U CPU @ 1.80GHz,8,4,16,unmeasured
lagrange_pyramid_special_order2_strided_values_gradients,lagrange_pyramid_strided,clang,14.0.0,3000,0.009444528,3148.176,0,0,16576,0,0,0,unmodeled,0,0,8,unmeasured,1769.66221318,5,3086.148,3163.406,optimized,Intel(R) Core(TM) i7-8565U CPU @ 1.80GHz,8,4,16,unmeasured
lagrange_pyramid_special_order2_strided_hessians,lagrange_pyramid_strided,clang,14.0.0,2000,0.012314115,6157.0575,0,0,37296,0,0,0,unmodeled,0,0,8,unmeasured,8677.01047612,5,6105.54,6193.754,optimized,Intel(R) Core(TM) i7-8565U CPU @ 1.80GHz,8,4,16,unmeasured
lagrange_pyramid_special_order5_strided_all,lagrange_pyramid_strided,clang,14.0.0,500,1.756737624,3513475.248,0,0,766584,0,0,0,unmodeled,0,0,8,unmeasured,18120.2378122,5,3445105.58,3553275.826,optimized,Intel(R) Core(TM) i7-8565U CPU @ 1.80GHz,8,4,16,unmeasured
lagrange_line_order0_construction,lagrange_construction,clang,14.0.0,20,5.807e-06,290.35,100,5,0,0,0,0,unmodeled,0,0,8,unmeasured,18220.2378122,5,254.8,579.15,optimized,Intel(R) Core(TM) i7-8565U CPU @ 1.80GHz,8,4,16,unmeasured
lagrange_line_order0_point_values,lagrange_scalar_point,clang,14.0.0,5000,0.00017344,34.688,0,0,8,5,16,0.3125,memory,0,0,8,unmeasured,43245.2378122,5,33.5508,34.92,optimized,Intel(R) Core(TM) i7-8565U CPU @ 1.80GHz,8,4,16,unmeasured
lagrange_line_order0_point_gradients,lagrange_scalar_point,clang,14.0.0,5000,0.00019362,38.724,0,0,24,9,32,0.28125,memory,0,0,8,unmeasured,43245.2378122,5,38.4474,40.0718,optimized,Intel(R) Core(TM) i7-8565U CPU @ 1.80GHz,8,4,16,unmeasured
lagrange_line_order0_point_hessians,lagrange_scalar_point,clang,14.0.0,5000,0.0002351,47.02,0,0,72,13,80,0.1625,memory,0,0,8,unmeasured,43245.2378122,5,46.7638,48.8108,optimized,Intel(R) Core(TM) i7-8565U CPU @ 1.80GHz,8,4,16,unmeasured
lagrange_line_order0_point_all,lagrange_scalar_point,clang,14.0.0,5000,0.000248897,49.7794,0,0,104,15,112,0.133928571429,memory,0,0,8,unmeasured,68270.2378122,5,48.75,51.9574,optimized,Intel(R) Core(TM) i7-8565U CPU @ 1.80GHz,8,4,16,unmeasured
lagrange_line_order0_to_values,lagrange_raw_to_point,clang,14.0.0,5000,0.000172132,34.4264,0,0,8,5,16,0.3125,memory,0,0,8,unmeasured,93295.2378122,5,34.3888,35.8608,optimized,Intel(R) Core(TM) i7-8565U CPU @ 1.80GHz,8,4,16,unmeasured
lagrange_line_order0_to_gradients,lagrange_raw_to_point,clang,14.0.0,5000,0.000209257,41.8514,0,0,24,9,32,0.28125,memory,0,0,8,unmeasured,93295.2378122,5,40.8362,42.8938,optimized,Intel(R) Core(TM) i7-8565U CPU @ 1.80GHz,8,4,16,unmeasured
lagrange_line_order0_to_hessians,lagrange_raw_to_point,clang,14.0.0,5000,0.000223913,44.7826,0,0,72,13,80,0.1625,memory,0,0,8,unmeasured,93295.2378122,5,44.7358,45.2728,optimized,Intel(R) Core(TM) i7-8565U CPU @ 1.80GHz,8,4,16,unmeasured
lagrange_line_order0_to_all,lagrange_raw_to_point,clang,14.0.0,5000,0.000602587,120.5174,0,0,104,15,112,0.133928571429,memory,0,0,8,unmeasured,118320.237812,5,120.375,121.7072,optimized,Intel(R) Core(TM) i7-8565U CPU @ 1.80GHz,8,4,16,unmeasured
lagrange_line_order0_strided_values,lagrange_strided_batch,clang,14.0.0,1000,9.3955e-05,93.955,0,0,32,20,64,0.3125,memory,0,0,8,unmeasured,123330.237812,5,93.365,94.165,optimized,Intel(R) Core(TM) i7-8565U CPU @ 1.80GHz,8,4,16,unmeasured
lagrange_line_order0_strided_gradients,lagrange_strided_batch,clang,14.0.0,1000,0.000106006,106.006,0,0,96,36,128,0.28125,memory,0,0,8,unmeasured,123330.237812,5,102.726,106.746,optimized,Intel(R) Core(TM) i7-8565U CPU @ 1.80GHz,8,4,16,unmeasured
lagrange_line_order0_strided_hessians,lagrange_strided_batch,clang,14.0.0,1000,0.00011048,110.48,0,0,288,52,320,0.1625,memory,0,0,8,unmeasured,123330.237812,5,110.135,111.424,optimized,Intel(R) Core(TM) i7-8565U CPU @ 1.80GHz,8,4,16,unmeasured
lagrange_line_order0_strided_all,lagrange_strided_batch,clang,14.0.0,1000,0.000115575,115.575,0,0,416,60,448,0.133928571429,memory,0,0,8,unmeasured,128340.237812,5,114.761,115.682,optimized,Intel(R) Core(TM) i7-8565U CPU @ 1.80GHz,8,4,16,unmeasured
lagrange_line_order1_construction,lagrange_construction,clang,14.0.0,20,7.082e-06,354.1,140,7,0,0,0,0,unmodeled,0,0,8,unmeasured,128540.237812,5,328.9,481.35,optimized,Intel(R) Core(TM) i7-8565U CPU @ 1.80GHz,8,4,16,unmeasured
lagrange_line_order1_point_values,lagrange_scalar_point,clang,14.0.0,5000,5.5354e-05,11.0708,0,0,16,10,24,0.416666666667,memory,0,0,8,unmeasured,140114.662812,5,11.066,15.6672,optimized,Intel(R) Core(TM) i7-8565U CPU @ 1.80GHz,8,4,16,unmeasured
lagrange_line_order1_point_gradients,lagrange_scalar_point,clang,14.0.0,5000,7.9607e-05,15.9214,0,0,48,18,56,0.321428571429,memory,0,0,8,unmeasured,127602.162812,5,15.9118,16.892,optimized,Intel(R) Core(TM) i7-8565U CPU @ 1.80GHz,8,4,16,unmeasured
lagrange_line_order1_point_hessians,lagrange_scalar_point,clang,14.0.0,5000,9.1013e-05,18.2026,0,0,144,26,152,0.171052631579,memory,0,0,8,unmeasured,127602.162812,5,18.12,21.9328,optimized,Intel(R) Core(TM) i7-8565U CPU @ 1.80GHz,8,4,16,unmeasured
lagrange_line_order1_point_all,lagrange_scalar_point,clang,14.0.0,5000,0.000135854,27.1708,0,0,208,30,216,0.138888888889,memory,0,0,8,unmeasured,126663.387812,5,27.1646,27.3004,optimized,Intel(R) Core(TM) i7-8565U CPU @ 1.80GHz,8,4,16,unmeasured
lagrange_line_order1_to_values,lagrange_raw_to_point,clang,14.0.0,5000,3.8858e-05,7.7716,0,0,16,10,24,0.416666666667,memory,0,0,8,unmeasured,138237.812812,5,7.7664,7.7832,optimized,Intel(R) Core(TM) i7-8565U CPU @ 1.80GHz,8,4,16,unmeasured
lagrange_line_order1_to_gradients,lagrange_raw_to_point,clang,14.0.0,5000,5.3497e-05,10.6994,0,0,48,18,56,0.321428571429,memory,0,0,8,unmeasured,125725.312812,5,10.352,13.3574,optimized,Intel(R) Core(TM) i7-8565U CPU @ 1.80GHz,8,4,16,unmeasured
lagrange_line_order1_to_hessians,lagrange_raw_to_point,clang,14.0.0,5000,4.8512e-05,9.7024,0,0,144,26,152,0.171052631579,memory,0,0,8,unmeasured,125725.312812,5,9.6958,9.7106,optimized,Intel(R) Core(TM) i7-8565U CPU @ 1.80GHz,8,4,16,unmeasured
lagrange_line_order1_to_all,lagrange_raw_to_point,clang,14.0.0,5000,0.000140453,28.0906,0,0,208,30,216,0.138888888889,memory,0,0,8,unmeasured,124786.537812,5,28.0718,29.0906,optimized,Intel(R) Core(TM) i7-8565U CPU @ 1.80GHz,8,4,16,unmeasured
lagrange_line_order1_strided_values,lagrange_strided_batch,clang,14.0.0,1000,1.5149e-05,15.149,0,0,64,40,96,0.416666666667,memory,0,0,8,unmeasured,128919.787812,5,15.122,15.157,optimized,Intel(R) Core(TM) i7-8565U CPU @ 1.80GHz,8,4,16,unmeasured
lagrange_line_order1_strided_gradients,lagrange_strided_batch,clang,14.0.0,1000,1.4448e-05,14.448,0,0,192,72,224,0.321428571429,memory,0,0,8,unmeasured,126414.787812,5,14.129,14.506,optimized,Intel(R) Core(TM) i7-8565U CPU @ 1.80GHz,8,4,16,unmeasured
lagrange_line_order1_strided_hessians,lagrange_strided_batch,clang,14.0.0,1000,1.8667e-05,18.667,0,0,576,104,608,0.171052631579,memory,0,0,8,unmeasured,126414.787812,5,18.59,18.764,optimized,Intel(R) Core(TM) i7-8565U CPU @ 1.80GHz,8,4,16,unmeasured
lagrange_line_order1_strided_all,lagrange_strided_batch,clang,14.0.0,1000,2.8173e-05,28.173,0,0,832,120,864,0.138888888889,memory,0,0,8,unmeasured,128043.037812,5,27.755,31.831,optimized,Intel(R) Core(TM) i7-8565U CPU @ 1.80GHz,8,4,16,unmeasured
lagrange_line_order2_construction,lagrange_construction,clang,14.0.0,20,7.968e-06,398.4,180,9,0,0,0,0,unmodeled,0,0,8,unmeasured,128343.037812,5,389.45,1325.85,optimized,Intel(R) Core(TM) i7-8565U CPU @ 1.80GHz,8,4,16,unmeasured
lagrange_line_order2_point_values,lagrange_scalar_point,clang,14.0.0,5000,5.1809e-05,10.3618,0,0,24,15,32,0.46875,memory,0,0,8,unmeasured,130939.814062,5,10.3562,11.054,optimized,Intel(R) Core(TM) i7-8565U CPU @ 1.80GHz,8,4,16,unmeasured
lagrange_line_order2_point_gradients,lagrange_scalar_point,clang,14.0.0,5000,8.4121e-05,16.8242,0,0,72,27,80,0.3375,memory,0,0,8,unmeasured,120303.964062,5,16.8158,17.4486,optimized,Intel(R) Core(TM) i7-8565U CPU @ 1.80GHz,8,4,16,unmeasured
lagrange_line_order2_point_hessians,lagrange_scalar_point,clang,14.0.0,5000,0.000111988,22.3976,0,0,216,39,224,0.174107142857,memory,0,0,8,unmeasured,145328.964062,5,21.7218,23.0712,optimized,Intel(R) Core(TM) i7-8565U CPU @ 1.80GHz,8,4,16,unmeasured
lagrange_line_order2_point_all,lagrange_scalar_point,clang,14.0.0,5000,0.000167096,33.4192,0,0,312,45,320,0.140625,memory,0,0,8,unmeasured,162315.160312,5,33.4162,33.9522,optimized,Intel(R) Core(TM) i7-8565U CPU @ 1.80GHz,8,4,16,unmeasured
lagrange_line_order2_to_values,lagrange_raw_to_point,clang,14.0.0,5000,4.0144e-05,8.0288,0,0,24,15,32,0.46875,memory,0,0,8,unmeasured,164911.936562,5,8.0252,8.3918,optimized,Intel(R) Core(TM) i7-8565U CPU @ 1.80GHz,8,4,16,unmeasured
lagrange_line_order2_to_gradients,lagrange_raw_to_point,clang,14.0.0,5000,4.6926e-05,9.3852,0,0,72,27,80,0.3375,memory,0,0,8,unmeasured,154276.086563,5,9.3818,12.13,optimized,Intel(R) Core(TM) i7-8565U CPU @ 1.80GHz,8,4,16,unmeasured
lagrange_line_order2_to_hessians,lagrange_raw_to_point,clang,14.0.0,5000,5.18e-05,10.36,0,0,216,39,224,0.174107142857,memory,0,0,8,unmeasured,179301.086563,5,10.3544,10.9318,optimized,Intel(R) Core(TM) i7-8565U CPU @ 1.80GHz,8,4,16,unmeasured
lagrange_line_order2_to_all,lagrange_raw_to_point,clang,14.0.0,5000,0.000135347,27.0694,0,0,312,45,320,0.140625,memory,0,0,8,unmeasured,196287.282813,5,26.6112,29.4338,optimized,Intel(R) Core(TM) i7-8565U CPU @ 1.80GHz,8,4,16,unmeasured
lagrange_line_order2_strided_values,lagrange_strided_batch,clang,14.0.0,1000,1.782e-05,17.82,0,0,96,60,128,0.46875,memory,0,0,8,unmeasured,198973.895313,5,17.324,21.162,optimized,Intel(R) Core(TM) i7-8565U CPU @ 1.80GHz,8,4,16,unmeasured
lagrange_line_order2_strided_gradients,lagrange_strided_batch,clang,14.0.0,1000,1.5101e-05,15.101,0,0,288,108,320,0.3375,memory,0,0,8,unmeasured,193212.395313,5,14.436,15.156,optimized,Intel(R) Core(TM) i7-8565U CPU @ 1.80GHz,8,4,16,unmeasured
lagrange_line_order2_strided_hessians,lagrange_strided_batch,clang,14.0.0,1000,2.5102e-05,25.102,0,0,864,156,896,0.174107142857,memory,0,0,8,unmeasured,198222.395313,5,25.03,25.142,optimized,Intel(R) Core(TM) i7-8565U CPU @ 1.80GHz,8,4,16,unmeasured
lagrange_line_order2_strided_all,lagrange_strided_batch,clang,14.0.0,1000,3.9472e-05,39.472,0,0,1248,180,1280,0.140625,memory,0,0,8,unmeasured,200157.507813,5,39.434,39.516,optimized,Intel(R) Core(TM) i7-8565U CPU @ 1.80GHz,8,4,16,unmeasured
lagrange_line_order3_construction,lagrange_construction,clang,14.0.0,20,1.0223e-05,511.15,180,9,0,0,0,0,unmodeled,0,0,8,unmeasured,200557.507813,5,475.3,590.35,optimized,Intel(R) Core(TM) i7-8565U CPU @ 1.80GHz,8,4,16,unmeasured
lagrange_line_order3_point_values,lagrange_scalar_point,clang,14.0.0,5000,6.02e-05,12.04,0,0,32,20,40,0.5,memory,0,0,8,unmeasured,202430.39357,5,12.0368,12.704,optimized,Intel(R) Core(TM) i7-8565U CPU @ 1.80GHz,8,4,16,unmeasured
lagrange_line_order3_point_gradients,lagrange_scalar_point,clang,14.0.0,5000,9.8601e-05,19.7202,0,0,96,36,104,0.346153846154,memory,0,0,8,unmeasured,194176.239352,5,19.7184,19.7248,optimized,Intel(R) Core(TM) i7-8565U CPU @ 1.80GHz,8,4,16,unmeasured
lagrange_line_order3_point_hessians,lagrange_scalar_point,clang,14.0.0,5000,0.000186529,37.3058,0,0,288,52,296,0.175675675676,memory,0,0,8,unmeasured,215993.983102,5,37.2448,37.788,optimized,Intel(R) Core(TM) i7-8565U CPU @ 1.80GHz,8,4,16,unmeasured
lagrange_line_order3_point_all,lagrange_scalar_point,clang,14.0.0,5000,0.000262968,52.5936,0,0,416,60,424,0.141509433962,memory,0,0,8,unmeasured,231428.984109,5,51.8562,87.8046,optimized,Intel(R) Core(TM) i7-8565U CPU @ 1.80GHz,8,4,16,unmeasured
lagrange_line_order3_to_values,lagrange_raw_to_point,clang,14.0.0,5000,4.1823e-05,8.3646,0,0,32,20,40,0.5,memory,0,0,8,unmeasured,233301.869867,5,8.3618,8.3678,optimized,Intel(R) Core(TM) i7-8565U CPU @ 1.80GHz,8,4,16,unmeasured
lagrange_line_order3_to_gradients,lagrange_raw_to_point,clang,14.0.0,5000,0.000100068,20.0136,0,0,96,36,104,0.346153846154,memory,0,0,8,unmeasured,225047.715648,5,11.3676,20.3746,optimized,Intel(R) Core(TM) i7-8565U CPU @ 1.80GHz,8,4,16,unmeasured
lagrange_line_order3_to_hessians,lagrange_raw_to_point,clang,14.0.0,5000,9.7032e-05,19.4064,0,0,288,52,296,0.175675675676,memory,0,0,8,unmeasured,246865.459399,5,19.3656,25.0136,optimized,Intel(R) Core(TM) i7-8565U CPU @ 1.80GHz,8,4,16,unmeasured
lagrange_line_order3_to_all,lagrange_raw_to_point,clang,14.0.0,5000,0.000182403,36.4806,0,0,416,60,424,0.141509433962,memory,0,0,8,unmeasured,262300.460406,5,36.2706,37.4788,optimized,Intel(R) Core(TM) i7-8565U CPU @ 1.80GHz,8,4,16,unmeasured
lagrange_line_order3_strided_values,lagrange_strided_batch,clang,14.0.0,1000,2.2776e-05,22.776,0,0,128,80,160,0.5,memory,0,0,8,unmeasured,263748.389547,5,21.356,24.459,optimized,Intel(R) Core(TM) i7-8565U CPU @ 1.80GHz,8,4,16,unmeasured
lagrange_line_order3_strided_gradients,lagrange_strided_batch,clang,14.0.0,1000,2.0439e-05,20.439,0,0,384,144,416,0.346153846154,memory,0,0,8,unmeasured,256825.978609,5,20.425,20.488,optimized,Intel(R) Core(TM) i7-8565U CPU @ 1.80GHz,8,4,16,unmeasured
lagrange_line_order3_strided_hessians,lagrange_strided_batch,clang,14.0.0,1000,3.799e-05,37.99,0,0,1152,208,1184,0.175675675676,memory,0,0,8,unmeasured,273452.916109,5,37.964,40.873,optimized,Intel(R) Core(TM) i7-8565U CPU @ 1.80GHz,8,4,16,unmeasured
lagrange_line_order3_strided_all,lagrange_strided_batch,clang,14.0.0,1000,7.0776e-05,70.776,0,0,1664,240,1696,0.141509433962,memory,0,0,8,unmeasured,284605.371812,5,70.602,70.84,optimized,Intel(R) Core(TM) i7-8565U CPU @ 1.80GHz,8,4,16,unmeasured
lagrange_line_order4_construction,lagrange_construction,clang,14.0.0,20,1.0979e-05,548.95,200,10,0,0,0,0,unmodeled,0,0,8,unmeasured,285105.371812,5,539.9,689.55,optimized,Intel(R) Core(TM) i7-8565U CPU @ 1.80GHz,8,4,16,unmeasured
lagrange_line_order4_point_values,lagrange_scalar_point,clang,14.0.0,5000,0.000235396,47.0792,0,0,40,25,248,0.100806451613,memory,0,0,8,unmeasured,285590.022349,5,45.3268,49.5024,optimized,Intel(R) Core(TM) i7-8565U CPU @ 1.80GHz,8,4,16,unmeasured
lagrange_line_order4_point_gradients,lagrange_scalar_point,clang,14.0.0,5000,0.000296156,59.2312,0,0,120,45,488,0.0922131147541,memory,0,0,8,unmeasured,278112.179683,5,58.6008,62.3906,optimized,Intel(R) Core(TM) i7-8565U CPU @ 1.80GHz,8,4,16,unmeasured
lagrange_line_order4_point_hessians,lagrange_scalar_point,clang,14.0.0,5000,0.000414695,82.939,0,0,360,65,848,0.0766509433962,memory,0,0,8,unmeasured,318817.133016,5,81.7612,84.1328,optimized,Intel(R) Core(TM) i7-8565U CPU @ 1.80GHz,8,4,16,unmeasured
lagrange_line_order4_point_all,lagrange_scalar_point,clang,14.0.0,5000,0.000465313,93.0626,0,0,520,75,1008,0.0744047619048,memory,0,0,8,unmeasured,352530.40582,5,91.8944,102.6076,optimized,Intel(R) Core(TM) i7-8565U CPU @ 1.80GHz,8,4,16,unmeasured
lagrange_line_order4_to_values,lagrange_raw_to_point,clang,14.0.0,5000,0.000269071,53.8142,0,0,40,25,248,0.100806451613,memory,0,0,8,unmeasured,353015.056357,5,46.221,85.1482,optimized,Intel(R) Core(TM) i7-8565U CPU @ 1.80GHz,8,4,16,unmeasured
lagrange_line_order4_to_gradients,lagrange_raw_to_point,clang,14.0.0,5000,0.000561959,112.3918,0,0,120,45,488,0.0922131147541,memory,0,0,8,unmeasured,345537.213691,5,61.7846,116.4124,optimized,Intel(R) Core(TM) i7-8565U CPU @ 1.80GHz,8,4,16,unmeasured
lagrange_line_order4_to_hessians,lagrange_raw_to_point,clang,14.0.0,5000,0.000382831,76.5662,0,0,360,65,848,0.0766509433962,memory,0,0,8,unmeasured,386242.167024,5,76.3326,77.9396,optimized,Intel(R) Core(TM) i7-8565U CPU @ 1.80GHz,8,4,16,unmeasured
lagrange_line_order4_to_all,lagrange_raw_to_point,clang,14.0.0,5000,0.000959621,191.9242,0,0,520,75,1008,0.0744047619048,memory,0,0,8,unmeasured,419955.439828,5,191.2012,193.2126,optimized,Intel(R) Core(TM) i7-8565U CPU @ 1.80GHz,8,4,16,unmeasured
lagrange_line_order4_strided_values,lagrange_strided_batch,clang,14.0.0,1000,6.093e-05,60.93,0,0,160,100,352,0.284090909091,memory,0,0,8,unmeasured,420573.360703,5,60.628,61.704,optimized,Intel(R) Core(TM) i7-8565U CPU @ 1.80GHz,8,4,16,unmeasured
lagrange_line_order4_strided_gradients,lagrange_strided_batch,clang,14.0.0,1000,5.9268e-05,59.268,0,0,480,180,672,0.267857142857,memory,0,0,8,unmeasured,414591.420703,5,59.248,59.381,optimized,Intel(R) Core(TM) i7-8565U CPU @ 1.80GHz,8,4,16,unmeasured
lagrange_line_order4_strided_hessians,lagrange_strided_batch,clang,14.0.0,1000,0.000113229,113.229,0,0,1440,260,1632,0.15931372549,memory,0,0,8,unmeasured,442881.220703,5,112.867,144.606,optimized,Intel(R) Core(TM) i7-8565U CPU @ 1.80GHz,8,4,16,unmeasured
lagrange_line_order4_strided_all,lagrange_strided_batch,clang,14.0.0,1000,0.000196381,196.381,0,0,2080,300,2272,0.132042253521,memory,0,0,8,unmeasured,465807.001578,5,195.968,199.635,optimized,Intel(R) Core(TM) i7-8565U CPU @ 1.80GHz,8,4,16,unmeasured
lagrange_line_order5_construction,lagrange_construction,clang,14.0.0,20,3.1929e-05,1596.45,820,41,0,0,0,0,unmodeled,0,0,8,unmeasured,466407.001578,5,1534.2,2629.75,optimized,Intel(R) Core(TM) i7-8565U CPU @ 1.80GHz,8,4,16,unmeasured
lagrange_line_order5_point_values,lagrange_scalar_point,clang,14.0.0,5000,0.000270271,54.0542,0,0,48,30,344,0.0872093023256,memory,0,0,8,unmeasured,466712.263781,5,52.4408,56.6882,optimized,Intel(R) Core(TM) i7-8565U CPU @ 1.80GHz,8,4,16,unmeasured
lagrange_line_order5_point_gradients,lagrange_scalar_point,clang,14.0.0,5000,0.00036063,72.126,0,0,144,54,680,0.0794117647059,memory,0,0,8,unmeasured,462910.672773,5,71.8836,72.2556,optimized,Intel(R) Core(TM) i7-8565U CPU @ 1.80GHz,8,4,16,unmeasured
lagrange_line_order5_point_hessians,lagrange_scalar_point,clang,14.0.0,5000,0.000502921,100.5842,0,0,432,78,1160,0.0672413793103,memory,0,0,8,unmeasured,500305.669924,5,95.8818,101.8774,optimized,Intel(R) Core(TM) i7-8565U CPU @ 1.80GHz,8,4,16,unmeasured
lagrange_line_order5_point_all,lagrange_scalar_point,clang,14.0.0,5000,0.000608296,121.6592,0,0,624,90,1352,0.0665680473373,memory,0,0,8,unmeasured,534203.277485,5,108.5474,132.3602,optimized,Intel(R) Core(TM) i7-8565U CPU @ 1.80GHz,8,4,16,unmeasured
lagrange_line_order5_to_values,lagrange_raw_to_point,clang,14.0.0,5000,0.000261318,52.2636,0,0,48,30,344,0.0872093023256,memory,0,0,8,unmeasured,534508.539688,5,52.1076,53.8144,optimized,Intel(R) Core(TM) i7-8565U CPU @ 1.80GHz,8,4,16,unmeasured
lagrange_line_order5_to_gradients,lagrange_raw_to_point,clang,14.0.0,5000,0.000354807,70.9614,0,0,144,54,680,0.0794117647059,memory,0,0,8,unmeasured,530706.948679,5,70.762,76.2636,optimized,Intel(R) Core(TM) i7-8565U CPU @ 1.80GHz,8,4,16,unmeasured
lagrange_line_order5_to_hessians,lagrange_raw_to_point,clang,14.0.0,5000,0.000454014,90.8028,0,0,432,78,1160,0.0672413793103,memory,0,0,8,unmeasured,568101.945831,5,88.981,91.2728,optimized,Intel(R) Core(TM) i7-8565U CPU @ 1.80GHz,8,4,16,unmeasured
lagrange_line_order5_to_all,lagrange_raw_to_point,clang,14.0.0,5000,0.001083533,216.7066,0,0,624,90,1352,0.0665680473373,memory,0,0,8,unmeasured,601999.553392,5,216.2406,219.4364,optimized,Intel(R) Core(TM) i7-8565U CPU @ 1.80GHz,8,4,16,unmeasured
lagrange_line_order5_strided_values,lagrange_strided_batch,clang,14.0.0,1000,5.722e-05,57.22,0,0,192,120,416,0.288461538462,memory,0,0,8,unmeasured,602160.377786,5,57.036,57.297,optimized,Intel(R) Core(TM) i7-8565U CPU @ 1.80GHz,8,4,16,unmeasured
lagrange_line_order5_strided_gradients,lagrange_strided_batch,clang,14.0.0,1000,6.394e-05,63.94,0,0,576,216,800,0.27,memory,0,0,8,unmeasured,598171.168344,5,63.48,64.038,optimized,Intel(R) Core(TM) i7-8565U CPU @ 1.80GHz,8,4,16,unmeasured
lagrange_line_order5_strided_hessians,lagrange_strided_batch,clang,14.0.0,1000,0.000176673,176.673,0,0,1728,312,1952,0.159836065574,memory,0,0,8,unmeasured,631613.978402,5,174.984,177.997,optimized,Intel(R) Core(TM) i7-8565U CPU @ 1.80GHz,8,4,16,unmeasured
lagrange_line_order5_strided_all,lagrange_strided_batch,clang,14.0.0,1000,0.000217882,217.882,0,0,2496,360,2720,0.132352941176,memory,0,0,8,unmeasured,661228.403413,5,216.866,219.322,optimized,Intel(R) Core(TM) i7-8565U CPU @ 1.80GHz,8,4,16,unmeasured
lagrange_line_order6_construction,lagrange_construction,clang,14.0.0,20,3.9552e-05,1977.6,1060,53,0,0,0,0,unmodeled,0,0,8,unmeasured,661928.403413,5,1951.15,2295.45,optimized,Intel(R) Core(TM) i7-8565U CPU @ 1.80GHz,8,4,16,unmeasured
lagrange_line_order6_point_values,lagrange_scalar_point,clang,14.0.0,5000,0.000555234,111.0468,0,0,56,35,456,0.0767543859649,memory,0,0,8,unmeasured,661864.822143,5,62.9704,121.1046,optimized,Intel(R) Core(TM) i7-8565U CPU @ 1.80GHz,8,4,16,unmeasured
lagrange_line_order6_point_gradients,lagrange_scalar_point,clang,14.0.0,5000,0.000433007,86.6014,0,0,168,63,904,0.0696902654867,memory,0,0,8,unmeasured,658742.155306,5,83.878,151.6574,optimized,Intel(R) Core(TM) i7-8565U CPU @ 1.80GHz,8,4,16,unmeasured
lagrange_line_order6_point_hessians,lagrange_scalar_point,clang,14.0.0,5000,0.00057673,115.346,0,0,504,91,1520,0.0598684210526,memory,0,0,8,unmeasured,693196.941327,5,114.8124,115.8804,optimized,Intel(R) Core(TM) i7-8565U CPU @ 1.80GHz,8,4,16,unmeasured
lagrange_line_order6_point_all,lagrange_scalar_point,clang,14.0.0,5000,0.000652765,130.553,0,0,728,105,1744,0.0602064220183,memory,0,0,8,unmeasured,724465.224103,5,130.1732,130.8882,optimized,Intel(R) Core(TM) i7-8565U CPU @ 1.80GHz,8,4,16,unmeasured
lagrange_line_order6_to_values,lagrange_raw_to_point,clang,14.0.0,5000,0.000304946,60.9892,0,0,56,35,456,0.0767543859649,memory,0,0,8,unmeasured,724401.642833,5,59.9634,61.3782,optimized,Intel(R) Core(TM) i7-8565U CPU @ 1.80GHz,8,4,16,unmeasured
lagrange_line_order6_to_gradients,lagrange_raw_to_point,clang,14.0.0,5000,0.000425383,85.0766,0,0,168,63,904,0.0696902654867,memory,0,0,8,unmeasured,721278.975996,5,83.112,87.295,optimized,Intel(R) Core(TM) i7-8565U CPU @ 1.80GHz,8,4,16,unmeasured
lagrange_line_order6_to_hessians,lagrange_raw_to_point,clang,14.0.0,5000,0.000560547,112.1094,0,0,504,91,1520,0.0598684210526,memory,0,0,8,unmeasured,755733.762017,5,110.0198,142.5408,optimized,Intel(R) Core(TM) i7-8565U CPU @ 1.80GHz,8,4,16,unmeasured
lagrange_line_order6_to_all,lagrange_raw_to_point,clang,14.0.0,5000,0.001316486,263.2972,0,0,728,105,1744,0.0602064220183,memory,0,0,8,unmeasured,787002.044793,5,258.7672,277.36,optimized,Intel(R) Core(TM) i7-8565U CPU @ 1.80GHz,8,4,16,unmeasured
lagrange_line_order6_strided_values,lagrange_strided_batch,clang,14.0.0,1000,6.433e-05,64.33,0,0,224,140,480,0.291666666667,memory,0,0,8,unmeasured,786964.869212,5,63.993,71.36,optimized,Intel(R) Core(TM) i7-8565U CPU @ 1.80GHz,8,4,16,unmeasured
lagrange_line_order6_strided_gradients,lagrange_strided_batch,clang,14.0.0,1000,7.6341e-05,76.341,0,0,672,252,928,0.271551724138,memory,0,0,8,unmeasured,784997.495091,5,76.1,81.698,optimized,Intel(R) Core(TM) i7-8565U CPU @ 1.80GHz,8,4,16,unmeasured
lagrange_line_order6_strided_hessians,lagrange_strided_batch,clang,14.0.0,1000,0.000208658,208.658,0,0,2016,364,2272,0.160211267606,memory,0,0,8,unmeasured,815246.164646,5,207.715,212.178,optimized,Intel(R) Core(TM) i7-8565U CPU @ 1.80GHz,8,4,16,unmeasured
lagrange_line_order6_strided_all,lagrange_strided_batch,clang,14.0.0,1000,0.000261598,261.598,0,0,2912,420,3168,0.132575757576,memory,0,0,8,unmeasured,843490.284499,5,260.009,263.541,optimized,Intel(R) Core(TM) i7-8565U CPU @ 1.80GHz,8,4,16,unmeasured
lagrange_line_order7_construction,lagrange_construction,clang,14.0.0,20,5.052e-05,2526,1340,67,0,0,0,0,unmodeled,0,0,8,unmeasured,844290.284499,5,2496.85,2948.45,optimized,Intel(R) Core(TM) i7-8565U CPU @ 1.80GHz,8,4,16,unmeasured
lagrange_line_order7_point_values,lagrange_scalar_point,clang,14.0.0,5000,0.000368901,73.7802,0,0,64,40,584,0.0684931506849,memory,0,0,8,unmeasured,844214.805702,5,71.2856,75.0336,optimized,Intel(R) Core(TM) i7-8565U CPU @ 1.80GHz,8,4,16,unmeasured
lagrange_line_order7_point_gradients,lagrange_scalar_point,clang,14.0.0,5000,0.000594301,118.8602,0,0,192,72,1160,0.0620689655172,memory,0,0,8,unmeasured,843959.567782,5,101.4434,184.7586,optimized,Intel(R) Core(TM) i7-8565U CPU @ 1.80GHz,8,4,16,unmeasured
lagrange_line_order7_point_hessians,lagrange_scalar_point,clang,14.0.0,5000,0.001173046,234.6092,0,0,576,104,1928,0.0539419087137,memory,0,0,8,unmeasured,873130.787898,5,153.7982,243.5808,optimized,Intel(R) Core(TM) i7-8565U CPU @ 1.80GHz,8,4,16,unmeasured
lagrange_line_order7_point_all,lagrange_scalar_point,clang,14.0.0,5000,0.000809746,161.9492,0,0,832,120,2184,0.0549450549451,memory,0,0,8,unmeasured,901972.322114,5,156.2644,163.318,optimized,Intel(R) Core(TM) i7-8565U CPU @ 1.80GHz,8,4,16,unmeasured
lagrange_line_order7_to_values,lagrange_raw_to_point,clang,14.0.0,5000,0.000351453,70.2906,0,0,64,40,584,0.0684931506849,memory,0,0,8,unmeasured,901896.843317,5,69.8418,70.9298,optimized,Intel(R) Core(TM) i7-8565U CPU @ 1.80GHz,8,4,16,unmeasured
lagrange_line_order7_to_gradients,lagrange_raw_to_point,clang,14.0.0,5000,0.000508867,101.7734,0,0,192,72,1160,0.0620689655172,memory,0,0,8,unmeasured,901641.605397,5,100.6464,103.8476,optimized,Intel(R) Core(TM) i7-8565U CPU @ 1.80GHz,8,4,16,unmeasured
lagrange_line_order7_to_hessians,lagrange_raw_to_point,clang,14.0.0,5000,0.000665834,133.1668,0,0,576,104,1928,0.0539419087137,memory,0,0,8,unmeasured,930812.825514,5,131.469,173.9998,optimized,Intel(R) Core(TM) i7-8565U CPU @ 1.80GHz,8,4,16,unmeasured
lagrange_line_order7_to_all,lagrange_raw_to_point,clang,14.0.0,5000,0.001539009,307.8018,0,0,832,120,2184,0.0549450549451,memory,0,0,8,unmeasured,959654.359729,5,306.8812,308.0098,optimized,Intel(R) Core(TM) i7-8565U CPU @ 1.80GHz,8,4,16,unmeasured
lagrange_line_order7_strided_values,lagrange_strided_batch,clang,14.0.0,1000,6.444e-05,64.44,0,0,256,160,544,0.294117647059,memory,0,0,8,unmeasured,959565.481565,5,64.407,64.503,optimized,Intel(R) Core(TM) i7-8565U CPU @ 1.80GHz,8,4,16,unmeasured
lagrange_line_order7_strided_gradients,lagrange_strided_batch,clang,14.0.0,1000,9.2797e-05,92.797,0,0,768,288,1056,0.272727272727,memory,0,0,8,unmeasured,959073.084354,5,92.775,93.035,optimized,Intel(R) Core(TM) i7-8565U CPU @ 1.80GHz,8,4,16,unmeasured
lagrange_line_order7_strided_hessians,lagrange_strided_batch,clang,14.0.0,1000,0.00022772,227.72,0,0,2304,416,2592,0.16049382716,memory,0,0,8,unmeasured,980307.917167,5,226.425,230.216,optimized,Intel(R) Core(TM) i7-8565U CPU @ 1.80GHz,8,4,16,unmeasured
lagrange_line_order7_strided_all,lagrange_strided_batch,clang,14.0.0,1000,0.000285104,285.104,0,0,3328,480,3616,0.132743362832,memory,0,0,8,unmeasured,1000961.4746,5,278.948,302.403,optimized,Intel(R) Core(TM) i7-8565U CPU @ 1.80GHz,8,4,16,unmeasured
lagrange_line_order8_construction,lagrange_construction,clang,14.0.0,20,5.9862e-05,2993.1,1680,84,0,0,0,0,unmodeled,0,0,8,unmeasured,1001861.4746,5,2986.4,3431.1,optimized,Intel(R) Core(TM) i7-8565U CPU @ 1.80GHz,8,4,16,unmeasured
lagrange_line_order8_point_values,lagrange_scalar_point,clang,14.0.0,5000,0.000739,147.8,0,0,72,45,728,0.0618131868132,memory,0,0,8,unmeasured,1001750.23918,5,83.248,161.8726,optimized,Intel(R) Core(TM) i7-8565U CPU @ 1.80GHz,8,4,16,unmeasured
lagrange_line_order8_point_gradients,lagrange_scalar_point,clang,14.0.0,5000,0.000610498,122.0996,0,0,216,81,1448,0.0559392265193,memory,0,0,8,unmeasured,1001621.40223,5,121.6774,127.7836,optimized,Intel(R) Core(TM) i7-8565U CPU @ 1.80GHz,8,4,16,unmeasured
lagrange_line_order8_point_hessians,lagrange_scalar_point,clang,14.0.0,5000,0.000841171,168.2342,0,0,648,117,2384,0.0490771812081,memory,0,0,8,unmeasured,1012125.10484,5,167.9166,176.5386,optimized,Intel(R) Core(TM) i7-8565U CPU @ 1.80GHz,8,4,16,unmeasured
lagrange_line_order8_point_all,lagrange_scalar_point,clang,14.0.0,5000,0.000933706,186.7412,0,0,936,135,2672,0.0505239520958,memory,0,0,8,unmeasured,1022387.68928,5,181.6338,187.876,optimized,Intel(R) Core(TM) i7-8565U CPU @ 1.80GHz,8,4,16,unmeasured
lagrange_line_order8_to_values,lagrange_raw_to_point,clang,14.0.0,5000,0.000405282,81.0564,0,0,72,45,728,0.0618131868132,memory,0,0,8,unmeasured,1022276.45385,5,78.8198,111.8608,optimized,Intel(R) Core(TM) i7-8565U CPU @ 1.80GHz,8,4,16,unmeasured
lagrange_line_order8_to_gradients,lagrange_raw_to_point,clang,14.0.0,5000,0.000608914,121.7828,0,0,216,81,1448,0.0559392265193,memory,0,0,8,unmeasured,1022147.6169,5,121.0882,135.288,optimized,Intel(R) Core(TM) i7-8565U CPU @ 1.80GHz,8,4,16,unmeasured
lagrange_line_order8_to_hessians,lagrange_raw_to_point,clang,14.0.0,5000,0.000802026,160.4052,0,0,648,117,2384,0.0490771812081,memory,0,0,8,unmeasured,1032651.31952,5,160.3216,170.9658,optimized,Intel(R) Core(TM) i7-8565U CPU @ 1.80GHz,8,4,16,unmeasured
lagrange_line_order8_to_all,lagrange_raw_to_point,clang,14.0.0,5000,0.001775729,355.1458,0,0,936,135,2672,0.0505239520958,memory,0,0,8,unmeasured,1042913.90395,5,352.9662,366.342,optimized,Intel(R) Core(TM) i7-8565U CPU @ 1.80GHz,8,4,16,unmeasured
lagrange_line_order8_strided_values,lagrange_strided_batch,clang,14.0.0,1000,6.6005e-05,66.005,0,0,288,180,608,0.296052631579,memory,0,0,8,unmeasured,1042837.97384,5,65.788,66.057,optimized,Intel(R) Core(TM) i7-8565U CPU @ 1.80GHz,8,4,16,unmeasured
lagrange_line_order8_strided_gradients,lagrange_strided_batch,clang,14.0.0,1000,0.000106632,106.632,0,0,864,324,1184,0.273648648649,memory,0,0,8,unmeasured,1043142.16134,5,105.949,111.477,optimized,Intel(R) Core(TM) i7-8565U CPU @ 1.80GHz,8,4,16,unmeasured
lagrange_line_order8_strided_hessians,lagrange_strided_batch,clang,14.0.0,1000,0.000244955,244.955,0,0,2592,468,2912,0.160714285714,memory,0,0,8,unmeasured,1053763.28805,5,244.566,247.578,optimized,Intel(R) Core(TM) i7-8565U CPU @ 1.80GHz,8,4,16,unmeasured
lagrange_line_order8_strided_all,lagrange_strided_batch,clang,14.0.0,1000,0.000311479,311.479,0,0,3744,540,4064,0.132874015748,memory,0,0,8,unmeasured,1064612.67215,5,310.201,313.225,optimized,Intel(R) Core(TM) i7-8565U CPU @ 1.80GHz,8,4,16,unmeasured
lagrange_triangle_order0_construction,lagrange_construction,clang,14.0.0,20,3.751e-06,187.55,40,2,0,0,0,0,unmodeled,0,0,8,unmeasured,1064712.67215,5,135.9,419.35,optimized,Intel(R) Core(TM) i7-8565U CPU @ 1.80GHz,8,4,16,unmeasured
lagrange_triangle_order0_point_values,lagrange_scalar_point,clang,14.0.0,5000,0.0001481,29.62,0,0,8,4,24,0.166666666667,memory,0,0,8,unmeasured,1089737.67215,5,28.84,29.8458,optimized,Intel(R) Core(TM) i7-8565U CPU @ 1.80GHz,8,4,16,unmeasured
lagrange_triangle_order0_point_gradients,lagrange_scalar_point,clang,14.0.0,5000,0.000175463,35.0926,0,0,24,8,40,0.2,memory,0,0,8,unmeasured,1089737.67215,5,33.7552,36.0898,optimized,Intel(R) Core(TM) i7-8565U CPU @ 1.80GHz,8,4,16,unmeasured
lagrange_triangle_order0_point_hessians,lagrange_scalar_point,clang,14.0.0,5000,0.000176528,35.3056,0,0,72,16,88,0.181818181818,memory,0,0,8,unmeasured,1089737.67215,5,33.205,39.8828,optimized,Intel(R) Core(TM) i7-8565U CPU @ 1.80GHz,8,4,16,unmeasured
lagrange_triangle_order0_point_all,lagrange_scalar_point,clang,14.0.0,5000,0.000190973,38.1946,0,0,104,28,120,0.233333333333,memory,0,0,8,unmeasured,1114762.67215,5,36.9928,40.1246,optimized,Intel(R) Core(TM) i7-8565U CPU @ 1.80GHz,8,4,16,unmeasured
lagrange_triangle_order0_to_values,lagrange_raw_to_point,clang,14.0.0,5000,0.000134983,26.9966,0,0,8,4,24,0.166666666667,memory,0,0,8,unmeasured,1139787.67215,5,26.6996,27.6946,optimized,Intel(R) Core(TM) i7-8565U CPU @ 1.80GHz,8,4,16,unmeasured
lagrange_triangle_order0_to_gradients,lagrange_raw_to_point,clang,14.0.0,5000,0.000167102,33.4204,0,0,24,8,40,0.2,memory,0,0,8,unmeasured,1139787.67215,5,29.4362,34.2254,optimized,Intel(R) Core(TM) i7-8565U CPU @ 1.80GHz,8,4,16,unmeasured
lagrange_triangle_order0_to_hessians,lagrange_raw_to_point,clang,14.0.0,5000,0.000175931,35.1862,0,0,72,16,88,0.181818181818,memory,0,0,8,unmeasured,1139787.67215,5,34.0878,35.4324,optimized,Intel(R) Core(TM) i7-8565U CPU @ 1.80GHz,8,4,16,unmeasured
lagrange_triangle_order0_to_all,lagrange_raw_to_point,clang,14.0.0,5000,0.00045876,91.752,0,0,104,28,120,0.233333333333,memory,0,0,8,unmeasured,1164812.67215,5,88.6154,94.4394,optimized,Intel(R) Core(TM) i7-8565U CPU @ 1.80GHz,8,4,16,unmeasured
lagrange_triangle_order0_strided_values,lagrange_strided_batch,clang,14.0.0,1000,7.1996e-05,71.996,0,0,32,16,96,0.166666666667,memory,0,0,8,unmeasured,1169822.67215,5,71.867,72.494,optimized,Intel(R) Core(TM) i7-8565U CPU @ 1.80GHz,8,4,16,unmeasured
lagrange_triangle_order0_strided_gradients,lagrange_strided_batch,clang,14.0.0,1000,7.7253e-05,77.253,0,0,96,32,160,0.2,memory,0,0,8,unmeasured,1169822.67215,5,75.636,81.822,optimized,Intel(R) Core(TM) i7-8565U CPU @ 1.80GHz,8,4,16,unmeasured
lagrange_triangle_order0_strided_hessians,lagrange_strided_batch,clang,14.0.0,1000,0.000174043,174.043,0,0,288,64,352,0.181818181818,memory,0,0,8,unmeasured,1169822.67215,5,173.486,191.918,optimized,Intel(R) Core(TM) i7-8565U CPU @ 1.80GHz,8,4,16,unmeasured
lagrange_triangle_order0_strided_all,lagrange_strided_batch,clang,14.0.0,1000,0.000189487,189.487,0,0,416,112,480,0.233333333333,memory,0,0,8,unmeasured,1174832.67215,5,188.458,192.218,optimized,Intel(R) Core(TM) i7-8565U CPU @ 1.80GHz,8,4,16,unmeasured
lagrange_triangle_order1_construction,lagrange_construction,clang,14.0.0,20,5.257e-06,262.85,40,2,0,0,0,0,unmodeled,0,0,8,unmeasured,1175132.67215,5,260.5,417.8,optimized,Intel(R) Core(TM) i7-8565U CPU @ 1.80GHz,8,4,16,unmeasured
lagrange_triangle_order1_point_values,lagrange_scalar_point,clang,14.0.0,5000,6.6335e-05,13.267,0,0,24,12,40,0.3,memory,0,0,8,unmeasured,1185768.52215,5,13.2616,15.0704,optimized,Intel(R) Core(TM) i7-8565U CPU @ 1.80GHz,8,4,16,unmeasured
lagrange_triangle_order1_point_gradients,lagrange_scalar_point,clang,14.0.0,5000,8.4521e-05,16.9042,0,0,72,24,88,0.272727272727,memory,0,0,8,unmeasured,1160743.52215,5,15.2008,25.475,optimized,Intel(R) Core(TM) i7-8565U CPU @ 1.80GHz,8,4,16,unmeasured
lagrange_triangle_order1_point_hessians,lagrange_scalar_point,clang,14.0.0,5000,0.000105128,21.0256,0,0,216,48,232,0.206896551724,memory,0,0,8,unmeasured,1160743.52215,5,20.0582,22.1032,optimized,Intel(R) Core(TM) i7-8565U CPU @ 1.80GHz,8,4,16,unmeasured
lagrange_triangle_order1_point_all,lagrange_scalar_point,clang,14.0.0,5000,0.000155243,31.0486,0,0,312,84,328,0.256097560976,memory,0,0,8,unmeasured,1146354.17215,5,31.0462,31.0496,optimized,Intel(R) Core(TM) i7-8565U CPU @ 1.80GHz,8,4,16,unmeasured
lagrange_triangle_order1_to_values,lagrange_raw_to_point,clang,14.0.0,5000,3.7227e-05,7.4454,0,0,24,12,40,0.3,memory,0,0,8,unmeasured,1156990.02215,5,7.4448,7.4526,optimized,Intel(R) Core(TM) i7-8565U CPU @ 1.80GHz,8,4,16,unmeasured
lagrange_triangle_order1_to_gradients,lagrange_raw_to_point,clang,14.0.0,5000,5.0162e-05,10.0324,0,0,72,24,88,0.272727272727,memory,0,0,8,unmeasured,1131965.02215,5,10.0292,10.0348,optimized,Intel(R) Core(TM) i7-8565U CPU @ 1.80GHz,8,4,16,unmeasured
lagrange_triangle_order1_to_hessians,lagrange_raw_to_point,clang,14.0.0,5000,4.6948e-05,9.3896,0,0,216,48,232,0.206896551724,memory,0,0,8,unmeasured,1131965.02215,5,9.3854,10.0386,optimized,Intel(R) Core(TM) i7-8565U CPU @ 1.80GHz,8,4,16,unmeasured
lagrange_triangle_order1_to_all,lagrange_raw_to_point,clang,14.0.0,5000,0.000131055,26.211,0,0,312,84,328,0.256097560976,memory,0,0,8,unmeasured,1117575.67215,5,26.1976,26.5036,optimized,Intel(R) Core(TM) i7-8565U CPU @ 1.80GHz,8,4,16,unmeasured
lagrange_triangle_order1_strided_values,lagrange_strided_batch,clang,14.0.0,1000,1.6258e-05,16.258,0,0,96,48,160,0.3,memory,0,0,8,unmeasured,1120832.17215,5,16.21,16.712,optimized,Intel(R) Core(TM) i7-8565U CPU @ 1.80GHz,8,4,16,unmeasured
lagrange_triangle_order1_strided_gradients,lagrange_strided_batch,clang,14.0.0,1000,2.2941e-05,22.941,0,0,288,96,352,0.272727272727,memory,0,0,8,unmeasured,1115822.17215,5,22.903,23.021,optimized,Intel(R) Core(TM) i7-8565U CPU @ 1.80GHz,8,4,16,unmeasured
lagrange_triangle_order1_strided_hessians,lagrange_strided_batch,clang,14.0.0,1000,3.0952e-05,30.952,0,0,864,192,928,0.206896551724,memory,0,0,8,unmeasured,1115822.17215,5,30.937,31.013,optimized,Intel(R) Core(TM) i7-8565U CPU @ 1.80GHz,8,4,16,unmeasured
lagrange_triangle_order1_strided_all,lagrange_strided_batch,clang,14.0.0,1000,5.2732e-05,52.732,0,0,1248,336,1312,0.256097560976,memory,0,0,8,unmeasured,1114068.67215,5,52.659,52.867,optimized,Intel(R) Core(TM) i7-8565U CPU @ 1.80GHz,8,4,16,unmeasured
lagrange_triangle_order2_construction,lagrange_construction,clang,14.0.0,20,8.528e-06,426.4,40,2,0,0,0,0,unmodeled,0,0,8,unmeasured,1114668.67215,5,397.05,550.5,optimized,Intel(R) Core(TM) i7-8565U CPU @ 1.80GHz,8,4,16,unmeasured
lagrange_triangle_order2_point_values,lagrange_scalar_point,clang,14.0.0,5000,5.5013e-05,11.0026,0,0,48,36,64,0.5625,memory,0,0,8,unmeasured,1114168.38715,5,10.9996,11.6494,optimized,Intel(R) Core(TM) i7-8565U CPU @ 1.80GHz,8,4,16,unmeasured
lagrange_triangle_order2_point_gradients,lagrange_scalar_point,clang,14.0.0,5000,0.000106742,21.3484,0,0,144,72,160,0.45,memory,0,0,8,unmeasured,1096651.18715,5,21.3434,21.382,optimized,Intel(R) Core(TM) i7-8565U CPU @ 1.80GHz,8,4,16,unmeasured
lagrange_triangle_order2_point_hessians,lagrange_scalar_point,clang,14.0.0,5000,0.000168172,33.6344,0,0,432,144,448,0.321428571429,memory,0,0,8,unmeasured,1196751.18715,5,33.6302,34.2294,optimized,Intel(R) Core(TM) i7-8565U CPU @ 1.80GHz,8,4,16,unmeasured
lagrange_triangle_order2_point_all,lagrange_scalar_point,clang,14.0.0,5000,0.000258728,51.7456,0,0,624,252,640,0.39375,memory,0,0,8,unmeasured,1278833.06215,5,51.7418,52.2432,optimized,Intel(R) Core(TM) i7-8565U CPU @ 1.80GHz,8,4,16,unmeasured
lagrange_triangle_order2_to_values,lagrange_raw_to_point,clang,14.0.0,5000,4.3703e-05,8.7406,0,0,48,36,64,0.5625,memory,0,0,8,unmeasured,1278332.77715,5,8.7348,8.746,optimized,Intel(R) Core(TM) i7-8565U CPU @ 1.80GHz,8,4,16,unmeasured
lagrange_triangle_order2_to_gradients,lagrange_raw_to_point,clang,14.0.0,5000,6.4721e-05,12.9442,0,0,144,72,160,0.45,memory,0,0,8,unmeasured,1260815.57715,5,12.9412,13.592,optimized,Intel(R) Core(TM) i7-8565U CPU @ 1.80GHz,8,4,16,unmeasured
lagrange_triangle_order2_to_hessians,lagrange_raw_to_point,clang,14.0.0,5000,7.7675e-05,15.535,0,0,432,144,448,0.321428571429,memory,0,0,8,unmeasured,1360915.57715,5,15.5282,16.0982,optimized,Intel(R) Core(TM) i7-8565U CPU @ 1.80GHz,8,4,16,unmeasured
lagrange_triangle_order2_to_all,lagrange_raw_to_point,clang,14.0.0,5000,0.00016776,33.552,0,0,624,252,640,0.39375,memory,0,0,8,unmeasured,1442997.45215,5,32.9978,34.1916,optimized,Intel(R) Core(TM) i7-8565U CPU @ 1.80GHz,8,4,16,unmeasured
lagrange_triangle_order2_strided_values,lagrange_strided_batch,clang,14.0.0,1000,2.6633e-05,26.633,0,0,192,144,256,0.5625,memory,0,0,8,unmeasured,1443974.40215,5,24.42,26.738,optimized,Intel(R) Core(TM) i7-8565U CPU @ 1.80GHz,8,4,16,unmeasured
lagrange_triangle_order2_strided_gradients,lagrange_strided_batch,clang,14.0.0,1000,3.9406e-05,39.406,0,0,576,288,640,0.45,memory,0,0,8,unmeasured,1435958.40215,5,39.154,54.458,optimized,Intel(R) Core(TM) i7-8565U CPU @ 1.80GHz,8,4,16,unmeasured
lagrange_triangle_order2_strided_hessians,lagrange_strided_batch,clang,14.0.0,1000,5.0412e-05,50.412,0,0,1728,576,1792,0.321428571429,memory,0,0,8,unmeasured,1455998.40215,5,50.371,50.464,optimized,Intel(R) Core(TM) i7-8565U CPU @ 1.80GHz,8,4,16,unmeasured
lagrange_triangle_order2_strided_all,lagrange_strided_batch,clang,14.0.0,1000,9.1104e-05,91.104,0,0,2496,1008,2560,0.39375,memory,0,0,8,unmeasured,1468999.35215,5,91.063,91.199,optimized,Intel(R) Core(TM) i7-8565U CPU @ 1.80GHz,8,4,16,unmeasured
lagrange_triangle_order3_construction,lagrange_construction,clang,14.0.0,20,1.1226e-05,561.3,40,2,0,0,0,0,unmodeled,0,0,8,unmeasured,1469999.35215,5,541.2,682.1,optimized,Intel(R) Core(TM) i7-8565U CPU @ 1.80GHz,8,4,16,unmeasured
lagrange_triangle_order3_point_values,lagrange_scalar_point,clang,14.0.0,5000,6.8761e-05,13.7522,0,0,80,80,96,0.833333333333,memory,0,0,8,unmeasured,1469774.90271,5,13.5864,14.4446,optimized,Intel(R) Core(TM) i7-8565U CPU @ 1.80GHz,8,4,16,unmeasured
lagrange_triangle_order3_point_gradients,lagrange_scalar_point,clang,14.0.0,5000,0.000219733,43.9466,0,0,240,160,256,0.625,memory,0,0,8,unmeasured,1472058.83896,5,43.918,44.4992,optimized,Intel(R) Core(TM) i7-8565U CPU @ 1.80GHz,8,4,16,unmeasured
lagrange_triangle_order3_point_hessians,lagrange_scalar_point,clang,14.0.0,5000,0.000765093,153.0186,0,0,720,320,736,0.434782608696,memory,0,0,8,unmeasured,1533990.98896,5,96.428,161.1324,optimized,Intel(R) Core(TM) i7-8565U CPU @ 1.80GHz,8,4,16,unmeasured
lagrange_triangle_order3_point_all,lagrange_scalar_point,clang,14.0.0,5000,0.001133177,226.6354,0,0,1040,560,1056,0.530303030303,memory,0,0,8,unmeasured,1597987.81002,5,140.6744,264.7942,optimized,Intel(R) Core(TM) i7-8565U CPU @ 1.80GHz,8,4,16,unmeasured
lagrange_triangle_order3_to_values,lagrange_raw_to_point,clang,14.0.0,5000,5.6838e-05,11.3676,0,0,80,80,96,0.833333333333,memory,0,0,8,unmeasured,1597763.36058,5,11.3656,14.1124,optimized,Intel(R) Core(TM) i7-8565U CPU @ 1.80GHz,8,4,16,unmeasured
lagrange_triangle_order3_to_gradients,lagrange_raw_to_point,clang,14.0.0,5000,0.000219445,43.889,0,0,240,160,256,0.625,memory,0,0,8,unmeasured,1600047.29683,5,43.8576,44.8464,optimized,Intel(R) Core(TM) i7-8565U CPU @ 1.80GHz,8,4,16,unmeasured
lagrange_triangle_order3_to_hessians,lagrange_raw_to_point,clang,14.0.0,5000,0.000467757,93.5514,0,0,720,320,736,0.434782608696,memory,0,0,8,unmeasured,1661979.44683,5,93.5284,94.0812,optimized,Intel(R) Core(TM) i7-8565U CPU @ 1.80GHz,8,4,16,unmeasured
lagrange_triangle_order3_to_all,lagrange_raw_to_point,clang,14.0.0,5000,0.000758623,151.7246,0,0,1040,560,1056,0.530303030303,memory,0,0,8,unmeasured,1725976.26789,5,146.6068,158.574,optimized,Intel(R) Core(TM) i7-8565U CPU @ 1.80GHz,8,4,16,unmeasured
lagrange_triangle_order3_strided_values,lagrange_strided_batch,clang,14.0.0,1000,4.2926e-05,42.926,0,0,320,320,384,0.833333333333,memory,0,0,8,unmeasured,1725898.92602,5,42.9,42.955,optimized,Intel(R) Core(TM) i7-8565U CPU @ 1.80GHz,8,4,16,unmeasured
lagrange_triangle_order3_strided_gradients,lagrange_strided_batch,clang,14.0.0,1000,7.9835e-05,79.835,0,0,960,640,1024,0.625,memory,0,0,8,unmeasured,1721621.63852,5,79.392,83.198,optimized,Intel(R) Core(TM) i7-8565U CPU @ 1.80GHz,8,4,16,unmeasured
lagrange_triangle_order3_strided_hessians,lagrange_strided_batch,clang,14.0.0,1000,0.000252741,252.741,0,0,2880,1280,2944,0.434782608696,memory,0,0,8,unmeasured,1764457.13852,5,252.579,279.878,optimized,Intel(R) Core(TM) i7-8565U CPU @ 1.80GHz,8,4,16,unmeasured
lagrange_triangle_order3_strided_all,lagrange_strided_batch,clang,14.0.0,1000,0.000322818,322.818,0,0,4160,2240,4224,0.530303030303,memory,0,0,8,unmeasured,1802938.00914,5,317.338,514.345,optimized,Intel(R) Core(TM) i7-8565U CPU @ 1.80GHz,8,4,16,unmeasured
lagrange_triangle_order4_construction,lagrange_construction,clang,14.0.0,20,1.5709e-05,785.45,40,2,0,0,0,0,unmodeled,0,0,8,unmeasured,1804438.00914,5,757.65,1023,optimized,Intel(R) Core(TM) i7-8565U CPU @ 1.80GHz,8,4,16,unmeasured
lagrange_triangle_order4_point_values,lagrange_scalar_point,clang,14.0.0,5000,0.00033574,67.148,0,0,120,150,136,1.10294117647,memory,0,0,8,unmeasured,1804407.93874,5,65.4762,69.999,optimized,Intel(R) Core(TM) i7-8565U CPU @ 1.80GHz,8,4,16,unmeasured
lagrange_triangle_order4_point_gradients,lagrange_scalar_point,clang,14.0.0,5000,0.000561199,112.2398,0,0,360,300,376,0.797872340426,memory,0,0,8,unmeasured,1803440.26141,5,111.0274,113.7792,optimized,Intel(R) Core(TM) i7-8565U CPU @ 1.80GHz,8,4,16,unmeasured
lagrange_triangle_order4_point_hessians,lagrange_scalar_point,clang,14.0.0,5000,0.000820129,164.0258,0,0,1080,600,1096,0.547445255474,memory,0,0,8,unmeasured,1798100.47474,5,161.3374,165.326,optimized,Intel(R) Core(TM) i7-8565U CPU @ 1.80GHz,8,4,16,unmeasured
lagrange_triangle_order4_point_all,lagrange_scalar_point,clang,14.0.0,5000,0.001159812,231.9624,0,0,1560,1050,1576,0.666243654822,memory,0,0,8,unmeasured,1791762.03101,5,181.0716,303.3872,optimized,Intel(R) Core(TM) i7-8565U CPU @ 1.80GHz,8,4,16,unmeasured
lagrange_triangle_order4_to_values,lagrange_raw_to_point,clang,14.0.0,5000,0.000620906,124.1812,0,0,120,150,136,1.10294117647,memory,0,0,8,unmeasured,1791731.96061,5,115.959,125.5876,optimized,Intel(R) Core(TM) i7-8565U CPU @ 1.80GHz,8,4,16,unmeasured
lagrange_triangle_order4_to_gradients,lagrange_raw_to_point,clang,14.0.0,5000,0.000514857,102.9714,0,0,360,300,376,0.797872340426,memory,0,0,8,unmeasured,1790764.28327,5,100.9626,134.51,optimized,Intel(R) Core(TM) i7-8565U CPU @ 1.80GHz,8,4,16,unmeasured
lagrange_triangle_order4_to_hessians,lagrange_raw_to_point,clang,14.0.0,5000,0.000683656,136.7312,0,0,1080,600,1096,0.547445255474,memory,0,0,8,unmeasured,1785424.49661,5,136.3574,136.9874,optimized,Intel(R) Core(TM) i7-8565U CPU @ 1.80GHz,8,4,16,unmeasured
lagrange_triangle_order4_to_all,lagrange_raw_to_point,clang,14.0.0,5000,0.001509439,301.8878,0,0,1560,1050,1576,0.666243654822,memory,0,0,8,unmeasured,1779086.05288,5,293.6014,344.8648,optimized,Intel(R) Core(TM) i7-8565U CPU @ 1.80GHz,8,4,16,unmeasured
lagrange_triangle_order4_strided_values,lagrange_strided_batch,clang,14.0.0,1000,0.000112671,112.671,0,0,480,600,544,1.10294117647,memory,0,0,8,unmeasured,1778877.63688,5,112.604,113.091,optimized,Intel(R) Core(TM) i7-8565U CPU @ 1.80GHz,8,4,16,unmeasured
lagrange_triangle_order4_strided_gradients,lagrange_strided_batch,clang,14.0.0,1000,0.000192399,192.399,0,0,1440,1200,1504,0.797872340426,memory,0,0,8,unmeasured,1779024.59687,5,192.343,197.061,optimized,Intel(R) Core(TM) i7-8565U CPU @ 1.80GHz,8,4,16,unmeasured
lagrange_triangle_order4_strided_hessians,lagrange_strided_batch,clang,14.0.0,1000,0.000394358,394.358,0,0,4320,2400,4384,0.547445255474,memory,0,0,8,unmeasured,1810821.39687,5,393.988,427.254,optimized,Intel(R) Core(TM) i7-8565U CPU @ 1.80GHz,8,4,16,unmeasured
lagrange_triangle_order4_strided_all,lagrange_strided_batch,clang,14.0.0,1000,0.000473352,473.352,0,0,6240,4200,6304,0.666243654822,memory,0,0,8,unmeasured,1842556.74088,5,471.838,508.353,optimized,Intel(R) Core(TM) i7-8565U CPU @ 1.80GHz,8,4,16,unmeasured
lagrange_triangle_order5_construction,lagrange_construction,clang,14.0.0,20,1.9789e-05,989.45,40,2,0,0,0,0,unmodeled,0,0,8,unmeasured,1844656.74088,5,971.7,1314.55,optimized,Intel(R) Core(TM) i7-8565U CPU @ 1.80GHz,8,4,16,unmeasured
lagrange_triangle_order5_point_values,lagrange_scalar_point,clang,14.0.0,2500,0.000192954,77.1816,0,0,168,252,184,1.36956521739,memory,0,0,8,unmeasured,1844582.57938,5,77.056,79.3252,optimized,Intel(R) Core(TM) i7-8565U CPU @ 1.80GHz,8,4,16,unmeasured
lagrange_triangle_order5_point_gradients,lagrange_scalar_point,clang,14.0.0,2500,0.000343874,137.5496,0,0,504,504,520,0.969230769231,memory,0,0,8,unmeasured,1845094.09223,5,136.4992,139.492,optimized,Intel(R) Core(TM) i7-8565U CPU @ 1.80GHz,8,4,16,unmeasured
lagrange_triangle_order5_point_hessians,lagrange_scalar_point,clang,14.0.0,2500,0.000535289,214.1156,0,0,1512,1008,1528,0.659685863874,memory,0,0,8,unmeasured,1855289.07921,5,211.8776,401.264,optimized,Intel(R) Core(TM) i7-8565U CPU @ 1.80GHz,8,4,16,unmeasured
lagrange_triangle_order5_point_all,lagrange_scalar_point,clang,14.0.0,2500,0.000625902,250.3608,0,0,2184,1764,2200,0.801818181818,memory,0,0,8,unmeasured,1865917.01244,5,245.302,405.2064,optimized,Intel(R) Core(TM) i7-8565U CPU @ 1.80GHz,8,4,16,unmeasured
lagrange_triangle_order5_to_values,lagrange_raw_to_point,clang,14.0.0,2500,0.000189421,75.7684,0,0,168,252,184,1.36956521739,memory,0,0,8,unmeasured,1865842.85094,5,75.756,77.5164,optimized,Intel(R) Core(TM) i7-8565U CPU @ 1.80GHz,8,4,16,unmeasured
lagrange_triangle_order5_to_gradients,lagrange_raw_to_point,clang,14.0.0,2500,0.000298845,119.538,0,0,504,504,520,0.969230769231,memory,0,0,8,unmeasured,1866354.3638,5,119.5088,120.3348,optimized,Intel(R) Core(TM) i7-8565U CPU @ 1.80GHz,8,4,16,unmeasured
lagrange_triangle_order5_to_hessians,lagrange_raw_to_point,clang,14.0.0,2500,0.000449811,179.9244,0,0,1512,1008,1528,0.659685863874,memory,0,0,8,unmeasured,1876549.35078,5,179.2436,180.6528,optimized,Intel(R) Core(TM) i7-8565U CPU @ 1.80GHz,8,4,16,unmeasured
lagrange_triangle_order5_to_all,lagrange_raw_to_point,clang,14.0.0,2500,0.000930534,372.2136,0,0,2184,1764,2200,0.801818181818,memory,0,0,8,unmeasured,1887177.284,5,371.4812,386.8448,optimized,Intel(R) Core(TM) i7-8565U CPU @ 1.80GHz,8,4,16,unmeasured
lagrange_triangle_order5_strided_values,lagrange_strided_batch,clang,14.0.0,500,7.0412e-05,140.824,0,0,672,1008,736,1.36956521739,memory,0,0,8,unmeasured,1887141.43562,5,140.6,194.916,optimized,Intel(R) Core(TM) i7-8565U CPU @ 1.80GHz,8,4,16,unmeasured
lagrange_triangle_order5_strided_gradients,lagrange_strided_batch,clang,14.0.0,500,0.00012966,259.32,0,0,2016,2016,2080,0.969230769231,memory,0,0,8,unmeasured,1887897.62214,5,258.52,266.664,optimized,Intel(R) Core(TM) i7-8565U CPU @ 1.80GHz,8,4,16,unmeasured
lagrange_triangle_order5_strided_hessians,lagrange_strided_batch,clang,14.0.0,500,0.000267823,535.646,0,0,6048,4032,6112,0.659685863874,memory,0,0,8,unmeasured,1888714.67943,5,533.436,541.368,optimized,Intel(R) Core(TM) i7-8565U CPU @ 1.80GHz,8,4,16,unmeasured
lagrange_triangle_order5_strided_all,lagrange_strided_batch,clang,14.0.0,500,0.000329343,658.686,0,0,8736,7056,8800,0.801818181818,memory,0,0,8,unmeasured,1890252.07486,5,650.166,684.604,optimized,Intel(R) Core(TM) i7-8565U CPU @ 1.80GHz,8,4,16,unmeasured
lagrange_triangle_order6_construction,lagrange_construction,clang,14.0.0,20,2.6072e-05,1303.6,40,2,0,0,0,0,unmodeled,0,0,8,unmeasured,1893052.07486,5,1278.15,1502.8,optimized,Intel(R) Core(TM) i7-8565U CPU @ 1.80GHz,8,4,16,unmeasured
lagrange_triangle_order6_point_values,lagrange_scalar_point,clang,14.0.0,1666,0.000150673,90.4399759904,0,0,224,392,240,1.63333333333,memory,0,0,8,unmeasured,1893060.84597,5,89.6962785114,103.285714286,optimized,Intel(R) Core(TM) i7-8565U CPU @ 1.80GHz,8,4,16,unmeasured
lagrange_triangle_order6_point_gradients,lagrange_scalar_point,clang,14.0.0,1666,0.000275051,165.096638655,0,0,672,784,688,1.13953488372,memory,0,0,8,unmeasured,1893520.3122,5,161.283313325,305.603241297,optimized,Intel(R) Core(TM) i7-8565U CPU @ 1.80GHz,8,4,16,unmeasured
lagrange_triangle_order6_point_hessians,lagrange_scalar_point,clang,14.0.0,1666,0.000453499,272.208283313,0,0,2016,1568,2032,0.771653543307,memory,0,0,8,unmeasured,1887645.64485,5,259.99819928,278.338535414,optimized,Intel(R) Core(TM) i7-8565U CPU @ 1.80GHz,8,4,16,unmeasured
lagrange_triangle_order6_point_all,lagrange_scalar_point,clang,14.0.0,1666,0.000497647,298.707683073,0,0,2912,2744,2928,0.937158469945,memory,0,0,8,unmeasured,1882242.8083,5,296.580432173,299.262304922,optimized,Intel(R) Core(TM) i7-8565U CPU @ 1.80GHz,8,4,16,unmeasured
lagrange_triangle_order6_to_values,lagrange_raw_to_point,clang,14.0.0,1666,0.00014343,86.0924369748,0,0,224,392,240,1.63333333333,memory,0,0,8,unmeasured,1882251.57942,5,85.7136854742,102.995198079,optimized,Intel(R) Core(TM) i7-8565U CPU @ 1.80GHz,8,4,16,unmeasured
lagrange_triangle_order6_to_gradients,lagrange_raw_to_point,clang,14.0.0,1666,0.00023101,138.661464586,0,0,672,784,688,1.13953488372,memory,0,0,8,unmeasured,1882711.04564,5,138.615246098,140.867346939,optimized,Intel(R) Core(TM) i7-8565U CPU @ 1.80GHz,8,4,16,unmeasured
lagrange_triangle_order6_to_hessians,lagrange_raw_to_point,clang,14.0.0,1666,0.000358256,215.039615846,0,0,2016,1568,2032,0.771653543307,memory,0,0,8,unmeasured,1876836.37829,5,214.587034814,215.537815126,optimized,Intel(R) Core(TM) i7-8565U CPU @ 1.80GHz,8,4,16,unmeasured
lagrange_triangle_order6_to_all,lagrange_raw_to_point,clang,14.0.0,1666,0.001409568,846.079231693,0,0,2912,2744,2928,0.937158469945,memory,0,0,8,unmeasured,1871433.54174,5,594.881752701,923.696878752,optimized,Intel(R) Core(TM) i7-8565U CPU @ 1.80GHz,8,4,16,unmeasured
lagrange_triangle_order6_strided_values,lagrange_strided_batch,clang,14.0.0,333,0.000105031,315.408408408,0,0,896,1568,960,1.63333333333,memory,0,0,8,unmeasured,1871438.49093,5,312.453453453,322.738738739,optimized,Intel(R) Core(TM) i7-8565U CPU @ 1.80GHz,8,4,16,unmeasured
lagrange_triangle_order6_strided_gradients,lagrange_strided_batch,clang,14.0.0,333,0.000120078,360.594594595,0,0,2688,3136,2752,1.13953488372,memory,0,0,8,unmeasured,1871695.9602,5,326.693693694,626.834834835,optimized,Intel(R) Core(TM) i7-8565U CPU @ 1.80GHz,8,4,16,unmeasured
lagrange_triangle_order6_strided_hessians,lagrange_strided_batch,clang,14.0.0,333,0.000233739,701.918918919,0,0,8064,6272,8128,0.771653543307,memory,0,0,8,unmeasured,1866823.63645,5,672.96996997,799.675675676,optimized,Intel(R) Core(TM) i7-8565U CPU @ 1.80GHz,8,4,16,unmeasured
lagrange_triangle_order6_strided_all,lagrange_strided_batch,clang,14.0.0,333,0.000273575,821.546546547,0,0,11648,10976,11712,0.937158469945,memory,0,0,8,unmeasured,1862213.73116,5,819.534534535,831.993993994,optimized,Intel(R) Core(TM) i7-8565U CPU @ 1.80GHz,8,4,16,unmeasured
lagrange_triangle_order7_construction,lagrange_construction,clang,14.0.0,20,3.0518e-05,1525.9,40,2,0,0,0,0,unmodeled,0,0,8,unmeasured,1865813.73116,5,1525.05,1719.95,optimized,Intel(R) Core(TM) i7-8565U CPU @ 1.80GHz,8,4,16,unmeasured
lagrange_triangle_order7_point_values,lagrange_scalar_point,clang,14.0.0,1250,0.000127097,101.6776,0,0,288,576,304,1.89473684211,memory,0,0,8,unmeasured,1865819.10727,5,101.6464,104.332,optimized,Intel(R) Core(TM) i7-8565U CPU @ 1.80GHz,8,4,16,unmeasured
lagrange_triangle_order7_point_gradients,lagrange_scalar_point,clang,14.0.0,1250,0.00024143,193.144,0,0,864,1152,880,1.30909090909,memory,0,0,8,unmeasured,1865755.50579,5,192.4104,194.7376,optimized,Intel(R) Core(TM) i7-8565U CPU @ 1.80GHz,8,4,16,unmeasured
lagrange_triangle_order7_point_hessians,lagrange_scalar_point,clang,14.0.0,1250,0.000409536,327.6288,0,0,2592,2304,2608,0.883435582822,memory,0,0,8,unmeasured,1862185.69351,5,327.5256,330.3968,optimized,Intel(R) Core(TM) i7-8565U CPU @ 1.80GHz,8,4,16,unmeasured
lagrange_triangle_order7_point_all,lagrange_scalar_point,clang,14.0.0,1250,0.000483426,386.7408,0,0,3744,4032,3760,1.07234042553,memory,0,0,8,unmeasured,1858558.50958,5,362.4544,391.3544,optimized,Intel(R) Core(TM) i7-8565U CPU @ 1.80GHz,8,4,16,unmeasured
lagrange_triangle_order7_to_values,lagrange_raw_to_point,clang,14.0.0,1250,0.000125992,100.7936,0,0,288,576,304,1.89473684211,memory,0,0,8,unmeasured,1858563.88569,5,96.8536,122.3592,optimized,Intel(R) Core(TM) i7-8565U CPU @ 1.80GHz,8,4,16,unmeasured
lagrange_triangle_order7_to_gradients,lagrange_raw_to_point,clang,14.0.0,1250,0.000205746,164.5968,0,0,864,1152,880,1.30909090909,memory,0,0,8,unmeasured,1858500.28421,5,163.8744,167.812,optimized,Intel(R) Core(TM) i7-8565U CPU @ 1.80GHz,8,4,16,unmeasured
lagrange_triangle_order7_to_hessians,lagrange_raw_to_point,clang,14.0.0,1250,0.000340241,272.1928,0,0,2592,2304,2608,0.883435582822,memory,0,0,8,unmeasured,1854930.47193,5,270.9248,273.0224,optimized,Intel(R) Core(TM) i7-8565U CPU @ 1.80GHz,8,4,16,unmeasured
lagrange_triangle_order7_to_all,lagrange_raw_to_point,clang,14.0.0,1250,0.000693155,554.524,0,0,3744,4032,3760,1.07234042553,memory,0,0,8,unmeasured,1851303.28799,5,535.7632,713.7632,optimized,Intel(R) Core(TM) i7-8565U CPU @ 1.80GHz,8,4,16,unmeasured
lagrange_triangle_order7_strided_values,lagrange_strided_batch,clang,14.0.0,250,5.1395e-05,205.58,0,0,1152,2304,1216,1.89473684211,memory,0,0,8,unmeasured,1851309.01589,5,204.868,277.028,optimized,Intel(R) Core(TM) i7-8565U CPU @ 1.80GHz,8,4,16,unmeasured
lagrange_triangle_order7_strided_gradients,lagrange_strided_batch,clang,14.0.0,250,9.7706e-05,390.824,0,0,3456,4608,3520,1.30909090909,memory,0,0,8,unmeasured,1851291.16978,5,390.368,391.16,optimized,Intel(R) Core(TM) i7-8565U CPU @ 1.80GHz,8,4,16,unmeasured
lagrange_triangle_order7_strided_hessians,lagrange_strided_batch,clang,14.0.0,250,0.000203871,815.484,0,0,10368,9216,10432,0.883435582822,memory,0,0,8,unmeasured,1848703.63421,5,814.948,835.036,optimized,Intel(R) Core(TM) i7-8565U CPU @ 1.80GHz,8,4,16,unmeasured
lagrange_triangle_order7_strided_all,lagrange_strided_batch,clang,14.0.0,250,0.000257669,1030.676,0,0,14976,16128,15040,1.07234042553,memory,0,0,8,unmeasured,1846103.98043,5,1029.412,1050.892,optimized,Intel(R) Core(TM) i7-8565U CPU @ 1.80GHz,8,4,16,unmeasured
lagrange_triangle_order8_construction,lagrange_construction,clang,14.0.0,20,3.6485e-05,1824.25,40,2,0,0,0,0,unmodeled,0,0,8,unmeasured,1850603.98043,5,1822.55,1983.35,optimized,Intel(R) Core(TM) i7-8565U CPU @ 1.80GHz,8,4,16,unmeasured
lagrange_triangle_order8_point_values,lagrange_scalar_point,clang,14.0.0,1000,0.000114827,114.827,0,0,360,810,376,2.15425531915,memory,0,0,8,unmeasured,1850606.02478,5,113.815,119.892,optimized,Intel(R) Core(TM) i7-8565U CPU @ 1.80GHz,8,4,16,unmeasured
lagrange_triangle_order8_point_gradients,lagrange_scalar_point,clang,14.0.0,1000,0.000224433,224.433,0,0,1080,1620,1096,1.47810218978,memory,0,0,8,unmeasured,1850573.21045,5,223.342,229.113,optimized,Intel(R) Core(TM) i7-8565U CPU @ 1.80GHz,8,4,16,unmeasured
lagrange_triangle_order8_point_hessians,lagrange_scalar_point,clang,14.0.0,1000,0.00039693,396.93,0,0,3240,3240,3256,0.995085995086,memory,0,0,8,unmeasured,1850831.31372,5,396.711,741.258,optimized,Intel(R) Core(TM) i7-8565U CPU @ 1.80GHz,8,4,16,unmeasured
lagrange_triangle_order8_point_all,lagrange_scalar_point,clang,14.0.0,1000,0.000785619,785.619,0,0,4680,5670,4696,1.20741056218,memory,0,0,8,unmeasured,1851057.46706,5,716.756,793.094,optimized,Intel(R) Core(TM) i7-8565U CPU @ 1.80GHz,8,4,16,unmeasured
lagrange_triangle_order8_to_values,lagrange_raw_to_point,clang,14.0.0,1000,0.000217756,217.756,0,0,360,810,376,2.15425531915,memory,0,0,8,unmeasured,1851059.51142,5,215.279,220.324,optimized,Intel(R) Core(TM) i7-8565U CPU @ 1.80GHz,8,4,16,unmeasured
lagrange_triangle_order8_to_gradients,lagrange_raw_to_point,clang,14.0.0,1000,0.000376868,376.868,0,0,1080,1620,1096,1.47810218978,memory,0,0,8,unmeasured,1851026.69708,5,201.824,394.973,optimized,Intel(R) Core(TM) i7-8565U CPU @ 1.80GHz,8,4,16,unmeasured
lagrange_triangle_order8_to_hessians,lagrange_raw_to_point,clang,14.0.0,1000,0.000335456,335.456,0,0,3240,3240,3256,0.995085995086,memory,0,0,8,unmeasured,1851284.80035,5,332.423,382.943,optimized,Intel(R) Core(TM) i7-8565U CPU @ 1.80GHz,8,4,16,unmeasured
lagrange_triangle_order8_to_all,lagrange_raw_to_point,clang,14.0.0,1000,0.000635757,635.757,0,0,4680,5670,4696,1.20741056218,memory,0,0,8,unmeasured,1851510.9537,5,633.754,636.19,optimized,Intel(R) Core(TM) i7-8565U CPU @ 1.80GHz,8,4,16,unmeasured
lagrange_triangle_order8_strided_values,lagrange_strided_batch,clang,14.0.0,200,4.7984e-05,239.92,0,0,1440,3240,1504,2.15425531915,memory,0,0,8,unmeasured,1851512.28477,5,238.375,252.595,optimized,Intel(R) Core(TM) i7-8565U CPU @ 1.80GHz,8,4,16,unmeasured
lagrange_triangle_order8_strided_gradients,lagrange_strided_batch,clang,14.0.0,200,9.1453e-05,457.265,0,0,4320,6480,4384,1.47810218978,memory,0,0,8,unmeasured,1851456.64376,5,456.145,457.83,optimized,Intel(R) Core(TM) i7-8565U CPU @ 1.80GHz,8,4,16,unmeasured
lagrange_triangle_order8_strided_hessians,lagrange_strided_batch,clang,14.0.0,200,0.000201638,1008.19,0,0,12960,12960,13024,0.995085995086,memory,0,0,8,unmeasured,1851400.37372,5,1007.13,1022.255,optimized,Intel(R) Core(TM) i7-8565U CPU @ 1.80GHz,8,4,16,unmeasured
lagrange_triangle_order8_strided_all,lagrange_strided_batch,clang,14.0.0,200,0.00025579,1278.95,0,0,18720,22680,18784,1.20741056218,memory,0,0,8,unmeasured,1851289.79374,5,1276.265,1293.76,optimized,Intel(R) Core(TM) i7-8565U CPU @ 1.80GHz,8,4,16,unmeasured
lagrange_quad_order0_construction,lagrange_construction,clang,14.0.0,20,6.018e-06,300.9,100,5,0,0,0,0,unmodeled,0,0,8,unmeasured,1851389.79374,5,243.75,550.4,optimized,Intel(R) Core(TM) i7-8565U CPU @ 1.80GHz,8,4,16,unmeasured
lagrange_quad_order0_point_values,lagrange_scalar_point,clang,14.0.0,5000,0.000215421,43.0842,0,0,8,9,24,0.375,memory,0,0,8,unmeasured,1876414.79374,5,43.0576,43.855,optimized,Intel(R) Core(TM) i7-8565U CPU @ 1.80GHz,8,4,16,unmeasured
lagrange_quad_order0_point_gradients,lagrange_scalar_point,clang,14.0.0,5000,0.000247086,49.4172,0,0,24,18,40,0.45,memory,0,0,8,unmeasured,1876414.79374,5,48.8256,55.374,optimized,Intel(R) Core(TM) i7-8565U CPU @ 1.80GHz,8,4,16,unmeasured
lagrange_quad_order0_point_hessians,lagrange_scalar_point,clang,14.0.0,5000,0.000280661,56.1322,0,0,72,28,88,0.318181818182,memory,0,0,8,unmeasured,1876414.79374,5,55.3982,57.3132,optimized,Intel(R) Core(TM) i7-8565U CPU @ 1.80GHz,8,4,16,unmeasured
lagrange_quad_order0_point_all,lagrange_scalar_point,clang,14.0.0,5000,0.000293658,58.7316,0,0,104,31,120,0.258333333333,memory,0,0,8,unmeasured,1901439.79374,5,58.6724,59.8808,optimized,Intel(R) Core(TM) i7-8565U CPU @ 1.80GHz,8,4,16,unmeasured
lagrange_quad_order0_to_values,lagrange_raw_to_point,clang,14.0.0,5000,0.000212122,42.4244,0,0,8,9,24,0.375,memory,0,0,8,unmeasured,1926464.79374,5,42.4216,42.9966,optimized,Intel(R) Core(TM) i7-8565U CPU @ 1.80GHz,8,4,16,unmeasured
lagrange_quad_order0_to_gradients,lagrange_raw_to_point,clang,14.0.0,5000,0.000261884,52.3768,0,0,24,18,40,0.45,memory,0,0,8,unmeasured,1926464.79374,5,49.9176,90.412,optimized,Intel(R) Core(TM) i7-8565U CPU @ 1.80GHz,8,4,16,unmeasured
lagrange_quad_order0_to_hessians,lagrange_raw_to_point,clang,14.0.0,5000,0.000282416,56.4832,0,0,72,28,88,0.318181818182,memory,0,0,8,unmeasured,1926464.79374,5,53.9236,63.3526,optimized,Intel(R) Core(TM) i7-8565U CPU @ 1.80GHz,8,4,16,unmeasured
lagrange_quad_order0_to_all,lagrange_raw_to_point,clang,14.0.0,5000,0.000762333,152.4666,0,0,104,31,120,0.258333333333,memory,0,0,8,unmeasured,1951489.79374,5,149.4506,177.3068,optimized,Intel(R) Core(TM) i7-8565U CPU @ 1.80GHz,8,4,16,unmeasured
lagrange_quad_order0_strided_values,lagrange_strided_batch,clang,14.0.0,1000,0.000143293,143.293,0,0,32,36,96,0.375,memory,0,0,8,unmeasured,1956499.79374,5,140.473,172.048,optimized,Intel(R) Core(TM) i7-8565U CPU @ 1.80GHz,8,4,16,unmeasured
lagrange_quad_order0_strided_gradients,lagrange_strided_batch,clang,14.0.0,1000,0.000147596,147.596,0,0,96,72,160,0.45,memory,0,0,8,unmeasured,1956499.79374,5,146.579,152.807,optimized,Intel(R) Core(TM) i7-8565U CPU @ 1.80GHz,8,4,16,unmeasured
lagrange_quad_order0_strided_hessians,lagrange_strided_batch,clang,14.0.0,1000,0.000322791,322.791,0,0,288,112,352,0.318181818182,memory,0,0,8,unmeasured,1956499.79374,5,156.398,334.253,optimized,Intel(R) Core(TM) i7-8565U CPU @ 1.80GHz,8,4,16,unmeasured
lagrange_quad_order0_strided_all,lagrange_strided_batch,clang,14.0.0,1000,0.000275649,275.649,0,0,416,124,480,0.258333333333,memory,0,0,8,unmeasured,1961509.79374,5,235.162,348.47,optimized,Intel(R) Core(TM) i7-8565U CPU @ 1.80GHz,8,4,16,unmeasured
lagrange_quad_order1_construction,lagrange_construction,clang,14.0.0,20,1.5002e-05,750.1,140,7,0,0,0,0,unmodeled,0,0,8,unmeasured,1961909.79374,5,708.6,1124.25,optimized,Intel(R) Core(TM) i7-8565U CPU @ 1.80GHz,8,4,16,unmeasured
lagrange_quad_order1_point_values,lagrange_scalar_point,clang,14.0.0,5000,0.000108688,21.7376,0,0,32,20,48,0.416666666667,memory,0,0,8,unmeasured,1968709.96374,5,17.3196,23.265,optimized,Intel(R) Core(TM) i7-8565U CPU @ 1.80GHz,8,4,16,unmeasured
lagrange_quad_order1_point_gradients,lagrange_scalar_point,clang,14.0.0,5000,0.00015581,31.162,0,0,96,40,112,0.357142857143,memory,0,0,8,unmeasured,1962531.82624,5,30.6882,33.8264,optimized,Intel(R) Core(TM) i7-8565U CPU @ 1.80GHz,8,4,16,unmeasured
lagrange_quad_order1_point_hessians,lagrange_scalar_point,clang,14.0.0,5000,0.000226903,45.3806,0,0,288,64,304,0.210526315789,memory,0,0,8,unmeasured,1962531.82624,5,43.6296,45.887,optimized,Intel(R) Core(TM) i7-8565U CPU @ 1.80GHz,8,4,16,unmeasured
lagrange_quad_order1_point_all,lagrange_scalar_point,clang,14.0.0,5000,0.000329886,65.9772,0,0,416,76,432,0.175925925926,memory,0,0,8,unmeasured,1963153.44311,5,64.15,66.2072,optimized,Intel(R) Core(TM) i7-8565U CPU @ 1.80GHz,8,4,16,unmeasured
lagrange_quad_order1_to_values,lagrange_raw_to_point,clang,14.0.0,5000,7.6833e-05,15.3666,0,0,32,20,48,0.416666666667,memory,0,0,8,unmeasured,1969953.61311,5,9.367,20.5694,optimized,Intel(R) Core(TM) i7-8565U CPU @ 1.80GHz,8,4,16,unmeasured
lagrange_quad_order1_to_gradients,lagrange_raw_to_point,clang,14.0.0,5000,5.5184e-05,11.0368,0,0,96,40,112,0.357142857143,memory,0,0,8,unmeasured,1963775.47561,5,11.0316,11.9538,optimized,Intel(R) Core(TM) i7-8565U CPU @ 1.80GHz,8,4,16,unmeasured
lagrange_quad_order1_to_hessians,lagrange_raw_to_point,clang,14.0.0,5000,6.0184e-05,12.0368,0,0,288,64,304,0.210526315789,memory,0,0,8,unmeasured,1963775.47561,5,12.035,15.137,optimized,Intel(R) Core(TM) i7-8565U CPU @ 1.80GHz,8,4,16,unmeasured
lagrange_quad_order1_to_all,lagrange_raw_to_point,clang,14.0.0,5000,0.000150426,30.0852,0,0,416,76,432,0.175925925926,memory,0,0,8,unmeasured,1964397.09249,5,30.0768,32.7904,optimized,Intel(R) Core(TM) i7-8565U CPU @ 1.80GHz,8,4,16,unmeasured
lagrange_quad_order1_strided_values,lagrange_strided_batch,clang,14.0.0,1000,3.8115e-05,38.115,0,0,128,80,192,0.416666666667,memory,0,0,8,unmeasured,1967803.89249,5,36.924,51.177,optimized,Intel(R) Core(TM) i7-8565U CPU @ 1.80GHz,8,4,16,unmeasured
lagrange_quad_order1_strided_gradients,lagrange_strided_batch,clang,14.0.0,1000,3.7057e-05,37.057,0,0,384,160,448,0.357142857143,memory,0,0,8,unmeasured,1965799.89249,5,36.743,44.133,optimized,Intel(R) Core(TM) i7-8565U CPU @ 1.80GHz,8,4,16,unmeasured
lagrange_quad_order1_strided_hessians,lagrange_strided_batch,clang,14.0.0,1000,7.1463e-05,71.463,0,0,1152,256,1216,0.210526315789,memory,0,0,8,unmeasured,1965799.89249,5,71.361,71.617,optimized,Intel(R) Core(TM) i7-8565U CPU @ 1.80GHz,8,4,16,unmeasured
lagrange_quad_order1_strided_all,lagrange_strided_batch,clang,14.0.0,1000,9.7215e-05,97.215,0,0,1664,304,1728,0.175925925926,memory,0,0,8,unmeasured,1967202.69249,5,97.177,100.532,optimized,Intel(R) Core(TM) i7-8565U CPU @ 1.80GHz,8,4,16,unmeasured
lagrange_quad_order2_construction,lagrange_construction,clang,14.0.0,20,1.5873e-05,793.65,180,9,0,0,0,0,unmodeled,0,0,8,unmeasured,1968102.69249,5,761.9,992.35,optimized,Intel(R) Core(TM) i7-8565U CPU @ 1.80GHz,8,4,16,unmeasured
lagrange_quad_order2_point_values,lagrange_scalar_point,clang,14.0.0,5000,8.8576e-05,17.7152,0,0,72,33,88,0.375,memory,0,0,8,unmeasured,1969707.49547,5,17.1406,20.2372,optimized,Intel(R) Core(TM) i7-8565U CPU @ 1.80GHz,8,4,16,unmeasured
lagrange_quad_order2_point_gradients,lagrange_scalar_point,clang,14.0.0,5000,0.00012619,25.238,0,0,216,66,232,0.284482758621,memory,0,0,8,unmeasured,1966382.01684,5,24.581,26.0168,optimized,Intel(R) Core(TM) i7-8565U CPU @ 1.80GHz,8,4,16,unmeasured
lagrange_quad_order2_point_hessians,lagrange_scalar_point,clang,14.0.0,5000,0.000414395,82.879,0,0,648,108,664,0.16265060241,memory,0,0,8,unmeasured,1969314.39309,5,80.6906,87.8818,optimized,Intel(R) Core(TM) i7-8565U CPU @ 1.80GHz,8,4,16,unmeasured
lagrange_quad_order2_point_all,lagrange_scalar_point,clang,14.0.0,5000,0.000515198,103.0396,0,0,936,135,952,0.141806722689,memory,0,0,8,unmeasured,1970525.82723,5,102.752,106.584,optimized,Intel(R) Core(TM) i7-8565U CPU @ 1.80GHz,8,4,16,unmeasured
lagrange_quad_order2_to_values,lagrange_raw_to_point,clang,14.0.0,5000,5.0158e-05,10.0316,0,0,72,33,88,0.375,memory,0,0,8,unmeasured,1972130.63021,5,10.0262,10.36,optimized,Intel(R) Core(TM) i7-8565U CPU @ 1.80GHz,8,4,16,unmeasured
lagrange_quad_order2_to_gradients,lagrange_raw_to_point,clang,14.0.0,5000,6.5825e-05,13.165,0,0,216,66,232,0.284482758621,memory,0,0,8,unmeasured,1968805.15158,5,13.1624,13.6862,optimized,Intel(R) Core(TM) i7-8565U CPU @ 1.80GHz,8,4,16,unmeasured
lagrange_quad_order2_to_hessians,lagrange_raw_to_point,clang,14.0.0,5000,0.000442403,88.4806,0,0,648,108,664,0.16265060241,memory,0,0,8,unmeasured,1971737.52783,5,86.0486,98.6778,optimized,Intel(R) Core(TM) i7-8565U CPU @ 1.80GHz,8,4,16,unmeasured
lagrange_quad_order2_to_all,lagrange_raw_to_point,clang,14.0.0,5000,0.00053945,107.89,0,0,936,135,952,0.141806722689,memory,0,0,8,unmeasured,1972948.96197,5,107.1478,109.6404,optimized,Intel(R) Core(TM) i7-8565U CPU @ 1.80GHz,8,4,16,unmeasured
lagrange_quad_order2_strided_values,lagrange_strided_batch,clang,14.0.0,1000,6.4263e-05,64.263,0,0,288,132,352,0.375,memory,0,0,8,unmeasured,1974379.81797,5,51.883,94.921,optimized,Intel(R) Core(TM) i7-8565U CPU @ 1.80GHz,8,4,16,unmeasured
lagrange_quad_order2_strided_gradients,lagrange_strided_batch,clang,14.0.0,1000,6.0823e-05,60.823,0,0,864,264,928,0.284482758621,memory,0,0,8,unmeasured,1971494.05797,5,53.904,101.027,optimized,Intel(R) Core(TM) i7-8565U CPU @ 1.80GHz,8,4,16,unmeasured
lagrange_quad_order2_strided_hessians,lagrange_strided_batch,clang,14.0.0,1000,0.000122738,122.738,0,0,2592,432,2656,0.16265060241,memory,0,0,8,unmeasured,1973898.85797,5,122.641,122.788,optimized,Intel(R) Core(TM) i7-8565U CPU @ 1.80GHz,8,4,16,unmeasured
lagrange_quad_order2_strided_all,lagrange_strided_batch,clang,14.0.0,1000,0.000188032,188.032,0,0,3744,540,3808,0.141806722689,memory,0,0,8,unmeasured,1974848.75397,5,182.866,197.792,optimized,Intel(R) Core(TM) i7-8565U CPU @ 1.80GHz,8,4,16,unmeasured
lagrange_quad_order3_construction,lagrange_construction,clang,14.0.0,20,2.12e-05,1060,180,9,0,0,0,0,unmodeled,0,0,8,unmeasured,1976448.75397,5,1026.35,1265.65,optimized,Intel(R) Core(TM) i7-8565U CPU @ 1.80GHz,8,4,16,unmeasured
lagrange_quad_order3_point_values,lagrange_scalar_point,clang,14.0.0,2500,3.9897e-05,15.9588,0,0,128,48,144,0.333333333333,memory,0,0,8,unmeasured,1976708.4373,5,15.9472,15.9992,optimized,Intel(R) Core(TM) i7-8565U CPU @ 1.80GHz,8,4,16,unmeasured
lagrange_quad_order3_point_gradients,lagrange_scalar_point,clang,14.0.0,2500,0.000108354,43.3416,0,0,384,96,400,0.24,memory,0,0,8,unmeasured,1975618.50018,5,43.2912,50.1044,optimized,Intel(R) Core(TM) i7-8565U CPU @ 1.80GHz,8,4,16,unmeasured
lagrange_quad_order3_point_hessians,lagrange_scalar_point,clang,14.0.0,2500,0.000252293,100.9172,0,0,1152,160,1168,0.13698630137,memory,0,0,8,unmeasured,1978055.62868,5,100.7972,103.818,optimized,Intel(R) Core(TM) i7-8565U CPU @ 1.80GHz,8,4,16,unmeasured
lagrange_quad_order3_point_all,lagrange_scalar_point,clang,14.0.0,2500,0.000361736,144.6944,0,0,1664,208,1680,0.12380952381,memory,0,0,8,unmeasured,1979662.32434,5,144.1976,146.218,optimized,Intel(R) Core(TM) i7-8565U CPU @ 1.80GHz,8,4,16,unmeasured
lagrange_quad_order3_to_values,lagrange_raw_to_point,clang,14.0.0,2500,3.0795e-05,12.318,0,0,128,48,144,0.333333333333,memory,0,0,8,unmeasured,1979922.00767,5,12.3144,12.3276,optimized,Intel(R) Core(TM) i7-8565U CPU @ 1.80GHz,8,4,16,unmeasured
lagrange_quad_order3_to_gradients,lagrange_raw_to_point,clang,14.0.0,2500,0.000102109,40.8436,0,0,384,96,400,0.24,memory,0,0,8,unmeasured,1978832.07055,5,40.2372,42.7288,optimized,Intel(R) Core(TM) i7-8565U CPU @ 1.80GHz,8,4,16,unmeasured
lagrange_quad_order3_to_hessians,lagrange_raw_to_point,clang,14.0.0,2500,0.000435762,174.3048,0,0,1152,160,1168,0.13698630137,memory,0,0,8,unmeasured,1981269.19905,5,116.468,187.7828,optimized,Intel(R) Core(TM) i7-8565U CPU @ 1.80GHz,8,4,16,unmeasured
lagrange_quad_order3_to_all,lagrange_raw_to_point,clang,14.0.0,2500,0.000750578,300.2312,0,0,1664,208,1680,0.12380952381,memory,0,0,8,unmeasured,1982875.89471,5,282.7544,325.708,optimized,Intel(R) Core(TM) i7-8565U CPU @ 1.80GHz,8,4,16,unmeasured
lagrange_quad_order3_strided_values,lagrange_strided_batch,clang,14.0.0,500,5.5371e-05,110.742,0,0,512,192,576,0.333333333333,memory,0,0,8,unmeasured,1983079.60129,5,108.756,111.842,optimized,Intel(R) Core(TM) i7-8565U CPU @ 1.80GHz,8,4,16,unmeasured
lagrange_quad_order3_strided_gradients,lagrange_strided_batch,clang,14.0.0,500,0.000112816,225.632,0,0,1536,384,1600,0.24,memory,0,0,8,unmeasured,1982207.07509,5,219.958,233.528,optimized,Intel(R) Core(TM) i7-8565U CPU @ 1.80GHz,8,4,16,unmeasured
lagrange_quad_order3_strided_hessians,lagrange_strided_batch,clang,14.0.0,500,0.000122064,244.128,0,0,4608,640,4672,0.13698630137,memory,0,0,8,unmeasured,1984167.88709,5,243.792,252.33,optimized,Intel(R) Core(TM) i7-8565U CPU @ 1.80GHz,8,4,16,unmeasured
lagrange_quad_order3_strided_all,lagrange_strided_batch,clang,14.0.0,500,0.00017489,349.78,0,0,6656,832,6720,0.12380952381,memory,0,0,8,unmeasured,1985459.87947,5,329.266,369.854,optimized,Intel(R) Core(TM) i7-8565U CPU @ 1.80GHz,8,4,16,unmeasured
lagrange_quad_order4_construction,lagrange_construction,clang,14.0.0,20,2.866e-05,1433,200,10,0,0,0,0,unmodeled,0,0,8,unmeasured,1987959.87947,5,1425.8,1655.25,optimized,Intel(R) Core(TM) i7-8565U CPU @ 1.80GHz,8,4,16,unmeasured
lagrange_quad_order4_point_values,lagrange_scalar_point,clang,14.0.0,1666,0.000189344,113.651860744,0,0,200,65,616,0.105519480519,memory,0,0,8,unmeasured,1987986.5957,5,113.442376951,115.949579832,optimized,Intel(R) Core(TM) i7-8565U CPU @ 1.80GHz,8,4,16,unmeasured
lagrange_quad_order4_point_gradients,lagrange_scalar_point,clang,14.0.0,1666,0.000249047,149.487995198,0,0,600,130,1336,0.0973053892216,memory,0,0,8,unmeasured,1987781.61774,5,149.366146459,150.923769508,optimized,Intel(R) Core(TM) i7-8565U CPU @ 1.80GHz,8,4,16,unmeasured
lagrange_quad_order4_point_hessians,lagrange_scalar_point,clang,14.0.0,1666,0.00041315,247.989195678,0,0,1800,220,2776,0.0792507204611,memory,0,0,8,unmeasured,1988780.46165,5,247.109843938,249.009603842,optimized,Intel(R) Core(TM) i7-8565U CPU @ 1.80GHz,8,4,16,unmeasured
lagrange_quad_order4_point_all,lagrange_scalar_point,clang,14.0.0,1666,0.000504756,302.974789916,0,0,2600,295,3576,0.0824944071588,memory,0,0,8,unmeasured,1989600.71352,5,296.086434574,306.274909964,optimized,Intel(R) Core(TM) i7-8565U CPU @ 1.80GHz,8,4,16,unmeasured
lagrange_quad_order4_to_values,lagrange_raw_to_point,clang,14.0.0,1666,0.000190304,114.228091236,0,0,200,65,616,0.105519480519,memory,0,0,8,unmeasured,1989627.42975,5,114.039615846,115.721488595,optimized,Intel(R) Core(TM) i7-8565U CPU @ 1.80GHz,8,4,16,unmeasured
lagrange_quad_order4_to_gradients,lagrange_raw_to_point,clang,14.0.0,1666,0.000254896,152.99879952,0,0,600,130,1336,0.0973053892216,memory,0,0,8,unmeasured,1989422.45179,5,151.356542617,168.664465786,optimized,Intel(R) Core(TM) i7-8565U CPU @ 1.80GHz,8,4,16,unmeasured
lagrange_quad_order4_to_hessians,lagrange_raw_to_point,clang,14.0.0,1666,0.00034777,208.745498199,0,0,1800,220,2776,0.0792507204611,memory,0,0,8,unmeasured,1990421.2957,5,206.697478992,210.196878752,optimized,Intel(R) Core(TM) i7-8565U CPU @ 1.80GHz,8,4,16,unmeasured
lagrange_quad_order4_to_all,lagrange_raw_to_point,clang,14.0.0,1666,0.00082583,495.696278511,0,0,2600,295,3576,0.0824944071588,memory,0,0,8,unmeasured,1991241.54757,5,494.728091236,570.693877551,optimized,Intel(R) Core(TM) i7-8565U CPU @ 1.80GHz,8,4,16,unmeasured
lagrange_quad_order4_strided_values,lagrange_strided_batch,clang,14.0.0,333,2.8493e-05,85.5645645646,0,0,800,260,1184,0.219594594595,memory,0,0,8,unmeasured,1991263.99954,5,85.0600600601,86.1591591592,optimized,Intel(R) Core(TM) i7-8565U CPU @ 1.80GHz,8,4,16,unmeasured
lagrange_quad_order4_strided_gradients,lagrange_strided_batch,clang,14.0.0,333,6.6966e-05,201.099099099,0,0,2400,520,2784,0.186781609195,memory,0,0,8,unmeasured,1991087.74845,5,200.540540541,337.099099099,optimized,Intel(R) Core(TM) i7-8565U CPU @ 1.80GHz,8,4,16,unmeasured
lagrange_quad_order4_strided_hessians,lagrange_strided_batch,clang,14.0.0,333,0.000198183,595.144144144,0,0,7200,880,7584,0.116033755274,memory,0,0,8,unmeasured,1991840.86418,5,594.81981982,864.798798799,optimized,Intel(R) Core(TM) i7-8565U CPU @ 1.80GHz,8,4,16,unmeasured
lagrange_quad_order4_strided_all,lagrange_strided_batch,clang,14.0.0,333,0.000231769,696.003003003,0,0,10400,1180,10784,0.109421364985,memory,0,0,8,unmeasured,1992440.18079,5,694.708708709,704.237237237,optimized,Intel(R) Core(TM) i7-8565U CPU @ 1.80GHz,8,4,16,unmeasured
lagrange_quad_order5_construction,lagrange_construction,clang,14.0.0,20,5.8152e-05,2907.6,820,41,0,0,0,0,unmodeled,0,0,8,unmeasured,1996040.18079,5,2901.05,3177,optimized,Intel(R) Core(TM) i7-8565U CPU @ 1.80GHz,8,4,16,unmeasured
lagrange_quad_order5_point_values,lagrange_scalar_point,clang,14.0.0,1250,0.00018861,150.888,0,0,288,84,880,0.0954545454545,memory,0,0,8,unmeasured,1996040.51757,5,150.6504,155.1288,optimized,Intel(R) Core(TM) i7-8565U CPU @ 1.80GHz,8,4,16,unmeasured
lagrange_quad_order5_point_gradients,lagrange_scalar_point,clang,14.0.0,1250,0.000254074,203.2592,0,0,864,168,1936,0.0867768595041,memory,0,0,8,unmeasured,1996037.40778,5,202.7632,205.58,optimized,Intel(R) Core(TM) i7-8565U CPU @ 1.80GHz,8,4,16,unmeasured
lagrange_quad_order5_point_hessians,lagrange_scalar_point,clang,14.0.0,1250,0.000409316,327.4528,0,0,2592,288,4048,0.0711462450593,memory,0,0,8,unmeasured,1996022.41229,5,326.2504,328.5536,optimized,Intel(R) Core(TM) i7-8565U CPU @ 1.80GHz,8,4,16,unmeasured
lagrange_quad_order5_point_all,lagrange_scalar_point,clang,14.0.0,1250,0.000496064,396.8512,0,0,3744,396,5200,0.0761538461538,memory,0,0,8,unmeasured,1996004.6283,5,392.5608,397.328,optimized,Intel(R) Core(TM) i7-8565U CPU @ 1.80GHz,8,4,16,unmeasured
lagrange_quad_order5_to_values,lagrange_raw_to_point,clang,14.0.0,1250,0.000189476,151.5808,0,0,288,84,880,0.0954545454545,memory,0,0,8,unmeasured,1996004.96508,5,151.4936,153.6744,optimized,Intel(R) Core(TM) i7-8565U CPU @ 1.80GHz,8,4,16,unmeasured
lagrange_quad_order5_to_gradients,lagrange_raw_to_point,clang,14.0.0,1250,0.000252754,202.2032,0,0,864,168,1936,0.0867768595041,memory,0,0,8,unmeasured,1996001.85529,5,199.3448,204.4728,optimized,Intel(R) Core(TM) i7-8565U CPU @ 1.80GHz,8,4,16,unmeasured
lagrange_quad_order5_to_hessians,lagrange_raw_to_point,clang,14.0.0,1250,0.000353551,282.8408,0,0,2592,288,4048,0.0711462450593,memory,0,0,8,unmeasured,1995986.8598,5,281.832,284.544,optimized,Intel(R) Core(TM) i7-8565U CPU @ 1.80GHz,8,4,16,unmeasured
lagrange_quad_order5_to_all,lagrange_raw_to_point,clang,14.0.0,1250,0.000843508,674.8064,0,0,3744,396,5200,0.0761538461538,memory,0,0,8,unmeasured,1995969.07581,5,672.5976,675.624,optimized,Intel(R) Core(TM) i7-8565U CPU @ 1.80GHz,8,4,16,unmeasured
lagrange_quad_order5_strided_values,lagrange_strided_batch,clang,14.0.0,250,2.4892e-05,99.568,0,0,1152,336,1600,0.21,memory,0,0,8,unmeasured,1995969.07581,5,99.024,100.268,optimized,Intel(R) Core(TM) i7-8565U CPU @ 1.80GHz,8,4,16,unmeasured
lagrange_quad_order5_strided_gradients,lagrange_strided_batch,clang,14.0.0,250,0.000139439,557.756,0,0,3456,672,3904,0.172131147541,memory,0,0,8,unmeasured,1995969.07581,5,557.084,569.556,optimized,Intel(R) Core(TM) i7-8565U CPU @ 1.80GHz,8,4,16,unmeasured
lagrange_quad_order5_strided_hessians,lagrange_strided_batch,clang,14.0.0,250,0.000209878,839.512,0,0,10368,1152,10816,0.10650887574,memory,0,0,8,unmeasured,1995969.07581,5,839.128,851.204,optimized,Intel(R) Core(TM) i7-8565U CPU @ 1.80GHz,8,4,16,unmeasured
lagrange_quad_order5_strided_all,lagrange_strided_batch,clang,14.0.0,250,0.000256787,1027.148,0,0,14976,1584,15424,0.102697095436,memory,0,0,8,unmeasured,1995969.07581,5,1008.344,1034.74,optimized,Intel(R) Core(TM) i7-8565U CPU @ 1.80GHz,8,4,16,unmeasured
lagrange_quad_order6_construction,lagrange_construction,clang,14.0.0,20,7.5713e-05,3785.65,1060,53,0,0,0,0,unmodeled,0,0,8,unmeasured,2000869.07581,5,3768.65,4111.8,optimized,Intel(R) Core(TM) i7-8565U CPU @ 1.80GHz,8,4,16,unmeasured
lagrange_quad_order6_point_values,lagrange_scalar_point,clang,14.0.0,833,0.000161563,193.953181273,0,0,392,105,1192,0.0880872483221,memory,0,0,8,unmeasured,2000868.67612,5,193.741896759,196.950780312,optimized,Intel(R) Core(TM) i7-8565U CPU @ 1.80GHz,8,4,16,unmeasured
lagrange_quad_order6_point_gradients,lagrange_scalar_point,clang,14.0.0,833,0.000219629,263.660264106,0,0,1176,210,2648,0.0793051359517,memory,0,0,8,unmeasured,2000884.19617,5,262.668667467,277.605042017,optimized,Intel(R) Core(TM) i7-8565U CPU @ 1.80GHz,8,4,16,unmeasured
lagrange_quad_order6_point_hessians,lagrange_scalar_point,clang,14.0.0,833,0.000356424,427.879951981,0,0,3528,364,5560,0.0654676258993,memory,0,0,8,unmeasured,2000690.22611,5,426.105642257,430.630252101,optimized,Intel(R) Core(TM) i7-8565U CPU @ 1.80GHz,8,4,16,unmeasured
lagrange_quad_order6_point_all,lagrange_scalar_point,clang,14.0.0,833,0.000450047,540.272509004,0,0,5096,511,7128,0.0716891133558,memory,0,0,8,unmeasured,2000511.54545,5,534.25210084,572.4969988,optimized,Intel(R) Core(TM) i7-8565U CPU @ 1.80GHz,8,4,16,unmeasured
lagrange_quad_order6_to_values,lagrange_raw_to_point,clang,14.0.0,833,0.000162308,194.847539016,0,0,392,105,1192,0.0880872483221,memory,0,0,8,unmeasured,2000511.14576,5,193.854741897,197.989195678,optimized,Intel(R) Core(TM) i7-8565U CPU @ 1.80GHz,8,4,16,unmeasured
lagrange_quad_order6_to_gradients,lagrange_raw_to_point,clang,14.0.0,833,0.000217662,261.298919568,0,0,1176,210,2648,0.0793051359517,memory,0,0,8,unmeasured,2000526.66581,5,256.205282113,274.327731092,optimized,Intel(R) Core(TM) i7-8565U CPU @ 1.80GHz,8,4,16,unmeasured
lagrange_quad_order6_to_hessians,lagrange_raw_to_point,clang,14.0.0,833,0.000306894,368.420168067,0,0,3528,364,5560,0.0654676258993,memory,0,0,8,unmeasured,2000332.69575,5,366.282112845,369.827130852,optimized,Intel(R) Core(TM) i7-8565U CPU @ 1.80GHz,8,4,16,unmeasured
lagrange_quad_order6_to_all,lagrange_raw_to_point,clang,14.0.0,833,0.000726855,872.575030012,0,0,5096,511,7128,0.0716891133558,memory,0,0,8,unmeasured,2000154.0151,5,862.50180072,1104.70108043,optimized,Intel(R) Core(TM) i7-8565U CPU @ 1.80GHz,8,4,16,unmeasured
lagrange_quad_order6_strided_values,lagrange_strided_batch,clang,14.0.0,166,1.9201e-05,115.668674699,0,0,1568,420,2080,0.201923076923,memory,0,0,8,unmeasured,2000153.65822,5,115.481927711,116.63253012,optimized,Intel(R) Core(TM) i7-8565U CPU @ 1.80GHz,8,4,16,unmeasured
lagrange_quad_order6_strided_gradients,lagrange_strided_batch,clang,14.0.0,166,0.000114677,690.825301205,0,0,4704,840,5216,0.161042944785,memory,0,0,8,unmeasured,2000166.66404,5,689.728915663,740.963855422,optimized,Intel(R) Core(TM) i7-8565U CPU @ 1.80GHz,8,4,16,unmeasured
lagrange_quad_order6_strided_hessians,lagrange_strided_batch,clang,14.0.0,166,0.000197755,1191.29518072,0,0,14112,1456,14624,0.0995623632385,memory,0,0,8,unmeasured,2000017.90598,5,1184.54216867,1204.88554217,optimized,Intel(R) Core(TM) i7-8565U CPU @ 1.80GHz,8,4,16,unmeasured
lagrange_quad_order6_strided_all,lagrange_strided_batch,clang,14.0.0,166,0.000236995,1427.68072289,0,0,20384,2044,20896,0.0978177641654,memory,0,0,8,unmeasured,1999881.79687,5,1420.70481928,1798.34939759,optimized,Intel(R) Core(TM) i7-8565U CPU @ 1.80GHz,8,4,16,unmeasured
lagrange_quad_order7_construction,lagrange_construction,clang,14.0.0,20,9.8766e-05,4938.3,1340,67,0,0,0,0,unmodeled,0,0,8,unmeasured,2006281.79687,5,4922.6,5246.65,optimized,Intel(R) Core(TM) i7-8565U CPU @ 1.80GHz,8,4,16,unmeasured
lagrange_quad_order7_point_values,lagrange_scalar_point,clang,14.0.0,625,0.000164365,262.984,0,0,512,128,1552,0.0824742268041,memory,0,0,8,unmeasured,2006281.90175,5,262.7232,277.1008,optimized,Intel(R) Core(TM) i7-8565U CPU @ 1.80GHz,8,4,16,unmeasured
lagrange_quad_order7_point_gradients,lagrange_scalar_point,clang,14.0.0,625,0.000211677,338.6832,0,0,1536,256,3472,0.073732718894,memory,0,0,8,unmeasured,2006287.29903,5,334.7136,371.2624,optimized,Intel(R) Core(TM) i7-8565U CPU @ 1.80GHz,8,4,16,unmeasured
lagrange_quad_order7_point_hessians,lagrange_scalar_point,clang,14.0.0,625,0.000345492,552.7872,0,0,4608,448,7312,0.0612691466083,memory,0,0,8,unmeasured,2006176.57906,5,551.6608,559.5072,optimized,Intel(R) Core(TM) i7-8565U CPU @ 1.80GHz,8,4,16,unmeasured
lagrange_quad_order7_point_all,lagrange_scalar_point,clang,14.0.0,625,0.000446732,714.7712,0,0,6656,640,9360,0.0683760683761,memory,0,0,8,unmeasured,2006071.49584,5,709.224,715.9664,optimized,Intel(R) Core(TM) i7-8565U CPU @ 1.80GHz,8,4,16,unmeasured
lagrange_quad_order7_to_values,lagrange_raw_to_point,clang,14.0.0,625,0.000163407,261.4512,0,0,512,128,1552,0.0824742268041,memory,0,0,8,unmeasured,2006071.60073,5,261.0992,265.7584,optimized,Intel(R) Core(TM) i7-8565U CPU @ 1.80GHz,8,4,16,unmeasured
lagrange_quad_order7_to_gradients,lagrange_raw_to_point,clang,14.0.0,625,0.000217626,348.2016,0,0,1536,256,3472,0.073732718894,memory,0,0,8,unmeasured,2006076.99801,5,345.9552,406.4528,optimized,Intel(R) Core(TM) i7-8565U CPU @ 1.80GHz,8,4,16,unmeasured
lagrange_quad_order7_to_hessians,lagrange_raw_to_point,clang,14.0.0,625,0.000304064,486.5024,0,0,4608,448,7312,0.0612691466083,memory,0,0,8,unmeasured,2005966.27804,5,485.864,490.6176,optimized,Intel(R) Core(TM) i7-8565U CPU @ 1.80GHz,8,4,16,unmeasured
lagrange_quad_order7_to_all,lagrange_raw_to_point,clang,14.0.0,625,0.000703758,1126.0128,0,0,6656,640,9360,0.0683760683761,memory,0,0,8,unmeasured,2005861.19482,5,1055.6704,1148.8144,optimized,Intel(R) Core(TM) i7-8565U CPU @ 1.80GHz,8,4,16,unmeasured
lagrange_quad_order7_strided_values,lagrange_strided_batch,clang,14.0.0,125,1.8803e-05,150.424,0,0,2048,512,2624,0.19512195122,memory,0,0,8,unmeasured,2005861.26839,5,150.2,151.024,optimized,Intel(R) Core(TM) i7-8565U CPU @ 1.80GHz,8,4,16,unmeasured
lagrange_quad_order7_strided_gradients,lagrange_strided_batch,clang,14.0.0,125,0.000107806,862.448,0,0,6144,1024,6720,0.152380952381,memory,0,0,8,unmeasured,2005865.76778,5,837.32,946.88,optimized,Intel(R) Core(TM) i7-8565U CPU @ 1.80GHz,8,4,16,unmeasured
lagrange_quad_order7_strided_hessians,lagrange_strided_batch,clang,14.0.0,125,0.000170579,1364.632,0,0,18432,1792,19008,0.0942760942761,memory,0,0,8,unmeasured,2005778.93856,5,1361.64,1397.944,optimized,Intel(R) Core(TM) i7-8565U CPU @ 1.80GHz,8,4,16,unmeasured
lagrange_quad_order7_strided_all,lagrange_strided_batch,clang,14.0.0,125,0.000227974,1823.792,0,0,26624,2560,27200,0.0941176470588,memory,0,0,8,unmeasured,2005696.6823,5,1816.048,1844.432,optimized,Intel(R) Core(TM) i7-8565U CPU @ 1.80GHz,8,4,16,unmeasured
lagrange_quad_order8_construction,lagrange_construction,clang,14.0.0,20,0.000125375,6268.75,1680,84,0,0,0,0,unmodeled,0,0,8,unmeasured,2013796.6823,5,5874.35,6674.4,optimized,Intel(R) Core(TM) i7-8565U CPU @ 1.80GHz,8,4,16,unmeasured
lagrange_quad_order8_point_values,lagrange_scalar_point,clang,14.0.0,500,0.000152755,305.51,0,0,648,153,1960,0.0780612244898,memory,0,0,8,unmeasured,2013796.77734,5,305.358,311.656,optimized,Intel(R) Core(TM) i7-8565U CPU @ 1.80GHz,8,4,16,unmeasured
lagrange_quad_order8_point_gradients,lagrange_scalar_point,clang,14.0.0,500,0.000221679,443.358,0,0,1944,306,4408,0.0694192377495,memory,0,0,8,unmeasured,2013797.55989,5,436.248,460.608,optimized,Intel(R) Core(TM) i7-8565U CPU @ 1.80GHz,8,4,16,unmeasured
lagrange_quad_order8_point_hessians,lagrange_scalar_point,clang,14.0.0,500,0.000351121,702.242,0,0,5832,540,9304,0.0580395528805,memory,0,0,8,unmeasured,2013762.84165,5,698.116,704.306,optimized,Intel(R) Core(TM) i7-8565U CPU @ 1.80GHz,8,4,16,unmeasured
lagrange_quad_order8_point_all,lagrange_scalar_point,clang,14.0.0,500,0.000430245,860.49,0,0,8424,783,11896,0.0658204438467,memory,0,0,8,unmeasured,2013729.00037,5,855.828,863.794,optimized,Intel(R) Core(TM) i7-8565U CPU @ 1.80GHz,8,4,16,unmeasured
lagrange_quad_order8_to_values,lagrange_raw_to_point,clang,14.0.0,500,0.000155638,311.276,0,0,648,153,1960,0.0780612244898,memory,0,0,8,unmeasured,2013729.0954,5,310.262,319.726,optimized,Intel(R) Core(TM) i7-8565U CPU @ 1.80GHz,8,4,16,unmeasured
lagrange_quad_order8_to_gradients,lagrange_raw_to_point,clang,14.0.0,500,0.000202555,405.11,0,0,1944,306,4408,0.0694192377495,memory,0,0,8,unmeasured,2013729.87796,5,404.468,418.022,optimized,Intel(R) Core(TM) i7-8565U CPU @ 1.80GHz,8,4,16,unmeasured
lagrange_quad_order8_to_hessians,lagrange_raw_to_point,clang,14.0.0,500,0.000295073,590.146,0,0,5832,540,9304,0.0580395528805,memory,0,0,8,unmeasured,2013695.15971,5,570.82,934.274,optimized,Intel(R) Core(TM) i7-8565U CPU @ 1.80GHz,8,4,16,unmeasured
lagrange_quad_order8_to_all,lagrange_raw_to_point,clang,14.0.0,500,0.000677868,1355.736,0,0,8424,783,11896,0.0658204438467,memory,0,0,8,unmeasured,2013661.31844,5,1347.754,1464.378,optimized,Intel(R) Core(TM) i7-8565U CPU @ 1.80GHz,8,4,16,unmeasured
lagrange_quad_order8_strided_values,lagrange_strided_batch,clang,14.0.0,100,1.7366e-05,173.66,0,0,2592,612,3232,0.189356435644,memory,0,0,8,unmeasured,2013661.39431,5,173.33,175.46,optimized,Intel(R) Core(TM) i7-8565U CPU @ 1.80GHz,8,4,16,unmeasured
lagrange_quad_order8_strided_gradients,lagrange_strided_batch,clang,14.0.0,100,5.4216e-05,542.16,0,0,7776,1224,8416,0.145437262357,memory,0,0,8,unmeasured,2013662.01537,5,541.19,543.06,optimized,Intel(R) Core(TM) i7-8565U CPU @ 1.80GHz,8,4,16,unmeasured
lagrange_quad_order8_strided_hessians,lagrange_strided_batch,clang,14.0.0,100,0.00018131,1813.1,0,0,23328,2160,23968,0.0901201602136,memory,0,0,8,unmeasured,2013634.12357,5,1803.02,1829.37,optimized,Intel(R) Core(TM) i7-8565U CPU @ 1.80GHz,8,4,16,unmeasured
lagrange_quad_order8_strided_all,lagrange_strided_batch,clang,14.0.0,100,0.000243904,2439.04,0,0,33696,3132,34336,0.0912162162162,memory,0,0,8,unmeasured,2013606.92871,5,2406.91,2454.93,optimized,Intel(R) Core(TM) i7-8565U CPU @ 1.80GHz,8,4,16,unmeasured
lagrange_tet_order0_construction,lagrange_construction,clang,14.0.0,20,4.229e-06,211.45,40,2,0,0,0,0,unmodeled,0,0,8,unmeasured,2013706.92871,5,142.9,433.8,optimized,Intel(R) Core(TM) i7-8565U CPU @ 1.80GHz,8,4,16,unmeasured
lagrange_tet_order0_point_values,lagrange_scalar_point,clang,14.0.0,5000,0.000175364,35.0728,0,0,8,5,32,0.15625,memory,0,0,8,unmeasured,2038731.92871,5,35.0326,35.7542,optimized,Intel(R) Core(TM) i7-8565U CPU @ 1.80GHz,8,4,16,unmeasured
lagrange_tet_order0_point_gradients,lagrange_scalar_point,clang,14.0.0,5000,0.000216732,43.3464,0,0,24,15,48,0.3125,memory,0,0,8,unmeasured,2038731.92871,5,40.984,43.7652,optimized,Intel(R) Core(TM) i7-8565U CPU @ 1.80GHz,8,4,16,unmeasured
lagrange_tet_order0_point_hessians,lagrange_scalar_point,clang,14.0.0,5000,0.000225736,45.1472,0,0,72,45,96,0.46875,memory,0,0,8,unmeasured,2038731.92871,5,43.2654,45.3436,optimized,Intel(R) Core(TM) i7-8565U CPU @ 1.80GHz,8,4,16,unmeasured
lagrange_tet_order0_point_all,lagrange_scalar_point,clang,14.0.0,5000,0.000258974,51.7948,0,0,104,65,128,0.5078125,memory,0,0,8,unmeasured,2063756.92871,5,49.9696,53.4778,optimized,Intel(R) Core(TM) i7-8565U CPU @ 1.80GHz,8,4,16,unmeasured
lagrange_tet_order0_to_values,lagrange_raw_to_point,clang,14.0.0,5000,0.000161723,32.3446,0,0,8,5,32,0.15625,memory,0,0,8,unmeasured,2088781.92871,5,32.3398,39.071,optimized,Intel(R) Core(TM) i7-8565U CPU @ 1.80GHz,8,4,16,unmeasured
lagrange_tet_order0_to_gradients,lagrange_raw_to_point,clang,14.0.0,5000,0.000177885,35.577,0,0,24,15,48,0.3125,memory,0,0,8,unmeasured,2088781.92871,5,35.5728,35.5808,optimized,Intel(R) Core(TM) i7-8565U CPU @ 1.80GHz,8,4,16,unmeasured
lagrange_tet_order0_to_hessians,lagrange_raw_to_point,clang,14.0.0,5000,0.000208441,41.6882,0,0,72,45,96,0.46875,memory,0,0,8,unmeasured,2088781.92871,5,41.6678,42.819,optimized,Intel(R) Core(TM) i7-8565U CPU @ 1.80GHz,8,4,16,unmeasured
lagrange_tet_order0_to_all,lagrange_raw_to_point,clang,14.0.0,5000,0.000559345,111.869,0,0,104,65,128,0.5078125,memory,0,0,8,unmeasured,2113806.92871,5,108.4868,115.2134,optimized,Intel(R) Core(TM) i7-8565U CPU @ 1.80GHz,8,4,16,unmeasured
lagrange_tet_order0_strided_values,lagrange_strided_batch,clang,14.0.0,1000,6.7761e-05,67.761,0,0,32,20,128,0.15625,memory,0,0,8,unmeasured,2118816.92871,5,67.144,67.895,optimized,Intel(R) Core(TM) i7-8565U CPU @ 1.80GHz,8,4,16,unmeasured
lagrange_tet_order0_strided_gradients,lagrange_strided_batch,clang,14.0.0,1000,9.4551e-05,94.551,0,0,96,60,192,0.3125,memory,0,0,8,unmeasured,2118816.92871,5,93.907,109.002,optimized,Intel(R) Core(TM) i7-8565U CPU @ 1.80GHz,8,4,16,unmeasured
lagrange_tet_order0_strided_hessians,lagrange_strided_batch,clang,14.0.0,1000,0.000278487,278.487,0,0,288,180,384,0.46875,memory,0,0,8,unmeasured,2118816.92871,5,278.236,282.677,optimized,Intel(R) Core(TM) i7-8565U CPU @ 1.80GHz,8,4,16,unmeasured
lagrange_tet_order0_strided_all,lagrange_strided_batch,clang,14.0.0,1000,0.000304959,304.959,0,0,416,260,512,0.5078125,memory,0,0,8,unmeasured,2123826.92871,5,304.87,332.888,optimized,Intel(R) Core(TM) i7-8565U CPU @ 1.80GHz,8,4,16,unmeasured
lagrange_tet_order1_construction,lagrange_construction,clang,14.0.0,20,8.052e-06,402.6,40,2,0,0,0,0,unmodeled,0,0,8,unmeasured,2124226.92871,5,369.1,504.65,optimized,Intel(R) Core(TM) i7-8565U CPU @ 1.80GHz,8,4,16,unmeasured
lagrange_tet_order1_point_values,lagrange_scalar_point,clang,14.0.0,5000,6.7929e-05,13.5858,0,0,32,20,56,0.357142857143,memory,0,0,8,unmeasured,2132047.40871,5,13.5848,13.5868,optimized,Intel(R) Core(TM) i7-8565U CPU @ 1.80GHz,8,4,16,unmeasured
lagrange_tet_order1_point_gradients,lagrange_scalar_point,clang,14.0.0,5000,8.4112e-05,16.8224,0,0,96,60,120,0.5,memory,0,0,8,unmeasured,2107022.40871,5,16.8192,17.3944,optimized,Intel(R) Core(TM) i7-8565U CPU @ 1.80GHz,8,4,16,unmeasured
lagrange_tet_order1_point_hessians,lagrange_scalar_point,clang,14.0.0,5000,0.000103512,20.7024,0,0,288,180,312,0.576923076923,memory,0,0,8,unmeasured,2107022.40871,5,20.7006,21.0774,optimized,Intel(R) Core(TM) i7-8565U CPU @ 1.80GHz,8,4,16,unmeasured
lagrange_tet_order1_point_all,lagrange_scalar_point,clang,14.0.0,5000,0.000176246,35.2492,0,0,416,260,440,0.590909090909,memory,0,0,8,unmeasured,2089817.64871,5,35.246,35.7822,optimized,Intel(R) Core(TM) i7-8565U CPU @ 1.80GHz,8,4,16,unmeasured
lagrange_tet_order1_to_values,lagrange_raw_to_point,clang,14.0.0,5000,3.8841e-05,7.7682,0,0,32,20,56,0.357142857143,memory,0,0,8,unmeasured,2097638.12871,5,7.7668,7.7724,optimized,Intel(R) Core(TM) i7-8565U CPU @ 1.80GHz,8,4,16,unmeasured
lagrange_tet_order1_to_gradients,lagrange_raw_to_point,clang,14.0.0,5000,4.8551e-05,9.7102,0,0,96,60,120,0.5,memory,0,0,8,unmeasured,2072613.12871,5,9.7046,9.7188,optimized,Intel(R) Core(TM) i7-8565U CPU @ 1.80GHz,8,4,16,unmeasured
lagrange_tet_order1_to_hessians,lagrange_raw_to_point,clang,14.0.0,5000,6.58e-05,13.16,0,0,288,180,312,0.576923076923,memory,0,0,8,unmeasured,2072613.12871,5,13.1554,13.1674,optimized,Intel(R) Core(TM) i7-8565U CPU @ 1.80GHz,8,4,16,unmeasured
lagrange_tet_order1_to_all,lagrange_raw_to_point,clang,14.0.0,5000,0.00015523,31.046,0,0,416,260,440,0.590909090909,memory,0,0,8,unmeasured,2055408.36871,5,30.0938,31.3496,optimized,Intel(R) Core(TM) i7-8565U CPU @ 1.80GHz,8,4,16,unmeasured
lagrange_tet_order1_strided_values,lagrange_strided_batch,clang,14.0.0,1000,2.4646e-05,24.646,0,0,128,80,224,0.357142857143,memory,0,0,8,unmeasured,2057813.16871,5,24.154,25.616,optimized,Intel(R) Core(TM) i7-8565U CPU @ 1.80GHz,8,4,16,unmeasured
lagrange_tet_order1_strided_gradients,lagrange_strided_batch,clang,14.0.0,1000,2.8832e-05,28.832,0,0,384,240,480,0.5,memory,0,0,8,unmeasured,2052803.16871,5,28.788,31.413,optimized,Intel(R) Core(TM) i7-8565U CPU @ 1.80GHz,8,4,16,unmeasured
lagrange_tet_order1_strided_hessians,lagrange_strided_batch,clang,14.0.0,1000,3.5377e-05,35.377,0,0,1152,720,1248,0.576923076923,memory,0,0,8,unmeasured,2052803.16871,5,35.354,35.477,optimized,Intel(R) Core(TM) i7-8565U CPU @ 1.80GHz,8,4,16,unmeasured
lagrange_tet_order1_strided_all,lagrange_strided_batch,clang,14.0.0,1000,6.8851e-05,68.851,0,0,1664,1040,1760,0.590909090909,memory,0,0,8,unmeasured,2050197.9687,5,68.819,68.902,optimized,Intel(R) Core(TM) i7-8565U CPU @ 1.80GHz,8,4,16,unmeasured
lagrange_tet_order2_construction,lagrange_construction,clang,14.0.0,20,1.4608e-05,730.4,40,2,0,0,0,0,unmodeled,0,0,8,unmeasured,2051197.9687,5,698.7,810.9,optimized,Intel(R) Core(TM) i7-8565U CPU @ 1.80GHz,8,4,16,unmeasured
lagrange_tet_order2_point_values,lagrange_scalar_point,clang,14.0.0,5000,5.9856e-05,11.9712,0,0,80,70,104,0.673076923077,memory,0,0,8,unmeasured,2048739.3415,5,11.9688,12.5524,optimized,Intel(R) Core(TM) i7-8565U CPU @ 1.80GHz,8,4,16,unmeasured
lagrange_tet_order2_point_gradients,lagrange_scalar_point,clang,14.0.0,5000,0.00013845,27.69,0,0,240,210,264,0.795454545455,memory,0,0,8,unmeasured,2042483.2615,5,27.1938,28.7868,optimized,Intel(R) Core(TM) i7-8565U CPU @ 1.80GHz,8,4,16,unmeasured
lagrange_tet_order2_point_hessians,lagrange_scalar_point,clang,14.0.0,5000,0.000239349,47.8698,0,0,720,630,744,0.846774193548,memory,0,0,8,unmeasured,2142583.2615,5,47.8644,48.8872,optimized,Intel(R) Core(TM) i7-8565U CPU @ 1.80GHz,8,4,16,unmeasured
lagrange_tet_order2_point_all,lagrange_scalar_point,clang,14.0.0,5000,0.000369084,73.8168,0,0,1040,910,1064,0.855263157895,memory,0,0,8,unmeasured,2233968.56871,5,73.6694,74.1846,optimized,Intel(R) Core(TM) i7-8565U CPU @ 1.80GHz,8,4,16,unmeasured
lagrange_tet_order2_to_values,lagrange_raw_to_point,clang,14.0.0,5000,4.8568e-05,9.7136,0,0,80,70,104,0.673076923077,memory,0,0,8,unmeasured,2231509.94151,5,9.7088,9.7274,optimized,Intel(R) Core(TM) i7-8565U CPU @ 1.80GHz,8,4,16,unmeasured
lagrange_tet_order2_to_gradients,lagrange_raw_to_point,clang,14.0.0,5000,0.000141304,28.2608,0,0,240,210,264,0.795454545455,memory,0,0,8,unmeasured,2225253.86151,5,19.085,36.2888,optimized,Intel(R) Core(TM) i7-8565U CPU @ 1.80GHz,8,4,16,unmeasured
lagrange_tet_order2_to_hessians,lagrange_raw_to_point,clang,14.0.0,5000,0.000106774,21.3548,0,0,720,630,744,0.846774193548,memory,0,0,8,unmeasured,2325353.86151,5,21.3492,21.3554,optimized,Intel(R) Core(TM) i7-8565U CPU @ 1.80GHz,8,4,16,unmeasured
lagrange_tet_order2_to_all,lagrange_raw_to_point,clang,14.0.0,5000,0.000229669,45.9338,0,0,1040,910,1064,0.855263157895,memory,0,0,8,unmeasured,2416739.16871,5,45.6884,46.5808,optimized,Intel(R) Core(TM) i7-8565U CPU @ 1.80GHz,8,4,16,unmeasured
lagrange_tet_order2_strided_values,lagrange_strided_batch,clang,14.0.0,1000,3.2781e-05,32.781,0,0,320,280,416,0.673076923077,memory,0,0,8,unmeasured,2416642.97671,5,32.394,38.121,optimized,Intel(R) Core(TM) i7-8565U CPU @ 1.80GHz,8,4,16,unmeasured
lagrange_tet_order2_strided_gradients,lagrange_strided_batch,clang,14.0.0,1000,5.9716e-05,59.716,0,0,960,840,1056,0.795454545455,memory,0,0,8,unmeasured,2412033.77671,5,59.591,60.882,optimized,Intel(R) Core(TM) i7-8565U CPU @ 1.80GHz,8,4,16,unmeasured
lagrange_tet_order2_strided_hessians,lagrange_strided_batch,clang,14.0.0,1000,7.3608e-05,73.608,0,0,2880,2520,2976,0.846774193548,memory,0,0,8,unmeasured,2432073.77671,5,73.57,76.569,optimized,Intel(R) Core(TM) i7-8565U CPU @ 1.80GHz,8,4,16,unmeasured
lagrange_tet_order2_strided_all,lagrange_strided_batch,clang,14.0.0,1000,0.000132053,132.053,0,0,4160,3640,4256,0.855263157895,memory,0,0,8,unmeasured,2447408.38471,5,131.907,135.084,optimized,Intel(R) Core(TM) i7-8565U CPU @ 1.80GHz,8,4,16,unmeasured
lagrange_tet_order3_construction,lagrange_construction,clang,14.0.0,20,2.5133e-05,1256.65,40,2,0,0,0,0,unmodeled,0,0,8,unmeasured,2449408.38471,5,1240.35,1401.05,optimized,Intel(R) Core(TM) i7-8565U CPU @ 1.80GHz,8,4,16,unmeasured
lagrange_tet_order3_point_values,lagrange_scalar_point,clang,14.0.0,2500,0.000119582,47.8328,0,0,160,180,184,0.978260869565,memory,0,0,8,unmeasured,2449562.64474,5,47.796,49.4876,optimized,Intel(R) Core(TM) i7-8565U CPU @ 1.80GHz,8,4,16,unmeasured
lagrange_tet_order3_point_gradients,lagrange_scalar_point,clang,14.0.0,2500,0.000260532,104.2128,0,0,480,540,504,1.07142857143,memory,0,0,8,unmeasured,2454150.78834,5,104.1056,105.2384,optimized,Intel(R) Core(TM) i7-8565U CPU @ 1.80GHz,8,4,16,unmeasured
lagrange_tet_order3_point_hessians,lagrange_scalar_point,clang,14.0.0,2500,0.0005492,219.68,0,0,1440,1620,1464,1.10655737705,memory,0,0,8,unmeasured,2447104.05834,5,219.0256,221.872,optimized,Intel(R) Core(TM) i7-8565U CPU @ 1.80GHz,8,4,16,unmeasured
lagrange_tet_order3_point_all,lagrange_scalar_point,clang,14.0.0,2500,0.000891992,356.7968,0,0,2080,2340,2104,1.11216730038,memory,0,0,8,unmeasured,2444799.23066,5,356.0916,358.7388,optimized,Intel(R) Core(TM) i7-8565U CPU @ 1.80GHz,8,4,16,unmeasured
lagrange_tet_order3_to_values,lagrange_raw_to_point,clang,14.0.0,2500,0.000116695,46.678,0,0,160,180,184,0.978260869565,memory,0,0,8,unmeasured,2444953.49069,5,46.6552,47.7444,optimized,Intel(R) Core(TM) i7-8565U CPU @ 1.80GHz,8,4,16,unmeasured
lagrange_tet_order3_to_gradients,lagrange_raw_to_point,clang,14.0.0,2500,0.000236857,94.7428,0,0,480,540,504,1.07142857143,memory,0,0,8,unmeasured,2449541.63428,5,94.658,95.9716,optimized,Intel(R) Core(TM) i7-8565U CPU @ 1.80GHz,8,4,16,unmeasured
lagrange_tet_order3_to_hessians,lagrange_raw_to_point,clang,14.0.0,2500,0.000578949,231.5796,0,0,1440,1620,1464,1.10655737705,memory,0,0,8,unmeasured,2442494.90428,5,230.468,231.9124,optimized,Intel(R) Core(TM) i7-8565U CPU @ 1.80GHz,8,4,16,unmeasured
lagrange_tet_order3_to_all,lagrange_raw_to_point,clang,14.0.0,2500,0.000932673,373.0692,0,0,2080,2340,2104,1.11216730038,memory,0,0,8,unmeasured,2440190.07661,5,372.9932,373.2936,optimized,Intel(R) Core(TM) i7-8565U CPU @ 1.80GHz,8,4,16,unmeasured
lagrange_tet_order3_strided_values,lagrange_strided_batch,clang,14.0.0,500,3.1854e-05,63.708,0,0,640,720,736,0.978260869565,memory,0,0,8,unmeasured,2440041.64525,5,63.498,64.028,optimized,Intel(R) Core(TM) i7-8565U CPU @ 1.80GHz,8,4,16,unmeasured
lagrange_tet_order3_strided_gradients,lagrange_strided_batch,clang,14.0.0,500,0.000111483,222.966,0,0,1920,2160,2016,1.07142857143,memory,0,0,8,unmeasured,2440567.74125,5,222.84,228.004,optimized,Intel(R) Core(TM) i7-8565U CPU @ 1.80GHz,8,4,16,unmeasured
lagrange_tet_order3_strided_hessians,lagrange_strided_batch,clang,14.0.0,500,0.000269344,538.688,0,0,5760,6480,5856,1.10655737705,memory,0,0,8,unmeasured,2450507.34125,5,536.83,542.576,optimized,Intel(R) Core(TM) i7-8565U CPU @ 1.80GHz,8,4,16,unmeasured
lagrange_tet_order3_strided_all,lagrange_strided_batch,clang,14.0.0,500,0.000262475,524.95,0,0,8320,9360,8416,1.11216730038,memory,0,0,8,unmeasured,2460824.60589,5,524.592,530.738,optimized,Intel(R) Core(TM) i7-8565U CPU @ 1.80GHz,8,4,16,unmeasured
lagrange_tet_order4_construction,lagrange_construction,clang,14.0.0,20,4.1259e-05,2062.95,40,2,0,0,0,0,unmodeled,0,0,8,unmeasured,2464324.60589,5,2061.95,2163.6,optimized,Intel(R) Core(TM) i7-8565U CPU @ 1.80GHz,8,4,16,unmeasured
lagrange_tet_order4_point_values,lagrange_scalar_point,clang,14.0.0,1250,0.000133906,107.1248,0,0,280,385,304,1.26644736842,memory,0,0,8,unmeasured,2464344.35508,5,107.0168,109.4856,optimized,Intel(R) Core(TM) i7-8565U CPU @ 1.80GHz,8,4,16,unmeasured
lagrange_tet_order4_point_gradients,lagrange_scalar_point,clang,14.0.0,1250,0.000324258,259.4064,0,0,840,1155,864,1.33680555556,memory,0,0,8,unmeasured,2463303.69433,5,258.744,260.2064,optimized,Intel(R) Core(TM) i7-8565U CPU @ 1.80GHz,8,4,16,unmeasured
lagrange_tet_order4_point_hessians,lagrange_scalar_point,clang,14.0.0,1250,0.000545627,436.5016,0,0,2520,3465,2544,1.36202830189,memory,0,0,8,unmeasured,2453130.12846,5,435.248,437.0552,optimized,Intel(R) Core(TM) i7-8565U CPU @ 1.80GHz,8,4,16,unmeasured
lagrange_tet_order4_point_all,lagrange_scalar_point,clang,14.0.0,1250,0.000663292,530.6336,0,0,3640,5005,3664,1.36599344978,memory,0,0,8,unmeasured,2441935.02223,5,526.1152,663.2592,optimized,Intel(R) Core(TM) i7-8565U CPU @ 1.80GHz,8,4,16,unmeasured
lagrange_tet_order4_to_values,lagrange_raw_to_point,clang,14.0.0,1250,0.00013215,105.72,0,0,280,385,304,1.26644736842,memory,0,0,8,unmeasured,2441954.77142,5,103.12,110.64,optimized,Intel(R) Core(TM) i7-8565U CPU @ 1.80GHz,8,4,16,unmeasured
lagrange_tet_order4_to_gradients,lagrange_raw_to_point,clang,14.0.0,1250,0.000270523,216.4184,0,0,840,1155,864,1.33680555556,memory,0,0,8,unmeasured,2440914.11067,5,216.2808,241.696,optimized,Intel(R) Core(TM) i7-8565U CPU @ 1.80GHz,8,4,16,unmeasured
lagrange_tet_order4_to_hessians,lagrange_raw_to_point,clang,14.0.0,1250,0.000501167,400.9336,0,0,2520,3465,2544,1.36202830189,memory,0,0,8,unmeasured,2430740.5448,5,388.1744,506.7064,optimized,Intel(R) Core(TM) i7-8565U CPU @ 1.80GHz,8,4,16,unmeasured
lagrange_tet_order4_to_all,lagrange_raw_to_point,clang,14.0.0,1250,0.00092368,738.944,0,0,3640,5005,3664,1.36599344978,memory,0,0,8,unmeasured,2419545.43857,5,735.936,793.876,optimized,Intel(R) Core(TM) i7-8565U CPU @ 1.80GHz,8,4,16,unmeasured
lagrange_tet_order4_strided_values,lagrange_strided_batch,clang,14.0.0,250,5.4422e-05,217.688,0,0,1120,1540,1216,1.26644736842,memory,0,0,8,unmeasured,2419553.45096,5,216.872,232.604,optimized,Intel(R) Core(TM) i7-8565U CPU @ 1.80GHz,8,4,16,unmeasured
lagrange_tet_order4_strided_gradients,lagrange_strided_batch,clang,14.0.0,250,9.6874e-05,387.496,0,0,3360,4620,3456,1.33680555556,memory,0,0,8,unmeasured,2419932.21704,5,386.344,407.536,optimized,Intel(R) Core(TM) i7-8565U CPU @ 1.80GHz,8,4,16,unmeasured
lagrange_tet_order4_strided_hessians,lagrange_strided_batch,clang,14.0.0,250,0.000231553,926.212,0,0,10080,13860,10176,1.36202830189,memory,0,0,8,unmeasured,2417510.32904,5,925.796,939.504,optimized,Intel(R) Core(TM) i7-8565U CPU @ 1.80GHz,8,4,16,unmeasured
lagrange_tet_order4_strided_all,lagrange_strided_batch,clang,14.0.0,250,0.000229291,917.164,0,0,14560,20020,14656,1.36599344978,memory,0,0,8,unmeasured,2415475.21951,5,914.848,939.6,optimized,Intel(R) Core(TM) i7-8565U CPU @ 1.80GHz,8,4,16,unmeasured
lagrange_tet_order5_construction,lagrange_construction,clang,14.0.0,20,6.4804e-05,3240.2,40,2,0,0,0,0,unmodeled,0,0,8,unmeasured,2421075.21951,5,3139.3,3387.95,optimized,Intel(R) Core(TM) i7-8565U CPU @ 1.80GHz,8,4,16,unmeasured
lagrange_tet_order5_point_values,lagrange_scalar_point,clang,14.0.0,714,0.000105833,148.225490196,0,0,448,728,472,1.54237288136,memory,0,0,8,unmeasured,2421058.19591,5,147.142857143,170.238095238,optimized,Intel(R) Core(TM) i7-8565U CPU @ 1.80GHz,8,4,16,unmeasured
lagrange_tet_order5_point_gradients,lagrange_scalar_point,clang,14.0.0,714,0.000279629,391.637254902,0,0,1344,2184,1368,1.59649122807,memory,0,0,8,unmeasured,2421261.07316,5,375.509803922,417.155462185,optimized,Intel(R) Core(TM) i7-8565U CPU @ 1.80GHz,8,4,16,unmeasured
lagrange_tet_order5_point_hessians,lagrange_scalar_point,clang,14.0.0,714,0.000477971,669.427170868,0,0,4032,6552,4056,1.61538461538,memory,0,0,8,unmeasured,2427099.31378,5,658.480392157,686.095238095,optimized,Intel(R) Core(TM) i7-8565U CPU @ 1.80GHz,8,4,16,unmeasured
lagrange_tet_order5_point_all,lagrange_scalar_point,clang,14.0.0,714,0.000572527,801.858543417,0,0,5824,9464,5848,1.61833105335,memory,0,0,8,unmeasured,2433128.70237,5,800.149859944,813.890756303,optimized,Intel(R) Core(TM) i7-8565U CPU @ 1.80GHz,8,4,16,unmeasured
lagrange_tet_order5_to_values,lagrange_raw_to_point,clang,14.0.0,714,0.000100706,141.044817927,0,0,448,728,472,1.54237288136,memory,0,0,8,unmeasured,2433111.67877,5,140.729691877,178.574229692,optimized,Intel(R) Core(TM) i7-8565U CPU @ 1.80GHz,8,4,16,unmeasured
lagrange_tet_order5_to_gradients,lagrange_raw_to_point,clang,14.0.0,714,0.000230745,323.172268908,0,0,1344,2184,1368,1.59649122807,memory,0,0,8,unmeasured,2433314.55602,5,323.043417367,326.420168067,optimized,Intel(R) Core(TM) i7-8565U CPU @ 1.80GHz,8,4,16,unmeasured
lagrange_tet_order5_to_hessians,lagrange_raw_to_point,clang,14.0.0,714,0.000424096,593.971988796,0,0,4032,6552,4056,1.61538461538,memory,0,0,8,unmeasured,2439152.79664,5,589.959383754,600.613445378,optimized,Intel(R) Core(TM) i7-8565U CPU @ 1.80GHz,8,4,16,unmeasured
lagrange_tet_order5_to_all,lagrange_raw_to_point,clang,14.0.0,714,0.000755453,1058.05742297,0,0,5824,9464,5848,1.61833105335,memory,0,0,8,unmeasured,2445182.18523,5,1051.1232493,1111.50140056,optimized,Intel(R) Core(TM) i7-8565U CPU @ 1.80GHz,8,4,16,unmeasured
lagrange_tet_order5_strided_values,lagrange_strided_batch,clang,14.0.0,142,4.8915e-05,344.471830986,0,0,1792,2912,1888,1.54237288136,memory,0,0,8,unmeasured,2445189.92666,5,302.591549296,462.190140845,optimized,Intel(R) Core(TM) i7-8565U CPU @ 1.80GHz,8,4,16,unmeasured
lagrange_tet_order5_strided_gradients,lagrange_strided_batch,clang,14.0.0,142,8.4091e-05,592.190140845,0,0,5376,8736,5472,1.59649122807,memory,0,0,8,unmeasured,2445138.08666,5,589.443661972,1105.3028169,optimized,Intel(R) Core(TM) i7-8565U CPU @ 1.80GHz,8,4,16,unmeasured
lagrange_tet_order5_strided_hessians,lagrange_strided_batch,clang,14.0.0,142,0.000207911,1464.16197183,0,0,16128,26208,16224,1.61538461538,memory,0,0,8,unmeasured,2443530.08666,5,1460.72535211,1494.37323944,optimized,Intel(R) Core(TM) i7-8565U CPU @ 1.80GHz,8,4,16,unmeasured
lagrange_tet_order5_strided_all,lagrange_strided_batch,clang,14.0.0,142,0.000209096,1472.50704225,0,0,23296,37856,23392,1.61833105335,memory,0,0,8,unmeasured,2441877.9881,5,1461.95070423,1828.61971831,optimized,Intel(R) Core(TM) i7-8565U CPU @ 1.80GHz,8,4,16,unmeasured
lagrange_tet_order6_construction,lagrange_construction,clang,14.0.0,20,9.321e-05,4660.5,40,2,0,0,0,0,unmodeled,0,0,8,unmeasured,2450277.9881,5,4648.35,4899.2,optimized,Intel(R) Core(TM) i7-8565U CPU @ 1.80GHz,8,4,16,unmeasured
lagrange_tet_order6_point_values,lagrange_scalar_point,clang,14.0.0,500,9.621e-05,192.42,0,0,672,1260,696,1.81034482759,memory,0,0,8,unmeasured,2450289.00236,5,192.356,205.71,optimized,Intel(R) Core(TM) i7-8565U CPU @ 1.80GHz,8,4,16,unmeasured
lagrange_tet_order6_point_gradients,lagrange_scalar_point,clang,14.0.0,500,0.00026943,538.86,0,0,2016,3780,2040,1.85294117647,memory,0,0,8,unmeasured,2450309.06025,5,530.17,544.988,optimized,Intel(R) Core(TM) i7-8565U CPU @ 1.80GHz,8,4,16,unmeasured
lagrange_tet_order6_point_hessians,lagrange_scalar_point,clang,14.0.0,500,0.000500382,1000.764,0,0,6048,11340,6072,1.86758893281,memory,0,0,8,unmeasured,2447221.09053,5,991.356,1016.476,optimized,Intel(R) Core(TM) i7-8565U CPU @ 1.80GHz,8,4,16,unmeasured
lagrange_tet_order6_point_all,lagrange_scalar_point,clang,14.0.0,500,0.000630287,1260.574,0,0,8736,16380,8760,1.8698630137,memory,0,0,8,unmeasured,2444163.60491,5,1254.744,1290.942,optimized,Intel(R) Core(TM) i7-8565U CPU @ 1.80GHz,8,4,16,unmeasured
lagrange_tet_order6_to_values,lagrange_raw_to_point,clang,14.0.0,500,9.4608e-05,189.216,0,0,672,1260,696,1.81034482759,memory,0,0,8,unmeasured,2444174.61916,5,188.624,200.546,optimized,Intel(R) Core(TM) i7-8565U CPU @ 1.80GHz,8,4,16,unmeasured
lagrange_tet_order6_to_gradients,lagrange_raw_to_point,clang,14.0.0,500,0.000214834,429.668,0,0,2016,3780,2040,1.85294117647,memory,0,0,8,unmeasured,2444194.67706,5,421.058,460.296,optimized,Intel(R) Core(TM) i7-8565U CPU @ 1.80GHz,8,4,16,unmeasured
lagrange_tet_order6_to_hessians,lagrange_raw_to_point,clang,14.0.0,500,0.000426711,853.422,0,0,6048,11340,6072,1.86758893281,memory,0,0,8,unmeasured,2441106.70734,5,841.03,870.206,optimized,Intel(R) Core(TM) i7-8565U CPU @ 1.80GHz,8,4,16,unmeasured
lagrange_tet_order6_to_all,lagrange_raw_to_point,clang,14.0.0,500,0.000737738,1475.476,0,0,8736,16380,8760,1.8698630137,memory,0,0,8,unmeasured,2438049.22172,5,1463.336,1537.412,optimized,Intel(R) Core(TM) i7-8565U CPU @ 1.80GHz,8,4,16,unmeasured
lagrange_tet_order6_strided_values,lagrange_strided_batch,clang,14.0.0,100,4.1984e-05,419.84,0,0,2688,5040,2784,1.81034482759,memory,0,0,8,unmeasured,2438048.26009,5,418.95,420.28,optimized,Intel(R) Core(TM) i7-8565U CPU @ 1.80GHz,8,4,16,unmeasured
lagrange_tet_order6_strided_gradients,lagrange_strided_batch,clang,14.0.0,100,8.2912e-05,829.12,0,0,8064,15120,8160,1.85294117647,memory,0,0,8,unmeasured,2438003.93463,5,828.63,832.45,optimized,Intel(R) Core(TM) i7-8565U CPU @ 1.80GHz,8,4,16,unmeasured
lagrange_tet_order6_strided_hessians,lagrange_strided_batch,clang,14.0.0,100,0.000212762,2127.62,0,0,24192,45360,24288,1.86758893281,memory,0,0,8,unmeasured,2438458.81742,5,2125.99,2154.25,optimized,Intel(R) Core(TM) i7-8565U CPU @ 1.80GHz,8,4,16,unmeasured
lagrange_tet_order6_strided_all,lagrange_strided_batch,clang,14.0.0,100,0.000221437,2214.37,0,0,34944,65520,35040,1.8698630137,memory,0,0,8,unmeasured,2438868.41312,5,2210.94,2250.56,optimized,Intel(R) Core(TM) i7-8565U CPU @ 1.80GHz,8,4,16,unmeasured
lagrange_tet_order7_construction,lagrange_construction,clang,14.0.0,20,0.000130625,6531.25,40,2,0,0,0,0,unmodeled,0,0,8,unmeasured,2450868.41312,5,6526.75,6922.75,optimized,Intel(R) Core(TM) i7-8565U CPU @ 1.80GHz,8,4,16,unmeasured
lagrange_tet_order7_point_values,lagrange_scalar_point,clang,14.0.0,333,8.5315e-05,256.201201201,0,0,960,2040,984,2.07317073171,memory,0,0,8,unmeasured,2450864.93182,5,255.87987988,264.804804805,optimized,Intel(R) Core(TM) i7-8565U CPU @ 1.80GHz,8,4,16,unmeasured
lagrange_tet_order7_point_gradients,lagrange_scalar_point,clang,14.0.0,333,0.000276575,830.555555556,0,0,2880,6120,2904,2.10743801653,memory,0,0,8,unmeasured,2450788.39975,5,830.135135135,840.24024024,optimized,Intel(R) Core(TM) i7-8565U CPU @ 1.80GHz,8,4,16,unmeasured
lagrange_tet_order7_point_hessians,lagrange_scalar_point,clang,14.0.0,333,0.000450644,1353.28528529,0,0,8640,18360,8664,2.11911357341,memory,0,0,8,unmeasured,2451542.00639,5,1348.92192192,1360.92492492,optimized,Intel(R) Core(TM) i7-8565U CPU @ 1.80GHz,8,4,16,unmeasured
lagrange_tet_order7_point_all,lagrange_scalar_point,clang,14.0.0,333,0.000596284,1790.64264264,0,0,12480,26520,12504,2.12092130518,memory,0,0,8,unmeasured,2452215.84858,5,1785.48048048,1794.87687688,optimized,Intel(R) Core(TM) i7-8565U CPU @ 1.80GHz,8,4,16,unmeasured
lagrange_tet_order7_to_values,lagrange_raw_to_point,clang,14.0.0,333,8.2867e-05,248.84984985,0,0,960,2040,984,2.07317073171,memory,0,0,8,unmeasured,2452212.36728,5,248.717717718,249.228228228,optimized,Intel(R) Core(TM) i7-8565U CPU @ 1.80GHz,8,4,16,unmeasured
lagrange_tet_order7_to_gradients,lagrange_raw_to_point,clang,14.0.0,333,0.000194784,584.936936937,0,0,2880,6120,2904,2.10743801653,memory,0,0,8,unmeasured,2452135.83522,5,583.933933934,592.45045045,optimized,Intel(R) Core(TM) i7-8565U CPU @ 1.80GHz,8,4,16,unmeasured
lagrange_tet_order7_to_hessians,lagrange_raw_to_point,clang,14.0.0,333,0.000396512,1190.72672673,0,0,8640,18360,8664,2.11911357341,memory,0,0,8,unmeasured,2452889.44185,5,1163.53753754,1499.4954955,optimized,Intel(R) Core(TM) i7-8565U CPU @ 1.80GHz,8,4,16,unmeasured
lagrange_tet_order7_to_all,lagrange_raw_to_point,clang,14.0.0,333,0.000729633,2191.09009009,0,0,12480,26520,12504,2.12092130518,memory,0,0,8,unmeasured,2453563.28405,5,2019.51051051,2248.89189189,optimized,Intel(R) Core(TM) i7-8565U CPU @ 1.80GHz,8,4,16,unmeasured
lagrange_tet_order7_strided_values,lagrange_strided_batch,clang,14.0.0,66,3.9746e-05,602.212121212,0,0,3840,8160,3936,2.07317073171,memory,0,0,8,unmeasured,2453562.55833,5,599.560606061,734.515151515,optimized,Intel(R) Core(TM) i7-8565U CPU @ 1.80GHz,8,4,16,unmeasured
lagrange_tet_order7_strided_gradients,lagrange_strided_batch,clang,14.0.0,66,7.9207e-05,1200.10606061,0,0,11520,24480,11616,2.10743801653,memory,0,0,8,unmeasured,2453571.10994,5,1194.12121212,1313.43939394,optimized,Intel(R) Core(TM) i7-8565U CPU @ 1.80GHz,8,4,16,unmeasured
lagrange_tet_order7_strided_hessians,lagrange_strided_batch,clang,14.0.0,66,0.000217398,3293.90909091,0,0,34560,73440,34656,2.11911357341,memory,0,0,8,unmeasured,2453878.62669,5,3197.36363636,3311.12121212,optimized,Intel(R) Core(TM) i7-8565U CPU @ 1.80GHz,8,4,16,unmeasured
lagrange_tet_order7_strided_all,lagrange_strided_batch,clang,14.0.0,66,0.000238791,3618.04545455,0,0,49920,106080,50016,2.12092130518,memory,0,0,8,unmeasured,2454193.96933,5,3312.60606061,4092.8030303,optimized,Intel(R) Core(TM) i7-8565U CPU @ 1.80GHz,8,4,16,unmeasured
lagrange_tet_order8_construction,lagrange_construction,clang,14.0.0,20,0.000180764,9038.2,40,2,0,0,0,0,unmodeled,0,0,8,unmeasured,2470693.96933,5,9028.8,9323.5,optimized,Intel(R) Core(TM) i7-8565U CPU @ 1.80GHz,8,4,16,unmeasured
lagrange_tet_order8_point_values,lagrange_scalar_point,clang,14.0.0,250,7.8754e-05,315.016,0,0,1320,3135,1344,2.33258928571,memory,0,0,8,unmeasured,2470693.8979,5,314.792,388.82,optimized,Intel(R) Core(TM) i7-8565U CPU @ 1.80GHz,8,4,16,unmeasured
lagrange_tet_order8_point_gradients,lagrange_scalar_point,clang,14.0.0,250,0.000267282,1069.128,0,0,3960,9405,3984,2.36069277108,memory,0,0,8,unmeasured,2470741.51557,5,1049.192,1107.768,optimized,Intel(R) Core(TM) i7-8565U CPU @ 1.80GHz,8,4,16,unmeasured
lagrange_tet_order8_point_hessians,lagrange_scalar_point,clang,14.0.0,250,0.000449409,1797.636,0,0,11880,28215,11904,2.37021169355,memory,0,0,8,unmeasured,2471258.91517,5,1762.696,1971.248,optimized,Intel(R) Core(TM) i7-8565U CPU @ 1.80GHz,8,4,16,unmeasured
lagrange_tet_order8_point_all,lagrange_scalar_point,clang,14.0.0,250,0.000628543,2514.172,0,0,17160,40755,17184,2.37168296089,memory,0,0,8,unmeasured,2471825.12992,5,2319.548,2565.756,optimized,Intel(R) Core(TM) i7-8565U CPU @ 1.80GHz,8,4,16,unmeasured
lagrange_tet_order8_to_values,lagrange_raw_to_point,clang,14.0.0,250,8.5682e-05,342.728,0,0,1320,3135,1344,2.33258928571,memory,0,0,8,unmeasured,2471825.05849,5,337.708,381.888,optimized,Intel(R) Core(TM) i7-8565U CPU @ 1.80GHz,8,4,16,unmeasured
lagrange_tet_order8_to_gradients,lagrange_raw_to_point,clang,14.0.0,250,0.000193929,775.716,0,0,3960,9405,3984,2.36069277108,memory,0,0,8,unmeasured,2471872.67615,5,773.116,796.9,optimized,Intel(R) Core(TM) i7-8565U CPU @ 1.80GHz,8,4,16,unmeasured
lagrange_tet_order8_to_hessians,lagrange_raw_to_point,clang,14.0.0,250,0.000413384,1653.536,0,0,11880,28215,11904,2.37021169355,memory,0,0,8,unmeasured,2472390.07575,5,1581.664,1714.592,optimized,Intel(R) Core(TM) i7-8565U CPU @ 1.80GHz,8,4,16,unmeasured
lagrange_tet_order8_to_all,lagrange_raw_to_point,clang,14.0.0,250,0.000696696,2786.784,0,0,17160,40755,17184,2.37168296089,memory,0,0,8,unmeasured,2472956.2905,5,2763.064,2797.904,optimized,Intel(R) Core(TM) i7-8565U CPU @ 1.80GHz,8,4,16,unmeasured
lagrange_tet_order8_strided_values,lagrange_strided_batch,clang,14.0.0,50,3.9211e-05,784.22,0,0,5280,12540,5376,2.33258928571,memory,0,0,8,unmeasured,2472956.42819,5,782.22,784.88,optimized,Intel(R) Core(TM) i7-8565U CPU @ 1.80GHz,8,4,16,unmeasured
lagrange_tet_order8_strided_gradients,lagrange_strided_batch,clang,14.0.0,50,7.9382e-05,1587.64,0,0,15840,37620,15936,2.36069277108,memory,0,0,8,unmeasured,2472962.53635,5,1587.46,1741.68,optimized,Intel(R) Core(TM) i7-8565U CPU @ 1.80GHz,8,4,16,unmeasured
lagrange_tet_order8_strided_hessians,lagrange_strided_batch,clang,14.0.0,50,0.000207442,4148.84,0,0,47520,112860,47616,2.37021169355,memory,0,0,8,unmeasured,2472863.15378,5,4146.46,4606.7,optimized,Intel(R) Core(TM) i7-8565U CPU @ 1.80GHz,8,4,16,unmeasured
lagrange_tet_order8_strided_all,lagrange_strided_batch,clang,14.0.0,50,0.000220792,4415.84,0,0,68640,163020,68736,2.37168296089,memory,0,0,8,unmeasured,2472770.01706,5,4386.36,4729.3,optimized,Intel(R) Core(TM) i7-8565U CPU @ 1.80GHz,8,4,16,unmeasured
lagrange_hex_order0_construction,lagrange_construction,clang,14.0.0,20,6.338e-06,316.9,100,5,0,0,0,0,unmodeled,0,0,8,unmeasured,2472870.01706,5,238.7,672.05,optimized,Intel(R) Core(TM) i7-8565U CPU @ 1.80GHz,8,4,16,unmeasured
lagrange_hex_order0_point_values,lagrange_scalar_point,clang,14.0.0,5000,0.000274791,54.9582,0,0,8,14,32,0.4375,memory,0,0,8,unmeasured,2497895.01706,5,54.5352,62.8278,optimized,Intel(R) Core(TM) i7-8565U CPU @ 1.80GHz,8,4,16,unmeasured
lagrange_hex_order0_point_gradients,lagrange_scalar_point,clang,14.0.0,5000,0.00029818,59.636,0,0,24,30,48,0.625,memory,0,0,8,unmeasured,2497895.01706,5,59.5508,60.743,optimized,Intel(R) Core(TM) i7-8565U CPU @ 1.80GHz,8,4,16,unmeasured
lagrange_hex_order0_point_hessians,lagrange_scalar_point,clang,14.0.0,5000,0.000342372,68.4744,0,0,72,54,96,0.5625,memory,0,0,8,unmeasured,2497895.01706,5,68.284,70.3396,optimized,Intel(R) Core(TM) i7-8565U CPU @ 1.80GHz,8,4,16,unmeasured
lagrange_hex_order0_point_all,lagrange_scalar_point,clang,14.0.0,5000,0.000349356,69.8712,0,0,104,62,128,0.484375,memory,0,0,8,unmeasured,2522920.01706,5,69.5956,71.4058,optimized,Intel(R) Core(TM) i7-8565U CPU @ 1.80GHz,8,4,16,unmeasured
lagrange_hex_order0_to_values,lagrange_raw_to_point,clang,14.0.0,5000,0.000268473,53.6946,0,0,8,14,32,0.4375,memory,0,0,8,unmeasured,2547945.01706,5,52.6954,56.809,optimized,Intel(R) Core(TM) i7-8565U CPU @ 1.80GHz,8,4,16,unmeasured
lagrange_hex_order0_to_gradients,lagrange_raw_to_point,clang,14.0.0,5000,0.000298612,59.7224,0,0,24,30,48,0.625,memory,0,0,8,unmeasured,2547945.01706,5,59.6162,67.3546,optimized,Intel(R) Core(TM) i7-8565U CPU @ 1.80GHz,8,4,16,unmeasured
lagrange_hex_order0_to_hessians,lagrange_raw_to_point,clang,14.0.0,5000,0.000323173,64.6346,0,0,72,54,96,0.5625,memory,0,0,8,unmeasured,2547945.01706,5,64.604,73.0628,optimized,Intel(R) Core(TM) i7-8565U CPU @ 1.80GHz,8,4,16,unmeasured
lagrange_hex_order0_to_all,lagrange_raw_to_point,clang,14.0.0,5000,0.000955021,191.0042,0,0,104,62,128,0.484375,memory,0,0,8,unmeasured,2572970.01706,5,180.8924,224.1916,optimized,Intel(R) Core(TM) i7-8565U CPU @ 1.80GHz,8,4,16,unmeasured
lagrange_hex_order0_strided_values,lagrange_strided_batch,clang,14.0.0,1000,0.000169594,169.594,0,0,32,56,128,0.4375,memory,0,0,8,unmeasured,2577980.01706,5,168.452,175.218,optimized,Intel(R) Core(TM) i7-8565U CPU @ 1.80GHz,8,4,16,unmeasured
lagrange_hex_order0_strided_gradients,lagrange_strided_batch,clang,14.0.0,1000,0.000177954,177.954,0,0,96,120,192,0.625,memory,0,0,8,unmeasured,2577980.01706,5,176.732,187.399,optimized,Intel(R) Core(TM) i7-8565U CPU @ 1.80GHz,8,4,16,unmeasured
lagrange_hex_order0_strided_hessians,lagrange_strided_batch,clang,14.0.0,1000,0.000202509,202.509,0,0,288,216,384,0.5625,memory,0,0,8,unmeasured,2577980.01706,5,192.193,235.588,optimized,Intel(R) Core(TM) i7-8565U CPU @ 1.80GHz,8,4,16,unmeasured
lagrange_hex_order0_strided_all,lagrange_strided_batch,clang,14.0.0,1000,0.000223029,223.029,0,0,416,248,512,0.484375,memory,0,0,8,unmeasured,2582990.01706,5,211.852,334.79,optimized,Intel(R) Core(TM) i7-8565U CPU @ 1.80GHz,8,4,16,unmeasured
lagrange_hex_order1_construction,lagrange_construction,clang,14.0.0,20,1.8219e-05,910.95,140,7,0,0,0,0,unmodeled,0,0,8,unmeasured,2583790.01706,5,831.4,1340,optimized,Intel(R) Core(TM) i7-8565U CPU @ 1.80GHz,8,4,16,unmeasured
lagrange_hex_order1_point_values,lagrange_scalar_point,clang,14.0.0,5000,7.3544e-05,14.7088,0,0,64,40,88,0.454545454545,memory,0,0,8,unmeasured,2587246.73858,5,13.375,16.1286,optimized,Intel(R) Core(TM) i7-8565U CPU @ 1.80GHz,8,4,16,unmeasured
lagrange_hex_order1_point_gradients,lagrange_scalar_point,clang,14.0.0,5000,0.000147613,29.5226,0,0,192,96,216,0.444444444444,memory,0,0,8,unmeasured,2584255.46358,5,27.0558,30.6898,optimized,Intel(R) Core(TM) i7-8565U CPU @ 1.80GHz,8,4,16,unmeasured
lagrange_hex_order1_point_hessians,lagrange_scalar_point,clang,14.0.0,5000,0.000284387,56.8774,0,0,576,216,600,0.36,memory,0,0,8,unmeasured,2584255.46358,5,55.8286,63.6864,optimized,Intel(R) Core(TM) i7-8565U CPU @ 1.80GHz,8,4,16,unmeasured
lagrange_hex_order1_point_all,lagrange_scalar_point,clang,14.0.0,5000,0.000395209,79.0418,0,0,832,280,856,0.327102803738,memory,0,0,8,unmeasured,2584720.63389,5,78.2254,79.4156,optimized,Intel(R) Core(TM) i7-8565U CPU @ 1.80GHz,8,4,16,unmeasured
lagrange_hex_order1_to_values,lagrange_raw_to_point,clang,14.0.0,5000,5.1841e-05,10.3682,0,0,64,40,88,0.454545454545,memory,0,0,8,unmeasured,2588177.35541,5,10.0388,10.929,optimized,Intel(R) Core(TM) i7-8565U CPU @ 1.80GHz,8,4,16,unmeasured
lagrange_hex_order1_to_gradients,lagrange_raw_to_point,clang,14.0.0,5000,7.5693e-05,15.1386,0,0,192,96,216,0.444444444444,memory,0,0,8,unmeasured,2585186.08041,5,15.1122,17.2368,optimized,Intel(R) Core(TM) i7-8565U CPU @ 1.80GHz,8,4,16,unmeasured
lagrange_hex_order1_to_hessians,lagrange_raw_to_point,clang,14.0.0,5000,0.000123746,24.7492,0,0,576,216,600,0.36,memory,0,0,8,unmeasured,2585186.08041,5,24.7466,24.7602,optimized,Intel(R) Core(TM) i7-8565U CPU @ 1.80GHz,8,4,16,unmeasured
lagrange_hex_order1_to_all,lagrange_raw_to_point,clang,14.0.0,5000,0.000257787,51.5574,0,0,832,280,856,0.327102803738,memory,0,0,8,unmeasured,2585651.25072,5,50.6062,53.7936,optimized,Intel(R) Core(TM) i7-8565U CPU @ 1.80GHz,8,4,16,unmeasured
lagrange_hex_order1_strided_values,lagrange_strided_batch,clang,14.0.0,1000,4.4167e-05,44.167,0,0,256,160,352,0.454545454545,memory,0,0,8,unmeasured,2587551.3715,5,44.142,45.305,optimized,Intel(R) Core(TM) i7-8565U CPU @ 1.80GHz,8,4,16,unmeasured
lagrange_hex_order1_strided_gradients,lagrange_strided_batch,clang,14.0.0,1000,7.0007e-05,70.007,0,0,768,384,864,0.444444444444,memory,0,0,8,unmeasured,2586325.48713,5,69.672,70.049,optimized,Intel(R) Core(TM) i7-8565U CPU @ 1.80GHz,8,4,16,unmeasured
lagrange_hex_order1_strided_hessians,lagrange_strided_batch,clang,14.0.0,1000,0.000116646,116.646,0,0,2304,864,2400,0.36,memory,0,0,8,unmeasured,2586325.48713,5,116.616,122.074,optimized,Intel(R) Core(TM) i7-8565U CPU @ 1.80GHz,8,4,16,unmeasured
lagrange_hex_order1_strided_all,lagrange_strided_batch,clang,14.0.0,1000,0.000191981,191.981,0,0,3328,1120,3424,0.327102803738,memory,0,0,8,unmeasured,2586999.72354,5,191.5,199.39,optimized,Intel(R) Core(TM) i7-8565U CPU @ 1.80GHz,8,4,16,unmeasured
lagrange_hex_order2_construction,lagrange_construction,clang,14.0.0,20,4.3765e-05,2188.25,180,9,0,0,0,0,unmodeled,0,0,8,unmeasured,2589699.72354,5,2167.25,2393.95,optimized,Intel(R) Core(TM) i7-8565U CPU @ 1.80GHz,8,4,16,unmeasured
lagrange_hex_order2_point_values,lagrange_scalar_point,clang,14.0.0,1666,8.0365e-05,48.2382953181,0,0,216,90,240,0.375,memory,0,0,8,unmeasured,2589764.54063,5,48.0846338535,48.4351740696,optimized,Intel(R) Core(TM) i7-8565U CPU @ 1.80GHz,8,4,16,unmeasured
lagrange_hex_order2_point_gradients,lagrange_scalar_point,clang,14.0.0,1666,0.000152705,91.6596638655,0,0,648,234,672,0.348214285714,memory,0,0,8,unmeasured,2589616.6067,5,91.6392557023,93.8019207683,optimized,Intel(R) Core(TM) i7-8565U CPU @ 1.80GHz,8,4,16,unmeasured
lagrange_hex_order2_point_hessians,lagrange_scalar_point,clang,14.0.0,1666,0.000391705,235.117046819,0,0,1944,594,1968,0.301829268293,memory,0,0,8,unmeasured,2589758.40355,5,228.326530612,254.794117647,optimized,Intel(R) Core(TM) i7-8565U CPU @ 1.80GHz,8,4,16,unmeasured
lagrange_hex_order2_point_all,lagrange_scalar_point,clang,14.0.0,1666,0.000620415,372.397959184,0,0,2808,810,2832,0.286016949153,memory,0,0,8,unmeasured,2589817.04846,5,362.806722689,387.237094838,optimized,Intel(R) Core(TM) i7-8565U CPU @ 1.80GHz,8,4,16,unmeasured
lagrange_hex_order2_to_values,lagrange_raw_to_point,clang,14.0.0,1666,0.000100655,60.4171668667,0,0,216,90,240,0.375,memory,0,0,8,unmeasured,2589881.86555,5,52.4861944778,63.3931572629,optimized,Intel(R) Core(TM) i7-8565U CPU @ 1.80GHz,8,4,16,unmeasured
lagrange_hex_order2_to_gradients,lagrange_raw_to_point,clang,14.0.0,1666,0.000184191,110.558823529,0,0,648,234,672,0.348214285714,memory,0,0,8,unmeasured,2589733.93163,5,106.180672269,140.93997599,optimized,Intel(R) Core(TM) i7-8565U CPU @ 1.80GHz,8,4,16,unmeasured
lagrange_hex_order2_to_hessians,lagrange_raw_to_point,clang,14.0.0,1666,0.000610004,366.148859544,0,0,1944,594,1968,0.301829268293,memory,0,0,8,unmeasured,2589875.72847,5,259.809123649,385.869147659,optimized,Intel(R) Core(TM) i7-8565U CPU @ 1.80GHz,8,4,16,unmeasured
lagrange_hex_order2_to_all,lagrange_raw_to_point,clang,14.0.0,1666,0.000676683,406.172268908,0,0,2808,810,2832,0.286016949153,memory,0,0,8,unmeasured,2589934.37338,5,403.821128451,419.480192077,optimized,Intel(R) Core(TM) i7-8565U CPU @ 1.80GHz,8,4,16,unmeasured
lagrange_hex_order2_strided_values,lagrange_strided_batch,clang,14.0.0,333,2.9382e-05,88.2342342342,0,0,864,360,960,0.375,memory,0,0,8,unmeasured,2589989.40364,5,86.8378378378,112.324324324,optimized,Intel(R) Core(TM) i7-8565U CPU @ 1.80GHz,8,4,16,unmeasured
lagrange_hex_order2_strided_gradients,lagrange_strided_batch,clang,14.0.0,333,7.251e-05,217.747747748,0,0,2592,936,2688,0.348214285714,memory,0,0,8,unmeasured,2589853.84524,5,217.621621622,218.006006006,optimized,Intel(R) Core(TM) i7-8565U CPU @ 1.80GHz,8,4,16,unmeasured
lagrange_hex_order2_strided_hessians,lagrange_strided_batch,clang,14.0.0,333,0.000171856,516.084084084,0,0,7776,2376,7872,0.301829268293,memory,0,0,8,unmeasured,2589982.94848,5,401.378378378,674.843843844,optimized,Intel(R) Core(TM) i7-8565U CPU @ 1.80GHz,8,4,16,unmeasured
lagrange_hex_order2_strided_all,lagrange_strided_batch,clang,14.0.0,333,0.00034797,1044.95495495,0,0,11232,3240,11328,0.286016949153,memory,0,0,8,unmeasured,2590031.52357,5,1037.11111111,1068.81081081,optimized,Intel(R) Core(TM) i7-8565U CPU @ 1.80GHz,8,4,16,unmeasured
lagrange_hex_order3_construction,lagrange_construction,clang,14.0.0,20,0.000111944,5597.2,180,9,0,0,0,0,unmodeled,0,0,8,unmeasured,2596431.52357,5,5486.55,6009.5,optimized,Intel(R) Core(TM) i7-8565U CPU @ 1.80GHz,8,4,16,unmeasured
lagrange_hex_order3_point_values,lagrange_scalar_point,clang,14.0.0,625,9.8784e-05,158.0544,0,0,512,176,536,0.328358208955,memory,0,0,8,unmeasured,2596431.70183,5,150.8464,170.7312,optimized,Intel(R) Core(TM) i7-8565U CPU @ 1.80GHz,8,4,16,unmeasured
lagrange_hex_order3_point_gradients,lagrange_scalar_point,clang,14.0.0,625,0.000184528,295.2448,0,0,1536,480,1560,0.307692307692,memory,0,0,8,unmeasured,2596431.94878,5,289.2256,299.992,optimized,Intel(R) Core(TM) i7-8565U CPU @ 1.80GHz,8,4,16,unmeasured
lagrange_hex_order3_point_hessians,lagrange_scalar_point,clang,14.0.0,625,0.000291086,465.7376,0,0,4608,1296,4632,0.279792746114,memory,0,0,8,unmeasured,2596429.51171,5,401.4816,640.32,optimized,Intel(R) Core(TM) i7-8565U CPU @ 1.80GHz,8,4,16,unmeasured
lagrange_hex_order3_point_all,lagrange_scalar_point,clang,14.0.0,625,0.000676332,1082.1312,0,0,6656,1808,6680,0.270658682635,memory,0,0,8,unmeasured,2596427.49372,5,680.1616,1101.4848,optimized,Intel(R) Core(TM) i7-8565U CPU @ 1.80GHz,8,4,16,unmeasured
lagrange_hex_order3_to_values,lagrange_raw_to_point,clang,14.0.0,625,9.9614e-05,159.3824,0,0,512,176,536,0.328358208955,memory,0,0,8,unmeasured,2596427.67198,5,147.5456,160.8864,optimized,Intel(R) Core(TM) i7-8565U CPU @ 1.80GHz,8,4,16,unmeasured
lagrange_hex_order3_to_gradients,lagrange_raw_to_point,clang,14.0.0,625,0.000201797,322.8752,0,0,1536,480,1560,0.307692307692,memory,0,0,8,unmeasured,2596427.91893,5,311.6192,334.3344,optimized,Intel(R) Core(TM) i7-8565U CPU @ 1.80GHz,8,4,16,unmeasured
lagrange_hex_order3_to_hessians,lagrange_raw_to_point,clang,14.0.0,625,0.000439679,703.4864,0,0,4608,1296,4632,0.279792746114,memory,0,0,8,unmeasured,2596425.48187,5,697.6304,712.5888,optimized,Intel(R) Core(TM) i7-8565U CPU @ 1.80GHz,8,4,16,unmeasured
lagrange_hex_order3_to_all,lagrange_raw_to_point,clang,14.0.0,625,0.000725796,1161.2736,0,0,6656,1808,6680,0.270658682635,memory,0,0,8,unmeasured,2596423.46388,5,1089.3856,1195.1808,optimized,Intel(R) Core(TM) i7-8565U CPU @ 1.80GHz,8,4,16,unmeasured
lagrange_hex_order3_strided_values,lagrange_strided_batch,clang,14.0.0,125,4.8156e-05,385.248,0,0,2048,704,2144,0.328358208955,memory,0,0,8,unmeasured,2596423.53218,5,367.76,406.264,optimized,Intel(R) Core(TM) i7-8565U CPU @ 1.80GHz,8,4,16,unmeasured
lagrange_hex_order3_strided_gradients,lagrange_strided_batch,clang,14.0.0,125,8.6492e-05,691.936,0,0,6144,1920,6240,0.307692307692,memory,0,0,8,unmeasured,2596423.09552,5,661.2,792.592,optimized,Intel(R) Core(TM) i7-8565U CPU @ 1.80GHz,8,4,16,unmeasured
lagrange_hex_order3_strided_hessians,lagrange_strided_batch,clang,14.0.0,125,0.00017998,1439.84,0,0,18432,5184,18528,0.279792746114,memory,0,0,8,unmeasured,2596424.3159,5,1113.848,1520.144,optimized,Intel(R) Core(TM) i7-8565U CPU @ 1.80GHz,8,4,16,unmeasured
lagrange_hex_order3_strided_all,lagrange_strided_batch,clang,14.0.0,125,0.000197312,1578.496,0,0,26624,7232,26720,0.270658682635,memory,0,0,8,unmeasured,2596425.16792,5,1431.024,2045.496,optimized,Intel(R) Core(TM) i7-8565U CPU @ 1.80GHz,8,4,16,unmeasured
lagrange_hex_order4_construction,lagrange_construction,clang,14.0.0,20,0.000216747,10837.35,200,10,0,0,0,0,unmodeled,0,0,8,unmeasured,2608925.16792,5,10419.45,10977.45,optimized,Intel(R) Core(TM) i7-8565U CPU @ 1.80GHz,8,4,16,unmeasured
lagrange_hex_order4_point_values,lagrange_scalar_point,clang,14.0.0,333,0.000222284,667.51951952,0,0,1000,310,1624,0.190886699507,memory,0,0,8,unmeasured,2608925.17674,5,629.114114114,712.267267267,optimized,Intel(R) Core(TM) i7-8565U CPU @ 1.80GHz,8,4,16,unmeasured
lagrange_hex_order4_point_gradients,lagrange_scalar_point,clang,14.0.0,333,0.000181009,543.570570571,0,0,3000,870,4104,0.211988304094,memory,0,0,8,unmeasured,2608924.99829,5,543.12012012,599.285285285,optimized,Intel(R) Core(TM) i7-8565U CPU @ 1.80GHz,8,4,16,unmeasured
lagrange_hex_order4_point_hessians,lagrange_scalar_point,clang,14.0.0,333,0.000440686,1323.38138138,0,0,9000,2430,10464,0.232224770642,memory,0,0,8,unmeasured,2608926.68267,5,942.396396396,1385.95495495,optimized,Intel(R) Core(TM) i7-8565U CPU @ 1.80GHz,8,4,16,unmeasured
lagrange_hex_order4_point_all,lagrange_scalar_point,clang,14.0.0,333,0.000608463,1827.21621622,0,0,13000,3430,14464,0.237140486726,memory,0,0,8,unmeasured,2608928.19337,5,1821.97897898,1844.00900901,optimized,Intel(R) Core(TM) i7-8565U CPU @ 1.80GHz,8,4,16,unmeasured
lagrange_hex_order4_to_values,lagrange_raw_to_point,clang,14.0.0,333,0.000230193,691.27027027,0,0,1000,310,1624,0.190886699507,memory,0,0,8,unmeasured,2608928.20219,5,645.90990991,702.498498498,optimized,Intel(R) Core(TM) i7-8565U CPU @ 1.80GHz,8,4,16,unmeasured
lagrange_hex_order4_to_gradients,lagrange_raw_to_point,clang,14.0.0,333,0.000294433,884.183183183,0,0,3000,870,4104,0.211988304094,memory,0,0,8,unmeasured,2608928.02375,5,873.147147147,918.537537538,optimized,Intel(R) Core(TM) i7-8565U CPU @ 1.80GHz,8,4,16,unmeasured
lagrange_hex_order4_to_hessians,lagrange_raw_to_point,clang,14.0.0,333,0.000428863,1287.87687688,0,0,9000,2430,10464,0.232224770642,memory,0,0,8,unmeasured,2608929.70813,5,1260.98498498,1301.71471471,optimized,Intel(R) Core(TM) i7-8565U CPU @ 1.80GHz,8,4,16,unmeasured
lagrange_hex_order4_to_all,lagrange_raw_to_point,clang,14.0.0,333,0.000971329,2916.9039039,0,0,13000,3430,14464,0.237140486726,memory,0,0,8,unmeasured,2608931.21883,5,2298.61861862,2987.25825826,optimized,Intel(R) Core(TM) i7-8565U CPU @ 1.80GHz,8,4,16,unmeasured
lagrange_hex_order4_strided_values,lagrange_strided_batch,clang,14.0.0,66,4.8101e-05,728.803030303,0,0,4000,1240,6496,0.190886699507,memory,0,0,8,unmeasured,2608931.22725,5,622.909090909,783.984848485,optimized,Intel(R) Core(TM) i7-8565U CPU @ 1.80GHz,8,4,16,unmeasured
lagrange_hex_order4_strided_gradients,lagrange_strided_batch,clang,14.0.0,66,9.4754e-05,1435.66666667,0,0,12000,3480,12576,0.276717557252,memory,0,0,8,unmeasured,2608931.03012,5,1356.71212121,1470.78787879,optimized,Intel(R) Core(TM) i7-8565U CPU @ 1.80GHz,8,4,16,unmeasured
lagrange_hex_order4_strided_hessians,lagrange_strided_batch,clang,14.0.0,66,0.000173218,2624.51515152,0,0,36000,9720,41856,0.232224770642,memory,0,0,8,unmeasured,2608932.23961,5,2455.60606061,2636.86363636,optimized,Intel(R) Core(TM) i7-8565U CPU @ 1.80GHz,8,4,16,unmeasured
lagrange_hex_order4_strided_all,lagrange_strided_batch,clang,14.0.0,66,0.000264437,4006.62121212,0,0,52000,13720,57856,0.237140486726,memory,0,0,8,unmeasured,2608933.26039,5,3844.18181818,4080.15151515,optimized,Intel(R) Core(TM) i7-8565U CPU @ 1.80GHz,8,4,16,unmeasured
lagrange_hex_order5_construction,lagrange_construction,clang,14.0.0,20,0.000311301,15565.05,820,41,0,0,0,0,unmodeled,0,0,8,unmeasured,2630533.26039,5,15295.15,20234.05,optimized,Intel(R) Core(TM) i7-8565U CPU @ 1.80GHz,8,4,16,unmeasured
lagrange_hex_order5_point_values,lagrange_scalar_point,clang,14.0.0,185,0.000118195,638.891891892,0,0,1728,504,2616,0.192660550459,memory,0,0,8,unmeasured,2630533.25753,5,638.686486486,664.572972973,optimized,Intel(R) Core(TM) i7-8565U CPU @ 1.80GHz,8,4,16,unmeasured
lagrange_hex_order5_point_gradients,lagrange_scalar_point,clang,14.0.0,185,0.000143375,775,0,0,5184,1440,6792,0.212014134276,memory,0,0,8,unmeasured,2630533.2155,5,771.637837838,870.854054054,optimized,Intel(R) Core(TM) i7-8565U CPU @ 1.80GHz,8,4,16,unmeasured
lagrange_hex_order5_point_hessians,lagrange_scalar_point,clang,14.0.0,185,0.000279656,1511.65405405,0,0,15552,4104,17736,0.231393775372,memory,0,0,8,unmeasured,2630533.83508,5,1507.6972973,1544.56756757,optimized,Intel(R) Core(TM) i7-8565U CPU @ 1.80GHz,8,4,16,unmeasured
lagrange_hex_order5_point_all,lagrange_scalar_point,clang,14.0.0,185,0.000345316,1866.57297297,0,0,22464,5832,24648,0.236611489776,memory,0,0,8,unmeasured,2630534.40727,5,1863.86486486,1894.36216216,optimized,Intel(R) Core(TM) i7-8565U CPU @ 1.80GHz,8,4,16,unmeasured
lagrange_hex_order5_to_values,lagrange_raw_to_point,clang,14.0.0,185,0.00011916,644.108108108,0,0,1728,504,2616,0.192660550459,memory,0,0,8,unmeasured,2630534.40441,5,601.908108108,859.956756757,optimized,Intel(R) Core(TM) i7-8565U CPU @ 1.80GHz,8,4,16,unmeasured
lagrange_hex_order5_to_gradients,lagrange_raw_to_point,clang,14.0.0,185,0.000147642,798.064864865,0,0,5184,1440,6792,0.212014134276,memory,0,0,8,unmeasured,2630534.36238,5,768.583783784,1162.41081081,optimized,Intel(R) Core(TM) i7-8565U CPU @ 1.80GHz,8,4,16,unmeasured
lagrange_hex_order5_to_hessians,lagrange_raw_to_point,clang,14.0.0,185,0.000216044,1167.80540541,0,0,15552,4104,17736,0.231393775372,memory,0,0,8,unmeasured,2630534.98196,5,1130.63783784,1268.41621622,optimized,Intel(R) Core(TM) i7-8565U CPU @ 1.80GHz,8,4,16,unmeasured
lagrange_hex_order5_to_all,lagrange_raw_to_point,clang,14.0.0,185,0.000502731,2717.46486486,0,0,22464,5832,24648,0.236611489776,memory,0,0,8,unmeasured,2630535.55415,5,2698.73513514,3829.6,optimized,Intel(R) Core(TM) i7-8565U CPU @ 1.80GHz,8,4,16,unmeasured
lagrange_hex_order5_strided_values,lagrange_strided_batch,clang,14.0.0,37,3.7668e-05,1018.05405405,0,0,6912,2016,10464,0.192660550459,memory,0,0,8,unmeasured,2630535.55174,5,869.837837838,1310.05405405,optimized,Intel(R) Core(TM) i7-8565U CPU @ 1.80GHz,8,4,16,unmeasured
lagrange_hex_order5_strided_gradients,lagrange_strided_batch,clang,14.0.0,37,6.469e-05,1748.37837838,0,0,20736,5760,21408,0.269058295964,memory,0,0,8,unmeasured,2630535.51723,5,1551.21621622,1822.59459459,optimized,Intel(R) Core(TM) i7-8565U CPU @ 1.80GHz,8,4,16,unmeasured
lagrange_hex_order5_strided_hessians,lagrange_strided_batch,clang,14.0.0,37,9.9749e-05,2695.91891892,0,0,62208,16416,70944,0.231393775372,memory,0,0,8,unmeasured,2630536.01631,5,2610.91891892,3075.10810811,optimized,Intel(R) Core(TM) i7-8565U CPU @ 1.80GHz,8,4,16,unmeasured
lagrange_hex_order5_strided_all,lagrange_strided_batch,clang,14.0.0,37,0.000169362,4577.35135135,0,0,89856,23328,98592,0.236611489776,memory,0,0,8,unmeasured,2630536.47847,5,4569.72972973,4943.78378378,optimized,Intel(R) Core(TM) i7-8565U CPU @ 1.80GHz,8,4,16,unmeasured
lagrange_hex_order6_construction,lagrange_construction,clang,14.0.0,20,0.000466145,23307.25,1060,53,0,0,0,0,unmodeled,0,0,8,unmeasured,2664836.47847,5,22323.1,23562.45,optimized,Intel(R) Core(TM) i7-8565U CPU @ 1.80GHz,8,4,16,unmeasured
lagrange_hex_order6_point_values,lagrange_scalar_point,clang,14.0.0,119,0.000108895,915.084033613,0,0,2744,770,3944,0.19523326572,memory,0,0,8,unmeasured,2664836.4784,5,913.68907563,1133.14285714,optimized,Intel(R) Core(TM) i7-8565U CPU @ 1.80GHz,8,4,16,unmeasured
lagrange_hex_order6_point_gradients,lagrange_scalar_point,clang,14.0.0,119,0.000143046,1202.06722689,0,0,8232,2226,10440,0.213218390805,memory,0,0,8,unmeasured,2664836.47851,5,1159.75630252,1306.89915966,optimized,Intel(R) Core(TM) i7-8565U CPU @ 1.80GHz,8,4,16,unmeasured
lagrange_hex_order6_point_hessians,lagrange_scalar_point,clang,14.0.0,119,0.000276476,2323.32773109,0,0,24696,6426,27744,0.231617647059,memory,0,0,8,unmeasured,2664836.48361,5,2320.95798319,2359.42857143,optimized,Intel(R) Core(TM) i7-8565U CPU @ 1.80GHz,8,4,16,unmeasured
lagrange_hex_order6_point_all,lagrange_scalar_point,clang,14.0.0,119,0.000371529,3122.09243697,0,0,35672,9170,38720,0.236828512397,memory,0,0,8,unmeasured,2664836.48875,5,3063.72268908,3993.00840336,optimized,Intel(R) Core(TM) i7-8565U CPU @ 1.80GHz,8,4,16,unmeasured
lagrange_hex_order6_to_values,lagrange_raw_to_point,clang,14.0.0,119,0.000112857,948.378151261,0,0,2744,770,3944,0.19523326572,memory,0,0,8,unmeasured,2664836.48868,5,947.571428571,1003.86554622,optimized,Intel(R) Core(TM) i7-8565U CPU @ 1.80GHz,8,4,16,unmeasured
lagrange_hex_order6_to_gradients,lagrange_raw_to_point,clang,14.0.0,119,0.000153575,1290.54621849,0,0,8232,2226,10440,0.213218390805,memory,0,0,8,unmeasured,2664836.4888,5,1194.07563025,1310.23529412,optimized,Intel(R) Core(TM) i7-8565U CPU @ 1.80GHz,8,4,16,unmeasured
lagrange_hex_order6_to_hessians,lagrange_raw_to_point,clang,14.0.0,119,0.000216108,1816.03361345,0,0,24696,6426,27744,0.231617647059,memory,0,0,8,unmeasured,2664836.49389,5,1815.08403361,1856.43697479,optimized,Intel(R) Core(TM) i7-8565U CPU @ 1.80GHz,8,4,16,unmeasured
lagrange_hex_order6_to_all,lagrange_raw_to_point,clang,14.0.0,119,0.000492728,4140.57142857,0,0,35672,9170,38720,0.236828512397,memory,0,0,8,unmeasured,2664836.49904,5,4125.35294118,4423.99159664,optimized,Intel(R) Core(TM) i7-8565U CPU @ 1.80GHz,8,4,16,unmeasured
lagrange_hex_order6_strided_values,lagrange_strided_batch,clang,14.0.0,23,3.0955e-05,1345.86956522,0,0,10976,3080,15776,0.19523326572,memory,0,0,8,unmeasured,2664836.49896,5,1345.13043478,1962.91304348,optimized,Intel(R) Core(TM) i7-8565U CPU @ 1.80GHz,8,4,16,unmeasured
lagrange_hex_order6_strided_gradients,lagrange_strided_batch,clang,14.0.0,23,4.824e-05,2097.39130435,0,0,32928,8904,33696,0.264245014245,memory,0,0,8,unmeasured,2664836.499,5,2091.65217391,2115.95652174,optimized,Intel(R) Core(TM) i7-8565U CPU @ 1.80GHz,8,4,16,unmeasured
lagrange_hex_order6_strided_hessians,lagrange_strided_batch,clang,14.0.0,23,0.000102068,4437.73913043,0,0,98784,25704,110976,0.231617647059,memory,0,0,8,unmeasured,2664836.50652,5,4145.47826087,5844.04347826,optimized,Intel(R) Core(TM) i7-8565U CPU @ 1.80GHz,8,4,16,unmeasured
lagrange_hex_order6_strided_all,lagrange_strided_batch,clang,14.0.0,23,0.000177431,7714.39130435,0,0,142688,36680,154880,0.236828512397,memory,0,0,8,unmeasured,2664836.51401,5,7452.17391304,7903.60869565,optimized,Intel(R) Core(TM) i7-8565U CPU @ 1.80GHz,8,4,16,unmeasured
lagrange_hex_order7_construction,lagrange_construction,clang,14.0.0,20,0.000678834,33941.7,1340,67,0,0,0,0,unmodeled,0,0,8,unmeasured,2716036.51401,5,32876.8,34023.2,optimized,Intel(R) Core(TM) i7-8565U CPU @ 1.80GHz,8,4,16,unmeasured
lagrange_hex_order7_point_values,lagrange_scalar_point,clang,14.0.0,78,0.000106124,1360.56410256,0,0,4096,1120,5656,0.19801980198,memory,0,0,8,unmeasured,2716036.51403,5,1359.61538462,1361.57692308,optimized,Intel(R) Core(TM) i7-8565U CPU @ 1.80GHz,8,4,16,unmeasured
lagrange_hex_order7_point_gradients,lagrange_scalar_point,clang,14.0.0,78,0.000134138,1719.71794872,0,0,12288,3264,15192,0.214849921011,memory,0,0,8,unmeasured,2716036.51391,5,1713.93589744,1779.56410256,optimized,Intel(R) Core(TM) i7-8565U CPU @ 1.80GHz,8,4,16,unmeasured
lagrange_hex_order7_point_hessians,lagrange_scalar_point,clang,14.0.0,78,0.000259394,3325.56410256,0,0,36864,9504,40920,0.232258064516,memory,0,0,8,unmeasured,2716036.51291,5,3207.82051282,3520.37179487,optimized,Intel(R) Core(TM) i7-8565U CPU @ 1.80GHz,8,4,16,unmeasured
lagrange_hex_order7_point_all,lagrange_scalar_point,clang,14.0.0,78,0.000445406,5710.33333333,0,0,53248,13600,57304,0.237330727349,memory,0,0,8,unmeasured,2716036.51182,5,4285.75641026,6631.5,optimized,Intel(R) Core(TM) i7-8565U CPU @ 1.80GHz,8,4,16,unmeasured
lagrange_hex_order7_to_values,lagrange_raw_to_point,clang,14.0.0,78,0.000102882,1319,0,0,4096,1120,5656,0.19801980198,memory,0,0,8,unmeasured,2716036.51184,5,1313.93589744,1581.28205128,optimized,Intel(R) Core(TM) i7-8565U CPU @ 1.80GHz,8,4,16,unmeasured
lagrange_hex_order7_to_gradients,lagrange_raw_to_point,clang,14.0.0,78,0.000141178,1809.97435897,0,0,12288,3264,15192,0.214849921011,memory,0,0,8,unmeasured,2716036.51172,5,1734.34615385,2085.75641026,optimized,Intel(R) Core(TM) i7-8565U CPU @ 1.80GHz,8,4,16,unmeasured
lagrange_hex_order7_to_hessians,lagrange_raw_to_point,clang,14.0.0,78,0.000212448,2723.69230769,0,0,36864,9504,40920,0.232258064516,memory,0,0,8,unmeasured,2716036.51073,5,2632.74358974,2848.17948718,optimized,Intel(R) Core(TM) i7-8565U CPU @ 1.80GHz,8,4,16,unmeasured
lagrange_hex_order7_to_all,lagrange_raw_to_point,clang,14.0.0,78,0.000477708,6124.46153846,0,0,53248,13600,57304,0.237330727349,memory,0,0,8,unmeasured,2716036.50964,5,6064.57692308,6718.06410256,optimized,Intel(R) Core(TM) i7-8565U CPU @ 1.80GHz,8,4,16,unmeasured
lagrange_hex_order7_strided_values,lagrange_strided_batch,clang,14.0.0,15,2.7638e-05,1842.53333333,0,0,16384,4480,22624,0.19801980198,memory,0,0,8,unmeasured,2716036.50964,5,1837.4,1850.53333333,optimized,Intel(R) Core(TM) i7-8565U CPU @ 1.80GHz,8,4,16,unmeasured
lagrange_hex_order7_strided_gradients,lagrange_strided_batch,clang,14.0.0,15,4.2546e-05,2836.4,0,0,49152,13056,50016,0.26103646833,memory,0,0,8,unmeasured,2716036.50956,5,2825.93333333,2841.06666667,optimized,Intel(R) Core(TM) i7-8565U CPU @ 1.80GHz,8,4,16,unmeasured
lagrange_hex_order7_strided_hessians,lagrange_strided_batch,clang,14.0.0,15,9.077e-05,6051.33333333,0,0,147456,38016,163680,0.232258064516,memory,0,0,8,unmeasured,2716036.50916,5,6016.66666667,6480.4,optimized,Intel(R) Core(TM) i7-8565U CPU @ 1.80GHz,8,4,16,unmeasured
lagrange_hex_order7_strided_all,lagrange_strided_batch,clang,14.0.0,15,0.00017454,11636,0,0,212992,54400,229216,0.237330727349,memory,0,0,8,unmeasured,2716036.50868,5,11543.2666667,12645.2,optimized,Intel(R) Core(TM) i7-8565U CPU @ 1.80GHz,8,4,16,unmeasured
lagrange_hex_order8_construction,lagrange_construction,clang,14.0.0,20,0.000977548,48877.4,1680,84,0,0,0,0,unmodeled,0,0,8,unmeasured,2788936.50868,5,48346.95,58894.3,optimized,Intel(R) Core(TM) i7-8565U CPU @ 1.80GHz,8,4,16,unmeasured
lagrange_hex_order8_point_values,lagrange_scalar_point,clang,14.0.0,54,0.000100114,1853.96296296,0,0,5832,1566,7800,0.200769230769,memory,0,0,8,unmeasured,2788936.50867,5,1853.05555556,1961.59259259,optimized,Intel(R) Core(TM) i7-8565U CPU @ 1.80GHz,8,4,16,unmeasured
lagrange_hex_order8_point_gradients,lagrange_scalar_point,clang,14.0.0,54,0.000127107,2353.83333333,0,0,17496,4590,21192,0.216591166478,memory,0,0,8,unmeasured,2788936.50872,5,2351.53703704,2486.38888889,optimized,Intel(R) Core(TM) i7-8565U CPU @ 1.80GHz,8,4,16,unmeasured
lagrange_hex_order8_point_hessians,lagrange_scalar_point,clang,14.0.0,54,0.000245182,4540.40740741,0,0,52488,13446,57696,0.233049084859,memory,0,0,8,unmeasured,2788936.50849,5,4532.66666667,4629.11111111,optimized,Intel(R) Core(TM) i7-8565U CPU @ 1.80GHz,8,4,16,unmeasured
lagrange_hex_order8_point_all,lagrange_scalar_point,clang,14.0.0,54,0.000327083,6057.09259259,0,0,75816,19278,81024,0.23792950237,memory,0,0,8,unmeasured,2788936.5083,5,6037.12962963,6155.25925926,optimized,Intel(R) Core(TM) i7-8565U CPU @ 1.80GHz,8,4,16,unmeasured
lagrange_hex_order8_to_values,lagrange_raw_to_point,clang,14.0.0,54,9.9883e-05,1849.68518519,0,0,5832,1566,7800,0.200769230769,memory,0,0,8,unmeasured,2788936.50829,5,1848.85185185,2100.01851852,optimized,Intel(R) Core(TM) i7-8565U CPU @ 1.80GHz,8,4,16,unmeasured
lagrange_hex_order8_to_gradients,lagrange_raw_to_point,clang,14.0.0,54,0.000123457,2286.24074074,0,0,17496,4590,21192,0.216591166478,memory,0,0,8,unmeasured,2788936.50834,5,2285.75925926,2813.5,optimized,Intel(R) Core(TM) i7-8565U CPU @ 1.80GHz,8,4,16,unmeasured
lagrange_hex_order8_to_hessians,lagrange_raw_to_point,clang,14.0.0,54,0.000193223,3578.2037037,0,0,52488,13446,57696,0.233049084859,memory,0,0,8,unmeasured,2788936.50811,5,3577.09259259,4058.35185185,optimized,Intel(R) Core(TM) i7-8565U CPU @ 1.80GHz,8,4,16,unmeasured
lagrange_hex_order8_to_all,lagrange_raw_to_point,clang,14.0.0,54,0.000463594,8585.07407407,0,0,75816,19278,81024,0.23792950237,memory,0,0,8,unmeasured,2788936.50792,5,8329.59259259,8761.24074074,optimized,Intel(R) Core(TM) i7-8565U CPU @ 1.80GHz,8,4,16,unmeasured
lagrange_hex_order8_strided_values,lagrange_strided_batch,clang,14.0.0,10,2.557e-05,2557,0,0,23328,6264,31200,0.200769230769,memory,0,0,8,unmeasured,2788936.50792,5,2548.6,2580.4,optimized,Intel(R) Core(TM) i7-8565U CPU @ 1.80GHz,8,4,16,unmeasured
lagrange_hex_order8_strided_gradients,lagrange_strided_batch,clang,14.0.0,10,3.9043e-05,3904.3,0,0,69984,18360,70944,0.258795669824,memory,0,0,8,unmeasured,2788936.50796,5,3882.6,3913.7,optimized,Intel(R) Core(TM) i7-8565U CPU @ 1.80GHz,8,4,16,unmeasured
lagrange_hex_order8_strided_hessians,lagrange_strided_batch,clang,14.0.0,10,8.8898e-05,8889.8,0,0,209952,53784,230784,0.233049084859,memory,0,0,8,unmeasured,2788936.50774,5,8820.5,9580.3,optimized,Intel(R) Core(TM) i7-8565U CPU @ 1.80GHz,8,4,16,unmeasured
lagrange_hex_order8_strided_all,lagrange_strided_batch,clang,14.0.0,10,0.00016366,16366,0,0,303264,77112,324096,0.23792950237,memory,0,0,8,unmeasured,2788936.50756,5,16322.7,16841,optimized,Intel(R) Core(TM) i7-8565U CPU @ 1.80GHz,8,4,16,unmeasured
lagrange_wedge_order0_construction,lagrange_construction,clang,14.0.0,20,9.361e-06,468.05,200,10,0,0,0,0,unmodeled,0,0,8,unmeasured,2789036.50756,5,418.2,1143.8,optimized,Intel(R) Core(TM) i7-8565U CPU @ 1.80GHz,8,4,16,unmeasured
lagrange_wedge_order0_point_values,lagrange_scalar_point,clang,14.0.0,5000,0.000232272,46.4544,0,0,8,8,32,0.25,memory,0,0,8,unmeasured,2814061.50756,5,46.1166,51.0216,optimized,Intel(R) Core(TM) i7-8565U CPU @ 1.80GHz,8,4,16,unmeasured
lagrange_wedge_order0_point_gradients,lagrange_scalar_point,clang,14.0.0,5000,0.000257587,51.5174,0,0,24,18,48,0.375,memory,0,0,8,unmeasured,2814061.50756,5,51.3306,52.7908,optimized,Intel(R) Core(TM) i7-8565U CPU @ 1.80GHz,8,4,16,unmeasured
lagrange_wedge_order0_point_hessians,lagrange_scalar_point,clang,14.0.0,5000,0.000269747,53.9494,0,0,72,41,96,0.427083333333,memory,0,0,8,unmeasured,2814061.50756,5,53.0054,54.9078,optimized,Intel(R) Core(TM) i7-8565U CPU @ 1.80GHz,8,4,16,unmeasured
lagrange_wedge_order0_point_all,lagrange_scalar_point,clang,14.0.0,5000,0.000294423,58.8846,0,0,104,53,128,0.4140625,memory,0,0,8,unmeasured,2839086.50756,5,57.594,60.574,optimized,Intel(R) Core(TM) i7-8565U CPU @ 1.80GHz,8,4,16,unmeasured
lagrange_wedge_order0_to_values,lagrange_raw_to_point,clang,14.0.0,5000,0.000223002,44.6004,0,0,8,8,32,0.25,memory,0,0,8,unmeasured,2864111.50756,5,44.5954,46.4654,optimized,Intel(R) Core(TM) i7-8565U CPU @ 1.80GHz,8,4,16,unmeasured
lagrange_wedge_order0_to_gradients,lagrange_raw_to_point,clang,14.0.0,5000,0.000252359,50.4718,0,0,24,18,48,0.375,memory,0,0,8,unmeasured,2864111.50756,5,47.5834,51.5334,optimized,Intel(R) Core(TM) i7-8565U CPU @ 1.80GHz,8,4,16,unmeasured
lagrange_wedge_order0_to_hessians,lagrange_raw_to_point,clang,14.0.0,5000,0.000275533,55.1066,0,0,72,41,96,0.427083333333,memory,0,0,8,unmeasured,2864111.50756,5,52.7604,56.491,optimized,Intel(R) Core(TM) i7-8565U CPU @ 1.80GHz,8,4,16,unmeasured
lagrange_wedge_order0_to_all,lagrange_raw_to_point,clang,14.0.0,5000,0.000751778,150.3556,0,0,104,53,128,0.4140625,memory,0,0,8,unmeasured,2889136.50756,5,148.9588,151.275,optimized,Intel(R) Core(TM) i7-8565U CPU @ 1.80GHz,8,4,16,unmeasured
lagrange_wedge_order0_strided_values,lagrange_strided_batch,clang,14.0.0,1000,0.000183359,183.359,0,0,32,32,128,0.25,memory,0,0,8,unmeasured,2894146.50756,5,181.971,187.075,optimized,Intel(R) Core(TM) i7-8565U CPU @ 1.80GHz,8,4,16,unmeasured
lagrange_wedge_order0_strided_gradients,lagrange_strided_batch,clang,14.0.0,1000,0.000237965,237.965,0,0,96,72,192,0.375,memory,0,0,8,unmeasured,2894146.50756,5,232.37,252.702,optimized,Intel(R) Core(TM) i7-8565U CPU @ 1.80GHz,8,4,16,unmeasured
lagrange_wedge_order0_strided_hessians,lagrange_strided_batch,clang,14.0.0,1000,0.000318954,318.954,0,0,288,164,384,0.427083333333,memory,0,0,8,unmeasured,2894146.50756,5,318.577,327.296,optimized,Intel(R) Core(TM) i7-8565U CPU @ 1.80GHz,8,4,16,unmeasured
lagrange_wedge_order0_strided_all,lagrange_strided_batch,clang,14.0.0,1000,0.000289976,289.976,0,0,416,212,512,0.4140625,memory,0,0,8,unmeasured,2899156.50756,5,289.351,297.519,optimized,Intel(R) Core(TM) i7-8565U CPU @ 1.80GHz,8,4,16,unmeasured
lagrange_wedge_order1_construction,lagrange_construction,clang,14.0.0,20,2.4608e-05,1230.4,280,14,0,0,0,0,unmodeled,0,0,8,unmeasured,2899756.50756,5,1148.1,1388.4,optimized,Intel(R) Core(TM) i7-8565U CPU @ 1.80GHz,8,4,16,unmeasured
lagrange_wedge_order1_point_values,lagrange_scalar_point,clang,14.0.0,5000,0.000288939,57.7878,0,0,48,38,72,0.527777777778,memory,0,0,8,unmeasured,2905598.55131,5,57.7594,58.7132,optimized,Intel(R) Core(TM) i7-8565U CPU @ 1.80GHz,8,4,16,unmeasured
lagrange_wedge_order1_point_gradients,lagrange_scalar_point,clang,14.0.0,5000,0.000398522,79.7044,0,0,144,90,168,0.535714285714,memory,0,0,8,unmeasured,2893868.00132,5,79.3244,80.1818,optimized,Intel(R) Core(TM) i7-8565U CPU @ 1.80GHz,8,4,16,unmeasured
lagrange_wedge_order1_point_hessians,lagrange_scalar_point,clang,14.0.0,5000,0.000528028,105.6056,0,0,432,218,456,0.478070175439,memory,0,0,8,unmeasured,2893868.00132,5,105.0598,105.7598,optimized,Intel(R) Core(TM) i7-8565U CPU @ 1.80GHz,8,4,16,unmeasured
lagrange_wedge_order1_point_all,lagrange_scalar_point,clang,14.0.0,5000,0.000596747,119.3494,0,0,624,290,648,0.447530864198,memory,0,0,8,unmeasured,2887979.44507,5,118.6838,128.7704,optimized,Intel(R) Core(TM) i7-8565U CPU @ 1.80GHz,8,4,16,unmeasured
lagrange_wedge_order1_to_values,lagrange_raw_to_point,clang,14.0.0,5000,0.000279084,55.8168,0,0,48,38,72,0.527777777778,memory,0,0,8,unmeasured,2893821.48882,5,55.7586,56.347,optimized,Intel(R) Core(TM) i7-8565U CPU @ 1.80GHz,8,4,16,unmeasured
lagrange_wedge_order1_to_gradients,lagrange_raw_to_point,clang,14.0.0,5000,0.000392076,78.4152,0,0,144,90,168,0.535714285714,memory,0,0,8,unmeasured,2882090.93882,5,77.7692,79.6842,optimized,Intel(R) Core(TM) i7-8565U CPU @ 1.80GHz,8,4,16,unmeasured
lagrange_wedge_order1_to_hessians,lagrange_raw_to_point,clang,14.0.0,5000,0.000481026,96.2052,0,0,432,218,456,0.478070175439,memory,0,0,8,unmeasured,2882090.93882,5,95.5784,97.215,optimized,Intel(R) Core(TM) i7-8565U CPU @ 1.80GHz,8,4,16,unmeasured
lagrange_wedge_order1_to_all,lagrange_raw_to_point,clang,14.0.0,5000,0.001148971,229.7942,0,0,624,290,648,0.447530864198,memory,0,0,8,unmeasured,2876202.38257,5,229.6032,231.5812,optimized,Intel(R) Core(TM) i7-8565U CPU @ 1.80GHz,8,4,16,unmeasured
lagrange_wedge_order1_strided_values,lagrange_strided_batch,clang,14.0.0,1000,7.1595e-05,71.595,0,0,192,152,288,0.527777777778,memory,0,0,8,unmeasured,2878726.17007,5,71.221,71.652,optimized,Intel(R) Core(TM) i7-8565U CPU @ 1.80GHz,8,4,16,unmeasured
lagrange_wedge_order1_strided_gradients,lagrange_strided_batch,clang,14.0.0,1000,0.000157957,157.957,0,0,576,360,672,0.535714285714,memory,0,0,8,unmeasured,2874843.42007,5,156.679,159.693,optimized,Intel(R) Core(TM) i7-8565U CPU @ 1.80GHz,8,4,16,unmeasured
lagrange_wedge_order1_strided_hessians,lagrange_strided_batch,clang,14.0.0,1000,0.000232904,232.904,0,0,1728,872,1824,0.478070175439,memory,0,0,8,unmeasured,2874843.42007,5,232.362,235.654,optimized,Intel(R) Core(TM) i7-8565U CPU @ 1.80GHz,8,4,16,unmeasured
lagrange_wedge_order1_strided_all,lagrange_strided_batch,clang,14.0.0,1000,0.000257621,257.621,0,0,2496,1160,2592,0.447530864198,memory,0,0,8,unmeasured,2873484.45757,5,257.204,299.212,optimized,Intel(R) Core(TM) i7-8565U CPU @ 1.80GHz,8,4,16,unmeasured
lagrange_wedge_order2_construction,lagrange_construction,clang,14.0.0,20,5.2995e-05,2649.75,380,19,0,0,0,0,unmodeled,0,0,8,unmeasured,2875284.45757,5,2622.1,3078.8,optimized,Intel(R) Core(TM) i7-8565U CPU @ 1.80GHz,8,4,16,unmeasured
lagrange_wedge_order2_point_values,lagrange_scalar_point,clang,14.0.0,2500,0.000189293,75.7172,0,0,144,99,168,0.589285714286,memory,0,0,8,unmeasured,2875577.85668,5,74.306,82.1856,optimized,Intel(R) Core(TM) i7-8565U CPU @ 1.80GHz,8,4,16,unmeasured
lagrange_wedge_order2_point_gradients,lagrange_scalar_point,clang,14.0.0,2500,0.00028796,115.184,0,0,432,243,456,0.532894736842,memory,0,0,8,unmeasured,2873741.49218,5,114.9308,118.908,optimized,Intel(R) Core(TM) i7-8565U CPU @ 1.80GHz,8,4,16,unmeasured
lagrange_wedge_order2_point_hessians,lagrange_scalar_point,clang,14.0.0,2500,0.000485062,194.0248,0,0,1296,612,1320,0.463636363636,memory,0,0,8,unmeasured,2877169.56218,5,193.052,202.7468,optimized,Intel(R) Core(TM) i7-8565U CPU @ 1.80GHz,8,4,16,unmeasured
lagrange_wedge_order2_point_all,lagrange_scalar_point,clang,14.0.0,2500,0.000561193,224.4772,0,0,1872,828,1896,0.436708860759,memory,0,0,8,unmeasured,2879054.6328,5,222.3472,225.406,optimized,Intel(R) Core(TM) i7-8565U CPU @ 1.80GHz,8,4,16,unmeasured
lagrange_wedge_order2_to_values,lagrange_raw_to_point,clang,14.0.0,2500,0.000187418,74.9672,0,0,144,99,168,0.589285714286,memory,0,0,8,unmeasured,2879348.03191,5,73.178,85.9772,optimized,Intel(R) Core(TM) i7-8565U CPU @ 1.80GHz,8,4,16,unmeasured
lagrange_wedge_order2_to_gradients,lagrange_raw_to_point,clang,14.0.0,2500,0.000279789,111.9156,0,0,432,243,456,0.532894736842,memory,0,0,8,unmeasured,2877511.66741,5,111.8712,113.4612,optimized,Intel(R) Core(TM) i7-8565U CPU @ 1.80GHz,8,4,16,unmeasured
lagrange_wedge_order2_to_hessians,lagrange_raw_to_point,clang,14.0.0,2500,0.000381258,152.5032,0,0,1296,612,1320,0.463636363636,memory,0,0,8,unmeasured,2880939.73741,5,152.0472,207.5292,optimized,Intel(R) Core(TM) i7-8565U CPU @ 1.80GHz,8,4,16,unmeasured
lagrange_wedge_order2_to_all,lagrange_raw_to_point,clang,14.0.0,2500,0.000863554,345.4216,0,0,1872,828,1896,0.436708860759,memory,0,0,8,unmeasured,2882824.80802,5,343.0948,345.5148,optimized,Intel(R) Core(TM) i7-8565U CPU @ 1.80GHz,8,4,16,unmeasured
lagrange_wedge_order2_strided_values,lagrange_strided_batch,clang,14.0.0,500,0.000130133,260.266,0,0,576,396,672,0.589285714286,memory,0,0,8,unmeasured,2883033.43608,5,259.66,276.31,optimized,Intel(R) Core(TM) i7-8565U CPU @ 1.80GHz,8,4,16,unmeasured
lagrange_wedge_order2_strided_gradients,lagrange_strided_batch,clang,14.0.0,500,0.000169421,338.842,0,0,1728,972,1824,0.532894736842,memory,0,0,8,unmeasured,2881321.61608,5,338.548,345.178,optimized,Intel(R) Core(TM) i7-8565U CPU @ 1.80GHz,8,4,16,unmeasured
lagrange_wedge_order2_strided_hessians,lagrange_strided_batch,clang,14.0.0,500,0.000274087,548.174,0,0,5184,2448,5280,0.463636363636,memory,0,0,8,unmeasured,2885601.16608,5,546.364,561.36,optimized,Intel(R) Core(TM) i7-8565U CPU @ 1.80GHz,8,4,16,unmeasured
lagrange_wedge_order2_strided_all,lagrange_strided_batch,clang,14.0.0,500,0.000303946,607.892,0,0,7488,3312,7584,0.436708860759,memory,0,0,8,unmeasured,2888377.52414,5,607.2,618.502,optimized,Intel(R) Core(TM) i7-8565U CPU @ 1.80GHz,8,4,16,unmeasured
lagrange_wedge_order3_construction,lagrange_construction,clang,14.0.0,20,9.0798e-05,4539.9,460,23,0,0,0,0,unmodeled,0,0,8,unmeasured,2892377.52414,5,4530.35,5161.8,optimized,Intel(R) Core(TM) i7-8565U CPU @ 1.80GHz,8,4,16,unmeasured
lagrange_wedge_order3_point_values,lagrange_scalar_point,clang,14.0.0,1000,0.000107069,107.069,0,0,320,200,344,0.581395348837,memory,0,0,8,unmeasured,2892373.07335,5,106.758,107.445,optimized,Intel(R) Core(TM) i7-8565U CPU @ 1.80GHz,8,4,16,unmeasured
lagrange_wedge_order3_point_gradients,lagrange_scalar_point,clang,14.0.0,1000,0.000174266,174.266,0,0,960,504,984,0.512195121951,memory,0,0,8,unmeasured,2892171.10645,5,173.503,179.261,optimized,Intel(R) Core(TM) i7-8565U CPU @ 1.80GHz,8,4,16,unmeasured
lagrange_wedge_order3_point_hessians,lagrange_scalar_point,clang,14.0.0,1000,0.00032875,328.75,0,0,2880,1304,2904,0.449035812672,memory,0,0,8,unmeasured,2894052.56413,5,328.592,338.133,optimized,Intel(R) Core(TM) i7-8565U CPU @ 1.80GHz,8,4,16,unmeasured
lagrange_wedge_order3_point_all,lagrange_scalar_point,clang,14.0.0,1000,0.000385789,385.789,0,0,4160,1784,4184,0.42638623327,memory,0,0,8,unmeasured,2895727.8528,5,385.069,395.49,optimized,Intel(R) Core(TM) i7-8565U CPU @ 1.80GHz,8,4,16,unmeasured
lagrange_wedge_order3_to_values,lagrange_raw_to_point,clang,14.0.0,1000,0.000103599,103.599,0,0,320,200,344,0.581395348837,memory,0,0,8,unmeasured,2895723.402,5,103.577,103.62,optimized,Intel(R) Core(TM) i7-8565U CPU @ 1.80GHz,8,4,16,unmeasured
lagrange_wedge_order3_to_gradients,lagrange_raw_to_point,clang,14.0.0,1000,0.000170045,170.045,0,0,960,504,984,0.512195121951,memory,0,0,8,unmeasured,2895521.4351,5,169.829,170.293,optimized,Intel(R) Core(TM) i7-8565U CPU @ 1.80GHz,8,4,16,unmeasured
lagrange_wedge_order3_to_hessians,lagrange_raw_to_point,clang,14.0.0,1000,0.00024849,248.49,0,0,2880,1304,2904,0.449035812672,memory,0,0,8,unmeasured,2897402.89278,5,248.317,250.651,optimized,Intel(R) Core(TM) i7-8565U CPU @ 1.80GHz,8,4,16,unmeasured
lagrange_wedge_order3_to_all,lagrange_raw_to_point,clang,14.0.0,1000,0.000534146,534.146,0,0,4160,1784,4184,0.42638623327,memory,0,0,8,unmeasured,2899078.18145,5,530.172,542.249,optimized,Intel(R) Core(TM) i7-8565U CPU @ 1.80GHz,8,4,16,unmeasured
lagrange_wedge_order3_strided_values,lagrange_strided_batch,clang,14.0.0,200,0.000121959,609.795,0,0,1280,800,1376,0.581395348837,memory,0,0,8,unmeasured,2899075.57968,5,608.77,610.745,optimized,Intel(R) Core(TM) i7-8565U CPU @ 1.80GHz,8,4,16,unmeasured
lagrange_wedge_order3_strided_gradients,lagrange_strided_batch,clang,14.0.0,200,6.7699e-05,338.495,0,0,3840,2016,3936,0.512195121951,memory,0,0,8,unmeasured,2898931.69219,5,337.82,354.855,optimized,Intel(R) Core(TM) i7-8565U CPU @ 1.80GHz,8,4,16,unmeasured
lagrange_wedge_order3_strided_hessians,lagrange_strided_batch,clang,14.0.0,200,0.000128135,640.675,0,0,11520,5216,11616,0.449035812672,memory,0,0,8,unmeasured,2900372.67378,5,639.85,644.3,optimized,Intel(R) Core(TM) i7-8565U CPU @ 1.80GHz,8,4,16,unmeasured
lagrange_wedge_order3_strided_all,lagrange_strided_batch,clang,14.0.0,200,0.000145793,728.965,0,0,16640,7136,16736,0.42638623327,memory,0,0,8,unmeasured,2901667.16612,5,728.325,729.935,optimized,Intel(R) Core(TM) i7-8565U CPU @ 1.80GHz,8,4,16,unmeasured
lagrange_wedge_order4_construction,lagrange_construction,clang,14.0.0,20,0.000157135,7856.75,580,29,0,0,0,0,unmodeled,0,0,8,unmeasured,2909167.16612,5,7701.95,8337.7,optimized,Intel(R) Core(TM) i7-8565U CPU @ 1.80GHz,8,4,16,unmeasured
lagrange_wedge_order4_point_values,lagrange_scalar_point,clang,14.0.0,555,8.9115e-05,160.567567568,0,0,600,350,624,0.560897435897,memory,0,0,8,unmeasured,2909166.12506,5,145.965765766,169.362162162,optimized,Intel(R) Core(TM) i7-8565U CPU @ 1.80GHz,8,4,16,unmeasured
lagrange_wedge_order4_point_gradients,lagrange_scalar_point,clang,14.0.0,555,0.000143188,257.996396396,0,0,1800,900,1824,0.493421052632,memory,0,0,8,unmeasured,2909160.11423,5,257.899099099,258.171171171,optimized,Intel(R) Core(TM) i7-8565U CPU @ 1.80GHz,8,4,16,unmeasured
lagrange_wedge_order4_point_hessians,lagrange_scalar_point,clang,14.0.0,555,0.000302792,545.571171171,0,0,5400,2375,5424,0.437868731563,memory,0,0,8,unmeasured,2909327.2383,5,543.482882883,554.884684685,optimized,Intel(R) Core(TM) i7-8565U CPU @ 1.80GHz,8,4,16,unmeasured
lagrange_wedge_order4_point_all,lagrange_scalar_point,clang,14.0.0,555,0.000357831,644.740540541,0,0,7800,3275,7824,0.418583844581,memory,0,0,8,unmeasured,2909487.31048,5,644.394594595,651.327927928,optimized,Intel(R) Core(TM) i7-8565U CPU @ 1.80GHz,8,4,16,unmeasured
lagrange_wedge_order4_to_values,lagrange_raw_to_point,clang,14.0.0,555,8.218e-05,148.072072072,0,0,600,350,624,0.560897435897,memory,0,0,8,unmeasured,2909486.26943,5,147.183783784,152.136936937,optimized,Intel(R) Core(TM) i7-8565U CPU @ 1.80GHz,8,4,16,unmeasured
lagrange_wedge_order4_to_gradients,lagrange_raw_to_point,clang,14.0.0,555,0.000147685,266.099099099,0,0,1800,900,1824,0.493421052632,memory,0,0,8,unmeasured,2909480.2586,5,265.987387387,266.65045045,optimized,Intel(R) Core(TM) i7-8565U CPU @ 1.80GHz,8,4,16,unmeasured
lagrange_wedge_order4_to_hessians,lagrange_raw_to_point,clang,14.0.0,555,0.000215606,388.479279279,0,0,5400,2375,5424,0.437868731563,memory,0,0,8,unmeasured,2909647.38267,5,387.551351351,392.607207207,optimized,Intel(R) Core(TM) i7-8565U CPU @ 1.80GHz,8,4,16,unmeasured
lagrange_wedge_order4_to_all,lagrange_raw_to_point,clang,14.0.0,555,0.000457308,823.978378378,0,0,7800,3275,7824,0.418583844581,memory,0,0,8,unmeasured,2909807.45485,5,816.544144144,830.100900901,optimized,Intel(R) Core(TM) i7-8565U CPU @ 1.80GHz,8,4,16,unmeasured
lagrange_wedge_order4_strided_values,lagrange_strided_batch,clang,14.0.0,111,3.837e-05,345.675675676,0,0,2400,1400,2496,0.560897435897,memory,0,0,8,unmeasured,2909806.75355,5,345.522522523,347.315315315,optimized,Intel(R) Core(TM) i7-8565U CPU @ 1.80GHz,8,4,16,unmeasured
lagrange_wedge_order4_strided_gradients,lagrange_strided_batch,clang,14.0.0,111,5.3364e-05,480.756756757,0,0,7200,3600,7296,0.493421052632,memory,0,0,8,unmeasured,2909807.24805,5,479.459459459,504.657657658,optimized,Intel(R) Core(TM) i7-8565U CPU @ 1.80GHz,8,4,16,unmeasured
lagrange_wedge_order4_strided_hessians,lagrange_strided_batch,clang,14.0.0,111,0.000115866,1043.83783784,0,0,21600,9500,21696,0.437868731563,memory,0,0,8,unmeasured,2909914.24135,5,1042.92792793,1046.81981982,optimized,Intel(R) Core(TM) i7-8565U CPU @ 1.80GHz,8,4,16,unmeasured
lagrange_wedge_order4_strided_all,lagrange_strided_batch,clang,14.0.0,111,0.000169097,1523.3963964,0,0,31200,13100,31296,0.418583844581,memory,0,0,8,unmeasured,2910021.02785,5,1518.77477477,1556.32432432,optimized,Intel(R) Core(TM) i7-8565U CPU @ 1.80GHz,8,4,16,unmeasured
lagrange_wedge_order5_construction,lagrange_construction,clang,14.0.0,20,0.00026354,13177,1320,66,0,0,0,0,unmodeled,0,0,8,unmeasured,2922621.02785,5,13157.05,13996.85,optimized,Intel(R) Core(TM) i7-8565U CPU @ 1.80GHz,8,4,16,unmeasured
lagrange_wedge_order5_point_values,lagrange_scalar_point,clang,14.0.0,333,6.949e-05,208.678678679,0,0,1008,558,1032,0.540697674419,memory,0,0,8,unmeasured,2922621.17823,5,208.507507508,224.213213213,optimized,Intel(R) Core(TM) i7-8565U CPU @ 1.80GHz,8,4,16,unmeasured
lagrange_wedge_order5_point_gradients,lagrange_scalar_point,clang,14.0.0,333,0.000124108,372.696696697,0,0,3024,1458,3048,0.478346456693,memory,0,0,8,unmeasured,2922617.94863,5,371.174174174,426.024024024,optimized,Intel(R) Core(TM) i7-8565U CPU @ 1.80GHz,8,4,16,unmeasured
lagrange_wedge_order5_point_hessians,lagrange_scalar_point,clang,14.0.0,333,0.000273066,820.018018018,0,0,9072,3906,9096,0.429419525066,memory,0,0,8,unmeasured,2922608.44261,5,803.717717718,879.375375375,optimized,Intel(R) Core(TM) i7-8565U CPU @ 1.80GHz,8,4,16,unmeasured
lagrange_wedge_order5_point_all,lagrange_scalar_point,clang,14.0.0,333,0.000336933,1011.81081081,0,0,13104,5418,13128,0.412705667276,memory,0,0,8,unmeasured,2922595.84706,5,1010.63963964,1026.83183183,optimized,Intel(R) Core(TM) i7-8565U CPU @ 1.80GHz,8,4,16,unmeasured
lagrange_wedge_order5_to_values,lagrange_raw_to_point,clang,14.0.0,333,6.8296e-05,205.093093093,0,0,1008,558,1032,0.540697674419,memory,0,0,8,unmeasured,2922595.99744,5,205.03003003,212.93993994,optimized,Intel(R) Core(TM) i7-8565U CPU @ 1.80GHz,8,4,16,unmeasured
lagrange_wedge_order5_to_gradients,lagrange_raw_to_point,clang,14.0.0,333,0.000126724,380.552552553,0,0,3024,1458,3048,0.478346456693,memory,0,0,8,unmeasured,2922592.76784,5,379.84984985,382.33033033,optimized,Intel(R) Core(TM) i7-8565U CPU @ 1.80GHz,8,4,16,unmeasured
lagrange_wedge_order5_to_hessians,lagrange_raw_to_point,clang,14.0.0,333,0.000197959,594.471471471,0,0,9072,3906,9096,0.429419525066,memory,0,0,8,unmeasured,2922583.26182,5,592.456456456,600.816816817,optimized,Intel(R) Core(TM) i7-8565U CPU @ 1.80GHz,8,4,16,unmeasured
lagrange_wedge_order5_to_all,lagrange_raw_to_point,clang,14.0.0,333,0.000403407,1211.43243243,0,0,13104,5418,13128,0.412705667276,memory,0,0,8,unmeasured,2922570.66627,5,1209.77477477,1221.03003003,optimized,Intel(R) Core(TM) i7-8565U CPU @ 1.80GHz,8,4,16,unmeasured
lagrange_wedge_order5_strided_values,lagrange_strided_batch,clang,14.0.0,66,3.5239e-05,533.924242424,0,0,4032,2232,4128,0.540697674419,memory,0,0,8,unmeasured,2922570.75872,5,533.212121212,536.424242424,optimized,Intel(R) Core(TM) i7-8565U CPU @ 1.80GHz,8,4,16,unmeasured
lagrange_wedge_order5_strided_gradients,lagrange_strided_batch,clang,14.0.0,66,4.7666e-05,722.212121212,0,0,12096,5832,12192,0.478346456693,memory,0,0,8,unmeasured,2922568.80851,5,721.318181818,725.393939394,optimized,Intel(R) Core(TM) i7-8565U CPU @ 1.80GHz,8,4,16,unmeasured
lagrange_wedge_order5_strided_hessians,lagrange_strided_batch,clang,14.0.0,66,0.000118163,1790.34848485,0,0,36288,15624,36384,0.429419525066,memory,0,0,8,unmeasured,2922566.70131,5,1786.90909091,1847.54545455,optimized,Intel(R) Core(TM) i7-8565U CPU @ 1.80GHz,8,4,16,unmeasured
lagrange_wedge_order5_strided_all,lagrange_strided_batch,clang,14.0.0,66,0.000168796,2557.51515152,0,0,52416,21672,52512,0.412705667276,memory,0,0,8,unmeasured,2922562.73636,5,2539.62121212,2600.43939394,optimized,Intel(R) Core(TM) i7-8565U CPU @ 1.80GHz,8,4,16,unmeasured
lagrange_wedge_order6_construction,lagrange_construction,clang,14.0.0,20,0.000386511,19325.55,1700,85,0,0,0,0,unmodeled,0,0,8,unmeasured,2942162.73636,5,19219.4,20735.25,optimized,Intel(R) Core(TM) i7-8565U CPU @ 1.80GHz,8,4,16,unmeasured
lagrange_wedge_order6_point_values,lagrange_scalar_point,clang,14.0.0,208,5.863e-05,281.875,0,0,1568,833,1592,0.52324120603,memory,0,0,8,unmeasured,2942162.71161,5,281.307692308,282.274038462,optimized,Intel(R) Core(TM) i7-8565U CPU @ 1.80GHz,8,4,16,unmeasured
lagrange_wedge_order6_point_gradients,lagrange_scalar_point,clang,14.0.0,208,0.000107361,516.158653846,0,0,4704,2205,4728,0.466370558376,memory,0,0,8,unmeasured,2942161.68191,5,515.269230769,530.216346154,optimized,Intel(R) Core(TM) i7-8565U CPU @ 1.80GHz,8,4,16,unmeasured
lagrange_wedge_order6_point_hessians,lagrange_scalar_point,clang,14.0.0,208,0.000246132,1183.32692308,0,0,14112,5978,14136,0.422891907187,memory,0,0,8,unmeasured,2942181.68595,5,1181.45673077,1206.25,optimized,Intel(R) Core(TM) i7-8565U CPU @ 1.80GHz,8,4,16,unmeasured
lagrange_wedge_order6_point_all,lagrange_scalar_point,clang,14.0.0,208,0.000331057,1591.62019231,0,0,20384,8330,20408,0.408173265386,memory,0,0,8,unmeasured,2942200.64049,5,1573.65384615,1608.08653846,optimized,Intel(R) Core(TM) i7-8565U CPU @ 1.80GHz,8,4,16,unmeasured
lagrange_wedge_order6_to_values,lagrange_raw_to_point,clang,14.0.0,208,6.1662e-05,296.451923077,0,0,1568,833,1592,0.52324120603,memory,0,0,8,unmeasured,2942200.61575,5,295.485576923,312.620192308,optimized,Intel(R) Core(TM) i7-8565U CPU @ 1.80GHz,8,4,16,unmeasured
lagrange_wedge_order6_to_gradients,lagrange_raw_to_point,clang,14.0.0,208,0.000110697,532.197115385,0,0,4704,2205,4728,0.466370558376,memory,0,0,8,unmeasured,2942199.58605,5,531.596153846,532.951923077,optimized,Intel(R) Core(TM) i7-8565U CPU @ 1.80GHz,8,4,16,unmeasured
lagrange_wedge_order6_to_hessians,lagrange_raw_to_point,clang,14.0.0,208,0.000192916,927.480769231,0,0,14112,5978,14136,0.422891907187,memory,0,0,8,unmeasured,2942219.59009,5,863.293269231,954.442307692,optimized,Intel(R) Core(TM) i7-8565U CPU @ 1.80GHz,8,4,16,unmeasured
lagrange_wedge_order6_to_all,lagrange_raw_to_point,clang,14.0.0,208,0.000390035,1875.16826923,0,0,20384,8330,20408,0.408173265386,memory,0,0,8,unmeasured,2942238.54463,5,1860.89903846,1897.70192308,optimized,Intel(R) Core(TM) i7-8565U CPU @ 1.80GHz,8,4,16,unmeasured
lagrange_wedge_order6_strided_values,lagrange_strided_batch,clang,14.0.0,41,3.0646e-05,747.463414634,0,0,6272,3332,6368,0.52324120603,memory,0,0,8,unmeasured,2942238.52974,5,743.317073171,815.829268293,optimized,Intel(R) Core(TM) i7-8565U CPU @ 1.80GHz,8,4,16,unmeasured
lagrange_wedge_order6_strided_gradients,lagrange_strided_batch,clang,14.0.0,41,3.7223e-05,907.87804878,0,0,18816,8820,18912,0.466370558376,memory,0,0,8,unmeasured,2942237.75479,5,906.804878049,911.853658537,optimized,Intel(R) Core(TM) i7-8565U CPU @ 1.80GHz,8,4,16,unmeasured
lagrange_wedge_order6_strided_hessians,lagrange_strided_batch,clang,14.0.0,41,0.000112397,2741.3902439,0,0,56448,23912,56544,0.422891907187,memory,0,0,8,unmeasured,2942252.41986,5,2730.43902439,2797.82926829,optimized,Intel(R) Core(TM) i7-8565U CPU @ 1.80GHz,8,4,16,unmeasured
lagrange_wedge_order6_strided_all,lagrange_strided_batch,clang,14.0.0,41,0.000156703,3822.02439024,0,0,81536,33320,81632,0.408173265386,memory,0,0,8,unmeasured,2942266.29509,5,3669.29268293,4045.75609756,optimized,Intel(R) Core(TM) i7-8565U CPU @ 1.80GHz,8,4,16,unmeasured
lagrange_wedge_order7_construction,lagrange_construction,clang,14.0.0,20,0.000581697,29084.85,2140,107,0,0,0,0,unmodeled,0,0,8,unmeasured,2971066.29509,5,28246.3,29474.85,optimized,Intel(R) Core(TM) i7-8565U CPU @ 1.80GHz,8,4,16,unmeasured
lagrange_wedge_order7_point_values,lagrange_scalar_point,clang,14.0.0,138,5.2152e-05,377.913043478,0,0,2304,1184,2328,0.508591065292,memory,0,0,8,unmeasured,2971066.28523,5,377.210144928,378.043478261,optimized,Intel(R) Core(TM) i7-8565U CPU @ 1.80GHz,8,4,16,unmeasured
lagrange_wedge_order7_point_gradients,lagrange_scalar_point,clang,14.0.0,138,9.6659e-05,700.427536232,0,0,6912,3168,6936,0.456747404844,memory,0,0,8,unmeasured,2971066.27878,5,700.173913043,730.572463768,optimized,Intel(R) Core(TM) i7-8565U CPU @ 1.80GHz,8,4,16,unmeasured
lagrange_wedge_order7_point_hessians,lagrange_scalar_point,clang,14.0.0,138,0.000232958,1688.10144928,0,0,20736,8672,20760,0.417726396917,memory,0,0,8,unmeasured,2971070.73844,5,1687.73913043,1704.36231884,optimized,Intel(R) Core(TM) i7-8565U CPU @ 1.80GHz,8,4,16,unmeasured
lagrange_wedge_order7_point_all,lagrange_scalar_point,clang,14.0.0,138,0.000314128,2276.28985507,0,0,29952,12128,29976,0.404590338938,memory,0,0,8,unmeasured,2971075.15407,5,2269.95652174,2292.22463768,optimized,Intel(R) Core(TM) i7-8565U CPU @ 1.80GHz,8,4,16,unmeasured
lagrange_wedge_order7_to_values,lagrange_raw_to_point,clang,14.0.0,138,5.211e-05,377.608695652,0,0,2304,1184,2328,0.508591065292,memory,0,0,8,unmeasured,2971075.1442,5,377.376811594,377.913043478,optimized,Intel(R) Core(TM) i7-8565U CPU @ 1.80GHz,8,4,16,unmeasured
lagrange_wedge_order7_to_gradients,lagrange_raw_to_point,clang,14.0.0,138,9.6337e-05,698.094202899,0,0,6912,3168,6936,0.456747404844,memory,0,0,8,unmeasured,2971075.13775,5,691.695652174,723.797101449,optimized,Intel(R) Core(TM) i7-8565U CPU @ 1.80GHz,8,4,16,unmeasured
lagrange_wedge_order7_to_hessians,lagrange_raw_to_point,clang,14.0.0,138,0.000205214,1487.05797101,0,0,20736,8672,20760,0.417726396917,memory,0,0,8,unmeasured,2971079.59742,5,1481.32608696,1499.1884058,optimized,Intel(R) Core(TM) i7-8565U CPU @ 1.80GHz,8,4,16,unmeasured
lagrange_wedge_order7_to_all,lagrange_raw_to_point,clang,14.0.0,138,0.000371272,2690.37681159,0,0,29952,12128,29976,0.404590338938,memory,0,0,8,unmeasured,2971084.01304,5,2677.14492754,2712.46376812,optimized,Intel(R) Core(TM) i7-8565U CPU @ 1.80GHz,8,4,16,unmeasured
lagrange_wedge_order7_strided_values,lagrange_strided_batch,clang,14.0.0,27,2.7216e-05,1008,0,0,9216,4736,9312,0.508591065292,memory,0,0,8,unmeasured,2971084.00396,5,1003.48148148,1010.62962963,optimized,Intel(R) Core(TM) i7-8565U CPU @ 1.80GHz,8,4,16,unmeasured
lagrange_wedge_order7_strided_gradients,lagrange_strided_batch,clang,14.0.0,27,3.6278e-05,1343.62962963,0,0,27648,12672,27744,0.456747404844,memory,0,0,8,unmeasured,2971084.03225,5,1330.33333333,1346.74074074,optimized,Intel(R) Core(TM) i7-8565U CPU @ 1.80GHz,8,4,16,unmeasured
lagrange_wedge_order7_strided_hessians,lagrange_strided_batch,clang,14.0.0,27,0.000105126,3893.55555556,0,0,82944,34688,83040,0.417726396917,memory,0,0,8,unmeasured,2971088.13439,5,3878.33333333,4080.7037037,optimized,Intel(R) Core(TM) i7-8565U CPU @ 1.80GHz,8,4,16,unmeasured
lagrange_wedge_order7_strided_all,lagrange_strided_batch,clang,14.0.0,27,0.000153829,5697.37037037,0,0,119808,48512,119904,0.404590338938,memory,0,0,8,unmeasured,2971092.25574,5,5678.66666667,5806.92592593,optimized,Intel(R) Core(TM) i7-8565U CPU @ 1.80GHz,8,4,16,unmeasured
lagrange_wedge_order8_construction,lagrange_construction,clang,14.0.0,20,0.000762059,38102.95,2660,133,0,0,0,0,unmodeled,0,0,8,unmeasured,3011592.25574,5,38012.4,39151.2,optimized,Intel(R) Core(TM) i7-8565U CPU @ 1.80GHz,8,4,16,unmeasured
lagrange_wedge_order8_point_values,lagrange_scalar_point,clang,14.0.0,100,4.943e-05,494.3,0,0,3240,1620,3264,0.496323529412,memory,0,0,8,unmeasured,3011592.25527,5,494.12,494.6,optimized,Intel(R) Core(TM) i7-8565U CPU @ 1.80GHz,8,4,16,unmeasured
lagrange_wedge_order8_point_gradients,lagrange_scalar_point,clang,14.0.0,100,9.4058e-05,940.58,0,0,9720,4374,9744,0.448891625616,memory,0,0,8,unmeasured,3011592.29489,5,939.16,972.99,optimized,Intel(R) Core(TM) i7-8565U CPU @ 1.80GHz,8,4,16,unmeasured
lagrange_wedge_order8_point_hessians,lagrange_scalar_point,clang,14.0.0,100,0.000231024,2310.24,0,0,29160,12069,29184,0.413548519737,memory,0,0,8,unmeasured,3011592.13935,5,2271.57,2432.95,optimized,Intel(R) Core(TM) i7-8565U CPU @ 1.80GHz,8,4,16,unmeasured
lagrange_wedge_order8_point_all,lagrange_scalar_point,clang,14.0.0,100,0.000315081,3150.81,0,0,42120,16929,42144,0.401694191344,memory,0,0,8,unmeasured,3011592.02097,5,3133.15,3186.01,optimized,Intel(R) Core(TM) i7-8565U CPU @ 1.80GHz,8,4,16,unmeasured
lagrange_wedge_order8_to_values,lagrange_raw_to_point,clang,14.0.0,100,5.0121e-05,501.21,0,0,3240,1620,3264,0.496323529412,memory,0,0,8,unmeasured,3011592.02051,5,500.82,501.89,optimized,Intel(R) Core(TM) i7-8565U CPU @ 1.80GHz,8,4,16,unmeasured
lagrange_wedge_order8_to_gradients,lagrange_raw_to_point,clang,14.0.0,100,9.45e-05,945,0,0,9720,4374,9744,0.448891625616,memory,0,0,8,unmeasured,3011592.06012,5,944.25,973.45,optimized,Intel(R) Core(TM) i7-8565U CPU @ 1.80GHz,8,4,16,unmeasured
lagrange_wedge_order8_to_hessians,lagrange_raw_to_point,clang,14.0.0,100,0.000222992,2229.92,0,0,29160,12069,29184,0.413548519737,memory,0,0,8,unmeasured,3011591.90458,5,2226.93,2260.18,optimized,Intel(R) Core(TM) i7-8565U CPU @ 1.80GHz,8,4,16,unmeasured
lagrange_wedge_order8_to_all,lagrange_raw_to_point,clang,14.0.0,100,0.000371737,3717.37,0,0,42120,16929,42144,0.401694191344,memory,0,0,8,unmeasured,3011591.78621,5,3705.67,3742.55,optimized,Intel(R) Core(TM) i7-8565U CPU @ 1.80GHz,8,4,16,unmeasured
lagrange_wedge_order8_strided_values,lagrange_strided_batch,clang,14.0.0,20,2.6043e-05,1302.15,0,0,12960,6480,13056,0.496323529412,memory,0,0,8,unmeasured,3011591.78555,5,1297.55,1305.65,optimized,Intel(R) Core(TM) i7-8565U CPU @ 1.80GHz,8,4,16,unmeasured
lagrange_wedge_order8_strided_gradients,lagrange_strided_batch,clang,14.0.0,20,3.8902e-05,1945.1,0,0,38880,17496,38976,0.448891625616,memory,0,0,8,unmeasured,3011591.81306,5,1940.25,1959.1,optimized,Intel(R) Core(TM) i7-8565U CPU @ 1.80GHz,8,4,16,unmeasured
lagrange_wedge_order8_strided_hessians,lagrange_strided_batch,clang,14.0.0,20,9.9111e-05,4955.55,0,0,116640,48276,116736,0.413548519737,memory,0,0,8,unmeasured,3011591.84088,5,4946.25,4957.75,optimized,Intel(R) Core(TM) i7-8565U CPU @ 1.80GHz,8,4,16,unmeasured
lagrange_wedge_order8_strided_all,lagrange_strided_batch,clang,14.0.0,20,0.000157659,7882.95,0,0,168480,67716,168576,0.401694191344,memory,0,0,8,unmeasured,3011591.89555,5,7871.55,8064.55,optimized,Intel(R) Core(TM) i7-8565U CPU @ 1.80GHz,8,4,16,unmeasured
lagrange_pyramid_order0_construction,lagrange_construction,clang,14.0.0,20,3.581e-06,179.05,20,1,0,0,0,0,unmodeled,0,0,8,unmeasured,3011691.89555,5,131.35,952.2,optimized,Intel(R) Core(TM) i7-8565U CPU @ 1.80GHz,8,4,16,unmeasured
lagrange_pyramid_order0_point_values,lagrange_scalar_point,clang,14.0.0,5000,0.000274314,54.8628,0,0,8,8,32,0.25,memory,0,0,8,unmeasured,3036716.89555,5,50.974,55.3268,optimized,Intel(R) Core(TM) i7-8565U CPU @ 1.80GHz,8,4,16,unmeasured
lagrange_pyramid_order0_point_gradients,lagrange_scalar_point,clang,14.0.0,5000,0.000289631,57.9262,0,0,24,24,48,0.5,memory,0,0,8,unmeasured,3036716.89555,5,57.258,58.7332,optimized,Intel(R) Core(TM) i7-8565U CPU @ 1.80GHz,8,4,16,unmeasured
lagrange_pyramid_order0_point_hessians,lagrange_scalar_point,clang,14.0.0,5000,0.00033174,66.348,0,0,72,72,96,0.75,memory,0,0,8,unmeasured,3036716.89555,5,62.0502,72.9296,optimized,Intel(R) Core(TM) i7-8565U CPU @ 1.80GHz,8,4,16,unmeasured
lagrange_pyramid_order0_point_all,lagrange_scalar_point,clang,14.0.0,5000,0.000368207,73.6414,0,0,104,104,128,0.8125,memory,0,0,8,unmeasured,3061741.89555,5,70.4952,83.8684,optimized,Intel(R) Core(TM) i7-8565U CPU @ 1.80GHz,8,4,16,unmeasured
lagrange_pyramid_order0_to_values,lagrange_raw_to_point,clang,14.0.0,5000,0.000286405,57.281,0,0,8,8,32,0.25,memory,0,0,8,unmeasured,3086766.89555,5,56.591,57.81,optimized,Intel(R) Core(TM) i7-8565U CPU @ 1.80GHz,8,4,16,unmeasured
lagrange_pyramid_order0_to_gradients,lagrange_raw_to_point,clang,14.0.0,5000,0.000318206,63.6412,0,0,24,24,48,0.5,memory,0,0,8,unmeasured,3086766.89555,5,63.1472,64.4052,optimized,Intel(R) Core(TM) i7-8565U CPU @ 1.80GHz,8,4,16,unmeasured
lagrange_pyramid_order0_to_hessians,lagrange_raw_to_point,clang,14.0.0,5000,0.000313014,62.6028,0,0,72,72,96,0.75,memory,0,0,8,unmeasured,3086766.89555,5,62.4582,80.181,optimized,Intel(R) Core(TM) i7-8565U CPU @ 1.80GHz,8,4,16,unmeasured
lagrange_pyramid_order0_to_all,lagrange_raw_to_point,clang,14.0.0,5000,0.000937294,187.4588,0,0,104,104,128,0.8125,memory,0,0,8,unmeasured,3111791.89555,5,187.181,190.03,optimized,Intel(R) Core(TM) i7-8565U CPU @ 1.80GHz,8,4,16,unmeasured
lagrange_pyramid_order0_strided_values,lagrange_strided_batch,clang,14.0.0,1000,0.00024607,246.07,0,0,32,32,128,0.25,memory,0,0,8,unmeasured,3116801.89555,5,238.386,255.375,optimized,Intel(R) Core(TM) i7-8565U CPU @ 1.80GHz,8,4,16,unmeasured
lagrange_pyramid_order0_strided_gradients,lagrange_strided_batch,clang,14.0.0,1000,0.000286548,286.548,0,0,96,96,192,0.5,memory,0,0,8,unmeasured,3116801.89555,5,278.78,312.813,optimized,Intel(R) Core(TM) i7-8565U CPU @ 1.80GHz,8,4,16,unmeasured
lagrange_pyramid_order0_strided_hessians,lagrange_strided_batch,clang,14.0.0,1000,0.000372451,372.451,0,0,288,288,384,0.75,memory,0,0,8,unmeasured,3116801.89555,5,369.642,391.795,optimized,Intel(R) Core(TM) i7-8565U CPU @ 1.80GHz,8,4,16,unmeasured
lagrange_pyramid_order0_strided_all,lagrange_strided_batch,clang,14.0.0,1000,0.00047129,471.29,0,0,416,416,512,0.8125,memory,0,0,8,unmeasured,3121811.89555,5,471.047,478.502,optimized,Intel(R) Core(TM) i7-8565U CPU @ 1.80GHz,8,4,16,unmeasured
lagrange_pyramid_order1_construction,lagrange_construction,clang,14.0.0,20,3.644e-06,182.2,20,1,0,0,0,0,unmodeled,0,0,8,unmeasured,3122311.89555,5,179,2798.9,optimized,Intel(R) Core(TM) i7-8565U CPU @ 1.80GHz,8,4,16,unmeasured
lagrange_pyramid_order1_point_values,lagrange_scalar_point,clang,14.0.0,5000,0.000357256,71.4512,0,0,40,72,64,1.125,memory,0,0,8,unmeasured,3126884.29461,5,71.1526,72.546,optimized,Intel(R) Core(TM) i7-8565U CPU @ 1.80GHz,8,4,16,unmeasured
lagrange_pyramid_order1_point_gradients,lagrange_scalar_point,clang,14.0.0,5000,0.000558142,111.6284,0,0,120,216,144,1.5,memory,0,0,8,unmeasured,3120566.48734,5,107.8574,120.1472,optimized,Intel(R) Core(TM) i7-8565U CPU @ 1.80GHz,8,4,16,unmeasured
lagrange_pyramid_order1_point_hessians,lagrange_scalar_point,clang,14.0.0,5000,0.000648509,129.7018,0,0,360,648,384,1.6875,memory,0,0,8,unmeasured,3120566.48734,5,128.4474,134.0444,optimized,Intel(R) Core(TM) i7-8565U CPU @ 1.80GHz,8,4,16,unmeasured
lagrange_pyramid_order1_point_all,lagrange_scalar_point,clang,14.0.0,5000,0.000867157,173.4314,0,0,520,936,544,1.72058823529,memory,0,0,8,unmeasured,3118820.83401,5,172.964,175.1088,optimized,Intel(R) Core(TM) i7-8565U CPU @ 1.80GHz,8,4,16,unmeasured
lagrange_pyramid_order1_to_values,lagrange_raw_to_point,clang,14.0.0,5000,0.000375302,75.0604,0,0,40,72,64,1.125,memory,0,0,8,unmeasured,3123393.23307,5,74.5846,76.1666,optimized,Intel(R) Core(TM) i7-8565U CPU @ 1.80GHz,8,4,16,unmeasured
lagrange_pyramid_order1_to_gradients,lagrange_raw_to_point,clang,14.0.0,5000,0.00055513,111.026,0,0,120,216,144,1.5,memory,0,0,8,unmeasured,3117075.42581,5,110.506,117.2944,optimized,Intel(R) Core(TM) i7-8565U CPU @ 1.80GHz,8,4,16,unmeasured
lagrange_pyramid_order1_to_hessians,lagrange_raw_to_point,clang,14.0.0,5000,0.000684997,136.9994,0,0,360,648,384,1.6875,memory,0,0,8,unmeasured,3117075.42581,5,135.2666,140.0478,optimized,Intel(R) Core(TM) i7-8565U CPU @ 1.80GHz,8,4,16,unmeasured
lagrange_pyramid_order1_to_all,lagrange_raw_to_point,clang,14.0.0,5000,0.001635963,327.1926,0,0,520,936,544,1.72058823529,memory,0,0,8,unmeasured,3115329.77247,5,326.9766,353.6224,optimized,Intel(R) Core(TM) i7-8565U CPU @ 1.80GHz,8,4,16,unmeasured
lagrange_pyramid_order1_strided_values,lagrange_strided_batch,clang,14.0.0,1000,0.000107059,107.059,0,0,160,288,256,1.125,memory,0,0,8,unmeasured,3117330.2933,5,106.687,107.157,optimized,Intel(R) Core(TM) i7-8565U CPU @ 1.80GHz,8,4,16,unmeasured
lagrange_pyramid_order1_strided_gradients,lagrange_strided_batch,clang,14.0.0,1000,0.00014998,149.98,0,0,480,864,576,1.5,memory,0,0,8,unmeasured,3115729.87663,5,145.715,171.434,optimized,Intel(R) Core(TM) i7-8565U CPU @ 1.80GHz,8,4,16,unmeasured
lagrange_pyramid_order1_strided_hessians,lagrange_strided_batch,clang,14.0.0,1000,0.000244282,244.282,0,0,1440,2592,1536,1.6875,memory,0,0,8,unmeasured,3115729.87663,5,243.279,251.419,optimized,Intel(R) Core(TM) i7-8565U CPU @ 1.80GHz,8,4,16,unmeasured
lagrange_pyramid_order1_strided_all,lagrange_strided_batch,clang,14.0.0,1000,0.000349061,349.061,0,0,2080,3744,2176,1.72058823529,memory,0,0,8,unmeasured,3116129.9808,5,348.44,354.882,optimized,Intel(R) Core(TM) i7-8565U CPU @ 1.80GHz,8,4,16,unmeasured
lagrange_pyramid_order2_construction,lagrange_construction,clang,14.0.0,20,3.898e-06,194.9,20,1,0,0,0,0,unmodeled,0,0,8,unmeasured,3117529.9808,5,189.6,366.05,optimized,Intel(R) Core(TM) i7-8565U CPU @ 1.80GHz,8,4,16,unmeasured
lagrange_pyramid_order2_point_values,lagrange_scalar_point,clang,14.0.0,5000,0.00055448,110.896,0,0,112,308,136,2.26470588235,memory,0,0,8,unmeasured,3116701.28703,5,109.2576,116.1492,optimized,Intel(R) Core(TM) i7-8565U CPU @ 1.80GHz,8,4,16,unmeasured
lagrange_pyramid_order2_point_gradients,lagrange_scalar_point,clang,14.0.0,5000,0.001129626,225.9252,0,0,336,924,360,2.56666666667,memory,0,0,8,unmeasured,3117992.72541,5,225.1758,227.4122,optimized,Intel(R) Core(TM) i7-8565U CPU @ 1.80GHz,8,4,16,unmeasured
lagrange_pyramid_order2_point_hessians,lagrange_scalar_point,clang,14.0.0,5000,0.001462874,292.5748,0,0,1008,2772,1032,2.68604651163,memory,0,0,8,unmeasured,3119024.60895,5,290.97,293.4764,optimized,Intel(R) Core(TM) i7-8565U CPU @ 1.80GHz,8,4,16,unmeasured
lagrange_pyramid_order2_point_all,lagrange_scalar_point,clang,14.0.0,5000,0.002106951,421.3902,0,0,1456,4004,1480,2.70540540541,memory,0,0,8,unmeasured,3120519.3419,5,421.3414,433.0732,optimized,Intel(R) Core(TM) i7-8565U CPU @ 1.80GHz,8,4,16,unmeasured
lagrange_pyramid_order2_to_values,lagrange_raw_to_point,clang,14.0.0,5000,0.000556057,111.2114,0,0,112,308,136,2.26470588235,memory,0,0,8,unmeasured,3119690.64813,5,110.6512,111.9502,optimized,Intel(R) Core(TM) i7-8565U CPU @ 1.80GHz,8,4,16,unmeasured
lagrange_pyramid_order2_to_gradients,lagrange_raw_to_point,clang,14.0.0,5000,0.001139526,227.9052,0,0,336,924,360,2.56666666667,memory,0,0,8,unmeasured,3120982.08651,5,225.9286,230.9528,optimized,Intel(R) Core(TM) i7-8565U CPU @ 1.80GHz,8,4,16,unmeasured
lagrange_pyramid_order2_to_hessians,lagrange_raw_to_point,clang,14.0.0,5000,0.001510685,302.137,0,0,1008,2772,1032,2.68604651163,memory,0,0,8,unmeasured,3122013.97005,5,301.2822,304.3462,optimized,Intel(R) Core(TM) i7-8565U CPU @ 1.80GHz,8,4,16,unmeasured
lagrange_pyramid_order2_to_all,lagrange_raw_to_point,clang,14.0.0,5000,0.003323832,664.7664,0,0,1456,4004,1480,2.70540540541,memory,0,0,8,unmeasured,3123508.703,5,663.3568,690.995,optimized,Intel(R) Core(TM) i7-8565U CPU @ 1.80GHz,8,4,16,unmeasured
lagrange_pyramid_order2_strided_values,lagrange_strided_batch,clang,14.0.0,1000,0.000185509,185.509,0,0,448,1232,544,2.26470588235,memory,0,0,8,unmeasured,3123503.146,5,184.622,185.811,optimized,Intel(R) Core(TM) i7-8565U CPU @ 1.80GHz,8,4,16,unmeasured
lagrange_pyramid_order2_strided_gradients,lagrange_strided_batch,clang,14.0.0,1000,0.000310415,310.415,0,0,1344,3696,1440,2.56666666667,memory,0,0,8,unmeasured,3122951.89137,5,310.151,315.546,optimized,Intel(R) Core(TM) i7-8565U CPU @ 1.80GHz,8,4,16,unmeasured
lagrange_pyramid_order2_strided_hessians,lagrange_strided_batch,clang,14.0.0,1000,0.000725377,725.377,0,0,4032,11088,4128,2.68604651163,memory,0,0,8,unmeasured,3123841.01174,5,701.372,740.175,optimized,Intel(R) Core(TM) i7-8565U CPU @ 1.80GHz,8,4,16,unmeasured
lagrange_pyramid_order2_strided_all,lagrange_strided_batch,clang,14.0.0,1000,0.001033493,1033.493,0,0,5824,16016,5920,2.70540540541,memory,0,0,8,unmeasured,3124173.32048,5,1020.142,1039.707,optimized,Intel(R) Core(TM) i7-8565U CPU @ 1.80GHz,8,4,16,unmeasured
lagrange_pyramid_order3_construction,lagrange_construction,clang,14.0.0,20,4.14e-06,207,20,1,0,0,0,0,unmodeled,0,0,8,unmeasured,3127173.32048,5,205.6,45147,optimized,Intel(R) Core(TM) i7-8565U CPU @ 1.80GHz,8,4,16,unmeasured
lagrange_pyramid_order3_point_values,lagrange_scalar_point,clang,14.0.0,1666,0.001260325,756.49759904,0,0,240,2220,264,8.40909090909,compute,0,0,8,unmeasured,3127173.57443,5,732.444777911,764.170468187,optimized,Intel(R) Core(TM) i7-8565U CPU @ 1.80GHz,8,4,16,unmeasured
lagrange_pyramid_order3_point_gradients,lagrange_scalar_point,clang,14.0.0,1666,0.002192122,1315.79951981,0,0,720,6660,744,8.95161290323,compute,0,0,8,unmeasured,3126980.42158,5,1311.12484994,1317.0240096,optimized,Intel(R) Core(TM) i7-8565U CPU @ 1.80GHz,8,4,16,unmeasured
lagrange_pyramid_order3_point_hessians,lagrange_scalar_point,clang,14.0.0,1666,0.004276991,2567.2214886,0,0,2160,19980,2184,9.14835164835,compute,0,0,8,unmeasured,3127383.2691,5,2562.69807923,2633.15246098,optimized,Intel(R) Core(TM) i7-8565U CPU @ 1.80GHz,8,4,16,unmeasured
lagrange_pyramid_order3_point_all,lagrange_scalar_point,clang,14.0.0,1666,0.004890177,2935.28031212,0,0,3120,28860,3144,9.17938931298,compute,0,0,8,unmeasured,3127593.17044,5,2881.08523409,2950.29111645,optimized,Intel(R) Core(TM) i7-8565U CPU @ 1.80GHz,8,4,16,unmeasured
lagrange_pyramid_order3_to_values,lagrange_raw_to_point,clang,14.0.0,1666,0.001203071,722.131452581,0,0,240,2220,264,8.40909090909,compute,0,0,8,unmeasured,3127593.42439,5,721.144057623,782.009003601,optimized,Intel(R) Core(TM) i7-8565U CPU @ 1.80GHz,8,4,16,unmeasured
lagrange_pyramid_order3_to_gradients,lagrange_raw_to_point,clang,14.0.0,1666,0.002090805,1254.984994,0,0,720,6660,744,8.95161290323,compute,0,0,8,unmeasured,3127400.27155,5,1253.32593037,1274.47839136,optimized,Intel(R) Core(TM) i7-8565U CPU @ 1.80GHz,8,4,16,unmeasured
lagrange_pyramid_order3_to_hessians,lagrange_raw_to_point,clang,14.0.0,1666,0.004318372,2592.06002401,0,0,2160,19980,2184,9.14835164835,compute,0,0,8,unmeasured,3127803.11907,5,2562.96578631,2609.98859544,optimized,Intel(R) Core(TM) i7-8565U CPU @ 1.80GHz,8,4,16,unmeasured
lagrange_pyramid_order3_to_all,lagrange_raw_to_point,clang,14.0.0,1666,0.007712362,4629.26890756,0,0,3120,28860,3144,9.17938931298,compute,0,0,8,unmeasured,3128013.02041,5,4587.29051621,4743.87695078,optimized,Intel(R) Core(TM) i7-8565U CPU @ 1.80GHz,8,4,16,unmeasured
lagrange_pyramid_order3_strided_values,lagrange_strided_batch,clang,14.0.0,333,0.001111343,3337.36636637,0,0,960,8880,1056,8.40909090909,compute,0,0,8,unmeasured,3127981.62296,5,3217.07807808,3402.19219219,optimized,Intel(R) Core(TM) i7-8565U CPU @ 1.80GHz,8,4,16,unmeasured
lagrange_pyramid_order3_strided_gradients,lagrange_strided_batch,clang,14.0.0,333,0.003169924,9519.29129129,0,0,2880,26640,2976,8.95161290323,compute,0,0,8,unmeasured,3128055.07483,5,9476.13813814,9555.39039039,optimized,Intel(R) Core(TM) i7-8565U CPU @ 1.80GHz,8,4,16,unmeasured
lagrange_pyramid_order3_strided_hessians,lagrange_strided_batch,clang,14.0.0,333,0.008986116,26985.3333333,0,0,8640,79920,8736,9.14835164835,compute,0,0,8,unmeasured,3127920.26241,5,26845.6066066,27653.9399399,optimized,Intel(R) Core(TM) i7-8565U CPU @ 1.80GHz,8,4,16,unmeasured
lagrange_pyramid_order3_strided_all,lagrange_strided_batch,clang,14.0.0,333,0.012822808,38506.9309309,0,0,12480,115440,12576,9.17938931298,compute,0,0,8,unmeasured,3127827.50441,5,38458.3483483,38895.5045045,optimized,Intel(R) Core(TM) i7-8565U CPU @ 1.80GHz,8,4,16,unmeasured
lagrange_pyramid_order4_construction,lagrange_construction,clang,14.0.0,20,4.142e-06,207.1,20,1,0,0,0,0,unmodeled,0,0,8,unmeasured,3133327.50441,5,205.1,188661.85,optimized,Intel(R) Core(TM) i7-8565U CPU @ 1.80GHz,8,4,16,unmeasured
lagrange_pyramid_order4_point_values,lagrange_scalar_point,clang,14.0.0,833,0.002234388,2682.33853541,0,0,440,7040,464,15.1724137931,compute,0,0,8,unmeasured,3133319.07033,5,2641.31572629,2741.4789916,optimized,Intel(R) Core(TM) i7-8565U CPU @ 1.80GHz,8,4,16,unmeasured
lagrange_pyramid_order4_point_gradients,lagrange_scalar_point,clang,14.0.0,833,0.003255795,3908.51740696,0,0,1320,21120,1344,15.7142857143,compute,0,0,8,unmeasured,3133401.2176,5,3880.4057623,4136.49459784,optimized,Intel(R) Core(TM) i7-8565U CPU @ 1.80GHz,8,4,16,unmeasured
lagrange_pyramid_order4_point_hessians,lagrange_scalar_point,clang,14.0.0,833,0.006656487,7990.98079232,0,0,3960,63360,3984,15.9036144578,compute,0,0,8,unmeasured,3133033.22513,5,7912.97478992,8208.03481393,optimized,Intel(R) Core(TM) i7-8565U CPU @ 1.80GHz,8,4,16,unmeasured
lagrange_pyramid_order4_point_all,lagrange_scalar_point,clang,14.0.0,833,0.007435052,8925.63265306,0,0,5720,91520,5744,15.9331476323,compute,0,0,8,unmeasured,3132738.65937,5,8631.4909964,8947.10684274,optimized,Intel(R) Core(TM) i7-8565U CPU @ 1.80GHz,8,4,16,unmeasured
lagrange_pyramid_order4_to_values,lagrange_raw_to_point,clang,14.0.0,833,0.002224164,2670.06482593,0,0,440,7040,464,15.1724137931,compute,0,0,8,unmeasured,3132730.22529,5,2555.54861945,2718.79831933,optimized,Intel(R) Core(TM) i7-8565U CPU @ 1.80GHz,8,4,16,unmeasured
lagrange_pyramid_order4_to_gradients,lagrange_raw_to_point,clang,14.0.0,833,0.003154282,3786.65306122,0,0,1320,21120,1344,15.7142857143,compute,0,0,8,unmeasured,3132812.37255,5,3781.49939976,3861.61464586,optimized,Intel(R) Core(TM) i7-8565U CPU @ 1.80GHz,8,4,16,unmeasured
lagrange_pyramid_order4_to_hessians,lagrange_raw_to_point,clang,14.0.0,833,0.006613568,7939.45738295,0,0,3960,63360,3984,15.9036144578,compute,0,0,8,unmeasured,3132444.38009,5,7899.06482593,8049.22689076,optimized,Intel(R) Core(TM) i7-8565U CPU @ 1.80GHz,8,4,16,unmeasured
lagrange_pyramid_order4_to_all,lagrange_raw_to_point,clang,14.0.0,833,0.011973225,14373.6194478,0,0,5720,91520,5744,15.9331476323,compute,0,0,8,unmeasured,3132149.81432,5,14355.6746699,14838.8007203,optimized,Intel(R) Core(TM) i7-8565U CPU @ 1.80GHz,8,4,16,unmeasured
lagrange_pyramid_order4_strided_values,lagrange_strided_batch,clang,14.0.0,166,0.001872024,11277.253012,0,0,1760,28160,1856,15.1724137931,compute,0,0,8,unmeasured,3132144.69725,5,11075.0662651,11418.7951807,optimized,Intel(R) Core(TM) i7-8565U CPU @ 1.80GHz,8,4,16,unmeasured
lagrange_pyramid_order4_strided_gradients,lagrange_strided_batch,clang,14.0.0,166,0.006022372,36279.3493976,0,0,5280,84480,5376,15.7142857143,compute,0,0,8,unmeasured,3132149.17816,5,36259.5120482,36354.8012048,optimized,Intel(R) Core(TM) i7-8565U CPU @ 1.80GHz,8,4,16,unmeasured
lagrange_pyramid_order4_strided_hessians,lagrange_strided_batch,clang,14.0.0,166,0.015510727,93438.1144578,0,0,15840,253440,15936,15.9036144578,compute,0,0,8,unmeasured,3132114.38808,5,92338.6204819,95865.0240964,optimized,Intel(R) Core(TM) i7-8565U CPU @ 1.80GHz,8,4,16,unmeasured
lagrange_pyramid_order4_strided_all,lagrange_strided_batch,clang,14.0.0,166,0.02288359,137852.951807,0,0,22880,366080,22976,15.9331476323,compute,0,0,8,unmeasured,3132078.96183,5,136363.614458,140079.560241,optimized,Intel(R) Core(TM) i7-8565U CPU @ 1.80GHz,8,4,16,unmeasured
lagrange_pyramid_order5_construction,lagrange_construction,clang,14.0.0,20,4.394e-06,219.7,20,1,0,0,0,0,unmodeled,0,0,8,unmeasured,3141178.96183,5,218.9,408.75,optimized,Intel(R) Core(TM) i7-8565U CPU @ 1.80GHz,8,4,16,unmeasured
lagrange_pyramid_order5_point_values,lagrange_scalar_point,clang,14.0.0,454,0.0035192,7751.54185022,0,0,728,18564,752,24.6861702128,compute,0,0,8,unmeasured,3141176.8348,5,7691.36123348,7915.87665198,optimized,Intel(R) Core(TM) i7-8565U CPU @ 1.80GHz,8,4,16,unmeasured
lagrange_pyramid_order5_point_gradients,lagrange_scalar_point,clang,14.0.0,454,0.004856305,10696.7070485,0,0,2184,55692,2208,25.222826087,compute,0,0,8,unmeasured,3141158.81835,5,10662.746696,10892.9735683,optimized,Intel(R) Core(TM) i7-8565U CPU @ 1.80GHz,8,4,16,unmeasured
lagrange_pyramid_order5_point_hessians,lagrange_scalar_point,clang,14.0.0,454,0.009725045,21420.8039648,0,0,6552,167076,6576,25.4069343066,compute,0,0,8,unmeasured,3141314.47755,5,21095.4801762,21520.2621145,optimized,Intel(R) Core(TM) i7-8565U CPU @ 1.80GHz,8,4,16,unmeasured
lagrange_pyramid_order5_point_all,lagrange_scalar_point,clang,14.0.0,454,0.010615311,23381.7422907,0,0,9464,241332,9488,25.4354974705,compute,0,0,8,unmeasured,3141449.92851,5,23294.0506608,23473.1475771,optimized,Intel(R) Core(TM) i7-8565U CPU @ 1.80GHz,8,4,16,unmeasured
lagrange_pyramid_order5_to_values,lagrange_raw_to_point,clang,14.0.0,454,0.003504174,7718.44493392,0,0,728,18564,752,24.6861702128,compute,0,0,8,unmeasured,3141447.80148,5,7671.26211454,7993.48678414,optimized,Intel(R) Core(TM) i7-8565U CPU @ 1.80GHz,8,4,16,unmeasured
lagrange_pyramid_order5_to_gradients,lagrange_raw_to_point,clang,14.0.0,454,0.00476994,10506.4757709,0,0,2184,55692,2208,25.222826087,compute,0,0,8,unmeasured,3141429.78503,5,10455.5374449,10563.6938326,optimized,Intel(R) Core(TM) i7-8565U CPU @ 1.80GHz,8,4,16,unmeasured
lagrange_pyramid_order5_to_hessians,lagrange_raw_to_point,clang,14.0.0,454,0.009472783,20865.160793,0,0,6552,167076,6576,25.4069343066,compute,0,0,8,unmeasured,3141585.44423,5,20587.6211454,21338.4273128,optimized,Intel(R) Core(TM) i7-8565U CPU @ 1.80GHz,8,4,16,unmeasured
lagrange_pyramid_order5_to_all,lagrange_raw_to_point,clang,14.0.0,454,0.017705228,38998.2995595,0,0,9464,241332,9488,25.4354974705,compute,0,0,8,unmeasured,3141720.89518,5,38494.0704846,39925.1365639,optimized,Intel(R) Core(TM) i7-8565U CPU @ 1.80GHz,8,4,16,unmeasured
lagrange_pyramid_order5_strided_values,lagrange_strided_batch,clang,14.0.0,90,0.00259205,28800.5555556,0,0,2912,74256,3008,24.6861702128,compute,0,0,8,unmeasured,3141719.19317,5,28252.6555556,29209.0666667,optimized,Intel(R) Core(TM) i7-8565U CPU @ 1.80GHz,8,4,16,unmeasured
lagrange_pyramid_order5_strided_gradients,lagrange_strided_batch,clang,14.0.0,90,0.008581682,95352.0222222,0,0,8736,222768,8832,25.222826087,compute,0,0,8,unmeasured,3141718.70763,5,94421.5888889,96149.2444444,optimized,Intel(R) Core(TM) i7-8565U CPU @ 1.80GHz,8,4,16,unmeasured
lagrange_pyramid_order5_strided_hessians,lagrange_strided_batch,clang,14.0.0,90,0.022090509,245450.1,0,0,26208,668304,26304,25.4069343066,compute,0,0,8,unmeasured,3141739.16942,5,241611.422222,248835.6,optimized,Intel(R) Core(TM) i7-8565U CPU @ 1.80GHz,8,4,16,unmeasured
lagrange_pyramid_order5_strided_all,lagrange_strided_batch,clang,14.0.0,90,0.032486722,360963.577778,0,0,37856,965328,37952,25.4354974705,compute,0,0,8,unmeasured,3141757.44365,5,359408.611111,364883.388889,optimized,Intel(R) Core(TM) i7-8565U CPU @ 1.80GHz,8,4,16,unmeasured
lagrange_pyramid_order6_construction,lagrange_construction,clang,14.0.0,20,4.596e-06,229.8,20,1,0,0,0,0,unmodeled,0,0,8,unmeasured,3155757.44365,5,228.7,2695638.95,optimized,Intel(R) Core(TM) i7-8565U CPU @ 1.80GHz,8,4,16,unmeasured
lagrange_pyramid_order6_point_values,lagrange_scalar_point,clang,14.0.0,294,0.006445993,21925.1462585,0,0,1120,42840,1144,37.4475524476,compute,0,0,8,unmeasured,3155757.48913,5,21785.6462585,22608.9183673,optimized,Intel(R) Core(TM) i7-8565U CPU @ 1.80GHz,8,4,16,unmeasured
lagrange_pyramid_order6_point_gradients,lagrange_scalar_point,clang,14.0.0,294,0.007591332,25820.8571429,0,0,3360,128520,3384,37.9787234043,compute,0,0,8,unmeasured,3155762.25849,5,25429.1088435,26375.9081633,optimized,Intel(R) Core(TM) i7-8565U CPU @ 1.80GHz,8,4,16,unmeasured
lagrange_pyramid_order6_point_hessians,lagrange_scalar_point,clang,14.0.0,294,0.014533886,49434.9863946,0,0,10080,385560,10104,38.1591448931,compute,0,0,8,unmeasured,3155702.8986,5,48945.5136054,50078.9557823,optimized,Intel(R) Core(TM) i7-8565U CPU @ 1.80GHz,8,4,16,unmeasured
lagrange_pyramid_order6_point_all,lagrange_scalar_point,clang,14.0.0,294,0.015545378,52875.4353741,0,0,14560,556920,14584,38.1870543061,compute,0,0,8,unmeasured,3155648.35238,5,51989.8401361,53433.3401361,optimized,Intel(R) Core(TM) i7-8565U CPU @ 1.80GHz,8,4,16,unmeasured
lagrange_pyramid_order6_to_values,lagrange_raw_to_point,clang,14.0.0,294,0.005814236,19776.3129252,0,0,1120,42840,1144,37.4475524476,compute,0,0,8,unmeasured,3155648.39787,5,19219.792517,20922.7721088,optimized,Intel(R) Core(TM) i7-8565U CPU @ 1.80GHz,8,4,16,unmeasured
lagrange_pyramid_order6_to_gradients,lagrange_raw_to_point,clang,14.0.0,294,0.007195881,24475.7857143,0,0,3360,128520,3384,37.9787234043,compute,0,0,8,unmeasured,3155653.16722,5,23678.8061224,25086.9489796,optimized,Intel(R) Core(TM) i7-8565U CPU @ 1.80GHz,8,4,16,unmeasured
lagrange_pyramid_order6_to_hessians,lagrange_raw_to_point,clang,14.0.0,294,0.014787526,50297.707483,0,0,10080,385560,10104,38.1591448931,compute,0,0,8,unmeasured,3155593.80734,5,49072.7823129,54049.3265306,optimized,Intel(R) Core(TM) i7-8565U CPU @ 1.80GHz,8,4,16,unmeasured
lagrange_pyramid_order6_to_all,lagrange_raw_to_point,clang,14.0.0,294,0.029133589,99093.8401361,0,0,14560,556920,14584,38.1870543061,compute,0,0,8,unmeasured,3155539.26112,5,98637.1836735,101047.506803,optimized,Intel(R) Core(TM) i7-8565U CPU @ 1.80GHz,8,4,16,unmeasured
lagrange_pyramid_order6_strided_values,lagrange_strided_batch,clang,14.0.0,58,0.003940183,67934.1896552,0,0,4480,171360,4576,37.4475524476,compute,0,0,8,unmeasured,3155538.74928,5,65964.3103448,68523.3275862,optimized,Intel(R) Core(TM) i7-8565U CPU @ 1.80GHz,8,4,16,unmeasured
lagrange_pyramid_order6_strided_gradients,lagrange_strided_batch,clang,14.0.0,58,0.012795308,220608.758621,0,0,13440,514080,13536,37.9787234043,compute,0,0,8,unmeasured,3155539.00198,5,218905.844828,223632.448276,optimized,Intel(R) Core(TM) i7-8565U CPU @ 1.80GHz,8,4,16,unmeasured
lagrange_pyramid_order6_strided_hessians,lagrange_strided_batch,clang,14.0.0,58,0.033282616,573838.206897,0,0,40320,1542240,40416,38.1591448931,compute,0,0,8,unmeasured,3155543.68203,5,561337.741379,642000.655172,optimized,Intel(R) Core(TM) i7-8565U CPU @ 1.80GHz,8,4,16,unmeasured
lagrange_pyramid_order6_strided_all,lagrange_strided_batch,clang,14.0.0,58,0.048716527,839940.12069,0,0,58240,2227680,58336,38.1870543061,compute,0,0,8,unmeasured,3155548.10294,5,835042.586207,860091.655172,optimized,Intel(R) Core(TM) i7-8565U CPU @ 1.80GHz,8,4,16,unmeasured
lagrange_pyramid_order7_construction,lagrange_construction,clang,14.0.0,20,4.559e-06,227.95,20,1,0,0,0,0,unmodeled,0,0,8,unmeasured,3175948.10294,5,226.7,8274156.55,optimized,Intel(R) Core(TM) i7-8565U CPU @ 1.80GHz,8,4,16,unmeasured
lagrange_pyramid_order7_point_values,lagrange_scalar_point,clang,14.0.0,200,0.009468653,47343.265,0,0,1632,89352,1656,53.9565217391,compute,0,0,8,unmeasured,3175947.54358,5,45838.96,48454.775,optimized,Intel(R) Core(TM) i7-8565U CPU @ 1.80GHz,8,4,16,unmeasured
lagrange_pyramid_order7_point_gradients,lagrange_scalar_point,clang,14.0.0,200,0.011712874,58564.37,0,0,4896,268056,4920,54.4829268293,compute,0,0,8,unmeasured,3175946.15119,5,56292.395,59918.865,optimized,Intel(R) Core(TM) i7-8565U CPU @ 1.80GHz,8,4,16,unmeasured
lagrange_pyramid_order7_point_hessians,lagrange_scalar_point,clang,14.0.0,200,0.021049402,105247.01,0,0,14688,804168,14712,54.660685155,compute,0,0,8,unmeasured,3175981.11718,5,102963.425,106134.33,optimized,Intel(R) Core(TM) i7-8565U CPU @ 1.80GHz,8,4,16,unmeasured
lagrange_pyramid_order7_point_all,lagrange_scalar_point,clang,14.0.0,200,0.022225189,111125.945,0,0,21216,1161576,21240,54.6881355932,compute,0,0,8,unmeasured,3176014.23901,5,110443.515,112954.56,optimized,Intel(R) Core(TM) i7-8565U CPU @ 1.80GHz,8,4,16,unmeasured
lagrange_pyramid_order7_to_values,lagrange_raw_to_point,clang,14.0.0,200,0.009498693,47493.465,0,0,1632,89352,1656,53.9565217391,compute,0,0,8,unmeasured,3176013.67965,5,47025.79,48459.545,optimized,Intel(R) Core(TM) i7-8565U CPU @ 1.80GHz,8,4,16,unmeasured
lagrange_pyramid_order7_to_gradients,lagrange_raw_to_point,clang,14.0.0,200,0.011099812,55499.06,0,0,4896,268056,4920,54.4829268293,compute,0,0,8,unmeasured,3176012.28726,5,55043.79,56997.82,optimized,Intel(R) Core(TM) i7-8565U CPU @ 1.80GHz,8,4,16,unmeasured
lagrange_pyramid_order7_to_hessians,lagrange_raw_to_point,clang,14.0.0,200,0.020949967,104749.835,0,0,14688,804168,14712,54.660685155,compute,0,0,8,unmeasured,3176047.25325,5,104090.09,106895.28,optimized,Intel(R) Core(TM) i7-8565U CPU @ 1.80GHz,8,4,16,unmeasured
lagrange_pyramid_order7_to_all,lagrange_raw_to_point,clang,14.0.0,200,0.041464123,207320.615,0,0,21216,1161576,21240,54.6881355932,compute,0,0,8,unmeasured,3176080.37508,5,206269.445,210200.08,optimized,Intel(R) Core(TM) i7-8565U CPU @ 1.80GHz,8,4,16,unmeasured
lagrange_pyramid_order7_strided_values,lagrange_strided_batch,clang,14.0.0,40,0.00554905,138726.25,0,0,6528,357408,6624,53.9565217391,compute,0,0,8,unmeasured,3176080.22817,5,133861.525,145409.425,optimized,Intel(R) Core(TM) i7-8565U CPU @ 1.80GHz,8,4,16,unmeasured
lagrange_pyramid_order7_strided_gradients,lagrange_strided_batch,clang,14.0.0,40,0.018203533,455088.325,0,0,19584,1072224,19680,54.4829268293,compute,0,0,8,unmeasured,3176080.18355,5,451852.7,456455.175,optimized,Intel(R) Core(TM) i7-8565U CPU @ 1.80GHz,8,4,16,unmeasured
lagrange_pyramid_order7_strided_hessians,lagrange_strided_batch,clang,14.0.0,40,0.050465224,1261630.6,0,0,58752,3216672,58848,54.660685155,compute,0,0,8,unmeasured,3176081.50003,5,1198822,1276932.575,optimized,Intel(R) Core(TM) i7-8565U CPU @ 1.80GHz,8,4,16,unmeasured
lagrange_pyramid_order7_strided_all,lagrange_strided_batch,clang,14.0.0,40,0.071759287,1793982.175,0,0,84864,4646304,84960,54.6881355932,compute,0,0,8,unmeasured,3176082.62497,5,1756524.2,1816057.225,optimized,Intel(R) Core(TM) i7-8565U CPU @ 1.80GHz,8,4,16,unmeasured
lagrange_pyramid_order8_construction,lagrange_construction,clang,14.0.0,20,1.0643e-05,532.15,20,1,0,0,0,0,unmodeled,0,0,8,unmeasured,3204582.62497,5,520.8,29578803.55,optimized,Intel(R) Core(TM) i7-8565U CPU @ 1.80GHz,8,4,16,unmeasured
lagrange_pyramid_order8_point_values,lagrange_scalar_point,clang,14.0.0,142,0.014112017,99380.4014085,0,0,2280,172140,2304,74.7135416667,compute,0,0,8,unmeasured,3204582.72155,5,99092.4929577,100760.28169,optimized,Intel(R) Core(TM) i7-8565U CPU @ 1.80GHz,8,4,16,unmeasured
lagrange_pyramid_order8_point_gradients,lagrange_scalar_point,clang,14.0.0,142,0.015863967,111718.077465,0,0,6840,516420,6864,75.236013986,compute,0,0,8,unmeasured,3204582.85281,5,110513.190141,113122.15493,optimized,Intel(R) Core(TM) i7-8565U CPU @ 1.80GHz,8,4,16,unmeasured
lagrange_pyramid_order8_point_hessians,lagrange_scalar_point,clang,14.0.0,142,0.032030393,225566.147887,0,0,20520,1549260,20544,75.4117990654,compute,0,0,8,unmeasured,3204568.30724,5,211581.838028,231033.788732,optimized,Intel(R) Core(TM) i7-8565U CPU @ 1.80GHz,8,4,16,unmeasured
lagrange_pyramid_order8_point_all,lagrange_scalar_point,clang,14.0.0,142,0.035836721,252371.274648,0,0,29640,2237820,29664,75.4389158576,compute,0,0,8,unmeasured,3204553.98699,5,241418.253521,262987.302817,optimized,Intel(R) Core(TM) i7-8565U CPU @ 1.80GHz,8,4,16,unmeasured
lagrange_pyramid_order8_to_values,lagrange_raw_to_point,clang,14.0.0,142,0.013976187,98423.8521127,0,0,2280,172140,2304,74.7135416667,compute,0,0,8,unmeasured,3204554.08357,5,88408.1830986,100478.34507,optimized,Intel(R) Core(TM) i7-8565U CPU @ 1.80GHz,8,4,16,unmeasured
lagrange_pyramid_order8_to_gradients,lagrange_raw_to_point,clang,14.0.0,142,0.015481261,109022.964789,0,0,6840,516420,6864,75.236013986,compute,0,0,8,unmeasured,3204554.21482,5,108554.126761,109531.767606,optimized,Intel(R) Core(TM) i7-8565U CPU @ 1.80GHz,8,4,16,unmeasured
lagrange_pyramid_order8_to_hessians,lagrange_raw_to_point,clang,14.0.0,142,0.028260547,199017.93662,0,0,20520,1549260,20544,75.4117990654,compute,0,0,8,unmeasured,3204539.66925,5,197015.049296,205764.105634,optimized,Intel(R) Core(TM) i7-8565U CPU @ 1.80GHz,8,4,16,unmeasured
lagrange_pyramid_order8_to_all,lagrange_raw_to_point,clang,14.0.0,142,0.057727878,406534.352113,0,0,29640,2237820,29664,75.4389158576,compute,0,0,8,unmeasured,3204525.349,5,394965.93662,411048.894366,optimized,Intel(R) Core(TM) i7-8565U CPU @ 1.80GHz,8,4,16,unmeasured
lagrange_pyramid_order8_strided_values,lagrange_strided_batch,clang,14.0.0,28,0.00749508,267681.428571,0,0,9120,688560,9216,74.7135416667,compute,0,0,8,unmeasured,3204525.30654,5,257295.892857,310978.642857,optimized,Intel(R) Core(TM) i7-8565U CPU @ 1.80GHz,8,4,16,unmeasured
lagrange_pyramid_order8_strided_gradients,lagrange_strided_batch,clang,14.0.0,28,0.024992902,892603.642857,0,0,27360,2065680,27456,75.236013986,compute,0,0,8,unmeasured,3204525.28972,5,859854.357143,923248.821429,optimized,Intel(R) Core(TM) i7-8565U CPU @ 1.80GHz,8,4,16,unmeasured
lagrange_pyramid_order8_strided_hessians,lagrange_strided_batch,clang,14.0.0,28,0.063810857,2278959.17857,0,0,82080,6197040,82176,75.4117990654,compute,0,0,8,unmeasured,3204525.92188,5,2270963.32143,2460969.60714,optimized,Intel(R) Core(TM) i7-8565U CPU @ 1.80GHz,8,4,16,unmeasured
lagrange_pyramid_order8_strided_all,lagrange_strided_batch,clang,14.0.0,28,0.095316761,3404170.03571,0,0,118560,8951280,118656,75.4389158576,compute,0,0,8,unmeasured,3204526.49476,5,3396263.78571,3454211.64286,optimized,Intel(R) Core(TM) i7-8565U CPU @ 1.80GHz,8,4,16,unmeasured
lagrange_parallel_hex_order4_schedule_only_threads1,lagrange_parallel_schedule,clang,14.0.0,200,1.713e-05,85.65,0,0,0,0,0,0,unmodeled,0,0,8,unmeasured,3204526.49476,5,76.855,163.99,optimized,Intel(R) Core(TM) i7-8565U CPU @ 1.80GHz,8,1,16,unmeasured
lagrange_parallel_hex_order4_strided_all_threads1,lagrange_parallel_eval,clang,14.0.0,200,0.002070089,10350.445,0,0,117000,27440,115712,0.237140486726,memory,0,0,8,unmeasured,3204529.49705,5,10237.28,10559.11,optimized,Intel(R) Core(TM) i7-8565U CPU @ 1.80GHz,8,1,16,unmeasured
lagrange_parallel_hex_order4_schedule_only_threads2,lagrange_parallel_schedule,clang,14.0.0,400,1.8252e-05,45.63,0,0,0,0,0,0,unmodeled,0,0,8,unmeasured,3204529.49705,5,30.2525,132.2975,optimized,Intel(R) Core(TM) i7-8565U CPU @ 1.80GHz,8,2,16,unmeasured
lagrange_parallel_hex_order4_strided_all_threads2,lagrange_parallel_eval,clang,14.0.0,400,0.002123207,5308.0175,0,0,117000,27440,115712,0.237140486726,memory,0,0,8,unmeasured,3204535.50163,5,5214.27,5499.67,optimized,Intel(R) Core(TM) i7-8565U CPU @ 1.80GHz,8,2,16,unmeasured
lagrange_parallel_hex_order4_schedule_only_threads4,lagrange_parallel_schedule,clang,14.0.0,800,2.2383e-05,27.97875,0,0,0,0,0,0,unmodeled,0,0,8,unmeasured,3204535.50164,5,25.915,35.01375,optimized,Intel(R) Core(TM) i7-8565U CPU @ 1.80GHz,8,4,16,unmeasured
lagrange_parallel_hex_order4_strided_all_threads4,lagrange_parallel_eval,clang,14.0.0,800,0.003888611,4860.76375,0,0,117000,27440,115712,0.237140486726,memory,0,0,8,unmeasured,3204547.5108,5,4803.6575,4915.9275,optimized,Intel(R) Core(TM) i7-8565U CPU @ 1.80GHz,8,4,16,unmeasured
lagrange_parallel_hex_order4_schedule_only_threads8,lagrange_parallel_schedule,clang,14.0.0,1600,7.3008e-05,45.63,0,0,0,0,0,0,unmodeled,0,0,8,unmeasured,3204547.5108,5,38.83625,52.781875,optimized,Intel(R) Core(TM) i7-8565U CPU @ 1.80GHz,8,8,16,unmeasured
lagrange_parallel_hex_order4_strided_all_threads8,lagrange_parallel_eval,clang,14.0.0,1600,0.006428922,4018.07625,0,0,117000,27440,115712,0.237140486726,memory,0,0,8,unmeasured,3204571.52912,5,3693.640625,4866.104375,optimized,Intel(R) Core(TM) i7-8565U CPU @ 1.80GHz,8,8,16,unmeasured
lagrange_parallel_hex_order4_schedule_only_threads16,lagrange_parallel_schedule,clang,14.0.0,3200,0.000205199,64.1246875,0,0,0,0,0,0,unmodeled,0,0,8,unmeasured,3204571.52913,5,50.0934375,67.1765625,optimized,Intel(R) Core(TM) i7-8565U CPU @ 1.80GHz,8,16,16,unmeasured
lagrange_parallel_hex_order4_strided_all_threads16,lagrange_parallel_eval,clang,14.0.0,3200,0.011314689,3535.8403125,0,0,117000,27440,115712,0.237140486726,memory,0,0,8,unmeasured,3204619.56578,5,3347.82625,4034.1584375,optimized,Intel(R) Core(TM) i7-8565U CPU @ 1.80GHz,8,16,16,unmeasured
bernstein_hex_order5_all,bernstein_recurrence,clang,14.0.0,100000,0.206050374,2060.50374,0,0,22464,0,0,0,unmodeled,0,0,8,unmeasured,3204668.37743,5,2019.44262,2143.04501,optimized,Intel(R) Core(TM) i7-8565U CPU @ 1.80GHz,8,4,16,unmeasured
bernstein_hex_order5_strided_all,bernstein_strided,clang,14.0.0,2000,0.431872398,215936.199,0,0,1460160,0,0,0,unmodeled,0,0,8,unmeasured,3218626.88255,5,213737.1275,225100.738,optimized,Intel(R) Core(TM) i7-8565U CPU @ 1.80GHz,8,4,16,unmeasured
bernstein_pyramid_order4_strided_all,bernstein_strided,clang,14.0.0,1000,0.902332112,902332.112,0,0,1053000,0,0,0,unmodeled,0,0,8,unmeasured,3219001.61936,5,892094.263,914658.619,optimized,Intel(R) Core(TM) i7-8565U CPU @ 1.80GHz,8,4,16,unmeasured
serendipity_hex20_all,serendipity_tensor_modal,clang,14.0.0,100000,0.146537865,1465.37865,0,0,2080,0,0,0,unmodeled,0,0,8,unmeasured,3299932.46938,5,1453.78806,1521.91585,optimized,Intel(R) Core(TM) i7-8565U CPU @ 1.80GHz,8,4,16,unmeasured
hierarchical_hex_order5_all,hierarchical_legendre_scratch,clang,14.0.0,100000,0.223449181,2234.49181,0,0,22464,0,0,0,unmodeled,0,0,8,unmeasured,3800432.46938,5,2181.23117,2565.86299,optimized,Intel(R) Core(TM) i7-8565U CPU @ 1.80GHz,8,4,16,unmeasured
hermite_hex_cubic_strided_all,generic_scalar_fallback_strided,clang,14.0.0,2000,0.023931863,11965.9315,0,0,59904,0,0,0,unmodeled,0,0,8,unmeasured,3796627.35193,5,11434.327,12719.3715,optimized,Intel(R) Core(TM) i7-8565U CPU @ 1.80GHz,8,4,16,unmeasured
hierarchical_hex_order5_strided_all,generic_scalar_fallback_strided,clang,14.0.0,1000,0.251870522,251870.522,0,0,628992,0,0,0,unmodeled,0,0,8,unmeasured,3801727.35193,5,241818.089,256434.36,optimized,Intel(R) Core(TM) i7-8565U CPU @ 1.80GHz,8,4,16,unmeasured
serendipity_hex20_strided_all,generic_scalar_fallback_strided,clang,14.0.0,4000,0.201554207,50388.55175,0,0,58240,0,0,0,unmodeled,0,0,8,unmeasured,3805495.29123,5,47285.634,52268.0095,optimized,Intel(R) Core(TM) i7-8565U CPU @ 1.80GHz,8,4,16,unmeasured
bubble_pyramid_strided_all,generic_scalar_fallback_strided,clang,14.0.0,10000,0.011995976,1199.5976,0,0,3848,0,0,0,unmodeled,0,0,8,unmeasured,3802377.31761,5,1195.2881,1648.7172,optimized,Intel(R) Core(TM) i7-8565U CPU @ 1.80GHz,8,4,16,unmeasured
bspline_line_degree3_all,spline_flat_scratch,clang,14.0.0,200000,0.044099068,220.49534,0,0,520,0,0,0,unmodeled,0,0,8,unmeasured,3802377.31761,5,206.57045,263.973925,optimized,Intel(R) Core(TM) i7-8565U CPU @ 1.80GHz,8,4,16,unmeasured
nurbs_tensor_quad_degree3_all,nurbs_active_support,clang,14.0.0,100000,0.079778449,797.78449,0,0,2600,0,0,0,unmodeled,0,0,8,unmeasured,3802377.31761,5,731.2716,813.20598,optimized,Intel(R) Core(TM) i7-8565U CPU @ 1.80GHz,8,4,16,unmeasured
tensor_bspline_quad_degree3_strided_all,tensor_spline_strided,clang,14.0.0,100000,0.582495726,5824.95726,0,0,26000,0,0,0,unmodeled,0,0,8,unmeasured,4572864.83398,5,5659.51627,5899.4648,optimized,Intel(R) Core(TM) i7-8565U CPU @ 1.80GHz,8,4,16,unmeasured
tensor_bspline_line_degree3_static_dim1_strided_all,tensor_spline_strided_static,clang,14.0.0,100000,0.075968972,759.68972,0,0,2080,0,0,0,unmodeled,0,0,8,unmeasured,6230690.01145,5,729.07366,807.24381,optimized,Intel(R) Core(TM) i7-8565U CPU @ 1.80GHz,8,4,16,unmeasured
tensor_bspline_quad_degree3_static_dim2_strided_all,tensor_spline_strided_static,clang,14.0.0,100000,0.555265302,5552.65302,0,0,26000,0,0,0,unmodeled,0,0,8,unmeasured,7001177.52782,5,5531.02384,6256.29643,optimized,Intel(R) Core(TM) i7-8565U CPU @ 1.80GHz,8,4,16,unmeasured
tensor_bspline_hex_degree3_static_dim3_strided_all,tensor_spline_strided_static,clang,14.0.0,50000,2.450443031,49008.86062,0,0,364000,0,0,0,unmodeled,0,0,8,unmeasured,7180222.64707,5,48493.8779,51262.58692,optimized,Intel(R) Core(TM) i7-8565U CPU @ 1.80GHz,8,4,16,unmeasured
nurbs_tensor_quad_degree3_strided_all,nurbs_strided,clang,14.0.0,100000,0.781992995,7819.92995,0,0,26000,0,0,0,unmodeled,0,0,8,unmeasured,7965968.46878,5,7681.51618,8128.04113,optimized,Intel(R) Core(TM) i7-8565U CPU @ 1.80GHz,8,4,16,unmeasured
batch_hex_order2_weighted_sum,batched_quadrature,clang,14.0.0,200000,1.172667115,5863.335575,0,0,648,0,0,0,unmodeled,0,0,8,unmeasured,8216218.46878,5,5800.61716,5939.09105,optimized,Intel(R) Core(TM) i7-8565U CPU @ 1.80GHz,8,4,16,unmeasured
cache_hex_order2_uncached,cache_construction,clang,14.0.0,2000,0.009922669,4961.3345,4000,2,23328,0,0,0,unmodeled,0,0,8,unmeasured,8219471.61509,5,4911.5375,5096.0735,optimized,Intel(R) Core(TM) i7-8565U CPU @ 1.80GHz,8,4,16,unmeasured
cache_hex_order2_reuse,cache_reuse,clang,14.0.0,200000,0.000575241,2.876205,0,0,0,0,0,0,unmodeled,0,0,8,unmeasured,8544461.58094,5,2.733825,3.001655,optimized,Intel(R) Core(TM) i7-8565U CPU @ 1.80GHz,8,4,16,unmeasured
cache_hex_order2_reuse_threaded,cache_reuse_threaded,clang,14.0.0,200000,0.000334788,1.67394,0,0,0,0,0,0,unmodeled,0,0,8,unmeasured,8869451.54678,5,1.60439,1.69232,optimized,Intel(R) Core(TM) i7-8565U CPU @ 1.80GHz,8,4,16,unmeasured
cache_hex_order2_cold_race_threaded,cache_cold_race,clang,14.0.0,4000,0.019136684,4784.171,5000,1.25,23328,0,0,0,unmodeled,0,0,8,unmeasured,8875951.3461,5,4687.139,4889.583,optimized,Intel(R) Core(TM) i7-8565U CPU @ 1.80GHz,8,4,16,unmeasured
cache_rt_wedge_order3_uncached,vector_cache_construction,clang,14.0.0,200,0.175737355,878686.775,600,3,393120,0,0,0,unmodeled,0,0,8,unmeasured,8873726.64647,5,872661.815,902761.4,optimized,Intel(R) Core(TM) i7-8565U CPU @ 1.80GHz,8,4,16,unmeasured
cache_rt_wedge_order3_reuse,vector_cache_reuse,clang,14.0.0,100000,0.000291038,2.91038,0,0,0,0,0,0,unmodeled,0,0,8,unmeasured,7764697.27545,5,2.9103,2.95649,optimized,Intel(R) Core(TM) i7-8565U CPU @ 1.80GHz,8,4,16,unmeasured
cache_rt_wedge_order3_cold_race_threaded,vector_cache_cold_race,clang,14.0.0,200,0.066798007,333990.035,328,1.64,393120,0,0,0,unmodeled,0,0,8,unmeasured,7762465.93492,5,310404.585,431767.095,optimized,Intel(R) Core(TM) i7-8565U CPU @ 1.80GHz,8,4,16,unmeasured
spectral_hex_order6_all,spectral_high_order,clang,14.0.0,50000,0.486194162,9723.88324,0,0,35672,0,0,0,unmodeled,0,0,8,unmeasured,7762179.88383,5,9418.3565,9878.34644,optimized,Intel(R) Core(TM) i7-8565U CPU @ 1.80GHz,8,4,16,unmeasured
spectral_hex_order6_strided_all,spectral_strided,clang,14.0.0,1000,0.230702619,230702.619,0,0,2318680,0,0,0,unmodeled,0,0,8,unmeasured,7763464.57677,5,223661.314,242846.003,optimized,Intel(R) Core(TM) i7-8565U CPU @ 1.80GHz,8,4,16,unmeasured
spectral_triangle_order8_values,spectral_simplex_values,clang,14.0.0,20000,0.117214414,5860.7207,0,0,360,0,0,0,unmodeled,0,0,8,unmeasured,7765255.21677,5,5776.22075,6375.78385,optimized,Intel(R) Core(TM) i7-8565U CPU @ 1.80GHz,8,4,16,unmeasured
spectral_triangle_order8_gradients,spectral_simplex_gradients,clang,14.0.0,20000,0.08607614,4303.807,0,0,1080,0,0,0,unmodeled,0,0,8,unmeasured,7625113.3967,5,4267.9736,4433.68255,optimized,Intel(R) Core(TM) i7-8565U CPU @ 1.80GHz,8,4,16,unmeasured
spectral_triangle_order8_hessians,spectral_simplex_hessians,clang,14.0.0,10000,0.249239872,24923.9872,0,0,3240,0,0,0,unmodeled,0,0,8,unmeasured,6970833.0606,5,24721.763,25250.1994,optimized,Intel(R) Core(TM) i7-8565U CPU @ 1.80GHz,8,4,16,unmeasured
spectral_triangle_order8_all,spectral_simplex_all,clang,14.0.0,10000,0.288254452,28825.4452,0,0,4680,0,0,0,unmodeled,0,0,8,unmeasured,6247377.13452,5,27976.1052,28994.0967,optimized,Intel(R) Core(TM) i7-8565U CPU @ 1.80GHz,8,4,16,unmeasured
spectral_triangle_order10_values,spectral_simplex_values,clang,14.0.0,10000,0.124112912,12411.2912,0,0,528,0,0,0,unmodeled,0,0,8,unmeasured,6244501.36128,5,12302.4965,13758.0607,optimized,Intel(R) Core(TM) i7-8565U CPU @ 1.80GHz,8,4,16,unmeasured
spectral_triangle_order10_gradients,spectral_simplex_gradients,clang,14.0.0,10000,0.08472074,8472.074,0,0,1584,0,0,0,unmodeled,0,0,8,unmeasured,6310798.71943,5,8409.9783,8584.1388,optimized,Intel(R) Core(TM) i7-8565U CPU @ 1.80GHz,8,4,16,unmeasured
spectral_triangle_order10_hessians,spectral_simplex_hessians,clang,14.0.0,5000,0.244461382,48892.2764,0,0,4752,0,0,0,unmodeled,0,0,8,unmeasured,7228103.83612,5,48553.0626,51458.1548,optimized,Intel(R) Core(TM) i7-8565U CPU @ 1.80GHz,8,4,16,unmeasured
spectral_triangle_order10_all,spectral_simplex_all,clang,14.0.0,5000,0.289223527,57844.7054,0,0,6864,0,0,0,unmodeled,0,0,8,unmeasured,8177119.74526,5,57765.5274,59765.121,optimized,Intel(R) Core(TM) i7-8565U CPU @ 1.80GHz,8,4,16,unmeasured
spectral_tetra_order6_values,spectral_simplex_values,clang,14.0.0,8000,0.14754256,18442.82,0,0,672,0,0,0,unmodeled,0,0,8,unmeasured,8176811.03121,5,18390.203625,18475.839,optimized,Intel(R) Core(TM) i7-8565U CPU @ 1.80GHz,8,4,16,unmeasured
spectral_tetra_order6_gradients,spectral_simplex_gradients,clang,14.0.0,8000,0.101324014,12665.50175,0,0,2016,0,0,0,unmodeled,0,0,8,unmeasured,8226634.41178,5,12572.780125,12701.159375,optimized,Intel(R) Core(TM) i7-8565U CPU @ 1.80GHz,8,4,16,unmeasured
spectral_tetra_order6_hessians,spectral_simplex_hessians,clang,14.0.0,4000,0.532801351,133200.33775,0,0,6048,0,0,0,unmodeled,0,0,8,unmeasured,8404542.39739,5,126645.30025,134015.04075,optimized,Intel(R) Core(TM) i7-8565U CPU @ 1.80GHz,8,4,16,unmeasured
spectral_tetra_order6_all,spectral_simplex_all,clang,14.0.0,4000,0.521731789,130432.94725,0,0,8736,0,0,0,unmodeled,0,0,8,unmeasured,8607207.71625,5,128434.166,139422.32525,optimized,Intel(R) Core(TM) i7-8565U CPU @ 1.80GHz,8,4,16,unmeasured
spectral_tetra_order8_values,spectral_simplex_values,clang,14.0.0,4000,0.269909961,67477.49025,0,0,1320,0,0,0,unmodeled,0,0,8,unmeasured,8607094.68808,5,67044.358,71267.38825,optimized,Intel(R) Core(TM) i7-8565U CPU @ 1.80GHz,8,4,16,unmeasured
spectral_tetra_order8_gradients,spectral_simplex_gradients,clang,14.0.0,4000,0.181948284,45487.071,0,0,3960,0,0,0,unmodeled,0,0,8,unmeasured,8563512.48045,5,45383.02175,46528.87225,optimized,Intel(R) Core(TM) i7-8565U CPU @ 1.80GHz,8,4,16,unmeasured
spectral_tetra_order8_hessians,spectral_simplex_hessians,clang,14.0.0,2000,0.95016182,475080.91,0,0,11880,0,0,0,unmodeled,0,0,8,unmeasured,8383205.20086,5,463741.3665,487001.1115,optimized,Intel(R) Core(TM) i7-8565U CPU @ 1.80GHz,8,4,16,unmeasured
spectral_tetra_order8_all,spectral_simplex_all,clang,14.0.0,2000,0.966397422,483198.711,0,0,17160,0,0,0,unmodeled,0,0,8,unmeasured,8181050.30337,5,482215.508,490615.1605,optimized,Intel(R) Core(TM) i7-8565U CPU @ 1.80GHz,8,4,16,unmeasured
spectral_triangle_order8_strided_all,spectral_strided,clang,14.0.0,20,0.007788183,389409.15,0,0,173160,0,0,0,unmodeled,0,0,8,unmeasured,8195583.07852,5,382421.3,464454.45,optimized,Intel(R) Core(TM) i7-8565U CPU @ 1.80GHz,8,4,16,unmeasured
spectral_triangle_order10_strided_all,spectral_strided,clang,14.0.0,10,0.009876204,987620.4,0,0,343200,0,0,0,unmodeled,0,0,8,unmeasured,8205775.88094,5,968416.4,1071806.6,optimized,Intel(R) Core(TM) i7-8565U CPU @ 1.80GHz,8,4,16,unmeasured
spectral_tetra_order6_strided_all,spectral_strided,clang,14.0.0,10,0.110391117,11039111.7,0,0,1895712,0,0,0,unmodeled,0,0,8,unmeasured,8209487.49672,5,10873338.5,12217015.7,optimized,Intel(R) Core(TM) i7-8565U CPU @ 1.80GHz,8,4,16,unmeasured
spectral_tetra_order8_strided_all,spectral_strided,clang,14.0.0,5,0.3471452,69429040,0,0,5903040,0,0,0,unmodeled,0,0,8,unmeasured,8212189.29321,5,69305284.8,71034585.2,optimized,Intel(R) Core(TM) i7-8565U CPU @ 1.80GHz,8,4,16,unmeasured
spectral_pyramid_order4_all,pyramid_modal_to_nodal,clang,14.0.0,50000,1.458207601,29164.15202,0,0,5720,0,0,0,unmodeled,0,0,8,unmeasured,8253669.1522,5,28139.28728,29959.64018,optimized,Intel(R) Core(TM) i7-8565U CPU @ 1.80GHz,8,4,16,unmeasured
spectral_pyramid_order4_strided_all,spectral_strided,clang,14.0.0,20,0.016498145,824907.25,0,0,263120,0,0,0,unmodeled,0,0,8,unmeasured,8253782.28349,5,821270.95,836891,optimized,Intel(R) Core(TM) i7-8565U CPU @ 1.80GHz,8,4,16,unmeasured
spectral_pyramid_order5_strided_all,spectral_strided,clang,14.0.0,10,0.036848377,3684837.7,0,0,766584,0,0,0,unmodeled,0,0,8,unmeasured,8253902.72666,5,3599204.6,3777883.1,optimized,Intel(R) Core(TM) i7-8565U CPU @ 1.80GHz,8,4,16,unmeasured
rt_wedge_order3_values_jac_div,vector_rt_generated,clang,14.0.0,10000,0.566887976,56688.7976,0,0,14560,0,0,0,unmodeled,0,0,8,unmeasured,9041321.65969,5,56440.6022,60253.2455,optimized,Intel(R) Core(TM) i7-8565U CPU @ 1.80GHz,8,4,16,unmeasured
rt_wedge_order3_strided_values_jac_div,vector_rt_strided,clang,14.0.0,20,0.030972218,1548610.9,0,0,713440,0,0,0,unmodeled,0,0,8,unmeasured,9038282.45736,5,1532734.9,1556867.5,optimized,Intel(R) Core(TM) i7-8565U CPU @ 1.80GHz,8,4,16,unmeasured
rt_tetra_order3_strided_values_jac_div,vector_rt_strided,clang,14.0.0,50,0.045648867,912977.34,0,0,473200,0,0,0,unmodeled,0,0,8,unmeasured,8863511.94357,5,907987.22,1052992.26,optimized,Intel(R) Core(TM) i7-8565U CPU @ 1.80GHz,8,4,16,unmeasured
rt_pyramid_order3_strided_values_jac_div,vector_rt_strided,clang,14.0.0,20,0.038938382,1946919.1,0,0,655408,0,0,0,unmodeled,0,0,8,unmeasured,8898500.20734,5,1920330.45,1973085.3,optimized,Intel(R) Core(TM) i7-8565U CPU @ 1.80GHz,8,4,16,unmeasured
rt_hex_order3_strided_values_jac_div,vector_rt_strided,clang,14.0.0,50,0.088949611,1778992.22,0,0,698880,0,0,0,unmodeled,0,0,8,unmeasured,8893690.56321,5,1692283.82,1863546.64,optimized,Intel(R) Core(TM) i7-8565U CPU @ 1.80GHz,8,4,16,unmeasured
rt_tetra_order2_values_jac_div,vector_rt_nodal,clang,14.0.0,20000,0.11556021,5778.0105,0,0,3744,0,0,0,unmodeled,0,0,8,unmeasured,13323716.1631,5,5729.45405,6031.43345,optimized,Intel(R) Core(TM) i7-8565U CPU @ 1.80GHz,8,4,16,unmeasured
nedelec_wedge_order3_values_jac_curl,vector_nedelec_generated,clang,14.0.0,3000,0.355670557,118556.852333,0,0,20160,0,0,0,unmodeled,0,0,8,unmeasured,13296363.5226,5,118279.264,126546.306333,optimized,Intel(R) Core(TM) i7-8565U CPU @ 1.80GHz,8,4,16,unmeasured
nedelec_wedge_order3_strided_values_jac_curl,vector_nedelec_strided,clang,14.0.0,10,0.032733203,3273320.3,0,0,987840,0,0,0,unmodeled,0,0,8,unmeasured,13296785.2439,5,3200202.8,3340067.9,optimized,Intel(R) Core(TM) i7-8565U CPU @ 1.80GHz,8,4,16,unmeasured
nedelec_tetra_order3_strided_values_jac_curl,vector_nedelec_strided,clang,14.0.0,20,0.019246421,962321.05,0,0,655200,0,0,0,unmodeled,0,0,8,unmeasured,13293624.1527,5,951561.3,964675.7,optimized,Intel(R) Core(TM) i7-8565U CPU @ 1.80GHz,8,4,16,unmeasured
nedelec_pyramid_order3_strided_values_jac_curl,vector_nedelec_strided,clang,14.0.0,10,0.033006354,3300635.4,0,0,640320,0,0,0,unmodeled,0,0,8,unmeasured,13293168.182,5,3228912.8,3348186.1,optimized,Intel(R) Core(TM) i7-8565U CPU @ 1.80GHz,8,4,16,unmeasured
nedelec_hex_order0_strided_values_jac_curl,vector_nedelec_strided,clang,14.0.0,50,5.2046e-05,1040.92,0,0,12960,0,0,0,unmodeled,0,0,8,unmeasured,13293247.488,5,1039.1,1048.16,optimized,Intel(R) Core(TM) i7-8565U CPU @ 1.80GHz,8,4,16,unmeasured
nedelec_pyramid_order2_values_jac_curl,vector_nedelec_pyramid,clang,14.0.0,5000,0.209593557,41918.7114,0,0,7560,0,0,0,unmodeled,0,0,8,unmeasured,13333561.701,5,41711.1086,42765.6704,optimized,Intel(R) Core(TM) i7-8565U CPU @ 1.80GHz,8,4,16,unmeasured
nedelec_pyramid_order2_strided_values_jac_curl,vector_nedelec_strided,clang,14.0.0,20,0.04241235,2120617.5,0,0,279720,0,0,0,unmodeled,0,0,8,unmeasured,13332931.4158,5,2067713.3,2139600.65,optimized,Intel(R) Core(TM) i7-8565U CPU @ 1.80GHz,8,4,16,unmeasured
bdm_tetra_order2_values_jac_div,vector_bdm,clang,14.0.0,20000,0.072731232,3636.5616,0,0,3120,0,0,0,unmodeled,0,0,8,unmeasured,11170771.4159,5,3586.56255,3718.05665,optimized,Intel(R) Core(TM) i7-8565U CPU @ 1.80GHz,8,4,16,unmeasured
bdm_tetra_order2_strided_values_jac_div,vector_bdm_strided,clang,14.0.0,50,0.006859875,137197.5,0,0,202800,0,0,0,unmodeled,0,0,8,unmeasured,11161083.4574,5,132113.82,139718.08,optimized,Intel(R) Core(TM) i7-8565U CPU @ 1.80GHz,8,4,16,unmeasured
compatible_bspline_hdiv_quad_strided,compatible_tensor_vector,clang,14.0.0,100000,1.34535831,13453.5831,0,0,52000,0,0,0,unmodeled,0,0,8,unmeasured,10431790.49,5,13282.27035,13483.29297,optimized,Intel(R) Core(TM) i7-8565U CPU @ 1.80GHz,8,4,16,unmeasured
compatible_nurbs_hcurl_quad_strided,compatible_tensor_vector,clang,14.0.0,100000,1.638034184,16380.34184,0,0,60000,0,0,0,unmodeled,0,0,8,unmeasured,10120504.5753,5,15501.15617,16955.30496,optimized,Intel(R) Core(TM) i7-8565U CPU @ 1.80GHz,8,4,16,unmeasured
