node,x,y,z,lumped_control_volume,previous_indicator,low_order_indicator,raw_target_indicator,limited_indicator,physical_boundary_transfer,discrete_divergence_source,low_order_interior_transfer,raw_antidiffusive_transfer,limited_antidiffusive_transfer,limited_balance_residual,courant,component_id
0,0,0,0,6.103515624999998e-05,0,0,0,0,0,0,0,0,0,0,0.16410256410256413,-1
1,0.015625,0,0,0.00012207031249999995,0,0,0,0,-0,0,0,0,0,0,0.24615384615384622,-1
2,0.03125,0,0,0.00012207031249999995,0,0,0,0,-0,0,0,0,0,0,0.24615384615384622,-1
3,0.046875,0,0,0.00012207031249999995,0,0,0,0,-0,0,0,0,0,0,0.24615384615384622,-1
4,0.0625,0,0,0.00012207031249999995,0,0,0,0,-0,0,0,0,0,0,0.24615384615384622,-1
5,0.078125,0,0,0.00012207031249999995,0,0,0,0,-0,0,0,0,0,0,0.24615384615384622,-1
6,0.09375,0,0,0.00012207031249999995,0,0,0,0,-0,0,0,0,0,0,0.24615384615384622,-1
7,0.109375,0,0,0.00012207031249999995,0,0,0,0,-0,0,0,0,0,0,0.24615384615384622,-1
8,0.125,0,0,0.00012207031249999995,0,0,0,0,-0,0,0,0,0,0,0.24615384615384622,-1
9,0.140625,0,0,0.00012207031249999995,0,0,0,0,-0,0,0,0,0,0,0.24615384615384622,-1
10,0.15625,0,0,0.00012207031249999995,0,0,0,0,-0,0,0,0,0,0,0.24615384615384622,-1
11,0.171875,0,0,0.00012207031249999995,0,0,0,0,-0,0,0,0,0,0,0.24615384615384622,-1
12,0.1875,0,0,0.00012207031249999995,0,0,0,0,-0,0,0,0,0,0,0.24615384615384622,-1
13,0.203125,0,0,0.00012207031249999995,0,0,0,0,-0,0,0,0,0,0,0.24615384615384622,-1
14,0.21875,0,0,0.00012207031249999995,0,0,0,0,-0,0,0,0,0,0,0.24615384615384622,-1
15,0.234375,0,0,0.00012207031249999995,0,0,0,0,-0,0,0,0,0,0,0.24615384615384622,-1
16,0.25,0,0,0.00012207031249999995,0,0,0,0,-0,0,0,0,0,0,0.24615384615384622,-1
17,0.265625,0,0,0.00012207031249999995,0,0,0,0,-0,0,0,0,0,0,0.24615384615384622,-1
18,0.28125,0,0,0.00012207031249999995,0,0,0,0,-0,0,0,0,0,0,0.24615384615384622,-1
19,0.296875,0,0,0.00012207031249999995,0,0,0,0,-0,0,0,0,0,0,0.24615384615384622,-1
20,0.3125,0,0,0.00012207031249999995,0,0,0,0,-0,0,0,0,0,0,0.24615384615384622,-1
21,0.328125,0,0,0.00012207031249999995,0,0,0,0,-0,0,0,0,0,0,0.24615384615384622,-1
22,0.34375,0,0,0.00012207031249999995,0,0,0,0,-0,0,0,0,0,0,0.24615384615384622,-1
23,0.359375,0,0,0.00012207031249999995,0,0,0,0,-0,0,0,0,0,0,0.24615384615384622,-1
24,0.375,0,0,0.00012207031249999995,0,0,0,0,-0,0,0,0,0,0,0.24615384615384622,-1
25,0.390625,0,0,0.00012207031249999995,0,0,0,0,-0,0,0,0,0,0,0.24615384615384622,-1
26,0.40625,0,0,0.00012207031249999995,0,0,0,0,-0,0,0,0,0,0,0.24615384615384622,-1
27,0.421875,0,0,0.00012207031249999995,0,0,0,0,-0,0,0,0,0,0,0.24615384615384622,-1
28,0.4375,0,0,0.00012207031249999995,0,0,0,0,-0,0,0,0,0,0,0.24615384615384622,-1
29,0.453125,0,0,0.00012207031249999995,0,0,0,0,-0,0,0,0,0,0,0.24615384615384622,-1
30,0.46875,0,0,0.00012207031249999995,0,0,0,0,-0,0,0,0,0,0,0.24615384615384622,-1
31,0.484375,0,0,0.00012207031249999995,0,0,0,0,-0,0,0,0,0,0,0.24615384615384622,-1
32,0.5,0,0,0.00012207031249999995,0,0,0,0,-0,0,0,0,0,0,0.24615384615384622,-1
33,0.515625,0,0,0.00012207031249999995,0,0,0,0,-0,0,0,0,0,0,0.24615384615384622,-1
34,0.53125,0,0,0.00012207031249999995,0,0,0,0,-0,0,0,0,0,0,0.24615384615384622,-1
35,0.546875,0,0,0.00012207031249999995,0,0,0,0,-0,0,0,0,0,0,0.24615384615384622,-1
36,0.5625,0,0,0.00012207031249999995,0,0,0,0,-0,0,0,0,0,0,0.24615384615384622,-1
37,0.578125,0,0,0.00012207031249999995,0,0,0,0,-0,0,0,0,0,0,0.24615384615384622,-1
38,0.59375,0,0,0.00012207031249999995,0,0,0,0,-0,0,0,0,0,0,0.24615384615384622,-1
39,0.609375,0,0,0.00012207031249999995,0,0,0,0,-0,0,0,0,0,0,0.24615384615384622,-1
40,0.625,0,0,0.00012207031249999995,0,0,0,0,-0,0,0,0,0,0,0.24615384615384622,-1
41,0.640625,0,0,0.00012207031249999995,0,0,-1.8910208145093312e-41,0,-0,0,0,-2.308375017711585e-45,0,0,0.24615384615384622,-1
42,0.65625,0,0,0.00012207031249999995,0,0,-3.1491822724705169e-57,0,-0,0,0,-3.8442166411993601e-61,0,0,0.24615384615384622,-1
43,0.671875,0,0,0.00012207031249999995,0,3.7820416290186625e-41,2.1545235265822565e-41,2.1545235265822565e-41,-0,0,4.6167500354231701e-45,-1.98671643363819e-45,-1.98671643363819e-45,-3.1115076389305709e-61,0.24615384615384622,-1
44,0.6875,0,0,0.00012207031249999995,0,0,5.1694920932370793e-40,0,-0,0,0,6.310415152877291e-44,0,0,0.24615384615384622,-1
45,0.703125,0,0,0.00012207031249999995,0,-5.2700542414585089e-42,-2.7646434980545577e-42,-2.7646434980545577e-42,-0,0,-6.4331716814679033e-46,3.0583627238817752e-46,3.0583627238817752e-46,-3.8893845486632136e-62,0.24615384615384622,-1
46,0.71875,0,0,0.00012207031249999995,0,-1.0338984186474159e-39,-5.6930250476112523e-40,-5.6930250476112523e-40,-0,0,-1.2620830305754582e-43,5.6713368394322556e-44,5.6713368394322556e-44,0,0.24615384615384622,-1
47,0.734375,0,0,0.00012207031249999995,1.2637596789225422e-42,1.2119131279923867e-42,-3.151838241962408e-42,1.0369310186031115e-43,-7.3778437890090979e-63,1.3174721051801961e-63,-6.3289246740912351e-48,-5.3268449340268468e-46,-1.3528076490870057e-46,0,0.24615384615384622,-1
48,0.75,0,0,0.00012207031249999995,2.1062661315375812e-42,1.062943914970706e-40,5.440771501802471e-41,5.4357339291234418e-41,-1.2296406315015226e-62,2.1957868419670047e-63,1.2718277022159788e-44,-6.3338228123835293e-45,-6.3399721930952348e-45,0,0.24615384615384622,-1
49,0.765625,0,0,0.00012207031249999995,0,9.0904285964206623e-42,4.5452142982103312e-42,4.5452142982103312e-42,-0,0,1.1096714595240062e-45,-5.5483572976200308e-46,-5.5483572976200308e-46,0,0.24615384615384622,-1
50,0.78125,0,0,0.00012207031249999995,0,1.0369310186031163e-43,5.1846550930155816e-44,5.1846550930155816e-44,-0,0,1.2657849348182567e-47,-6.3289246740912837e-48,-6.3289246740912837e-48,0,0.24615384615384622,-1
51,0.796875,0,0,0.00012207031249999995,0,0,0,0,-0,0,0,0,0,0,0.24615384615384622,-1
52,0.8125,0,0,0.00012207031249999995,0,0,0,0,-0,0,0,0,0,0,0.24615384615384622,-1
53,0.828125,0,0,0.00012207031249999995,0,0,0,0,-0,0,0,0,0,0,0.24615384615384622,-1
54,0.84375,0,0,0.00012207031249999995,0,0,0,0,-0,0,0,0,0,0,0.24615384615384622,-1
55,0.859375,0,0,0.00012207031249999995,0,0,0,0,-0,0,0,0,0,0,0.24615384615384622,-1
56,0.875,0,0,0.00012207031249999995,0,0,0,0,-0,0,0,0,0,0,0.24615384615384622,-1
57,0.890625,0,0,0.00012207031249999995,0,0,0,0,-0,0,0,0,0,0,0.24615384615384622,-1
58,0.90625,0,0,0.00012207031249999995,0,0,0,0,-0,0,0,0,0,0,0.24615384615384622,-1
59,0.921875,0,0,0.00012207031249999995,0,0,0,0,-0,0,0,0,0,0,0.24615384615384622,-1
60,0.9375,0,0,0.00012207031249999995,0,0,0,0,-0,0,0,0,0,0,0.24615384615384622,-1
61,0.953125,0,0,0.00012207031249999995,0,0,0,0,-0,0,0,0,0,0,0.24615384615384622,-1
62,0.96875,0,0,0.00012207031249999995,0,0,0,0,-0,0,0,0,0,0,0.24615384615384622,-1
63,0.984375,0,0,0.00012207031249999995,0,0,0,0,-0,0,0,0,0,0,0.24615384615384622,-1
64,1,0,0,6.1035156249999973e-05,0,0,0,0,-0,0,0,0,0,0,0.49230769230769239,-1
65,0,0.015625,0,0.00012207031249999995,0,0,0,0,0,0,0,0,0,0,0.16410256410256413,-1
66,0.015625,0.015625,0,0.00024414062499999989,0,0,0,0,0,0,0,0,0,0,0.24615384615384622,-1
67,0.03125,0.015625,0,0.00024414062499999989,0,0,0,0,0,0,0,0,0,0,0.24615384615384622,-1
68,0.046875,0.015625,0,0.00024414062499999989,0,0,0,0,0,0,0,0,0,0,0.24615384615384622,-1
69,0.0625,0.015625,0,0.00024414062499999989,0,0,0,0,0,0,0,0,0,0,0.24615384615384622,-1
70,0.078125,0.015625,0,0.00024414062499999989,0,0,0,0,0,0,0,0,0,0,0.24615384615384622,-1
71,0.09375,0.015625,0,0.00024414062499999989,0,0,0,0,0,0,0,0,0,0,0.24615384615384622,-1
72,0.109375,0.015625,0,0.00024414062499999989,0,0,0,0,0,0,0,0,0,0,0.24615384615384622,-1
73,0.125,0.015625,0,0.00024414062499999989,0,0,0,0,0,0,0,0,0,0,0.24615384615384622,-1
74,0.140625,0.015625,0,0.00024414062499999989,0,0,0,0,0,0,0,0,0,0,0.24615384615384622,-1
75,0.15625,0.015625,0,0.00024414062499999989,0,0,0,0,0,0,0,0,0,0,0.24615384615384622,-1
76,0.171875,0.015625,0,0.00024414062499999989,0,0,0,0,0,0,0,0,0,0,0.24615384615384622,-1
77,0.1875,0.015625,0,0.00024414062499999989,0,0,0,0,0,0,0,0,0,0,0.24615384615384622,-1
78,0.203125,0.015625,0,0.00024414062499999989,0,0,0,0,0,0,0,0,0,0,0.24615384615384622,-1
79,0.21875,0.015625,0,0.00024414062499999989,0,0,0,0,0,0,0,0,0,0,0.24615384615384622,-1
80,0.234375,0.015625,0,0.00024414062499999989,0,0,0,0,0,0,0,0,0,0,0.24615384615384622,-1
81,0.25,0.015625,0,0.00024414062499999989,0,0,0,0,0,0,0,0,0,0,0.24615384615384622,-1
82,0.265625,0.015625,0,0.00024414062499999989,0,0,0,0,0,0,0,0,0,0,0.24615384615384622,-1
83,0.28125,0.015625,0,0.00024414062499999989,0,0,0,0,0,0,0,0,0,0,0.24615384615384622,-1
84,0.296875,0.015625,0,0.00024414062499999989,0,0,0,0,0,0,0,0,0,0,0.24615384615384622,-1
85,0.3125,0.015625,0,0.00024414062499999989,0,0,0,0,0,0,0,0,0,0,0.24615384615384622,-1
86,0.328125,0.015625,0,0.00024414062499999989,0,0,0,0,0,0,0,0,0,0,0.24615384615384622,-1
87,0.34375,0.015625,0,0.00024414062499999989,0,0,0,0,0,0,0,0,0,0,0.24615384615384622,-1
88,0.359375,0.015625,0,0.00024414062499999989,0,0,0,0,0,0,0,0,0,0,0.24615384615384622,-1
89,0.375,0.015625,0,0.00024414062499999989,0,0,0,0,0,0,0,0,0,0,0.24615384615384622,-1
90,0.390625,0.015625,0,0.00024414062499999989,0,0,0,0,0,0,0,0,0,0,0.24615384615384622,-1
91,0.40625,0.015625,0,0.00024414062499999989,0,0,0,0,0,0,0,0,0,0,0.24615384615384622,-1
92,0.421875,0.015625,0,0.00024414062499999989,0,0,0,0,0,0,0,0,0,0,0.24615384615384622,-1
93,0.4375,0.015625,0,0.00024414062499999989,0,0,0,0,0,0,0,0,0,0,0.24615384615384622,-1
94,0.453125,0.015625,0,0.00024414062499999989,0,0,0,0,0,0,0,0,0,0,0.24615384615384622,-1
95,0.46875,0.015625,0,0.00024414062499999989,0,0,0,0,0,0,0,0,0,0,0.24615384615384622,-1
96,0.484375,0.015625,0,0.00024414062499999989,0,0,0,0,0,0,0,0,0,0,0.24615384615384622,-1
97,0.5,0.015625,0,0.00024414062499999989,0,0,0,0,0,0,0,0,0,0,0.24615384615384622,-1
98,0.515625,0.015625,0,0.00024414062499999989,0,0,0,0,0,0,0,0,0,0,0.24615384615384622,-1
99,0.53125,0.015625,0,0.00024414062499999989,0,0,0,0,0,0,0,0,0,0,0.24615384615384622,-1
100,0.546875,0.015625,0,0.00024414062499999989,0,0,0,0,0,0,0,0,0,0,0.24615384615384622,-1
101,0.5625,0.015625,0,0.00024414062499999989,0,0,0,0,0,0,0,0,0,0,0.24615384615384622,-1
102,0.578125,0.015625,0,0.00024414062499999989,0,0,1.1484952047286747e-52,0,0,0,0,2.8039433709196146e-56,0,0,0.24615384615384622,-1
103,0.59375,0.015625,0,0.00024414062499999989,0,0,4.1055053786480981e-39,0,0,0,0,1.0023206490840079e-42,0,0,0.24615384615384622,-1
104,0.609375,0.015625,0,0.00024414062499999989,0,-2.2969904094573494e-52,-1.1416581648300284e-52,-1.1416581648300284e-52,0,0,-5.6078867418392292e-56,2.820635362859669e-56,2.820635362859669e-56,0,0.24615384615384622,-1
105,0.625,0.015625,0,0.00024414062499999989,0,-8.2110107572961963e-39,-5.7777202755156556e-39,-5.7777202755156556e-39,0,0,-2.0046412981680157e-42,5.9406505902845208e-43,5.9406505902845208e-43,-1.5930919111324523e-58,0.24615384615384622,-1
106,0.640625,0.015625,0,0.00024414062499999989,0,0,-5.3852415372515573e-37,0,0,0,0,-1.3147562346805554e-40,0,0,0.24615384615384622,-1
107,0.65625,0.015625,0,0.00024414062499999989,4.6093632353664949e-40,3.6919048684012044e-39,2.140667452634329e-39,2.0933919322715956e-39,3.8442166411993601e-61,2.4026354007495997e-60,7.888106798985725e-43,-3.7872007220870967e-43,-3.9026194729726763e-43,1.5930919111324523e-58,0.24615384615384622,-1
108,0.671875,0.015625,0,0.00024414062499999989,0,1.0770483074503115e-36,6.9121707200864783e-37,6.9121707200864783e-37,0,0,2.6295124693611107e-40,-9.4197078965249867e-41,-9.4197078965249867e-41,0,0.24615384615384622,-1
109,0.6875,0.015625,0,0.00024414062499999989,-6.4228786067775569e-41,-6.345108780382504e-41,2.5393122470024866e-38,-7.9050813621877653e-42,-5.356691491599152e-62,-3.3479321822494698e-61,1.8986774022229578e-46,6.214983778766767e-42,1.3561036728915345e-44,2.4892061111444567e-60,0.24615384615384622,-1
110,0.703125,0.015625,0,0.00024414062499999989,-1.2600636977265378e-38,-3.1488477828830741e-37,-1.7913315561879373e-37,-1.7784861573336853e-37,-1.0508952296501773e-59,-6.5680951853136076e-59,-7.3799839187266092e-41,3.3142486003299224e-41,3.345609437376436e-41,5.0978941156238473e-57,0.24615384615384622,-1
111,0.71875,0.015625,0,0.00024414062499999989,3.1593991973063602e-42,-5.0927353275712296e-38,-2.8073939418643221e-38,-2.8073967754989543e-38,2.6349442103603959e-63,1.6468401314752475e-62,-1.2434207196022846e-41,5.5794467424485022e-42,5.5794398243952007e-42,-1.2744735289059618e-57,0.24615384615384622,-1
112,0.734375,0.015625,0,0.00024414062499999989,1.2735840569292014e-39,2.8639287158988321e-38,1.4966750312682075e-38,1.4966750312682075e-38,1.0621712318196483e-60,6.6385701988728013e-60,6.6810798589011499e-42,-3.3380216909927344e-42,-3.3380216909927344e-42,0,0.24615384615384622,-1
113,0.75,0.015625,0,0.00024414062499999989,1.0657706625580164e-40,5.3048053705205499e-39,2.7160864518496716e-39,2.714512210387475e-39,8.8885451362824388e-62,5.5553407101765234e-61,1.2690987070958852e-42,-6.3201145475363206e-43,-6.3239579104811366e-43,-7.9654595556622614e-59,0.24615384615384622,-1
114,0.765625,0.015625,0,0.00024414062499999989,1.2637596789225481e-42,2.9382088494005961e-40,1.4767193868681649e-40,1.4767193868681649e-40,1.0539776841441618e-63,6.5873605259010109e-63,7.1425079409457257e-44,-3.5680895081358168e-44,-3.5680895081358168e-44,4.9784122222889134e-60,0.24615384615384622,-1
115,0.78125,0.015625,0,0.00024414062499999989,0,5.4438878476663647e-42,2.7219439238331823e-42,2.7219439238331823e-42,0,0,1.3290741815591704e-45,-6.6453709077958522e-46,-6.6453709077958522e-46,0,0.24615384615384622,-1
116,0.796875,0.015625,0,0.00024414062499999989,0,5.1846550930155816e-44,2.5923275465077908e-44,2.5923275465077908e-44,0,0,1.2657849348182567e-47,-6.3289246740912837e-48,-6.3289246740912837e-48,0,0.24615384615384622,-1
117,0.8125,0.015625,0,0.00024414062499999989,0,0,0,0,0,0,0,0,0,0,0.24615384615384622,-1
118,0.828125,0.015625,0,0.00024414062499999989,0,0,0,0,0,0,0,0,0,0,0.24615384615384622,-1
119,0.84375,0.015625,0,0.00024414062499999989,0,0,0,0,0,0,0,0,0,0,0.24615384615384622,-1
120,0.859375,0.015625,0,0.00024414062499999989,0,0,0,0,0,0,0,0,0,0,0.24615384615384622,-1
121,0.875,0.015625,0,0.00024414062499999989,0,0,0,0,0,0,0,0,0,0,0.24615384615384622,-1
122,0.890625,0.015625,0,0.00024414062499999989,0,0,0,0,0,0,0,0,0,0,0.24615384615384622,-1
123,0.90625,0.015625,0,0.00024414062499999989,0,0,0,0,0,0,0,0,0,0,0.24615384615384622,-1
124,0.921875,0.015625,0,0.00024414062499999989,0,0,0,0,0,0,0,0,0,0,0.24615384615384622,-1
125,0.9375,0.015625,0,0.00024414062499999989,0,0,0,0,0,0,0,0,0,0,0.24615384615384622,-1
126,0.953125,0.015625,0,0.00024414062499999989,0,0,0,0,0,0,0,0,0,0,0.24615384615384622,-1
127,0.96875,0.015625,0,0.00024414062499999989,0,0,0,0,0,0,0,0,0,0,0.24615384615384622,-1
128,0.984375,0.015625,0,0.00024414062499999989,0,0,0,0,0,0,0,0,0,0,0.24615384615384622,-1
129,1,0.015625,0,0.00012207031249999995,0,0,0,0,-0,0,0,0,0,0,0.49230769230769245,-1
130,0,0.03125,0,0.00012207031249999995,0,0,0,0,0,0,0,0,0,0,0.16410256410256413,-1
131,0.015625,0.03125,0,0.00024414062499999989,0,0,0,0,0,0,0,0,0,0,0.24615384615384622,-1
132,0.03125,0.03125,0,0.00024414062499999989,0,0,0,0,0,0,0,0,0,0,0.24615384615384622,-1
133,0.046875,0.03125,0,0.00024414062499999989,0,0,0,0,0,0,0,0,0,0,0.24615384615384622,-1
134,0.0625,0.03125,0,0.00024414062499999989,0,0,0,0,0,0,0,0,0,0,0.24615384615384622,-1
135,0.078125,0.03125,0,0.00024414062499999989,0,0,0,0,0,0,0,0,0,0,0.24615384615384622,-1
136,0.09375,0.03125,0,0.00024414062499999989,0,0,0,0,0,0,0,0,0,0,0.24615384615384622,-1
137,0.109375,0.03125,0,0.00024414062499999989,0,0,0,0,0,0,0,0,0,0,0.24615384615384622,-1
138,0.125,0.03125,0,0.00024414062499999989,0,0,0,0,0,0,0,0,0,0,0.24615384615384622,-1
139,0.140625,0.03125,0,0.00024414062499999989,0,0,0,0,0,0,0,0,0,0,0.24615384615384622,-1
140,0.15625,0.03125,0,0.00024414062499999989,0,0,0,0,0,0,0,0,0,0,0.24615384615384622,-1
141,0.171875,0.03125,0,0.00024414062499999989,0,0,0,0,0,0,0,0,0,0,0.24615384615384622,-1
142,0.1875,0.03125,0,0.00024414062499999989,0,0,0,0,0,0,0,0,0,0,0.24615384615384622,-1
143,0.203125,0.03125,0,0.00024414062499999989,0,0,0,0,0,0,0,0,0,0,0.24615384615384622,-1
144,0.21875,0.03125,0,0.00024414062499999989,0,0,0,0,0,0,0,0,0,0,0.24615384615384622,-1
145,0.234375,0.03125,0,0.00024414062499999989,0,0,0,0,0,0,0,0,0,0,0.24615384615384622,-1
146,0.25,0.03125,0,0.00024414062499999989,0,0,0,0,0,0,0,0,0,0,0.24615384615384622,-1
147,0.265625,0.03125,0,0.00024414062499999989,0,0,0,0,0,0,0,0,0,0,0.24615384615384622,-1
148,0.28125,0.03125,0,0.00024414062499999989,0,0,0,0,0,0,0,0,0,0,0.24615384615384622,-1
149,0.296875,0.03125,0,0.00024414062499999989,0,0,0,0,0,0,0,0,0,0,0.24615384615384622,-1
150,0.3125,0.03125,0,0.00024414062499999989,0,0,0,0,0,0,0,0,0,0,0.24615384615384622,-1
151,0.328125,0.03125,0,0.00024414062499999989,0,0,0,0,0,0,0,0,0,0,0.24615384615384622,-1
152,0.34375,0.03125,0,0.00024414062499999989,0,0,0,0,0,0,0,0,0,0,0.24615384615384622,-1
153,0.359375,0.03125,0,0.00024414062499999989,0,0,0,0,0,0,0,0,0,0,0.24615384615384622,-1
154,0.375,0.03125,0,0.00024414062499999989,0,0,0,0,0,0,0,0,0,0,0.24615384615384622,-1
155,0.390625,0.03125,0,0.00024414062499999989,0,0,0,0,0,0,0,0,0,0,0.24615384615384622,-1
156,0.40625,0.03125,0,0.00024414062499999989,0,0,0,0,0,0,0,0,0,0,0.24615384615384622,-1
157,0.421875,0.03125,0,0.00024414062499999989,0,0,0,0,0,0,0,0,0,0,0.24615384615384622,-1
158,0.4375,0.03125,0,0.00024414062499999989,0,0,0,0,0,0,0,0,0,0,0.24615384615384622,-1
159,0.453125,0.03125,0,0.00024414062499999989,0,0,0,0,0,0,0,0,0,0,0.24615384615384622,-1
160,0.46875,0.03125,0,0.00024414062499999989,0,0,0,0,0,0,0,0,0,0,0.24615384615384622,-1
161,0.484375,0.03125,0,0.00024414062499999989,0,0,0,0,0,0,0,0,0,0,0.24615384615384622,-1
162,0.5,0.03125,0,0.00024414062499999989,0,0,0,0,0,0,0,0,0,0,0.24615384615384622,-1
163,0.515625,0.03125,0,0.00024414062499999989,0,0,0,0,0,0,0,0,0,0,0.24615384615384622,-1
164,0.53125,0.03125,0,0.00024414062499999989,0,0,-9.4212966029896953e-52,0,0,0,0,-2.30012124096428e-55,0,0,0.24615384615384622,-1
165,0.546875,0.03125,0,0.00024414062499999989,0,0,-4.8224350419737411e-40,0,0,0,0,-1.1773523051693698e-43,0,0,0.24615384615384622,-1
166,0.5625,0.03125,0,0.00024414062499999989,0,1.8842593205979391e-51,1.0585653992518708e-51,1.0586435654118243e-51,0,0,4.60024248192856e-55,-2.0158543001612988e-55,-2.0156634648098497e-55,3.6222716315306849e-71,0.24615384615384622,-1
167,0.578125,0.03125,0,0.00024414062499999989,0,9.6448700839474821e-40,3.0661296591077446e-37,2.3496499443878156e-38,0,0,2.3547046103387396e-43,7.4621210669526267e-41,5.500979598506689e-42,0,0.24615384615384622,-1
168,0.59375,0.03125,0,0.00024414062499999989,-5.5989141230522891e-51,-4.6834843102707146e-51,2.8187979693295083e-34,-1.4868172229344309e-52,-4.6695037352100501e-72,-2.9184398345062814e-71,2.2349360663612652e-55,6.8818309798083667e-38,1.1071295380803881e-54,0,0.24615384615384622,-1
169,0.609375,0.03125,0,0.00024414062499999989,-2.0014338720909479e-37,-7.6313876747847172e-37,-5.1410330264056864e-37,-4.935757757473286e-37,-1.6691991940054469e-58,-1.0432494962534043e-57,-1.3745004401107829e-40,6.0799674032691152e-41,6.5811277278111074e-41,1.0195788231247695e-56,0.24615384615384622,-1
170,0.625,0.03125,0,0.00024414062499999989,0,-5.6375959386590166e-34,-4.7150987848809095e-34,-4.7150987848809095e-34,0,0,-1.3763661959616733e-37,2.2521903168410812e-38,2.2521903168410812e-38,-2.0880974297595278e-53,0.24615384615384622,-1
171,0.640625,0.03125,0,0.00024414062499999989,8.1520476222293408e-38,7.7112283509771199e-38,-4.7904174557850389e-35,1.0023834277132793e-38,6.7988213401741107e-59,4.2492633376088189e-58,-1.0762189239556185e-42,-1.171418135775394e-38,-1.6379015925937103e-41,0,0.24615384615384622,-1
172,0.65625,0.03125,0,0.00024414062499999989,2.625120874880719e-35,3.9904953585938096e-34,2.6423295954160949e-34,2.615506669394425e-34,2.1893551966020952e-56,1.3683469978763094e-55,9.1015216579729876e-38,-3.2914203202580908e-38,-3.3569059794906839e-38,2.0880974297595278e-53,0.24615384615384622,-1
173,0.671875,0.03125,0,0.00024414062499999989,-3.6641632122282633e-40,9.5986772232660744e-35,6.2854795062617168e-35,6.2854801245890197e-35,-3.05591824233796e-61,-1.9099489014612249e-60,2.3434360021724102e-38,-8.0888616137801646e-39,-8.0888601041920254e-39,0,0.24615384615384622,-1
174,0.6875,0.03125,0,0.00024414062499999989,-7.4435228511759706e-36,-1.023146095477494e-34,-5.9513894842751695e-35,-5.9513894842751695e-35,-6.2079104970696025e-57,-3.8799440606685018e-56,-2.3161886400530615e-38,1.0449393238524827e-38,1.0449393238524827e-38,2.6101217871994098e-54,0.24615384615384622,-1
175,0.703125,0.03125,0,0.00024414062499999989,-1.1910097421466761e-36,-3.0621112616992147e-35,-1.7431946193985932e-35,-1.7407577414988327e-35,-9.9330411529755916e-58,-6.2081507206097442e-57,-7.1850837096790664e-39,3.2200113337417504e-39,3.2259607426767125e-39,-6.5253044679985245e-55,0.24615384615384622,-1
176,0.71875,0.03125,0,0.00024414062499999989,6.7466787985747697e-37,7.9460012941811302e-36,4.2483623815378187e-36,4.2483623815378187e-36,5.6267413926743528e-58,3.5167133704214704e-57,1.7752278843563597e-39,-9.0274387515705813e-40,-9.0274387515705813e-40,3.2626522339992623e-55,0.24615384615384622,-1
177,0.734375,0.03125,0,0.00024414062499999989,1.2225067732659231e-37,2.8507566029046735e-36,1.4946535666804547e-36,1.4946535666804547e-36,1.0195726918870447e-58,6.3723293242940288e-58,6.6613914198683592e-40,-3.3107984282817825e-40,-3.3107984282817825e-40,0,0.24615384615384622,-1
178,0.75,0.03125,0,0.00024414062499999989,6.7102479551590049e-39,2.9507499907870203e-37,1.5154951283639671e-37,1.5154951283639671e-37,5.5963580083844677e-60,3.4977237552402918e-59,7.0401550567271219e-41,-3.5040401914625306e-41,-3.5040401914625306e-41,-5.0978941156238473e-57,0.24615384615384622,-1
179,0.765625,0.03125,0,0.00024414062499999989,1.2763972757117742e-40,1.3888842006917263e-38,7.0212284282522248e-39,7.0212284282522248e-39,1.0645174609856038e-61,6.6532341311600238e-61,3.3596685252309763e-42,-1.6766634713537684e-42,-1.6766634713537684e-42,3.1861838222649046e-58,0.24615384615384622,-1
180,0.78125,0.03125,0,0.00024414062499999989,1.2637596789225481e-42,3.3892738424929518e-40,1.7022518834143428e-40,1.7022518834143428e-40,1.0539776841441618e-63,6.5873605259010109e-63,8.2437408342376088e-44,-4.1187059547817584e-44,-4.1187059547817584e-44,4.9784122222889134e-60,0.24615384615384622,-1
181,0.796875,0.03125,0,0.00024414062499999989,0,5.4438878476663647e-42,2.7219439238331823e-42,2.7219439238331823e-42,0,0,1.3290741815591704e-45,-6.6453709077958522e-46,-6.6453709077958522e-46,0,0.24615384615384622,-1
182,0.8125,0.03125,0,0.00024414062499999989,0,5.1846550930155816e-44,2.5923275465077908e-44,2.5923275465077908e-44,0,0,1.2657849348182567e-47,-6.3289246740912837e-48,-6.3289246740912837e-48,0,0.24615384615384622,-1
183,0.828125,0.03125,0,0.00024414062499999989,0,0,0,0,0,0,0,0,0,0,0.24615384615384622,-1
184,0.84375,0.03125,0,0.00024414062499999989,0,0,0,0,0,0,0,0,0,0,0.24615384615384622,-1
185,0.859375,0.03125,0,0.00024414062499999989,0,0,0,0,0,0,0,0,0,0,0.24615384615384622,-1
186,0.875,0.03125,0,0.00024414062499999989,0,0,0,0,0,0,0,0,0,0,0.24615384615384622,-1
187,0.890625,0.03125,0,0.00024414062499999989,0,0,0,0,0,0,0,0,0,0,0.24615384615384622,-1
188,0.90625,0.03125,0,0.00024414062499999989,0,0,0,0,0,0,0,0,0,0,0.24615384615384622,-1
189,0.921875,0.03125,0,0.00024414062499999989,0,0,0,0,0,0,0,0,0,0,0.24615384615384622,-1
190,0.9375,0.03125,0,0.00024414062499999989,0,0,0,0,0,0,0,0,0,0,0.24615384615384622,-1
191,0.953125,0.03125,0,0.00024414062499999989,0,0,0,0,0,0,0,0,0,0,0.24615384615384622,-1
192,0.96875,0.03125,0,0.00024414062499999989,0,0,0,0,0,0,0,0,0,0,0.24615384615384622,-1
193,0.984375,0.03125,0,0.00024414062499999989,0,0,0,0,0,0,0,0,0,0,0.24615384615384622,-1
194,1,0.03125,0,0.00012207031249999995,0,0,0,0,-0,0,0,0,0,0,0.49230769230769245,-1
195,0,0.046875,0,0.00012207031249999995,0,0,0,0,0,0,0,0,0,0,0.16410256410256413,-1
196,0.015625,0.046875,0,0.00024414062499999989,0,0,0,0,0,0,0,0,0,0,0.24615384615384622,-1
197,0.03125,0.046875,0,0.00024414062499999989,0,0,0,0,0,0,0,0,0,0,0.24615384615384622,-1
198,0.046875,0.046875,0,0.00024414062499999989,0,0,0,0,0,0,0,0,0,0,0.24615384615384622,-1
199,0.0625,0.046875,0,0.00024414062499999989,0,0,0,0,0,0,0,0,0,0,0.24615384615384622,-1
200,0.078125,0.046875,0,0.00024414062499999989,0,0,0,0,0,0,0,0,0,0,0.24615384615384622,-1
201,0.09375,0.046875,0,0.00024414062499999989,0,0,0,0,0,0,0,0,0,0,0.24615384615384622,-1
202,0.109375,0.046875,0,0.00024414062499999989,0,0,0,0,0,0,0,0,0,0,0.24615384615384622,-1
203,0.125,0.046875,0,0.00024414062499999989,0,0,0,0,0,0,0,0,0,0,0.24615384615384622,-1
204,0.140625,0.046875,0,0.00024414062499999989,0,0,0,0,0,0,0,0,0,0,0.24615384615384622,-1
205,0.15625,0.046875,0,0.00024414062499999989,0,0,0,0,0,0,0,0,0,0,0.24615384615384622,-1
206,0.171875,0.046875,0,0.00024414062499999989,0,0,0,0,0,0,0,0,0,0,0.24615384615384622,-1
207,0.1875,0.046875,0,0.00024414062499999989,0,0,0,0,0,0,0,0,0,0,0.24615384615384622,-1
208,0.203125,0.046875,0,0.00024414062499999989,0,0,0,0,0,0,0,0,0,0,0.24615384615384622,-1
209,0.21875,0.046875,0,0.00024414062499999989,0,0,0,0,0,0,0,0,0,0,0.24615384615384622,-1
210,0.234375,0.046875,0,0.00024414062499999989,0,0,0,0,0,0,0,0,0,0,0.24615384615384622,-1
211,0.25,0.046875,0,0.00024414062499999989,0,0,0,0,0,0,0,0,0,0,0.24615384615384622,-1
212,0.265625,0.046875,0,0.00024414062499999989,0,0,0,0,0,0,0,0,0,0,0.24615384615384622,-1
213,0.28125,0.046875,0,0.00024414062499999989,0,0,0,0,0,0,0,0,0,0,0.24615384615384622,-1
214,0.296875,0.046875,0,0.00024414062499999989,0,0,0,0,0,0,0,0,0,0,0.24615384615384622,-1
215,0.3125,0.046875,0,0.00024414062499999989,0,0,0,0,0,0,0,0,0,0,0.24615384615384622,-1
216,0.328125,0.046875,0,0.00024414062499999989,0,0,0,0,0,0,0,0,0,0,0.24615384615384622,-1
217,0.34375,0.046875,0,0.00024414062499999989,0,0,0,0,0,0,0,0,0,0,0.24615384615384622,-1
218,0.359375,0.046875,0,0.00024414062499999989,0,0,0,0,0,0,0,0,0,0,0.24615384615384622,-1
219,0.375,0.046875,0,0.00024414062499999989,0,0,0,0,0,0,0,0,0,0,0.24615384615384622,-1
220,0.390625,0.046875,0,0.00024414062499999989,0,0,0,0,0,0,0,0,0,0,0.24615384615384622,-1
221,0.40625,0.046875,0,0.00024414062499999989,0,0,0,0,0,0,0,0,0,0,0.24615384615384622,-1
222,0.421875,0.046875,0,0.00024414062499999989,0,0,0,0,0,0,0,0,0,0,0.24615384615384622,-1
223,0.4375,0.046875,0,0.00024414062499999989,0,0,0,0,0,0,0,0,0,0,0.24615384615384622,-1
224,0.453125,0.046875,0,0.00024414062499999989,0,0,0,0,0,0,0,0,0,0,0.24615384615384622,-1
225,0.46875,0.046875,0,0.00024414062499999989,0,0,0,0,0,0,0,0,0,0,0.24615384615384622,-1
226,0.484375,0.046875,0,0.00024414062499999989,0,0,0,0,0,0,0,0,0,0,0.24615384615384622,-1
227,0.5,0.046875,0,0.00024414062499999989,0,0,0,0,0,0,0,0,0,0,0.24615384615384622,-1
228,0.515625,0.046875,0,0.00024414062499999989,0,0,-5.2930416814404944e-50,0,0,0,0,-1.2922465042579327e-53,0,0,0.24615384615384622,-1
229,0.53125,0.046875,0,0.00024414062499999989,0,0,-4.8220124112977945e-40,0,0,0,0,-1.177249123852e-43,0,0,0.24615384615384622,-1
230,0.546875,0.046875,0,0.00024414062499999989,4.5928820939574761e-50,1.4048426104618994e-49,-2.4111858234277119e-39,9.421296602989906e-52,3.8304713417218994e-71,2.3940445885761867e-70,2.3084824244779088e-53,-5.8866841395707891e-43,-3.4067903170383519e-53,0,0.24615384615384622,-1
231,0.5625,0.046875,0,0.00024414062499999989,2.3509370829621986e-38,1.8686851261513051e-38,1.9936893024432593e-37,2.3445013901015318e-38,1.9606854559418082e-59,1.2254284099636301e-58,-1.1773729414328446e-42,4.4111835689163285e-41,1.1616608006597324e-42,-3.1115076389305709e-58,0.24615384615384622,-1
232,0.578125,0.046875,0,0.00024414062499999989,-5.6801573706723555e-51,4.8223716470485168e-39,5.703430641795229e-32,2.345788528657084e-38,-4.7372607394942458e-72,-2.9607879621839034e-71,1.1773368278940906e-42,1.3924390037983549e-35,4.5496859471490028e-42,-6.3723676445298091e-58,0.24615384615384622,-1
233,0.59375,0.046875,0,0.00024414062499999989,-1.492387271732061e-35,-1.1601058764788707e-35,1.7832381269455071e-32,-3.2457074489959222e-37,-1.2446534786166274e-56,-7.7790842413539201e-56,8.1123387512985919e-40,4.35644099810055e-36,2.7530488329807395e-39,0,0.24615384615384622,-1
234,0.609375,0.046875,0,0.00024414062499999989,-1.3740839526932515e-32,-1.2442708704152823e-31,-1.0846463765629567e-31,-1.0705727742881573e-31,-1.1459883128365326e-53,-7.1624269552283293e-53,-2.702300964711808e-35,3.8970823694415438e-36,4.2406761749786378e-36,-5.3455294201843913e-51,0.24615384615384622,-1
235,0.625,0.046875,0,0.00024414062499999989,3.8167315996600884e-37,-3.5694673316217441e-32,-3.4635836479797265e-32,-3.463584262688238e-32,3.1831605324196485e-58,1.9894753327622801e-57,-8.7146130345159645e-36,2.5850508701664376e-37,2.5850358626344192e-37,0,0.24615384615384622,-1
236,0.640625,0.046875,0,0.00024414062499999989,9.2441403939081889e-33,8.2347647926754859e-32,5.6165777502738463e-32,5.6165777502738463e-32,7.7096285367971289e-54,4.8185178354982042e-53,1.7847536018761387e-35,-6.3920582089883766e-36,-6.3920582089883766e-36,1.3363823550460978e-51,0.24615384615384622,-1
237,0.65625,0.046875,0,0.00024414062499999989,2.2346790101394554e-33,3.5262079443727706e-32,2.3729191171950517e-32,2.3683426926912365e-32,1.8637260289238111e-54,1.164828768077382e-53,8.0633301839815023e-36,-2.8156465507268513e-36,-2.8268194621131189e-36,6.6819117752304891e-52,0.24615384615384622,-1
238,0.671875,0.046875,0,0.00024414062499999989,-2.3571424096707482e-33,-2.0241208712065198e-32,-1.2114708220921441e-32,-1.2114708220921441e-32,-1.9658607087867251e-54,-1.2286629429917031e-53,-4.3662271246080181e-36,1.9840089089706429e-36,1.9840089089706429e-36,0,0.24615384615384622,-1
239,0.6875,0.046875,0,0.00024414062499999989,-6.9473066039374831e-34,-9.9352690930656005e-33,-5.8347438147911409e-33,-5.8347438147911409e-33,-5.7940653176245477e-55,-3.621290823515342e-54,-2.2559908282890255e-36,1.001104804266225e-36,1.001104804266225e-36,1.6704779438076223e-52,0.24615384615384622,-1
240,0.703125,0.046875,0,0.00024414062499999989,1.8606339885884784e-34,1.1911088276354186e-33,6.3973433522535265e-34,6.3973433522535265e-34,1.5517718558676905e-55,9.6985740991730644e-55,2.4537241913490488e-37,-1.3461291318605119e-37,-1.3461291318605119e-37,-2.0880974297595278e-53,0.24615384615384622,-1
241,0.71875,0.046875,0,0.00024414062499999989,6.4542161321096172e-35,9.1713211209883462e-34,4.9308183540516137e-34,4.9308183540516137e-34,5.3828270400955662e-56,3.3642669000597291e-55,2.0815184345159623e-37,-1.0352789958341628e-37,-1.0352789958341628e-37,-2.0880974297595278e-53,0.24615384615384622,-1
242,0.734375,0.046875,0,0.00024414062499999989,6.5788760030040173e-36,1.4846323767261885e-34,7.8071932748363241e-35,7.8071932748363241e-35,5.4867935807459292e-57,3.4292459879662059e-56,3.4639736735745795e-38,-1.7185377178773334e-38,-1.7185377178773334e-38,-2.6101217871994098e-54,0.24615384615384622,-1
243,0.75,0.046875,0,0.00024414062499999989,3.0924757503759599e-37,1.1631028952905993e-35,6.0005734531274734e-36,6.0005734531274734e-36,2.579129943781813e-58,1.611956214863633e-57,2.7641067817061505e-39,-1.3746229247506145e-39,-1.3746229247506145e-39,-1.6313261169996311e-55,0.24615384615384622,-1
244,0.765625,0.046875,0,0.00024414062499999989,7.7263107370127339e-39,5.2348826003758831e-37,2.6638860642899905e-37,2.6638860642899905e-37,6.4437560664363743e-60,4.0273475415227337e-59,1.2591844465346078e-40,-6.2768470119284458e-41,-6.2768470119284458e-41,-1.0195788231247695e-56,0.24615384615384622,-1
245,0.78125,0.046875,0,0.00024414062499999989,1.2763972757117742e-40,1.5348322415601162e-38,7.7509686325941729e-39,7.7509686325941729e-39,1.0645174609856038e-61,6.6532341311600238e-61,3.7159869843823182e-42,-1.8548227009294397e-42,-1.8548227009294397e-42,3.1861838222649046e-58,0.24615384615384622,-1
246,0.796875,0.046875,0,0.00024414062499999989,1.2637596789225481e-42,3.4017170147161888e-40,1.7087327022806121e-40,1.7087327022806121e-40,1.0539776841441618e-63,6.5873605259010109e-63,8.2741196726732458e-44,-4.1332624815321677e-44,-4.1332624815321677e-44,4.9784122222889134e-60,0.24615384615384622,-1
247,0.8125,0.046875,0,0.00024414062499999989,0,5.4438878476663647e-42,2.7219439238331823e-42,2.7219439238331823e-42,0,0,1.3290741815591704e-45,-6.6453709077958522e-46,-6.6453709077958522e-46,0,0.24615384615384622,-1
248,0.828125,0.046875,0,0.00024414062499999989,0,0,0,0,0,0,0,0,0,0,0.24615384615384622,-1
249,0.84375,0.046875,0,0.00024414062499999989,0,0,0,0,0,0,0,0,0,0,0.24615384615384622,-1
250,0.859375,0.046875,0,0.00024414062499999989,0,0,0,0,0,0,0,0,0,0,0.24615384615384622,-1
251,0.875,0.046875,0,0.00024414062499999989,0,0,0,0,0,0,0,0,0,0,0.24615384615384622,-1
252,0.890625,0.046875,0,0.00024414062499999989,0,0,0,0,0,0,0,0,0,0,0.24615384615384622,-1
253,0.90625,0.046875,0,0.00024414062499999989,0,0,0,0,0,0,0,0,0,0,0.24615384615384622,-1
254,0.921875,0.046875,0,0.00024414062499999989,0,0,0,0,0,0,0,0,0,0,0.24615384615384622,-1
255,0.9375,0.046875,0,0.00024414062499999989,0,0,0,0,0,0,0,0,0,0,0.24615384615384622,-1
256,0.953125,0.046875,0,0.00024414062499999989,0,0,0,0,0,0,0,0,0,0,0.24615384615384622,-1
257,0.96875,0.046875,0,0.00024414062499999989,0,0,0,0,0,0,0,0,0,0,0.24615384615384622,-1
258,0.984375,0.046875,0,0.00024414062499999989,0,0,0,0,0,0,0,0,0,0,0.24615384615384622,-1
259,1,0.046875,0,0.00012207031249999995,0,0,0,0,-0,0,0,0,0,0,0.49230769230769245,-1
260,0,0.0625,0,0.00012207031249999995,0,0,0,0,0,0,0,0,0,0,0.16410256410256413,-1
261,0.015625,0.0625,0,0.00024414062499999989,0,0,0,0,0,0,0,0,0,0,0.24615384615384622,-1
262,0.03125,0.0625,0,0.00024414062499999989,0,0,0,0,0,0,0,0,0,0,0.24615384615384622,-1
263,0.046875,0.0625,0,0.00024414062499999989,0,0,0,0,0,0,0,0,0,0,0.24615384615384622,-1
264,0.0625,0.0625,0,0.00024414062499999989,0,0,0,0,0,0,0,0,0,0,0.24615384615384622,-1
265,0.078125,0.0625,0,0.00024414062499999989,0,0,0,0,0,0,0,0,0,0,0.24615384615384622,-1
266,0.09375,0.0625,0,0.00024414062499999989,0,0,0,0,0,0,0,0,0,0,0.24615384615384622,-1
267,0.109375,0.0625,0,0.00024414062499999989,0,0,0,0,0,0,0,0,0,0,0.24615384615384622,-1
268,0.125,0.0625,0,0.00024414062499999989,0,0,0,0,0,0,0,0,0,0,0.24615384615384622,-1
269,0.140625,0.0625,0,0.00024414062499999989,0,0,0,0,0,0,0,0,0,0,0.24615384615384622,-1
270,0.15625,0.0625,0,0.00024414062499999989,0,0,0,0,0,0,0,0,0,0,0.24615384615384622,-1
271,0.171875,0.0625,0,0.00024414062499999989,0,0,0,0,0,0,0,0,0,0,0.24615384615384622,-1
272,0.1875,0.0625,0,0.00024414062499999989,0,0,0,0,0,0,0,0,0,0,0.24615384615384622,-1
273,0.203125,0.0625,0,0.00024414062499999989,0,0,0,0,0,0,0,0,0,0,0.24615384615384622,-1
274,0.21875,0.0625,0,0.00024414062499999989,0,0,0,0,0,0,0,0,0,0,0.24615384615384622,-1
275,0.234375,0.0625,0,0.00024414062499999989,0,0,0,0,0,0,0,0,0,0,0.24615384615384622,-1
276,0.25,0.0625,0,0.00024414062499999989,0,0,0,0,0,0,0,0,0,0,0.24615384615384622,-1
277,0.265625,0.0625,0,0.00024414062499999989,0,0,0,0,0,0,0,0,0,0,0.24615384615384622,-1
278,0.28125,0.0625,0,0.00024414062499999989,0,0,0,0,0,0,0,0,0,0,0.24615384615384622,-1
279,0.296875,0.0625,0,0.00024414062499999989,0,0,0,0,0,0,0,0,0,0,0.24615384615384622,-1
280,0.3125,0.0625,0,0.00024414062499999989,0,0,0,0,0,0,0,0,0,0,0.24615384615384622,-1
281,0.328125,0.0625,0,0.00024414062499999989,0,0,0,0,0,0,0,0,0,0,0.24615384615384622,-1
282,0.34375,0.0625,0,0.00024414062499999989,0,0,0,0,0,0,0,0,0,0,0.24615384615384622,-1
283,0.359375,0.0625,0,0.00024414062499999989,0,0,0,0,0,0,0,0,0,0,0.24615384615384622,-1
284,0.375,0.0625,0,0.00024414062499999989,0,0,0,0,0,0,0,0,0,0,0.24615384615384622,-1
285,0.390625,0.0625,0,0.00024414062499999989,0,0,0,0,0,0,0,0,0,0,0.24615384615384622,-1
286,0.40625,0.0625,0,0.00024414062499999989,0,0,0,0,0,0,0,0,0,0,0.24615384615384622,-1
287,0.421875,0.0625,0,0.00024414062499999989,0,0,0,0,0,0,0,0,0,0,0.24615384615384622,-1
288,0.4375,0.0625,0,0.00024414062499999989,0,0,0,0,0,0,0,0,0,0,0.24615384615384622,-1
289,0.453125,0.0625,0,0.00024414062499999989,0,0,0,0,0,0,0,0,0,0,0.24615384615384622,-1
290,0.46875,0.0625,0,0.00024414062499999989,0,0,0,0,0,0,0,0,0,0,0.24615384615384622,-1
291,0.484375,0.0625,0,0.00024414062499999989,0,0,0,0,0,0,0,0,0,0,0.24615384615384622,-1
292,0.5,0.0625,0,0.00024414062499999989,0,0,-1.5492801002586221e-47,0,0,0,0,-3.7824221197720247e-51,0,0,0.24615384615384622,-1
293,0.515625,0.0625,0,0.00024414062499999989,0,0,-4.8184739789334759e-40,0,0,0,0,-1.176385248763055e-43,0,0,0.24615384615384622,-1
294,0.53125,0.0625,0,0.00024414062499999989,2.5803578197022407e-48,3.2930794401805694e-47,-2.4110590390766918e-39,6.585285023623323e-48,2.1520227337777916e-69,1.3450142086111197e-68,7.4097745561775972e-51,-5.8863746875182743e-43,-6.4320091255328029e-51,7.4184123013748428e-67,0.24615384615384622,-1
295,0.546875,0.0625,0,0.00024414062499999989,2.3507310504893028e-38,1.8684590407167594e-38,2.1216159366627424e-38,1.8805236585040514e-38,1.9605136245151035e-59,1.2253210153219395e-58,-1.1774218988587483e-42,6.1805882799312222e-43,2.9454633269755767e-44,3.1861838222649046e-58,0.24615384615384622,-1
296,0.5625,0.0625,0,0.00024414062499999989,2.3507825578432381e-38,2.2543402006636976e-38,6.1575778981842887e-30,2.3509887016389544e-38,1.9605565817343615e-59,1.2253478635839761e-58,-2.3545497358286254e-43,1.5033149110451378e-33,2.3595825433412324e-43,-3.5867904307772156e-58,0.24615384615384622,-1
297,0.578125,0.0625,0,0.00024414062499999989,-8.5496462109617173e-36,-6.4395719157414594e-36,3.4799115296051311e-30,1.881556613396361e-38,-7.130419227620889e-57,-4.4565120172630552e-56,5.1515485723150793e-40,8.4958934794361466e-34,1.5767547563172413e-39,0,0.24615384615384622,-1
298,0.59375,0.0625,0,0.00024414062499999989,-2.7803626248389957e-30,-1.4411121415563282e-29,-1.3621735053299201e-29,-1.3336570799773403e-29,-2.3188270754984145e-51,-1.4492669221865092e-50,-2.8395407203916705e-33,1.927212798496287e-34,2.6234145893307573e-34,3.4211388289180104e-49,0.24615384615384622,-1
299,0.609375,0.0625,0,0.00024414062499999989,-8.1510111707599721e-31,-7.5743009950601282e-30,-7.5250842479686269e-30,-7.5083754001195472e-30,-6.7979569379165982e-52,-4.2487230861978739e-51,-1.6501952827109691e-33,1.2015807395386146e-35,1.609511595229038e-35,3.4211388289180104e-49,0.24615384615384622,-1
300,0.625,0.0625,0,0.00024414062499999989,1.8373613117839469e-30,1.075267687050366e-29,7.6531286820697652e-30,7.6531286820697652e-30,1.5323624045207474e-51,9.577265028254671e-51,2.1765907125780539e-33,-7.5672563194186831e-34,-7.5672563194186831e-34,-1.7105694144590052e-49,0.24615384615384622,-1
301,0.640625,0.0625,0,0.00024414062499999989,7.8147431653344135e-31,7.0492375166768608e-30,4.9955037843837668e-30,4.9955037843837668e-30,6.5175088594398614e-52,4.0734430371499136e-51,1.5302156250350139e-33,-5.013998369856185e-34,-5.013998369856185e-34,0,0.24615384615384622,-1
302,0.65625,0.0625,0,0.00024414062499999989,-4.5903193782819574e-31,-2.6099850890063648e-30,-1.5978479432490086e-30,-1.5978479432490086e-30,-3.8283340325658531e-52,-2.392708770353658e-51,-5.2513504667435751e-34,2.4710379535091692e-34,2.4710379535091692e-34,8.5528470722950261e-50,0.24615384615384622,-1
303,0.671875,0.0625,0,0.00024414062499999989,-2.1997793825363953e-31,-2.1337623495555902e-30,-1.2963257148313727e-30,-1.2963257148313727e-30,-1.8346196811806012e-52,-1.1466373007378756e-51,-4.6723252229051507e-34,2.0445230339946709e-34,2.0445230339946709e-34,0,0.24615384615384622,-1
304,0.6875,0.0625,0,0.00024414062499999989,2.840072888400817e-32,3.5096162895230274e-32,1.2943402353775278e-32,1.2943402353775278e-32,2.3686255350933444e-53,1.4803909594333403e-52,1.6346274441460205e-36,-5.4083888040661584e-36,-5.4083888040661584e-36,0,0.24615384615384622,-1
305,0.703125,0.0625,0,0.00024414062499999989,2.0426070432440709e-32,2.0016084091707488e-31,1.1023835261801111e-31,1.1023835261801111e-31,1.7035376875533958e-53,1.0647110547208724e-52,4.3880559200350117e-35,-2.1953732494888602e-35,-2.1953732494888602e-35,-2.6727647100921956e-51,0.24615384615384622,-1
306,0.71875,0.0625,0,0.00024414062499999989,3.2390612585506431e-33,4.7042789591889589e-32,2.5363172327956581e-32,2.5363172327956581e-32,2.7013825025647995e-54,1.6883640641029999e-53,1.0694269612631574e-35,-5.2928753085773917e-36,-5.2928753085773917e-36,-6.6819117752304891e-52,0.24615384615384622,-1
307,0.734375,0.0625,0,0.00024414062499999989,2.5138615184642513e-34,5.3276683959475907e-33,2.8123799129234039e-33,2.8123799129234039e-33,2.0965647074205003e-55,1.3103529421378127e-54,1.2393267197512607e-36,-6.140841023008266e-37,-6.140841023008266e-37,-8.3523897190381114e-53,0.24615384615384622,-1
308,0.75,0.0625,0,0.00024414062499999989,1.1374354830518065e-35,3.6138809488869465e-34,1.8750453573170131e-34,1.8750453573170131e-34,9.4862309368220602e-57,5.9288943355137875e-56,8.5452573256390727e-38,-4.2452040809812807e-38,-4.2452040809812807e-38,0,0.24615384615384622,-1
309,0.765625,0.0625,0,0.00024414062499999989,3.4073709621053578e-37,1.6431253443470548e-35,8.4202407657171813e-36,8.4202407657171813e-36,2.8417530765989635e-58,1.7760956728743521e-57,3.9283487175927746e-39,-1.9558136420296295e-39,-1.9558136420296295e-39,-3.2626522339992623e-55,0.24615384615384622,-1
310,0.78125,0.0625,0,0.00024414062499999989,7.7566409693068738e-39,5.5906675882219095e-37,2.8422816641815923e-37,2.8422816641815923e-37,6.4690515308558318e-60,4.0431572067848948e-59,1.3459719674142672e-40,-6.7099265723640525e-41,-6.7099265723640525e-41,0,0.24615384615384622,-1
311,0.796875,0.0625,0,0.00024414062499999989,1.2763972757117742e-40,1.5478975723945146e-38,7.81901723069e-39,7.81901723069e-39,1.0645174609856038e-61,6.6532341311600238e-61,3.7478847647397362e-42,-1.8701070540173687e-42,-1.8701070540173687e-42,3.1861838222649046e-58,0.24615384615384622,-1
312,0.8125,0.0625,0,0.00024414062499999989,0,2.7639396300866085e-40,1.3819698150433043e-40,1.3819698150433043e-40,0,0,6.7478994875161311e-44,-3.3739497437580655e-44,-3.3739497437580655e-44,0,0.24615384615384622,-1
313,0.828125,0.0625,0,0.00024414062499999989,0,0,0,0,0,0,0,0,0,0,0.24615384615384622,-1
314,0.84375,0.0625,0,0.00024414062499999989,0,0,0,0,0,0,0,0,0,0,0.24615384615384622,-1
315,0.859375,0.0625,0,0.00024414062499999989,0,0,0,0,0,0,0,0,0,0,0.24615384615384622,-1
316,0.875,0.0625,0,0.00024414062499999989,0,0,0,0,0,0,0,0,0,0,0.24615384615384622,-1
317,0.890625,0.0625,0,0.00024414062499999989,0,0,0,0,0,0,0,0,0,0,0.24615384615384622,-1
318,0.90625,0.0625,0,0.00024414062499999989,0,0,0,0,0,0,0,0,0,0,0.24615384615384622,-1
319,0.921875,0.0625,0,0.00024414062499999989,0,0,0,0,0,0,0,0,0,0,0.24615384615384622,-1
320,0.9375,0.0625,0,0.00024414062499999989,0,0,0,0,0,0,0,0,0,0,0.24615384615384622,-1
321,0.953125,0.0625,0,0.00024414062499999989,0,0,0,0,0,0,0,0,0,0,0.24615384615384622,-1
322,0.96875,0.0625,0,0.00024414062499999989,0,0,0,0,0,0,0,0,0,0,0.24615384615384622,-1
323,0.984375,0.0625,0,0.00024414062499999989,0,0,0,0,0,0,0,0,0,0,0.24615384615384622,-1
324,1,0.0625,0,0.00012207031249999995,0,0,0,0,-0,0,0,0,0,0,0.49230769230769245,-1
325,0,0.078125,0,0.00012207031249999995,0,0,0,0,0,0,0,0,0,0,0.16410256410256413,-1
326,0.015625,0.078125,0,0.00024414062499999989,0,0,0,0,0,0,0,0,0,0,0.24615384615384622,-1
327,0.03125,0.078125,0,0.00024414062499999989,0,0,0,0,0,0,0,0,0,0,0.24615384615384622,-1
328,0.046875,0.078125,0,0.00024414062499999989,0,0,0,0,0,0,0,0,0,0,0.24615384615384622,-1
329,0.0625,0.078125,0,0.00024414062499999989,0,0,0,0,0,0,0,0,0,0,0.24615384615384622,-1
330,0.078125,0.078125,0,0.00024414062499999989,0,0,0,0,0,0,0,0,0,0,0.24615384615384622,-1
331,0.09375,0.078125,0,0.00024414062499999989,0,0,0,0,0,0,0,0,0,0,0.24615384615384622,-1
332,0.109375,0.078125,0,0.00024414062499999989,0,0,0,0,0,0,0,0,0,0,0.24615384615384622,-1
333,0.125,0.078125,0,0.00024414062499999989,0,0,0,0,0,0,0,0,0,0,0.24615384615384622,-1
334,0.140625,0.078125,0,0.00024414062499999989,0,0,0,0,0,0,0,0,0,0,0.24615384615384622,-1
335,0.15625,0.078125,0,0.00024414062499999989,0,0,0,0,0,0,0,0,0,0,0.24615384615384622,-1
336,0.171875,0.078125,0,0.00024414062499999989,0,0,0,0,0,0,0,0,0,0,0.24615384615384622,-1
337,0.1875,0.078125,0,0.00024414062499999989,0,0,0,0,0,0,0,0,0,0,0.24615384615384622,-1
338,0.203125,0.078125,0,0.00024414062499999989,0,0,0,0,0,0,0,0,0,0,0.24615384615384622,-1
339,0.21875,0.078125,0,0.00024414062499999989,0,0,0,0,0,0,0,0,0,0,0.24615384615384622,-1
340,0.234375,0.078125,0,0.00024414062499999989,0,0,0,0,0,0,0,0,0,0,0.24615384615384622,-1
341,0.25,0.078125,0,0.00024414062499999989,0,0,0,0,0,0,0,0,0,0,0.24615384615384622,-1
342,0.265625,0.078125,0,0.00024414062499999989,0,0,0,0,0,0,0,0,0,0,0.24615384615384622,-1
343,0.28125,0.078125,0,0.00024414062499999989,0,0,0,0,0,0,0,0,0,0,0.24615384615384622,-1
344,0.296875,0.078125,0,0.00024414062499999989,0,0,0,0,0,0,0,0,0,0,0.24615384615384622,-1
345,0.3125,0.078125,0,0.00024414062499999989,0,0,0,0,0,0,0,0,0,0,0.24615384615384622,-1
346,0.328125,0.078125,0,0.00024414062499999989,0,0,0,0,0,0,0,0,0,0,0.24615384615384622,-1
347,0.34375,0.078125,0,0.00024414062499999989,0,0,0,0,0,0,0,0,0,0,0.24615384615384622,-1
348,0.359375,0.078125,0,0.00024414062499999989,0,0,0,0,0,0,0,0,0,0,0.24615384615384622,-1
349,0.375,0.078125,0,0.00024414062499999989,0,0,0,0,0,0,0,0,0,0,0.24615384615384622,-1
350,0.390625,0.078125,0,0.00024414062499999989,0,0,0,0,0,0,0,0,0,0,0.24615384615384622,-1
351,0.40625,0.078125,0,0.00024414062499999989,0,0,0,0,0,0,0,0,0,0,0.24615384615384622,-1
352,0.421875,0.078125,0,0.00024414062499999989,0,0,-2.3952799388575465e-42,0,0,0,0,-5.8478514132264297e-46,0,0,0.24615384615384622,-1
353,0.4375,0.078125,0,0.00024414062499999989,0,0,-4.4255734537918184e-40,0,0,0,0,-1.0804622689921428e-43,0,0,0.24615384615384622,-1
354,0.453125,0.078125,0,0.00024414062499999989,0,4.7905598777150931e-42,3.588239263336561e-42,3.5882392633366343e-42,0,0,1.1695702826452859e-45,-2.9353530624475873e-46,-2.9353530624474084e-46,0,0.24615384615384622,-1
355,0.46875,0.078125,0,0.00024414062499999989,0,8.8511469075836368e-40,9.9087804818710743e-36,2.15727545523993e-38,0,0,2.1609245379842855e-43,2.4189197673780058e-39,5.050693325595929e-42,0,0.24615384615384622,-1
356,0.484375,0.078125,0,0.00024414062499999989,0,-2.3859186489581758e-42,-1.1936538848737264e-42,-1.193653886514001e-42,0,0,-5.824996701558044e-46,2.9108026466905492e-46,2.9108026426859723e-46,0,0.24615384615384622,-1
357,0.5,0.078125,0,0.00024414062499999989,0,-1.981667584905139e-35,-5.737755637750923e-33,-4.82972656228271e-34,0,0,-4.83805562720981e-39,-1.3959811918705735e-36,-1.1307519052227037e-37,2.0880974297595278e-53,0.24615384615384622,-1
358,0.515625,0.078125,0,0.00024414062499999989,7.5527404887607812e-46,1.9584845266007481e-45,-2.409642234542158e-39,5.0116524500356099e-48,6.2989981893335931e-67,3.9368738683334954e-66,2.9375255803824935e-49,-5.8829203931315521e-43,-4.7692208841570105e-49,0,0.24615384615384622,-1
359,0.53125,0.078125,0,0.00024414062499999989,2.3490060636979265e-38,1.145571230754466e-32,5.7278679949325591e-33,5.7278655873239789e-33,1.9590749826483963e-59,1.2244218641552478e-58,2.7967990277060589e-36,-1.3983994903838129e-36,-1.3984000781788764e-36,0,0.24615384615384622,-1
360,0.546875,0.078125,0,0.00024414062499999989,2.3509887016437137e-38,2.2542084799173048e-38,3.2159184614156744e-28,2.3509887016440786e-38,1.9607285060084538e-59,1.2254553162552837e-58,-2.3627983819924015e-43,7.8513634306402645e-32,2.3627983820013109e-43,-2.3896378667030251e-58,0.24615384615384622,-1
361,0.5625,0.078125,0,0.00024414062499999989,1.7643005494397457e-38,1.8889968310285854e-38,3.1169765149133417e-28,2.3389590142697466e-38,1.4714296066307242e-59,9.1964350414420272e-59,3.0443428122275313e-43,7.6098059441514669e-32,1.0985404864286155e-42,0,0.24615384615384622,-1
362,0.578125,0.078125,0,0.00024414062499999989,-3.0018188707435361e-28,-8.6947465325657772e-28,-9.897292659279582e-28,-9.5894138007358006e-28,-2.5035219546677894e-49,-1.5647012216673682e-48,-1.3898749174370698e-31,-2.9359036296723738e-32,-2.1842462601807202e-32,-2.1895288505075267e-47,0.24615384615384622,-1
363,0.59375,0.078125,0,0.00024414062499999989,-1.5852463830509051e-28,-7.4289849181793754e-28,-8.8145983486190303e-28,-9.5224037923169957e-28,-1.3220981326373691e-49,-8.2631133289835569e-49,-1.4266939783028484e-31,-3.3828452891593105e-32,-5.1108859231875497e-32,2.1895288505075267e-47,0.24615384615384622,-1
364,0.609375,0.078125,0,0.00024414062499999989,2.3160912992232758e-28,9.1050871726351425e-28,6.7991841901107315e-28,6.7991841901107315e-28,1.9316240140712696e-49,1.2072650087945434e-48,1.6574696956571934e-31,-5.6296459534287354e-32,-5.6296459534287354e-32,0,0.24615384615384622,-1
365,0.625,0.078125,0,0.00024414062499999989,1.5011612827388755e-28,9.3563955610137813e-28,7.0619914626280581e-28,7.0619914626280581e-28,1.251971018458935e-49,7.8248188653683433e-49,1.9177818062194589e-31,-5.6015725058245173e-32,-5.6015725058245173e-32,-2.1895288505075267e-47,0.24615384615384622,-1
366,0.640625,0.078125,0,0.00024414062499999989,-5.8318816093464707e-29,-2.0467092791049739e-28,-1.2459269232323002e-28,-1.2459269232323002e-28,-4.863799008101311e-50,-3.0398743800633195e-49,-3.5730496049080223e-32,1.9550350485172688e-32,1.9550350485172688e-32,-2.7369110631344083e-48,0.24615384615384622,-1
367,0.65625,0.078125,0,0.00024414062499999989,-4.6134469582704238e-29,-3.2446923826065837e-28,-2.049574822525483e-28,-2.049574822525483e-28,-3.8476224729257205e-50,-2.404764045578575e-49,-6.795282438426612e-32,2.9177674806667481e-32,2.9177674806667481e-32,5.4738221262688167e-48,0.24615384615384622,-1
368,0.671875,0.078125,0,0.00024414062499999989,1.2158744727518168e-30,-2.7243177947203503e-29,-1.7719480383200994e-29,-1.7719480383200994e-29,1.0140413421747595e-51,6.3377583885922461e-51,-6.9480108447156511e-33,2.3251214755865487e-33,2.3251214755865487e-33,6.8422776578360209e-49,0.24615384615384622,-1
369,0.6875,0.078125,0,0.00024414062499999989,4.3906832682819625e-30,3.1264979228234772e-29,1.7612490911572027e-29,1.7612490911572027e-29,3.66183718320543e-51,2.288648239503394e-50,6.5611074120978521e-33,-3.3331270304352389e-33,-3.3331270304352389e-33,-1.3684555315672042e-48,0.24615384615384622,-1
370,0.703125,0.078125,0,0.00024414062499999989,1.0052599005478189e-30,1.0468760779502173e-29,5.7896328639688573e-30,5.7896328639688573e-30,8.3838843698962104e-52,5.2399277311851321e-51,2.3104250192759645e-33,-1.1423652137532503e-33,-1.1423652137532503e-33,-1.7105694144590052e-49,0.24615384615384622,-1
371,0.71875,0.078125,0,0.00024414062499999989,1.1222190941552079e-31,1.5960623018937764e-30,8.634012536449888e-31,8.634012536449888e-31,9.3593259991368574e-53,5.8495787494605351e-52,3.6226572081988645e-34,-1.7887232623261407e-34,-1.7887232623261407e-34,0,0.24615384615384622,-1
372,0.734375,0.078125,0,0.00024414062499999989,7.5877075595124574e-33,1.47923507176603e-31,7.8471850790611932e-32,7.8471850790611932e-32,6.328160784775455e-54,3.9551004904846597e-53,3.426166982839123e-35,-1.6955970797361092e-35,-1.6955970797361092e-35,0,0.24615384615384622,-1
373,0.75,0.078125,0,0.00024414062499999989,3.484440916446161e-34,9.3682318829951887e-33,4.8927562126251404e-33,4.8927562126251404e-33,2.9060295473140847e-55,1.8162684670713029e-54,2.2020966287476973e-36,-1.0926454273364371e-36,-1.0926454273364371e-36,0,0.24615384615384622,-1
374,0.765625,0.078125,0,0.00024414062499999989,1.2114049272900734e-35,4.4438868360806059e-34,2.2948066296522496e-34,2.2948066296522496e-34,1.0103137337904171e-56,6.3144608361901065e-56,1.0553579939823235e-37,-5.246777847725477e-38,-5.246777847725477e-38,0,0.24615384615384622,-1
375,0.78125,0.078125,0,0.00024414062499999989,3.4380044967224382e-37,1.7193575364106757e-35,8.8064825778525191e-36,8.8064825778525191e-36,2.8673014956626164e-58,1.7920634347891352e-57,4.1137145787193615e-39,-2.0476300747691001e-39,-2.0476300747691001e-39,0,0.24615384615384622,-1
376,0.796875,0.078125,0,0.00024414062499999989,6.2252801783724756e-39,5.2801967505222753e-37,2.6788864002167032e-37,2.6788864002167032e-37,5.1918940720941442e-60,3.2449337950588399e-59,1.273912096859997e-40,-6.35085534742571e-41,-6.35085534742571e-41,1.0195788231247695e-56,0.24615384615384622,-1
377,0.8125,0.078125,0,0.00024414062499999989,0,9.0384610702049986e-39,4.5192305351024993e-39,4.5192305351024993e-39,0,0,2.2066555347180163e-42,-1.1033277673590081e-42,-1.1033277673590081e-42,0,0.24615384615384622,-1
378,0.828125,0.078125,0,0.00024414062499999989,0,5.1846550930155816e-44,2.5923275465077908e-44,2.5923275465077908e-44,0,0,1.2657849348182567e-47,-6.3289246740912837e-48,-6.3289246740912837e-48,0,0.24615384615384622,-1
379,0.84375,0.078125,0,0.00024414062499999989,0,0,0,0,0,0,0,0,0,0,0.24615384615384622,-1
380,0.859375,0.078125,0,0.00024414062499999989,0,0,0,0,0,0,0,0,0,0,0.24615384615384622,-1
381,0.875,0.078125,0,0.00024414062499999989,0,0,0,0,0,0,0,0,0,0,0.24615384615384622,-1
382,0.890625,0.078125,0,0.00024414062499999989,0,0,0,0,0,0,0,0,0,0,0.24615384615384622,-1
383,0.90625,0.078125,0,0.00024414062499999989,0,0,0,0,0,0,0,0,0,0,0.24615384615384622,-1
384,0.921875,0.078125,0,0.00024414062499999989,0,0,0,0,0,0,0,0,0,0,0.24615384615384622,-1
385,0.9375,0.078125,0,0.00024414062499999989,0,0,0,0,0,0,0,0,0,0,0.24615384615384622,-1
386,0.953125,0.078125,0,0.00024414062499999989,0,0,0,0,0,0,0,0,0,0,0.24615384615384622,-1
387,0.96875,0.078125,0,0.00024414062499999989,0,0,0,0,0,0,0,0,0,0,0.24615384615384622,-1
388,0.984375,0.078125,0,0.00024414062499999989,0,0,0,0,0,0,0,0,0,0,0.24615384615384622,-1
389,1,0.078125,0,0.00012207031249999995,0,0,0,0,-0,0,0,0,0,0,0.49230769230769245,-1
390,0,0.09375,0,0.00012207031249999995,0,0,0,0,0,0,0,0,0,0,0.16410256410256413,-1
391,0.015625,0.09375,0,0.00024414062499999989,0,0,0,0,0,0,0,0,0,0,0.24615384615384622,-1
392,0.03125,0.09375,0,0.00024414062499999989,0,0,0,0,0,0,0,0,0,0,0.24615384615384622,-1
393,0.046875,0.09375,0,0.00024414062499999989,0,0,0,0,0,0,0,0,0,0,0.24615384615384622,-1
394,0.0625,0.09375,0,0.00024414062499999989,0,0,0,0,0,0,0,0,0,0,0.24615384615384622,-1
395,0.078125,0.09375,0,0.00024414062499999989,0,0,0,0,0,0,0,0,0,0,0.24615384615384622,-1
396,0.09375,0.09375,0,0.00024414062499999989,0,0,0,0,0,0,0,0,0,0,0.24615384615384622,-1
397,0.109375,0.09375,0,0.00024414062499999989,0,0,0,0,0,0,0,0,0,0,0.24615384615384622,-1
398,0.125,0.09375,0,0.00024414062499999989,0,0,0,0,0,0,0,0,0,0,0.24615384615384622,-1
399,0.140625,0.09375,0,0.00024414062499999989,0,0,0,0,0,0,0,0,0,0,0.24615384615384622,-1
400,0.15625,0.09375,0,0.00024414062499999989,0,0,0,0,0,0,0,0,0,0,0.24615384615384622,-1
401,0.171875,0.09375,0,0.00024414062499999989,0,0,0,0,0,0,0,0,0,0,0.24615384615384622,-1
402,0.1875,0.09375,0,0.00024414062499999989,0,0,0,0,0,0,0,0,0,0,0.24615384615384622,-1
403,0.203125,0.09375,0,0.00024414062499999989,0,0,0,0,0,0,0,0,0,0,0.24615384615384622,-1
404,0.21875,0.09375,0,0.00024414062499999989,0,0,0,0,0,0,0,0,0,0,0.24615384615384622,-1
405,0.234375,0.09375,0,0.00024414062499999989,0,0,0,0,0,0,0,0,0,0,0.24615384615384622,-1
406,0.25,0.09375,0,0.00024414062499999989,0,0,0,0,0,0,0,0,0,0,0.24615384615384622,-1
407,0.265625,0.09375,0,0.00024414062499999989,0,0,0,0,0,0,0,0,0,0,0.24615384615384622,-1
408,0.28125,0.09375,0,0.00024414062499999989,0,0,0,0,0,0,0,0,0,0,0.24615384615384622,-1
409,0.296875,0.09375,0,0.00024414062499999989,0,0,0,0,0,0,0,0,0,0,0.24615384615384622,-1
410,0.3125,0.09375,0,0.00024414062499999989,0,0,0,0,0,0,0,0,0,0,0.24615384615384622,-1
411,0.328125,0.09375,0,0.00024414062499999989,0,0,0,0,0,0,0,0,0,0,0.24615384615384622,-1
412,0.34375,0.09375,0,0.00024414062499999989,0,0,0,0,0,0,0,0,0,0,0.24615384615384622,-1
413,0.359375,0.09375,0,0.00024414062499999989,0,0,0,0,0,0,0,0,0,0,0.24615384615384622,-1
414,0.375,0.09375,0,0.00024414062499999989,0,0,0,0,0,0,0,0,0,0,0.24615384615384622,-1
415,0.390625,0.09375,0,0.00024414062499999989,0,0,0,0,0,0,0,0,0,0,0.24615384615384622,-1
416,0.40625,0.09375,0,0.00024414062499999989,0,0,-6.9885114521109623e-40,0,0,0,0,-1.7061795537380271e-43,0,0,0.24615384615384622,-1
417,0.421875,0.09375,0,0.00024414062499999989,0,0,-4.3428329756762648e-39,0,0,0,0,-1.0602619569522126e-42,0,0,0.24615384615384622,-1
418,0.4375,0.09375,0,0.00024414062499999989,1.1676989701930539e-40,1.4857288281752073e-39,-1.3112587911289328e-39,1.1119558540570747e-39,9.7386289253261199e-62,6.0866430783288235e-61,3.342184890517337e-43,-6.8285830549417451e-43,-9.1253167509309697e-44,3.9827297778311307e-59,0.24615384615384622,-1
419,0.453125,0.09375,0,0.00024414062499999989,2.1574670587235117e-38,2.4949648394037293e-38,4.3050981823969036e-35,2.1124346353311328e-37,1.7993311324107252e-59,1.1245819577567032e-58,8.2396919111381265e-43,1.0504402386614984e-38,4.5481888461688452e-41,0,0.24615384615384622,-1
420,0.46875,0.09375,0,0.00024414062499999989,-5.8156767068355536e-41,4.2099184115359334e-39,4.9540003345499774e-35,2.1564107793493193e-38,-4.8502840923265011e-62,-3.0314275577040631e-61,1.0420105416514373e-42,1.209369956716021e-38,4.2368626420794072e-42,0,0.24615384615384622,-1
421,0.484375,0.09375,0,0.00024414062499999989,-4.8303147382062766e-34,-4.5018154736716307e-34,-2.779174923731893e-31,-2.0967008073143626e-33,-4.0284905638092283e-55,-2.5178066023807673e-54,8.0200015755528541e-39,-6.7741042682085453e-35,-4.0198224119804665e-37,8.3523897190381114e-53,0.24615384615384622,-1
422,0.5,0.09375,0,0.00024414062499999989,3.3859899679526706e-44,-9.9075869219338672e-35,-1.1636345025052157e-31,-4.8278692210175927e-34,2.8239212917449302e-65,1.7649508073405814e-64,-2.4188444641894174e-38,-2.8384857026685106e-35,-9.3679456270122163e-38,2.0880974297595278e-53,0.24615384615384622,-1
423,0.515625,0.09375,0,0.00024414062499999989,2.7923255586653386e-31,7.6528125993871436e-31,7.3257363253608902e-31,8.3220178976637411e-31,2.328804182301354e-52,1.4555026139383462e-51,1.1866423439262215e-34,-7.9852605963440782e-36,1.6338019977455989e-35,-2.1382117680737565e-50,0.24615384615384622,-1
424,0.53125,0.09375,0,0.00024414062499999989,2.3509887016440786e-38,2.3262784235449775e-31,1.424422601233874e-27,4.530108237467699e-30,1.960728506008758e-59,1.2254553162554738e-58,5.6793901085110022e-35,3.4770263022253876e-31,1.0491895495881833e-33,0,0.24615384615384622,-1
425,0.546875,0.09375,0,0.00024414062499999989,1.8707172123276754e-38,-3.5189926756675865e-31,2.234222640554034e-27,2.3410581023012135e-38,1.5601812813166866e-59,9.7511330082292915e-59,-8.5912911687971337e-35,5.4555042476113269e-31,8.5912912836264525e-35,-4.7792757333973568e-58,0.24615384615384622,-1
426,0.5625,0.09375,0,0.00024414062499999989,-1.5677602498231917e-26,-1.4667112919417083e-26,-3.2174995237145972e-26,-3.1512095704363867e-26,-1.307514668303632e-47,-8.1719666768977008e-47,2.4670155732784036e-31,-4.2743853314767781e-30,-4.112544625231147e-30,0,0.24615384615384622,-1
427,0.578125,0.09375,0,0.00024414062499999989,-1.3994532952359128e-26,-1.5018522021361504e-26,-5.6427207149760938e-26,-4.5859888977165075e-26,-1.1671463869129038e-47,-7.2946649182056472e-47,-2.4999733129940834e-31,-1.0109542267675638e-29,-7.5296306044442291e-30,0,0.24615384615384622,-1
428,0.59375,0.09375,0,0.00024414062499999989,1.8574711136820591e-26,4.4148647452527538e-26,3.4214682017357224e-26,3.3517609038368214e-26,1.5491340129101216e-47,9.6820875806882592e-47,6.2436367958268885e-30,-2.425284530070876e-30,-2.5954683628318654e-30,7.0064923216240854e-46,0.24615384615384622,-1
429,0.609375,0.09375,0,0.00024414062499999989,1.9122208904366177e-26,9.4811754850050437e-26,7.4964781706262584e-26,7.4964781706262584e-26,1.5947954182181132e-47,9.9674713638632063e-47,1.8478893053145564e-29,-4.8454524276825791e-30,-4.8454524276825791e-30,0,0.24615384615384622,-1
430,0.625,0.09375,0,0.00024414062499999989,-4.5195474965082931e-27,-4.540812355209055e-27,-1.6198809317388644e-27,-1.6198809317388644e-27,-3.7693101648967034e-48,-2.3558188530604394e-47,-5.1916158937406973e-33,7.1311802330815166e-31,7.1311802330815166e-31,0,0.24615384615384622,-1
431,0.640625,0.09375,0,0.00024414062499999989,-6.828723013964032e-27,-3.6436400969098974e-26,-2.3994850463118741e-26,-2.3994850463118741e-26,-5.6951664054165887e-48,-3.5594790033853682e-47,-7.2284370007653636e-30,3.0374879164990788e-30,3.0374879164990788e-30,7.0064923216240854e-46,0.24615384615384622,-1
432,0.65625,0.09375,0,0.00024414062499999989,-5.0139724563125485e-28,-7.3110783725482957e-27,-4.7529657822908566e-27,-4.7529657822908566e-27,-4.1816614076281126e-49,-2.6135383797675704e-48,-1.66251980637623e-30,6.2453920660581991e-31,6.2453920660581991e-31,0,0.24615384615384622,-1
433,0.671875,0.09375,0,0.00024414062499999989,6.7676154368078802e-28,3.5538345957426988e-27,2.0395496038651811e-27,2.0395496038651811e-27,5.6442025839488775e-49,3.5276266149680484e-48,7.0241041310105219e-31,-3.6969848434509696e-31,-3.6969848434509696e-31,0,0.24615384615384622,-1
434,0.6875,0.09375,0,0.00024414062499999989,2.1911325952578741e-28,1.7352127738892931e-27,9.8476610078387804e-28,9.8476610078387804e-28,1.8274082461402991e-49,1.1421301538376868e-48,3.7014148299890259e-31,-1.832145198011266e-31,-1.832145198011266e-31,-4.3790577010150533e-47,0.24615384615384622,-1
435,0.703125,0.09375,0,0.00024414062499999989,3.2800475350526886e-29,3.4281090078648427e-28,1.9022127894860645e-28,1.9022127894860645e-28,2.7355651256614223e-50,1.7097282035383889e-49,7.5686139022450507e-32,-3.7253325644013125e-32,-3.7253325644013125e-32,-5.4738221262688167e-48,0.24615384615384622,-1
436,0.71875,0.09375,0,0.00024414062499999989,3.0140846621030224e-30,4.1001559552795779e-29,2.2277028485212981e-29,2.2277028485212981e-29,2.5137516451594883e-51,1.5710947782246801e-50,9.2742858619855324e-33,-4.5714187176715795e-33,-4.5714187176715795e-33,0,0.24615384615384622,-1
437,0.734375,0.09375,0,0.00024414062499999989,1.9134577557414161e-31,3.3870266799761355e-30,1.8075653390702368e-30,1.8075653390702368e-30,1.5958269659492934e-52,9.9739185371830829e-52,7.8019553330126771e-34,-3.8561067893210401e-34,-3.8561067893210401e-34,0,0.24615384615384622,-1
438,0.75,0.09375,0,0.00024414062499999989,9.2042277861479441e-33,2.1045434839852196e-31,1.1074328088998184e-31,1.1074328088998184e-31,7.6763413552254212e-54,4.7977133470158878e-53,4.9133330227630351e-35,-2.4343522340952168e-35,-2.4343522340952168e-35,0,0.24615384615384622,-1
439,0.765625,0.09375,0,0.00024414062499999989,3.6397913204956121e-34,1.0616660281444669e-32,5.5283123712112259e-33,5.5283123712112259e-33,3.0355920439040203e-55,1.8972450274400123e-54,2.503095983739039e-36,-1.2422724390218361e-36,-1.2422724390218361e-36,-1.6704779438076223e-52,0.24615384615384622,-1
440,0.78125,0.09375,0,0.00024414062499999989,1.1373131616462169e-35,4.4624406666890859e-34,2.301013613350217e-34,2.301013613350217e-34,9.4852107742552779e-57,5.9282567339095488e-56,1.0616966187803865e-37,-5.2769215169405956e-38,-5.2769215169405956e-38,-1.0440487148797639e-53,0.24615384615384622,-1
441,0.796875,0.09375,0,0.00024414062499999989,1.9528372814518576e-37,1.3756748232887144e-35,7.0000481789593417e-36,7.0000481789593417e-36,1.6286695562006084e-58,1.0179184726253801e-57,3.3109044201030156e-39,-1.6495849741034667e-39,-1.6495849741034667e-39,3.2626522339992623e-55,0.24615384615384622,-1
442,0.8125,0.09375,0,0.00024414062499999989,1.2637596789225481e-42,2.1401665821369627e-37,1.0700911652634039e-37,1.0700911652634039e-37,1.0539776841441618e-63,6.5873605259010109e-63,5.2249852161625304e-41,-2.6124888107264609e-41,-2.6124888107264609e-41,5.0978941156238473e-57,0.24615384615384622,-1
443,0.828125,0.09375,0,0.00024414062499999989,0,5.4438878476663647e-42,2.7219439238331823e-42,2.7219439238331823e-42,0,0,1.3290741815591704e-45,-6.6453709077958522e-46,-6.6453709077958522e-46,0,0.24615384615384622,-1
444,0.84375,0.09375,0,0.00024414062499999989,0,0,0,0,0,0,0,0,0,0,0.24615384615384622,-1
445,0.859375,0.09375,0,0.00024414062499999989,0,0,0,0,0,0,0,0,0,0,0.24615384615384622,-1
446,0.875,0.09375,0,0.00024414062499999989,0,0,0,0,0,0,0,0,0,0,0.24615384615384622,-1
447,0.890625,0.09375,0,0.00024414062499999989,0,0,0,0,0,0,0,0,0,0,0.24615384615384622,-1
448,0.90625,0.09375,0,0.00024414062499999989,0,0,0,0,0,0,0,0,0,0,0.24615384615384622,-1
449,0.921875,0.09375,0,0.00024414062499999989,0,0,0,0,0,0,0,0,0,0,0.24615384615384622,-1
450,0.9375,0.09375,0,0.00024414062499999989,0,0,0,0,0,0,0,0,0,0,0.24615384615384622,-1
451,0.953125,0.09375,0,0.00024414062499999989,0,0,0,0,0,0,0,0,0,0,0.24615384615384622,-1
452,0.96875,0.09375,0,0.00024414062499999989,0,0,0,0,0,0,0,0,0,0,0.24615384615384622,-1
453,0.984375,0.09375,0,0.00024414062499999989,0,0,0,0,0,0,0,0,0,0,0.24615384615384622,-1
454,1,0.09375,0,0.00012207031249999995,0,0,0,0,-0,0,0,0,0,0,0.49230769230769245,-1
455,0,0.109375,0,0.00012207031249999995,0,0,0,0,0,0,0,0,0,0,0.16410256410256413,-1
456,0.015625,0.109375,0,0.00024414062499999989,0,0,0,0,0,0,0,0,0,0,0.24615384615384622,-1
457,0.03125,0.109375,0,0.00024414062499999989,0,0,0,0,0,0,0,0,0,0,0.24615384615384622,-1
458,0.046875,0.109375,0,0.00024414062499999989,0,0,0,0,0,0,0,0,0,0,0.24615384615384622,-1
459,0.0625,0.109375,0,0.00024414062499999989,0,0,0,0,0,0,0,0,0,0,0.24615384615384622,-1
460,0.078125,0.109375,0,0.00024414062499999989,0,0,0,0,0,0,0,0,0,0,0.24615384615384622,-1
461,0.09375,0.109375,0,0.00024414062499999989,0,0,0,0,0,0,0,0,0,0,0.24615384615384622,-1
462,0.109375,0.109375,0,0.00024414062499999989,0,0,0,0,0,0,0,0,0,0,0.24615384615384622,-1
463,0.125,0.109375,0,0.00024414062499999989,0,0,0,0,0,0,0,0,0,0,0.24615384615384622,-1
464,0.140625,0.109375,0,0.00024414062499999989,0,0,0,0,0,0,0,0,0,0,0.24615384615384622,-1
465,0.15625,0.109375,0,0.00024414062499999989,0,0,0,0,0,0,0,0,0,0,0.24615384615384622,-1
466,0.171875,0.109375,0,0.00024414062499999989,0,0,0,0,0,0,0,0,0,0,0.24615384615384622,-1
467,0.1875,0.109375,0,0.00024414062499999989,0,0,0,0,0,0,0,0,0,0,0.24615384615384622,-1
468,0.203125,0.109375,0,0.00024414062499999989,0,0,0,0,0,0,0,0,0,0,0.24615384615384622,-1
469,0.21875,0.109375,0,0.00024414062499999989,0,0,0,0,0,0,0,0,0,0,0.24615384615384622,-1
470,0.234375,0.109375,0,0.00024414062499999989,0,0,0,0,0,0,0,0,0,0,0.24615384615384622,-1
471,0.25,0.109375,0,0.00024414062499999989,0,0,0,0,0,0,0,0,0,0,0.24615384615384622,-1
472,0.265625,0.109375,0,0.00024414062499999989,0,0,0,0,0,0,0,0,0,0,0.24615384615384622,-1
473,0.28125,0.109375,0,0.00024414062499999989,0,0,0,0,0,0,0,0,0,0,0.24615384615384622,-1
474,0.296875,0.109375,0,0.00024414062499999989,0,0,0,0,0,0,0,0,0,0,0.24615384615384622,-1
475,0.3125,0.109375,0,0.00024414062499999989,0,0,0,0,0,0,0,0,0,0,0.24615384615384622,-1
476,0.328125,0.109375,0,0.00024414062499999989,0,0,0,0,0,0,0,0,0,0,0.24615384615384622,-1
477,0.34375,0.109375,0,0.00024414062499999989,0,0,0,0,0,0,0,0,0,0,0.24615384615384622,-1
478,0.359375,0.109375,0,0.00024414062499999989,0,0,0,0,0,0,0,0,0,0,0.24615384615384622,-1
479,0.375,0.109375,0,0.00024414062499999989,0,0,0,0,0,0,0,0,0,0,0.24615384615384622,-1
480,0.390625,0.109375,0,0.00024414062499999989,0,0,-4.326029065307645e-39,0,0,0,0,-1.0561594397723738e-42,0,0,0.24615384615384622,-1
481,0.40625,0.109375,0,0.00024414062499999989,0,0,-7.1287828316529224e-39,0,0,0,0,-1.7404254960090136e-42,0,0,0.24615384615384622,-1
482,0.421875,0.109375,0,0.00024414062499999989,3.4068993329040938e-38,3.4334837717123065e-38,8.7264363651958086e-38,1.0028246628695649e-37,2.8413597370569495e-59,1.7758498356605937e-58,6.4903415059113121e-44,1.2922247542684325e-41,1.610049525630698e-41,0,0.24615384615384622,-1
483,0.4375,0.109375,0,0.00024414062499999989,2.1124602797614066e-37,1.7350457136841137e-37,2.2667349848863731e-34,2.1125146740665507e-37,1.7617954035435798e-58,1.1011221272147373e-57,-9.2142228046214104e-42,5.5297850077458209e-38,9.2155507905868376e-42,5.0972718140960612e-57,0.24615384615384622,-1
484,0.453125,0.109375,0,0.00024414062499999989,1.7386709527327028e-38,-8.4631778410031668e-38,2.1506514029628915e-34,2.112433770757236e-37,1.450054480146337e-59,9.0628405009146062e-59,-2.49068574065817e-41,5.2526799822924586e-38,7.2235145382264437e-41,0,0.24615384615384622,-1
485,0.46875,0.109375,0,0.00024414062499999989,-2.0974716529927301e-33,-2.0340811857655641e-33,-5.8510069222636524e-31,-1.102708763264992e-32,-1.7492948637703694e-54,-1.0933092898564808e-53,1.5476188287882358e-38,-1.4235024683608384e-34,-2.195558214571375e-36,0,0.24615384615384622,-1
486,0.484375,0.109375,0,0.00024414062499999989,-4.8284841756112145e-34,-7.9418666832495246e-34,-1.3914280085788348e-30,-2.0953385660304952e-33,-4.0269638715458144e-55,-2.5168524197161342e-54,-7.6010315127888398e-38,-3.3951021042737041e-34,-3.1766403752576719e-37,8.3523897190381114e-53,0.24615384615384622,-1
487,0.5,0.109375,0,0.00024414062499999989,1.3522832496958465e-29,1.1359688797837307e-29,4.3240331771396986e-29,2.7638420481753464e-29,1.1278064901046115e-50,7.0487905631538213e-50,-5.2811125466825132e-34,7.7833601009667138e-33,3.9742997275185903e-33,1.3684555315672042e-48,0.24615384615384622,-1
488,0.515625,0.109375,0,0.00024414062499999989,4.5533730019355949e-30,6.2140028516128175e-30,1.9857306865574764e-27,1.3316007512436593e-29,3.79752069295032e-51,2.3734504330939496e-50,4.0542720939385301e-34,4.8328044035787668e-31,1.7338878566464291e-33,-3.4211388289180104e-49,0.24615384615384622,-1
489,0.53125,0.109375,0,0.00024414062499999989,-8.5775451082118165e-30,-6.4735594407246018e-29,7.0921233666715723e-27,-7.0659270547138156e-30,-7.1536869545505097e-51,-4.4710543465940683e-50,-1.3710461254647014e-32,1.7472800197946327e-30,1.4079508630989302e-32,-2.9079680045803089e-48,0.24615384615384622,-1
490,0.546875,0.109375,0,0.00024414062499999989,-6.943493150587819e-26,-5.6302829225261373e-26,-3.3640821873194614e-25,-9.5511311348113013e-26,-5.7908848911581028e-47,-3.6193030569738145e-46,3.2060796583537137e-30,-6.8385104860030428e-29,-9.5723833307743232e-30,2.8025969286496341e-45,0.24615384615384622,-1
491,0.5625,0.109375,0,0.00024414062499999989,-4.6216521278177811e-26,-4.9099818078280399e-26,-2.2063602995750482e-24,-6.9557261902975665e-26,-3.8544655980402256e-47,-2.4090409987751408e-46,-7.039298828375463e-31,-5.2667492224042154e-28,-4.9944931212634893e-30,0,0.24615384615384622,-1
492,0.578125,0.109375,0,0.00024414062499999989,7.9109127821279118e-25,1.1263481187071021e-24,3.4727502818990876e-25,2.7923262295695261e-25,6.5977144805587911e-46,4.1235715503492442e-45,8.1849814573806326e-29,-1.9020339123954907e-28,-2.0681530657962626e-28,2.2420775429197073e-44,0.24615384615384622,-1
493,0.59375,0.109375,0,0.00024414062499999989,1.8855256159432732e-24,5.7274241188823992e-24,5.2588302764383783e-24,5.2486665145376212e-24,1.5725315146790508e-45,9.8283219667440671e-45,9.3796350169412213e-28,-1.144027935654347e-28,-1.1688418074823683e-28,0,0.24615384615384622,-1
494,0.609375,0.109375,0,0.00024414062499999989,-1.0435606065726786e-25,1.3389510863738986e-24,1.1089851645523325e-24,1.1089851645523325e-24,-8.7033128982029933e-47,-5.4395705613768698e-46,3.5236990894315573e-28,-5.6144023882218238e-29,-5.6144023882218238e-29,-4.4841550858394146e-44,0.24615384615384622,-1
495,0.625,0.109375,0,0.00024414062499999989,-7.4473141438243914e-25,-3.0019943480456575e-24,-2.0787154205070173e-24,-2.0787154205070173e-24,-6.2110724414741773e-46,-3.8819202759213605e-45,-5.510895834138714e-28,2.2540989441861324e-28,2.2540989441861324e-28,-4.4841550858394146e-44,0.24615384615384622,-1
496,0.640625,0.109375,0,0.00024414062499999989,-1.4162115007044077e-25,-1.1158235083721554e-24,-7.4374410606219888e-25,-7.4374410606219888e-25,-1.1811227582789811e-46,-7.3820172392436319e-46,-2.3784237263225442e-28,9.0839697829579177e-29,9.0839697829579177e-29,0,0.24615384615384622,-1
497,0.65625,0.109375,0,0.00024414062499999989,7.6240948358201523e-26,2.8486052226951987e-25,1.6467501521666386e-25,1.6467501521666386e-25,6.3585078340244047e-47,3.9740673962652525e-46,5.0932513161942927e-29,-2.9342164807826162e-29,-2.9342164807826162e-29,8.4077907859489024e-45,0.24615384615384622,-1
498,0.671875,0.109375,0,0.00024414062499999989,3.5561343170569267e-26,2.2199074466996839e-25,1.2931042592378406e-25,1.2931042592378406e-25,2.9658219632333657e-47,1.8536387270208537e-46,4.551499060043922e-29,-2.2627030943892648e-29,-2.2627030943892648e-29,-2.8025969286496341e-45,0.24615384615384622,-1
499,0.6875,0.109375,0,0.00024414062499999989,6.872463250733191e-27,5.569922285619597e-26,3.1728750802760688e-26,3.1728750802760688e-26,5.731645835978245e-48,3.5822786474864026e-47,1.1920595606802431e-29,-5.8521660286707204e-30,-5.8521660286707204e-30,-7.0064923216240854e-46,0.24615384615384622,-1
500,0.703125,0.109375,0,0.00024414062499999989,8.1182204713059869e-28,8.2967863166389113e-27,4.6224351789977466e-27,4.6224351789977466e-27,6.7706094397740366e-49,4.2316308998587724e-48,1.8273838548604269e-30,-8.9705838321317462e-31,-8.9705838321317462e-31,1.7516230804060213e-46,0.24615384615384622,-1
501,0.71875,0.109375,0,0.00024414062499999989,6.6874236140415846e-29,8.5628064883258049e-28,4.6778360292539652e-28,4.6778360292539652e-28,5.577322469749808e-50,3.4858265435936302e-49,1.9272617497367294e-31,-9.4847911598433532e-32,-9.4847911598433532e-32,-3.28429327576129e-47,0.24615384615384622,-1
502,0.734375,0.109375,0,0.00024414062499999989,4.1877262467874247e-30,6.6728026392204446e-29,3.5864592129169521e-29,3.5864592129169521e-29,3.4925706881088417e-51,2.1828566800680258e-50,1.5268627965189695e-32,-7.5350181306237582e-33,-7.5350181306237582e-33,0,0.24615384615384622,-1
503,0.75,0.109375,0,0.00024414062499999989,2.1492762257256673e-31,4.2110519183986631e-30,2.2347373052383217e-30,2.2347373052383217e-30,1.7924999640024725e-52,1.1203124775015452e-51,9.756162831606676e-34,-4.8249868485359873e-34,-4.8249868485359873e-34,0,0.24615384615384622,-1
504,0.765625,0.109375,0,0.00024414062499999989,9.2001872541310107e-33,2.2432882871517224e-31,1.1775821850837865e-31,1.1775821850837865e-31,7.6729715447709933e-54,4.79560721548187e-53,5.2521640981699501e-35,-2.6018215382517957e-35,-2.6018215382517957e-35,0,0.24615384615384622,-1
505,0.78125,0.109375,0,0.00024414062499999989,2.8589607275643538e-34,9.6257130903736972e-33,4.9890354609129101e-33,4.9890354609129101e-33,2.3843780245200081e-55,1.4902362653250052e-54,2.2802287640667132e-36,-1.1320013743800745e-36,-1.1320013743800745e-36,1.6704779438076223e-52,0.24615384615384622,-1
506,0.796875,0.109375,0,0.00024414062499999989,4.4292726296156301e-36,2.8057942062209225e-34,1.4304934967559437e-34,1.4304934967559437e-34,3.6940207750460377e-57,2.3087629844037738e-56,6.7419469724725709e-38,-3.3576677477172321e-38,-3.3576677477172321e-38,0,0.24615384615384622,-1
507,0.8125,0.109375,0,0.00024414062499999989,1.2763972757117742e-40,3.9127554343079961e-36,1.9564572465227156e-36,1.9564572465227156e-36,1.0645174609856038e-61,6.6532341311600238e-61,9.5523139516123602e-40,-4.7761186225226548e-40,-4.7761186225226548e-40,0,0.24615384615384622,-1
508,0.828125,0.109375,0,0.00024414062499999989,0,2.7639396300866085e-40,1.3819698150433043e-40,1.3819698150433043e-40,0,0,6.7478994875161311e-44,-3.3739497437580655e-44,-3.3739497437580655e-44,0,0.24615384615384622,-1
509,0.84375,0.109375,0,0.00024414062499999989,0,0,0,0,0,0,0,0,0,0,0.24615384615384622,-1
510,0.859375,0.109375,0,0.00024414062499999989,0,0,0,0,0,0,0,0,0,0,0.24615384615384622,-1
511,0.875,0.109375,0,0.00024414062499999989,0,0,0,0,0,0,0,0,0,0,0.24615384615384622,-1
512,0.890625,0.109375,0,0.00024414062499999989,0,0,0,0,0,0,0,0,0,0,0.24615384615384622,-1
513,0.90625,0.109375,0,0.00024414062499999989,0,0,0,0,0,0,0,0,0,0,0.24615384615384622,-1
514,0.921875,0.109375,0,0.00024414062499999989,0,0,0,0,0,0,0,0,0,0,0.24615384615384622,-1
515,0.9375,0.109375,0,0.00024414062499999989,0,0,0,0,0,0,0,0,0,0,0.24615384615384622,-1
516,0.953125,0.109375,0,0.00024414062499999989,0,0,0,0,0,0,0,0,0,0,0.24615384615384622,-1
517,0.96875,0.109375,0,0.00024414062499999989,0,0,0,0,0,0,0,0,0,0,0.24615384615384622,-1
518,0.984375,0.109375,0,0.00024414062499999989,0,0,0,0,0,0,0,0,0,0,0.24615384615384622,-1
519,1,0.109375,0,0.00012207031249999995,0,0,0,0,-0,0,0,0,0,0,0.49230769230769245,-1
520,0,0.125,0,0.00012207031249999995,0,0,0,0,0,0,0,0,0,0,0.16410256410256413,-1
521,0.015625,0.125,0,0.00024414062499999989,0,0,0,0,0,0,0,0,0,0,0.24615384615384622,-1
522,0.03125,0.125,0,0.00024414062499999989,0,0,0,0,0,0,0,0,0,0,0.24615384615384622,-1
523,0.046875,0.125,0,0.00024414062499999989,0,0,0,0,0,0,0,0,0,0,0.24615384615384622,-1
524,0.0625,0.125,0,0.00024414062499999989,0,0,0,0,0,0,0,0,0,0,0.24615384615384622,-1
525,0.078125,0.125,0,0.00024414062499999989,0,0,0,0,0,0,0,0,0,0,0.24615384615384622,-1
526,0.09375,0.125,0,0.00024414062499999989,0,0,0,0,0,0,0,0,0,0,0.24615384615384622,-1
527,0.109375,0.125,0,0.00024414062499999989,0,0,0,0,0,0,0,0,0,0,0.24615384615384622,-1
528,0.125,0.125,0,0.00024414062499999989,0,0,0,0,0,0,0,0,0,0,0.24615384615384622,-1
529,0.140625,0.125,0,0.00024414062499999989,0,0,0,0,0,0,0,0,0,0,0.24615384615384622,-1
530,0.15625,0.125,0,0.00024414062499999989,0,0,0,0,0,0,0,0,0,0,0.24615384615384622,-1
531,0.171875,0.125,0,0.00024414062499999989,0,0,0,0,0,0,0,0,0,0,0.24615384615384622,-1
532,0.1875,0.125,0,0.00024414062499999989,0,0,0,0,0,0,0,0,0,0,0.24615384615384622,-1
533,0.203125,0.125,0,0.00024414062499999989,0,0,0,0,0,0,0,0,0,0,0.24615384615384622,-1
534,0.21875,0.125,0,0.00024414062499999989,0,0,0,0,0,0,0,0,0,0,0.24615384615384622,-1
535,0.234375,0.125,0,0.00024414062499999989,0,0,0,0,0,0,0,0,0,0,0.24615384615384622,-1
536,0.25,0.125,0,0.00024414062499999989,0,0,0,0,0,0,0,0,0,0,0.24615384615384622,-1
537,0.265625,0.125,0,0.00024414062499999989,0,0,0,0,0,0,0,0,0,0,0.24615384615384622,-1
538,0.28125,0.125,0,0.00024414062499999989,0,0,0,0,0,0,0,0,0,0,0.24615384615384622,-1
539,0.296875,0.125,0,0.00024414062499999989,0,0,0,0,0,0,0,0,0,0,0.24615384615384622,-1
540,0.3125,0.125,0,0.00024414062499999989,0,0,0,0,0,0,0,0,0,0,0.24615384615384622,-1
541,0.328125,0.125,0,0.00024414062499999989,0,0,0,0,0,0,0,0,0,0,0.24615384615384622,-1
542,0.34375,0.125,0,0.00024414062499999989,0,0,0,0,0,0,0,0,0,0,0.24615384615384622,-1
543,0.359375,0.125,0,0.00024414062499999989,0,0,0,0,0,0,0,0,0,0,0.24615384615384622,-1
544,0.375,0.125,0,0.00024414062499999989,0,0,-6.1578680385913279e-38,0,0,0,0,-1.5033857516092101e-41,0,0,0.24615384615384622,-1
545,0.390625,0.125,0,0.00024414062499999989,0,0,-7.8889842921099062e-38,0,0,0,0,-1.9260215556908943e-41,0,0,0.24615384615384622,-1
546,0.40625,0.125,0,0.00024414062499999989,2.1089391693374769e-37,2.8213892892188147e-37,7.6904340782581478e-36,2.9927012955248337e-36,1.7588587915657446e-58,1.0992867447285904e-57,1.7393801754915463e-41,1.8086658079434237e-39,6.6175839028392354e-40,0,0.24615384615384622,-1
547,0.421875,0.125,0,0.00024414062499999989,2.1125218972691621e-37,3.1703133655914867e-37,2.1598242223701053e-33,3.0022817494242397e-36,1.7618467926480194e-58,1.1011542454050121e-57,2.5824987019587994e-41,5.2722343531092408e-37,6.5557871407839102e-40,8.1566305849981557e-56,0.24615384615384622,-1
548,0.4375,0.125,0,0.00024414062499999989,-3.2274812681100455e-36,-1.7268947302452175e-35,1.1210022241818078e-33,-1.4128865342172348e-36,-2.691724771185525e-57,-1.6823279819909528e-56,-3.4280922935405574e-39,2.778982352256493e-37,3.8711085859948566e-39,1.6313261169996311e-55,0.24615384615384622,-1
549,0.453125,0.125,0,0.00024414062499999989,-1.1039778400802884e-32,-1.2641362647434041e-32,-1.7457998382126568e-30,-1.0495505077668167e-31,-9.207193635314643e-54,-5.7544960220716511e-53,-3.9101177896268438e-37,-4.2313439344854055e-34,-2.2537521515929589e-35,0,0.24615384615384622,-1
550,0.46875,0.125,0,0.00024414062499999989,-2.0960736976132577e-33,-3.8434124289855049e-33,-2.9182819153716134e-30,-1.0999011354730259e-32,-1.7481289666477065e-54,-1.0925806041548166e-53,-4.2659636996392745e-37,-7.1153283763247717e-34,-1.7469723939806522e-36,3.3409558876152446e-52,0.24615384615384622,-1
551,0.484375,0.125,0,0.00024414062499999989,2.8412781740816679e-29,2.4884067286847889e-29,4.5532116011387962e-28,8.402364810029674e-29,2.3696307453653784e-50,1.4810192158533613e-49,-8.6150255223847436e-34,1.050871808659745e-31,1.4438374222033406e-32,-2.7369110631344083e-48,0.24615384615384622,-1
552,0.5,0.125,0,0.00024414062499999989,1.3706760609660438e-29,1.6162897155296794e-29,2.9821629538071196e-27,2.8287408014429042e-29,1.1431461254409682e-50,7.1446632840060503e-50,5.9964271133700035e-34,7.241211075810111e-31,2.9600856589678326e-33,6.8422776578360209e-49,0.24615384615384622,-1
553,0.515625,0.125,0,0.00024414062499999989,-1.4388104468768137e-27,-1.9349932771864131e-27,7.9984024468813175e-27,-1.7445218842588496e-27,-1.1999703171528315e-48,-7.4998144822051965e-48,-1.2113838630605452e-31,2.4251454404462222e-30,4.6501804913955906e-32,4.3790577010150533e-47,0.24615384615384622,-1
554,0.53125,0.125,0,0.00024414062499999989,-9.6480285764825789e-26,-7.8662374623798462e-26,-3.7597325757255128e-24,-1.3879006372814934e-25,-8.0464719560189556e-47,-5.0290449725118463e-46,4.350075962164872e-30,-8.9869877956584783e-28,-1.4679611597741911e-29,4.2038953929744512e-45,0.24615384615384622,-1
555,0.546875,0.125,0,0.00024414062499999989,-6.9839761148083648e-26,-7.237321267022746e-26,-1.4269869967490877e-23,-9.6443741228842062e-26,-5.8246477509708487e-47,-3.6404048443567797e-46,-6.1851843802339061e-31,-3.4661857311573842e-27,-5.8765938863805144e-30,-1.4012984643248171e-45,0.24615384615384622,-1
556,0.5625,0.125,0,0.00024414062499999989,1.311897684393652e-23,1.7210263733841665e-23,-4.6660412599553223e-24,9.5193062521048085e-24,1.0941248611525387e-44,6.8382803822033671e-44,9.988493383557476e-28,-5.3408947738762155e-27,-1.8776751664396616e-27,5.3809861030072976e-43,0.24615384615384622,-1
557,0.578125,0.125,0,0.00024414062499999989,1.0180905912490203e-22,1.0512870328334545e-22,1.7453477600109642e-22,1.8099304524474124e-22,8.4908925447633822e-44,5.306807840477113e-43,8.1045999961997499e-28,1.6944841972107159e-26,1.8521567861668884e-26,2.8698592549372254e-42,0.24615384615384622,-1
558,0.59375,0.125,0,0.00024414062499999989,2.6993798170031159e-23,6.323978063360438e-23,9.6062967810350743e-23,1.0845919748781213e-22,2.2512872784294631e-44,1.4070545490184144e-43,8.8491168123958046e-27,8.013473431822841e-27,1.1039896692921812e-26,-5.7397185098744507e-42,0.24615384615384622,-1
559,0.609375,0.125,0,0.00024414062499999989,-5.909087046061087e-23,-1.6161652354119917e-22,-1.2185680532663819e-22,-1.2185680532663819e-22,-4.9281884713426021e-44,-3.0801177945891262e-43,-2.5030677021627991e-26,9.7069624547267962e-27,9.7069624547267962e-27,0,0.24615384615384622,-1
560,0.625,0.125,0,0.00024414062499999989,-2.1612464179000673e-23,-1.1154020257168954e-22,-7.8721705125863131e-23,-7.8721705125863131e-23,-1.8024831242798212e-44,-1.1265519526748881e-43,-2.1955014256027548e-26,8.0123284779849589e-27,8.0123284779849589e-27,0,0.24615384615384622,-1
561,0.640625,0.125,0,0.00024414062499999989,6.1158611275333211e-24,1.30711900034565e-23,7.2133266647486533e-24,7.2133266647486533e-24,5.1006384008394416e-45,3.1878990005246507e-44,1.6980783388484315e-27,-1.4301424166767196e-27,-1.4301424166767196e-27,-1.3452465257518244e-43,0.24615384615384622,-1
562,0.65625,0.125,0,0.00024414062499999989,4.4531223243840936e-24,2.2327721455356207e-23,1.3356535837196461e-23,1.3356535837196461e-23,3.7139114603391803e-45,2.3211946627119871e-44,4.3639158034599868e-27,-2.1902308638085308e-27,-2.1902308638085308e-27,-3.5873240686715317e-43,0.24615384615384622,-1
563,0.671875,0.125,0,0.00024414062499999989,1.0884649106615965e-24,7.0863756270763781e-24,4.147163945544202e-24,4.147163945544202e-24,9.0778155447195645e-46,5.6736347154497288e-45,1.4643336709997019e-27,-7.1758097693656618e-28,-7.1758097693656618e-28,0,0.24615384615384622,-1
564,0.6875,0.125,0,0.00024414062499999989,1.5960797008959012e-25,1.2842451472633047e-24,7.3443843036834838e-25,7.3443843036834838e-25,1.3311331378241157e-46,8.3195821114007222e-46,2.7456962333342629e-28,-1.3423015549193263e-28,-1.3423015549193263e-28,0,0.24615384615384622,-1
565,0.703125,0.125,0,0.00024414062499999989,1.6362938062341087e-26,1.6077760873634305e-25,9.0031482513014148e-26,9.0031482513014148e-26,1.3646717688796891e-47,8.5291985554980573e-47,3.5257487957519999e-29,-1.7272003472492399e-29,-1.7272003472492399e-29,-5.6051938572992683e-45,0.24615384615384622,-1
566,0.71875,0.125,0,0.00024414062499999989,1.2790351443014977e-27,1.5228568054724402e-26,8.3750073480628761e-27,8.3750073480628761e-27,1.0667174477976883e-48,6.6669840487355505e-48,3.4056476832087155e-30,-1.6732325943997858e-30,-1.6732325943997858e-30,0,0.24615384615384622,-1
567,0.734375,0.125,0,0.00024414062499999989,8.175284468347264e-29,1.1670109786088411e-27,6.3245478604422028e-28,6.3245478604422028e-28,6.8182009086685445e-50,4.2613755679178395e-49,2.6495559910287302e-31,-1.305068829503468e-31,-1.305068829503468e-31,0,0.24615384615384622,-1
568,0.75,0.125,0,0.00024414062499999989,4.4300470410612502e-30,7.5767496959164677e-29,4.0560453181187202e-29,4.0560453181187202e-29,3.6946666354858369e-51,2.3091666471786483e-50,1.7416369608911961e-32,-8.5954696723577779e-33,-8.5954696723577779e-33,0,0.24615384615384622,-1
569,0.765625,0.125,0,0.00024414062499999989,1.922086880923857e-31,4.1229241369825525e-30,2.178955345864897e-30,2.178955345864897e-30,1.6030236707719486e-52,1.0018897942324678e-51,9.5964732638920038e-34,-4.7460175564395871e-34,-4.7460175564395871e-34,8.5528470722950261e-50,0.24615384615384622,-1
570,0.78125,0.125,0,0.00024414062499999989,5.6027780704521068e-33,1.7133438835048405e-31,8.9129381859082797e-32,8.9129381859082797e-32,4.6727262737987056e-54,2.9204539211241905e-53,4.0461818916023408e-35,-2.0069581662939751e-35,-2.0069581662939751e-35,0,0.24615384615384622,-1
571,0.796875,0.125,0,0.00024414062499999989,7.7458694084655549e-35,4.5934331218886418e-33,2.3449747665155332e-33,2.3449747665155332e-33,6.4600680311133575e-56,4.037542519445848e-55,1.102532819288082e-36,-5.4894002816726261e-37,-5.4894002816726261e-37,8.3523897190381114e-53,0.24615384615384622,-1
572,0.8125,0.125,0,0.00024414062499999989,6.2252801783724756e-39,5.7552766862295e-35,2.8780262259566326e-35,2.8780262259566326e-35,5.1918940720941442e-60,3.2449337950588399e-59,1.4049448628446438e-38,-7.0245372565255527e-39,-7.0245372565255527e-39,0,0.24615384615384622,-1
573,0.828125,0.125,0,0.00024414062499999989,0,9.0384092236540696e-39,4.5192046118270348e-39,4.5192046118270348e-39,0,0,2.2066428768686684e-42,-1.1033214384343342e-42,-1.1033214384343342e-42,0,0.24615384615384622,-1
574,0.84375,0.125,0,0.00024414062499999989,0,0,0,0,0,0,0,0,0,0,0.24615384615384622,-1
575,0.859375,0.125,0,0.00024414062499999989,0,0,0,0,0,0,0,0,0,0,0.24615384615384622,-1
576,0.875,0.125,0,0.00024414062499999989,0,0,0,0,0,0,0,0,0,0,0.24615384615384622,-1
577,0.890625,0.125,0,0.00024414062499999989,0,0,0,0,0,0,0,0,0,0,0.24615384615384622,-1
578,0.90625,0.125,0,0.00024414062499999989,0,0,0,0,0,0,0,0,0,0,0.24615384615384622,-1
579,0.921875,0.125,0,0.00024414062499999989,0,0,0,0,0,0,0,0,0,0,0.24615384615384622,-1
580,0.9375,0.125,0,0.00024414062499999989,0,0,0,0,0,0,0,0,0,0,0.24615384615384622,-1
581,0.953125,0.125,0,0.00024414062499999989,0,0,0,0,0,0,0,0,0,0,0.24615384615384622,-1
582,0.96875,0.125,0,0.00024414062499999989,0,0,0,0,0,0,0,0,0,0,0.24615384615384622,-1
583,0.984375,0.125,0,0.00024414062499999989,0,0,0,0,0,0,0,0,0,0,0.24615384615384622,-1
584,1,0.125,0,0.00012207031249999995,0,0,0,0,-0,0,0,0,0,0,0.49230769230769245,-1
585,0,0.140625,0,0.00012207031249999995,0,0,0,0,0,0,0,0,0,0,0.16410256410256413,-1
586,0.015625,0.140625,0,0.00024414062499999989,0,0,0,0,0,0,0,0,0,0,0.24615384615384622,-1
587,0.03125,0.140625,0,0.00024414062499999989,0,0,0,0,0,0,0,0,0,0,0.24615384615384622,-1
588,0.046875,0.140625,0,0.00024414062499999989,0,0,0,0,0,0,0,0,0,0,0.24615384615384622,-1
589,0.0625,0.140625,0,0.00024414062499999989,0,0,0,0,0,0,0,0,0,0,0.24615384615384622,-1
590,0.078125,0.140625,0,0.00024414062499999989,0,0,0,0,0,0,0,0,0,0,0.24615384615384622,-1
591,0.09375,0.140625,0,0.00024414062499999989,0,0,0,0,0,0,0,0,0,0,0.24615384615384622,-1
592,0.109375,0.140625,0,0.00024414062499999989,0,0,0,0,0,0,0,0,0,0,0.24615384615384622,-1
593,0.125,0.140625,0,0.00024414062499999989,0,0,0,0,0,0,0,0,0,0,0.24615384615384622,-1
594,0.140625,0.140625,0,0.00024414062499999989,0,0,0,0,0,0,0,0,0,0,0.24615384615384622,-1
595,0.15625,0.140625,0,0.00024414062499999989,0,0,0,0,0,0,0,0,0,0,0.24615384615384622,-1
596,0.171875,0.140625,0,0.00024414062499999989,0,0,0,0,0,0,0,0,0,0,0.24615384615384622,-1
597,0.1875,0.140625,0,0.00024414062499999989,0,0,0,0,0,0,0,0,0,0,0.24615384615384622,-1
598,0.203125,0.140625,0,0.00024414062499999989,0,0,0,0,0,0,0,0,0,0,0.24615384615384622,-1
599,0.21875,0.140625,0,0.00024414062499999989,0,0,0,0,0,0,0,0,0,0,0.24615384615384622,-1
600,0.234375,0.140625,0,0.00024414062499999989,0,0,0,0,0,0,0,0,0,0,0.24615384615384622,-1
601,0.25,0.140625,0,0.00024414062499999989,0,0,0,0,0,0,0,0,0,0,0.24615384615384622,-1
602,0.265625,0.140625,0,0.00024414062499999989,0,0,0,0,0,0,0,0,0,0,0.24615384615384622,-1
603,0.28125,0.140625,0,0.00024414062499999989,0,0,0,0,0,0,0,0,0,0,0.24615384615384622,-1
604,0.296875,0.140625,0,0.00024414062499999989,0,0,0,0,0,0,0,0,0,0,0.24615384615384622,-1
605,0.3125,0.140625,0,0.00024414062499999989,0,0,0,0,0,0,0,0,0,0,0.24615384615384622,-1
606,0.328125,0.140625,0,0.00024414062499999989,0,0,0,0,0,0,0,0,0,0,0.24615384615384622,-1
607,0.34375,0.140625,0,0.00024414062499999989,0,0,0,0,0,0,0,0,0,0,0.24615384615384622,-1
608,0.359375,0.140625,0,0.00024414062499999989,0,0,-2.4690741507764048e-37,0,0,0,0,-6.028013063418954e-41,0,0,0.24615384615384622,-1
609,0.375,0.140625,0,0.00024414062499999989,0,0,-4.9322841613800409e-37,0,0,0,0,-1.2041709378369234e-40,0,0,0.24615384615384622,-1
610,0.390625,0.140625,0,0.00024414062499999989,3.0019606688132719e-36,2.7568313343376413e-36,3.1117851180783983e-34,1.2027744336939716e-35,2.5036402144949135e-57,1.5647751340593209e-56,-5.9846028924714515e-41,7.5298261834351086e-38,2.2634064947758961e-39,0,0.24615384615384622,-1
611,0.40625,0.140625,0,0.00024414062499999989,3.0023041746685883e-36,3.2497322870296389e-36,2.9532601685724727e-32,1.2037024126655194e-35,2.5039266989522949e-57,1.5649541868451841e-56,6.0407253994397188e-41,7.2093144417572471e-36,2.1453349217835818e-39,0,0.24615384615384622,-1
612,0.421875,0.140625,0,0.00024414062499999989,-3.6250469994798803e-34,-8.8913206125484149e-34,1.0137174623978629e-32,-1.2809980283637267e-34,-3.0232952555370353e-55,-1.8895595347106471e-54,-1.2857113313155597e-37,2.6919694055745764e-36,1.857988912154464e-37,1.0440487148797639e-53,0.24615384615384622,-1
613,0.4375,0.140625,0,0.00024414062499999989,-1.0526458773740656e-31,-1.3841151690831329e-31,-9.6609124491937055e-30,-1.4263004490306165e-30,-8.7790842085143996e-53,-5.4869276303214999e-52,-8.0925120046158958e-36,-2.3248293291712373e-33,-3.1442600881892158e-34,0,0.24615384615384622,-1
614,0.453125,0.140625,0,0.00024414062499999989,-1.1008727546377213e-32,-2.9914104854877991e-32,-8.9963801071106826e-30,-1.0471544394244139e-31,-9.1812971708332242e-54,-5.7383107317707646e-53,-4.6155706319581962e-36,-2.1890786138319827e-33,-1.8262045675674649e-35,2.6727647100921956e-51,0.24615384615384622,-1
615,0.46875,0.140625,0,0.00024414062499999989,8.4474757395854871e-29,8.2733208470557892e-29,6.9911263479873305e-27,4.6305356287881412e-28,7.0452088837516769e-50,4.4032555523447968e-49,-4.2518284309008304e-34,1.6866194188273365e-30,9.2851649025453126e-32,1.0947644252537633e-47,0.24615384615384622,-1
616,0.484375,0.140625,0,0.00024414062499999989,2.8458247842995428e-29,3.9402268222836037e-29,5.5007902299031047e-27,9.608442748967975e-29,2.3734226258851205e-50,1.4833891411782005e-49,2.6718799755470227e-33,1.3333466703320962e-30,1.383841778975676e-32,-2.7369110631344083e-48,0.24615384615384622,-1
617,0.5,0.140625,0,0.00024414062499999989,-2.0795669044993006e-26,-2.9470986069897842e-26,-1.6548408982991826e-26,-2.3803349224921668e-26,-1.7343622736054595e-47,-1.0839764210034122e-46,-2.1179973205334067e-30,3.1549260466079127e-30,1.3837004016055104e-30,5.254869241218064e-46,0.24615384615384622,-1
618,0.515625,0.140625,0,0.00024414062499999989,-1.3881944211191297e-25,-1.1557521735171411e-25,-1.3074673851492102e-23,-1.8315741678095908e-25,-1.1577564670843214e-46,-7.2359779192770077e-46,5.6748595605954189e-30,-3.1638424399756792e-27,-1.6499560407530502e-29,1.4012984643248171e-45,0.24615384615384622,-1
619,0.53125,0.140625,0,0.00024414062499999989,-9.4861727136354806e-26,-9.3799919216619713e-26,-2.7911572620256694e-23,-1.3101694954440516e-25,-7.9114838959202321e-47,-4.9446774349501448e-46,2.5923044915407478e-31,-6.791448413339859e-27,-9.0861890448694893e-30,0,0.24615384615384622,-1
620,0.546875,0.140625,0,0.00024414062499999989,1.7878777298115528e-22,1.6063925712048703e-22,1.2585767175949469e-22,1.5876239962388568e-22,1.4910930144616442e-43,9.3193313403852748e-43,-4.4307900050459604e-27,-8.4915979885235152e-27,-4.5821716225618979e-28,2.152394441202919e-42,0.24615384615384622,-1
621,0.5625,0.140625,0,0.00024414062499999989,6.3934099025700251e-22,5.3757587951660564e-22,2.503951421554398e-21,6.3977624140392049e-22,5.3321145430436606e-43,3.3325715894022882e-42,-2.4844997739354708e-26,4.8007215381782025e-25,2.4951260226395211e-26,1.7174313978764958e-41,0.24615384615384622,-1
622,0.578125,0.140625,0,0.00024414062499999989,6.3743128379196345e-22,6.1224610617503278e-22,3.4012992227354648e-21,6.4020720782948128e-22,5.3161875592113145e-43,3.3226172245070716e-42,-6.1487250041334709e-27,6.8092117103526137e-25,6.8264408336055765e-27,1.7667571038207294e-41,0.24615384615384622,-1
623,0.59375,0.140625,0,0.00024414062499999989,-2.963468734899073e-21,-5.9076092374266107e-21,-4.6832267689739494e-21,-4.3907310770896873e-21,-2.4715378772849575e-42,-1.5447111733030985e-41,-7.1878430237488695e-25,2.9892150108707529e-25,3.7033158211350647e-25,1.8367099231598242e-40,0.24615384615384622,-1
624,0.609375,0.140625,0,0.00024414062499999989,-2.0851955704926944e-21,-6.9679315541727105e-21,-5.5045010894507151e-21,-5.5045010894507151e-21,-1.7390565904502541e-42,-1.0869103690314088e-41,-1.1920742147656283e-24,3.5728282830126837e-25,3.5728282830126837e-25,-3.6734198463196485e-40,0.24615384615384622,-1
625,0.625,0.140625,0,0.00024414062499999989,2.9342589624621253e-22,-1.2895678105794492e-23,-1.3343826873039654e-22,-1.3343826873039654e-22,2.4471768782588452e-43,1.5294855489117781e-42,-7.4785540613282928e-26,-2.9429343414209474e-26,-2.9429343414209474e-26,0,0.24615384615384622,-1
626,0.640625,0.140625,0,0.00024414062499999989,4.38090264403687e-22,1.7728488054344483e-21,1.0899950797831102e-21,1.0899950797831102e-21,3.6536801262402046e-43,2.2835500789001278e-42,3.2586878443133807e-25,-1.6671233536409614e-25,-1.6671233536409614e-25,-2.2958874039497803e-41,0.24615384615384622,-1
627,0.65625,0.140625,0,0.00024414062499999989,1.3484113293068531e-22,7.2128413796341058e-22,4.3411698923298176e-22,4.3411698923298176e-22,1.1245773020296594e-43,7.0286081376853704e-43,1.4317456177556765e-25,-7.0109167170514826e-26,-7.0109167170514826e-26,-1.1479437019748901e-41,0.24615384615384622,-1
628,0.671875,0.140625,0,0.00024414062499999989,2.3981258028329878e-23,1.5686469294648659e-22,9.2168670608071645e-23,9.2168670608071645e-23,2.000040927173131e-44,1.2500255794832068e-43,3.2442244853065586e-26,-1.5794927328714579e-26,-1.5794927328714579e-26,2.8698592549372254e-42,0.24615384615384622,-1
629,0.6875,0.140625,0,0.00024414062499999989,2.9729808824437509e-24,2.3324126122450915e-23,1.3403304380582494e-23,1.3403304380582494e-23,2.4794710242333749e-45,1.549669390145859e-44,4.9685413183611218e-27,-2.4220756205733443e-27,-2.4220756205733443e-27,3.5873240686715317e-43,0.24615384615384622,-1
630,0.703125,0.140625,0,0.00024414062499999989,2.814305012608723e-25,2.6238439589048898e-24,1.4786060225656559e-24,1.4786060225656559e-24,2.3471350836209404e-46,1.4669594272630876e-45,5.7187828555762122e-28,-2.7959910555157065e-28,-2.7959910555157065e-28,-4.4841550858394146e-44,0.24615384615384622,-1
631,0.71875,0.140625,0,0.00024414062499999989,2.1760669269185275e-26,2.3871311931876305e-25,1.323379566590525e-25,1.323379566590525e-25,1.8148434535684027e-47,1.1342771584802514e-46,5.2966906750385178e-29,-2.5970498696218387e-29,-2.5970498696218387e-29,0,0.24615384615384622,-1
632,0.734375,0.140625,0,0.00024414062499999989,1.4342315190194601e-27,1.8418805259156312e-26,1.0071886432307089e-26,1.0071886432307089e-26,1.1961514836677568e-48,7.4759467729234801e-48,4.1466244482755965e-30,-2.0378219792112349e-30,-2.0378219792112349e-30,0,0.24615384615384622,-1
633,0.75,0.140625,0,0.00024414062499999989,7.9029325408434551e-29,1.2139236583353306e-27,6.5497400778692389e-28,6.5497400778692389e-28,6.591058945991433e-50,4.1194118412446449e-49,2.7707381174973035e-31,-1.3646231702841953e-31,-1.3646231702841953e-31,-2.1895288505075267e-47,0.24615384615384622,-1
634,0.765625,0.140625,0,0.00024414062499999989,3.2952897293748173e-30,6.478965973160197e-29,3.4417600033520031e-29,3.4417600033520031e-29,2.7482771411979592e-51,1.7176732132487247e-50,1.501327392632498e-32,-7.4150536372270332e-33,-7.4150536372270332e-33,2.7369110631344083e-48,0.24615384615384622,-1
635,0.78125,0.140625,0,0.00024414062499999989,8.7844620487665218e-32,2.5245619074380234e-30,1.3166642863017326e-30,1.3166642863017326e-30,7.3262560287608682e-53,4.5789100179755424e-52,5.9490168138436452e-34,-2.9489688016022712e-34,-2.9489688016022712e-34,4.276423536147513e-50,0.24615384615384622,-1
636,0.796875,0.140625,0,0.00024414062499999989,1.0884702537769255e-33,6.1718174128008345e-32,3.1537180786869968e-32,3.1537180786869968e-32,9.0778601063906996e-55,5.6736625664941874e-54,1.4802173797419772e-35,-7.3684065774263589e-36,-7.3684065774263589e-36,2.6727647100921956e-51,0.24615384615384622,-1
637,0.8125,0.140625,0,0.00024414062499999989,1.9528246438550686e-37,7.0139373212226012e-34,3.5081854205817026e-34,3.5081854205817026e-34,1.628659016423767e-58,1.0179118852648544e-57,1.7119102774850447e-37,-8.5589646011740646e-38,-8.5589646011740646e-38,-1.0440487148797639e-53,0.24615384615384622,-1
638,0.828125,0.140625,0,0.00024414062499999989,0,2.1394743658738555e-37,1.0697371829369277e-37,1.0697371829369277e-37,0,0,5.2233260885592154e-41,-2.6116630442796077e-41,-2.6116630442796077e-41,0,0.24615384615384622,-1
639,0.84375,0.140625,0,0.00024414062499999989,0,0,0,0,0,0,0,0,0,0,0.24615384615384622,-1
640,0.859375,0.140625,0,0.00024414062499999989,0,0,0,0,0,0,0,0,0,0,0.24615384615384622,-1
641,0.875,0.140625,0,0.00024414062499999989,0,0,0,0,0,0,0,0,0,0,0.24615384615384622,-1
642,0.890625,0.140625,0,0.00024414062499999989,0,0,0,0,0,0,0,0,0,0,0.24615384615384622,-1
643,0.90625,0.140625,0,0.00024414062499999989,0,0,0,0,0,0,0,0,0,0,0.24615384615384622,-1
644,0.921875,0.140625,0,0.00024414062499999989,0,0,0,0,0,0,0,0,0,0,0.24615384615384622,-1
645,0.9375,0.140625,0,0.00024414062499999989,0,0,0,0,0,0,0,0,0,0,0.24615384615384622,-1
646,0.953125,0.140625,0,0.00024414062499999989,0,0,0,0,0,0,0,0,0,0,0.24615384615384622,-1
647,0.96875,0.140625,0,0.00024414062499999989,0,0,0,0,0,0,0,0,0,0,0.24615384615384622,-1
648,0.984375,0.140625,0,0.00024414062499999989,0,0,0,0,0,0,0,0,0,0,0.24615384615384622,-1
649,1,0.140625,0,0.00012207031249999995,0,0,0,0,-0,0,0,0,0,0,0.49230769230769245,-1
650,0,0.15625,0,0.00012207031249999995,0,0,0,0,0,0,0,0,0,0,0.16410256410256413,-1
651,0.015625,0.15625,0,0.00024414062499999989,0,0,0,0,0,0,0,0,0,0,0.24615384615384622,-1
652,0.03125,0.15625,0,0.00024414062499999989,0,0,0,0,0,0,0,0,0,0,0.24615384615384622,-1
653,0.046875,0.15625,0,0.00024414062499999989,0,0,0,0,0,0,0,0,0,0,0.24615384615384622,-1
654,0.0625,0.15625,0,0.00024414062499999989,0,0,0,0,0,0,0,0,0,0,0.24615384615384622,-1
655,0.078125,0.15625,0,0.00024414062499999989,0,0,0,0,0,0,0,0,0,0,0.24615384615384622,-1
656,0.09375,0.15625,0,0.00024414062499999989,0,0,0,0,0,0,0,0,0,0,0.24615384615384622,-1
657,0.109375,0.15625,0,0.00024414062499999989,0,0,0,0,0,0,0,0,0,0,0.24615384615384622,-1
658,0.125,0.15625,0,0.00024414062499999989,0,0,0,0,0,0,0,0,0,0,0.24615384615384622,-1
659,0.140625,0.15625,0,0.00024414062499999989,0,0,0,0,0,0,0,0,0,0,0.24615384615384622,-1
660,0.15625,0.15625,0,0.00024414062499999989,0,0,0,0,0,0,0,0,0,0,0.24615384615384622,-1
661,0.171875,0.15625,0,0.00024414062499999989,0,0,0,0,0,0,0,0,0,0,0.24615384615384622,-1
662,0.1875,0.15625,0,0.00024414062499999989,0,0,0,0,0,0,0,0,0,0,0.24615384615384622,-1
663,0.203125,0.15625,0,0.00024414062499999989,0,0,0,0,0,0,0,0,0,0,0.24615384615384622,-1
664,0.21875,0.15625,0,0.00024414062499999989,0,0,0,0,0,0,0,0,0,0,0.24615384615384622,-1
665,0.234375,0.15625,0,0.00024414062499999989,0,0,0,0,0,0,0,0,0,0,0.24615384615384622,-1
666,0.25,0.15625,0,0.00024414062499999989,0,0,0,0,0,0,0,0,0,0,0.24615384615384622,-1
667,0.265625,0.15625,0,0.00024414062499999989,0,0,0,0,0,0,0,0,0,0,0.24615384615384622,-1
668,0.28125,0.15625,0,0.00024414062499999989,0,0,0,0,0,0,0,0,0,0,0.24615384615384622,-1
669,0.296875,0.15625,0,0.00024414062499999989,0,0,0,0,0,0,0,0,0,0,0.24615384615384622,-1
670,0.3125,0.15625,0,0.00024414062499999989,0,0,0,0,0,0,0,0,0,0,0.24615384615384622,-1
671,0.328125,0.15625,0,0.00024414062499999989,0,0,0,0,0,0,0,0,0,0,0.24615384615384622,-1
672,0.34375,0.15625,0,0.00024414062499999989,0,0,-2.4691385286347063e-37,0,0,0,0,-6.0281702359245729e-41,0,0,0.24615384615384622,-1
673,0.359375,0.15625,0,0.00024414062499999989,0,0,-1.2345437527884805e-36,0,0,0,0,-3.01402283395625e-40,0,0,0.24615384615384622,-1
674,0.375,0.15625,0,0.00024414062499999989,1.2036736485034973e-35,9.5676752098296451e-36,1.1591259377988207e-32,1.2036798786760115e-35,1.0038658343623426e-56,6.274161464764641e-56,-6.0279816289192547e-40,2.827561450873626e-36,6.0281337327404008e-40,-8.157377346831499e-56,0.24615384615384622,-1
675,0.390625,0.15625,0,0.00024414062499999989,1.2037042611474609e-35,1.154316578189739e-35,5.7814273860651025e-31,1.2037061797360686e-35,1.0038913653585664e-56,6.2743210334910384e-56,-1.2057539784600051e-40,1.411453113868965e-34,1.2058008190021869e-40,-1.019597492170603e-55,0.24615384615384622,-1
676,0.40625,0.15625,0,0.00024414062499999989,-1.5023790242158115e-32,-3.4483577945542871e-32,1.2332627648786347e-31,-1.3981861482063274e-33,-1.2529866168857196e-53,-7.8311663555357466e-53,-4.7509247322716663e-36,3.8527796492530829e-35,8.0774882317716132e-36,0,0.24615384615384622,-1
677,0.421875,0.15625,0,0.00024414062499999989,-1.4380941174176763e-30,-2.2403606533243907e-30,-6.588112632149966e-29,-2.7122665294715703e-29,-1.1993728971868223e-51,-7.4960806074176393e-51,-1.9586585349285011e-34,-1.5537296305706846e-32,-6.0747814065896726e-33,0,0.24615384615384622,-1
678,0.4375,0.15625,0,0.00024414062499999989,-1.0580935874207042e-31,-3.7962206304399352e-31,-5.5532835947624338e-29,-1.5070880235903575e-30,-8.8245182013423724e-53,-5.5153238758389838e-52,-6.6848804761211662e-35,-1.3465140108540116e-32,-2.7526024427401451e-34,0,0.24615384615384622,-1
679,0.453125,0.15625,0,0.00024414062499999989,4.6445336400961556e-28,4.7785618757367699e-28,1.9578229161317076e-26,3.0879836367291893e-27,3.8735488175186615e-49,2.4209680109491635e-48,3.2721737216946813e-33,4.66317699554282e-30,6.3723814676648225e-31,0,0.24615384615384622,-1
680,0.46875,0.15625,0,0.00024414062499999989,9.9613050306864975e-29,1.8564710993955877e-28,3.2522528468063315e-26,8.3142792323668794e-28,8.3077450423546825e-50,5.1923406514716758e-49,2.1004409090013123e-32,7.8947464253231777e-30,1.5766133137136936e-31,0,0.24615384615384622,-1
681,0.484375,0.15625,0,0.00024414062499999989,-3.3637711252512624e-25,-2.9167641430808208e-25,-6.2060374450364981e-25,-5.8709962451464426e-25,-2.8053907398010991e-46,-1.7533692123756866e-45,1.091325640064554e-29,-8.0304523973527233e-29,-7.2124807179336434e-29,0,0.24615384615384622,-1
682,0.5,0.15625,0,0.00024414062499999989,-1.8316970472225127e-25,-2.0281705404642387e-25,-1.3347523808224561e-23,-3.2376410542656992e-25,-1.5276383984107172e-46,-9.5477399900669806e-46,-4.7967161435968234e-30,-3.20915692240677e-27,-2.9528088715855957e-29,5.6051938572992683e-45,0.24615384615384622,-1
683,0.515625,0.15625,0,0.00024414062499999989,1.3427784119957691e-26,5.4047592558141137e-25,-6.4617526213567854e-23,-3.9130507695817697e-26,1.1198794395788068e-47,6.999246497367542e-47,1.2867386266148765e-28,-1.5907715366003233e-26,-1.4150547687432344e-28,5.6051938572992683e-45,0.24615384615384622,-1
684,0.53125,0.15625,0,0.00024414062499999989,6.3083249097745281e-22,5.0181461997490543e-22,1.0419027943823657e-21,6.244973500128646e-22,5.2611535168630516e-43,3.2882209480394073e-42,-3.1498503662731261e-26,1.3185746445494628e-25,2.995183838817361e-26,-2.2241409225763497e-41,0.24615384615384622,-1
685,0.546875,0.15625,0,0.00024414062499999989,6.4044011508136891e-22,6.1258557896042129e-22,2.7778470642693454e-20,6.4045127031060688e-22,5.3412812624468208e-43,3.3383007890292629e-42,-6.8004238576532175e-27,6.6322961581379444e-24,6.8031473022913966e-27,-8.6106287386599197e-42,0.24615384615384622,-1
686,0.5625,0.15625,0,0.00024414062499999989,6.4021606046715015e-22,-3.1325221906576131e-22,8.2755029033033274e-20,6.40440096223821e-22,5.339412643219964e-43,3.3371329020124774e-42,-2.3278034168283961e-25,2.0280342102563231e-23,2.3283503791249558e-25,-2.2420775429197073e-44,0.24615384615384622,-1
687,0.578125,0.15625,0,0.00024414062499999989,-9.219577135279593e-20,-1.2364769642897124e-19,-9.1357129713401682e-20,-8.2022577272952372e-20,-7.6891427380521686e-41,-4.8057142112826055e-40,-7.678692645550609e-24,7.8834391395433452e-24,1.0162382606449915e-23,-1.1020259538958945e-39,0.24615384615384622,-1
688,0.59375,0.15625,0,0.00024414062499999989,-1.197009818837303e-19,-2.5526162738366991e-19,-2.456454199894015e-19,-2.4320169291860075e-19,-9.9830818928452628e-41,-6.2394261830282882e-40,-3.3095860717758683e-23,2.3477068833663127e-24,2.9443199377610241e-24,0,0.24615384615384622,-1
689,0.609375,0.15625,0,0.00024414062499999989,2.6938401550784943e-21,-5.3792811032592837e-20,-4.9960805731020002e-20,-4.9960805731020002e-20,2.2466671911267634e-42,1.404166994454227e-41,-1.3790686325115065e-23,9.3554816932930549e-25,9.3554816932930549e-25,0,0.24615384615384622,-1
690,0.625,0.15625,0,0.00024414062499999989,3.4011189903241071e-20,1.1250257832862012e-19,7.0794664545950241e-20,7.0794664545950241e-20,2.8365389216854639e-41,1.7728368260534145e-40,1.9162936627289798e-23,-1.0182596138347135e-23,-1.0182596138347135e-23,1.4693679385278594e-39,0.24615384615384622,-1
691,0.640625,0.15625,0,0.00024414062499999989,1.3345118126514507e-20,5.9545905671917445e-20,3.6902048480069712e-20,3.6902048480069712e-20,1.112985081910978e-41,6.9561567619436131e-41,1.1279489146826884e-23,-5.5282854472284476e-24,-5.5282854472284476e-24,-7.3468396926392969e-40,0.24615384615384622,-1
692,0.65625,0.15625,0,0.00024414062499999989,2.8391036202529236e-21,1.5436671691410706e-20,9.3286024476614246e-21,9.3286024476614246e-21,2.3678171638382156e-42,1.479885727398885e-41,3.0755781423725044e-24,-1.4912278427122263e-24,-1.4912278427122263e-24,-1.8367099231598242e-40,0.24615384615384622,-1
693,0.671875,0.15625,0,0.00024414062499999989,4.1688355349585591e-22,2.6861450559160448e-21,1.585720984133215e-21,1.585720984133215e-21,3.4768158028744925e-43,2.1730098767965577e-42,5.5401892148930371e-25,-2.6865822065010479e-25,-2.6865822065010479e-25,-4.5917748078995606e-41,0.24615384615384622,-1
694,0.6875,0.15625,0,0.00024414062499999989,4.673337953777356e-23,3.5265647051612901e-22,2.038877255478411e-22,2.038877255478411e-22,3.8975716632649011e-44,2.4359822895405633e-43,7.4688254633387535e-26,-3.6320494377023398e-26,-3.6320494377023398e-26,-1.1479437019748901e-41,0.24615384615384622,-1
695,0.703125,0.15625,0,0.00024414062499999989,4.2766950424677392e-24,3.7428101345695615e-23,2.1256286785137147e-23,2.1256286785137147e-23,3.5667708123857774e-45,2.2292317577411104e-44,8.0936050544989887e-27,-3.9481969141988434e-27,-3.9481969141988434e-27,7.1746481373430634e-43,0.24615384615384622,-1
696,0.71875,0.15625,0,0.00024414062499999989,3.3428266180890997e-25,3.3699977741129022e-24,1.8852256951177416e-24,1.8852256951177416e-24,2.7879229858265957e-46,1.7424518661416217e-45,7.411413848398415e-28,-3.6249318334842771e-28,-3.6249318334842771e-28,0,0.24615384615384622,-1
697,0.734375,0.15625,0,0.00024414062499999989,2.2318546396782385e-26,2.6177250178024238e-25,1.4437838812313268e-25,1.4437838812313268e-25,1.8613704992392301e-47,1.1633565620245187e-46,5.8460438326040004e-29,-2.8660672279567785e-29,-2.8660672279567785e-29,1.1210387714598537e-44,0.24615384615384622,-1
698,0.75,0.15625,0,0.00024414062499999989,1.1981496585057359e-27,1.7017229104934085e-26,9.2400443788148003e-27,9.2400443788148003e-27,9.9925881747283398e-49,6.2453676092052124e-48,3.8620799429756692e-30,-1.8987267397752153e-30,-1.8987267397752153e-30,3.5032461608120427e-46,0.24615384615384622,-1
699,0.765625,0.15625,0,0.00024414062499999989,4.6548683986749305e-29,8.6315851328046334e-28,4.6024061718477842e-28,4.6024061718477842e-28,3.8821680234442162e-50,2.426355014652635e-49,1.9936763410491055e-31,-9.8368626976485533e-32,-9.8368626976485533e-32,2.1895288505075267e-47,0.24615384615384622,-1
700,0.78125,0.15625,0,0.00024414062499999989,1.127398593435939e-30,3.1069037612842199e-29,1.6233352821577823e-29,1.6233352821577823e-29,9.4025231096949768e-52,5.876576943559361e-51,7.3099704637222294e-33,-3.6219933572422778e-33,-3.6219933572422778e-33,-6.8422776578360209e-49,0.24615384615384622,-1
701,0.796875,0.15625,0,0.00024414062499999989,1.2661544196004648e-32,6.9364535078812241e-31,3.5470983837384747e-31,3.5470983837384747e-31,1.0559749018714976e-53,6.5998431366968606e-53,1.6625581215627867e-34,-8.274792783551631e-35,-8.274792783551631e-35,1.0691058840368783e-50,0.24615384615384622,-1
702,0.8125,0.15625,0,0.00024414062499999989,4.4276136290971224e-36,7.2474007846840119e-33,3.6264591362185974e-33,3.6264591362185974e-33,3.6926371658411767e-57,2.3078982286507352e-56,1.7683039968395781e-36,-8.8401895714487625e-37,-8.8401895714487625e-37,0,0.24615384615384622,-1
703,0.828125,0.15625,0,0.00024414062499999989,0,3.9060385256912444e-36,1.9530192628456222e-36,1.9530192628456222e-36,0,0,9.5362268693633848e-40,-4.7681134346816924e-40,-4.7681134346816924e-40,0,0.24615384615384622,-1
704,0.84375,0.15625,0,0.00024414062499999989,0,0,0,0,0,0,0,0,0,0,0.24615384615384622,-1
705,0.859375,0.15625,0,0.00024414062499999989,0,0,0,0,0,0,0,0,0,0,0.24615384615384622,-1
706,0.875,0.15625,0,0.00024414062499999989,0,0,0,0,0,0,0,0,0,0,0.24615384615384622,-1
707,0.890625,0.15625,0,0.00024414062499999989,0,0,0,0,0,0,0,0,0,0,0.24615384615384622,-1
708,0.90625,0.15625,0,0.00024414062499999989,0,0,0,0,0,0,0,0,0,0,0.24615384615384622,-1
709,0.921875,0.15625,0,0.00024414062499999989,0,0,0,0,0,0,0,0,0,0,0.24615384615384622,-1
710,0.9375,0.15625,0,0.00024414062499999989,0,0,0,0,0,0,0,0,0,0,0.24615384615384622,-1
711,0.953125,0.15625,0,0.00024414062499999989,0,0,0,0,0,0,0,0,0,0,0.24615384615384622,-1
712,0.96875,0.15625,0,0.00024414062499999989,0,0,0,0,0,0,0,0,0,0,0.24615384615384622,-1
713,0.984375,0.15625,0,0.00024414062499999989,0,0,0,0,0,0,0,0,0,0,0.24615384615384622,-1
714,1,0.15625,0,0.00012207031249999995,0,0,0,0,-0,0,0,0,0,0,0.49230769230769245,-1
715,0,0.171875,0,0.00012207031249999995,0,0,0,0,0,0,0,0,0,0,0.16410256410256413,-1
716,0.015625,0.171875,0,0.00024414062499999989,0,0,0,0,0,0,0,0,0,0,0.24615384615384622,-1
717,0.03125,0.171875,0,0.00024414062499999989,0,0,0,0,0,0,0,0,0,0,0.24615384615384622,-1
718,0.046875,0.171875,0,0.00024414062499999989,0,0,0,0,0,0,0,0,0,0,0.24615384615384622,-1
719,0.0625,0.171875,0,0.00024414062499999989,0,0,0,0,0,0,0,0,0,0,0.24615384615384622,-1
720,0.078125,0.171875,0,0.00024414062499999989,0,0,0,0,0,0,0,0,0,0,0.24615384615384622,-1
721,0.09375,0.171875,0,0.00024414062499999989,0,0,0,0,0,0,0,0,0,0,0.24615384615384622,-1
722,0.109375,0.171875,0,0.00024414062499999989,0,0,0,0,0,0,0,0,0,0,0.24615384615384622,-1
723,0.125,0.171875,0,0.00024414062499999989,0,0,0,0,0,0,0,0,0,0,0.24615384615384622,-1
724,0.140625,0.171875,0,0.00024414062499999989,0,0,0,0,0,0,0,0,0,0,0.24615384615384622,-1
725,0.15625,0.171875,0,0.00024414062499999989,0,0,0,0,0,0,0,0,0,0,0.24615384615384622,-1
726,0.171875,0.171875,0,0.00024414062499999989,0,0,0,0,0,0,0,0,0,0,0.24615384615384622,-1
727,0.1875,0.171875,0,0.00024414062499999989,0,0,0,0,0,0,0,0,0,0,0.24615384615384622,-1
728,0.203125,0.171875,0,0.00024414062499999989,0,0,0,0,0,0,0,0,0,0,0.24615384615384622,-1
729,0.21875,0.171875,0,0.00024414062499999989,0,0,0,0,0,0,0,0,0,0,0.24615384615384622,-1
730,0.234375,0.171875,0,0.00024414062499999989,0,0,0,0,0,0,0,0,0,0,0.24615384615384622,-1
731,0.25,0.171875,0,0.00024414062499999989,0,0,0,0,0,0,0,0,0,0,0.24615384615384622,-1
732,0.265625,0.171875,0,0.00024414062499999989,0,0,0,0,0,0,0,0,0,0,0.24615384615384622,-1
733,0.28125,0.171875,0,0.00024414062499999989,0,0,0,0,0,0,0,0,0,0,0.24615384615384622,-1
734,0.296875,0.171875,0,0.00024414062499999989,0,0,0,0,0,0,0,0,0,0,0.24615384615384622,-1
735,0.3125,0.171875,0,0.00024414062499999989,0,0,0,0,0,0,0,0,0,0,0.24615384615384622,-1
736,0.328125,0.171875,0,0.00024414062499999989,0,0,-2.4691407953323792e-37,0,0,0,0,-6.0281757698544383e-41,0,0,0.24615384615384622,-1
737,0.34375,0.171875,0,0.00024414062499999989,0,0,-1.2345695067393196e-36,0,0,0,0,-3.0140857098127908e-40,0,0,0.24615384615384622,-1
738,0.359375,0.171875,0,0.00024414062499999989,1.2037050327094192e-35,9.567912251810323e-36,2.0205795896418277e-31,1.2037047058003363e-35,1.003892008842529e-56,6.2743250552658064e-56,-6.0281691291110058e-40,4.9328220471662805e-35,6.0281611479322249e-40,-2.4469860639918078e-55,0.24615384615384622,-1
739,0.375,0.171875,0,0.00024414062499999989,1.2037062008298539e-35,1.1543231913147854e-35,1.0130616631173266e-29,1.2037062133128897e-35,1.0038929830569236e-56,6.2743311441057718e-56,-1.2056398807389789e-40,2.4732922577981809e-33,1.2056401855005926e-40,-2.0391591047687447e-56,0.24615384615384622,-1
740,0.390625,0.171875,0,0.00024414062499999989,-5.6452621685406718e-31,-8.296572673203102e-31,3.3934910615796543e-30,-2.4259056476909391e-33,-4.7081580826015587e-52,-2.9425988016259747e-51,-6.4729260367735111e-35,1.0310420724853425e-33,2.0196078165835423e-34,2.1382117680737565e-50,0.24615384615384622,-1
741,0.40625,0.171875,0,0.00024414062499999989,-2.8123719358567655e-29,-4.1462164389388333e-29,-5.3473932738386023e-28,-4.5205688062746271e-28,-2.3455228943793608e-50,-1.4659518089871005e-49,-3.2564563063527031e-33,-1.2042899487169719e-31,-1.0024285064406107e-31,-2.1895288505075267e-47,0.24615384615384622,-1
742,0.421875,0.171875,0,0.00024414062499999989,-1.5563018454408461e-30,-9.4933380672762371e-30,-4.7383894415382236e-28,-8.6925141592433368e-29,-1.2979583399001271e-51,-8.1122396243757948e-51,-1.9377529838465302e-33,-1.1336562648597314e-31,-1.8904248907509057e-32,0,0.24615384615384622,-1
743,0.4375,0.171875,0,0.00024414062499999989,3.1139425104544698e-27,3.3404035941356489e-27,5.564200037206588e-26,2.3791096914077586e-26,2.5970332575613093e-48,1.6231457859758183e-47,5.5288350508100317e-32,1.2768944525861868e-29,4.9928450488139474e-30,0,0.24615384615384622,-1
744,0.453125,0.171875,0,0.00024414062499999989,8.36956058077282e-28,1.5671812640296842e-27,9.7296688910821351e-26,1.0227931355880176e-26,6.9802275110945629e-49,4.3626421944341021e-48,1.782776381719731e-31,2.3371461827829986e-29,2.1144409403931855e-30,0,0.24615384615384622,-1
745,0.46875,0.171875,0,0.00024414062499999989,-9.2916608306893033e-25,-8.0451142371970058e-25,-2.5173205762191572e-24,-2.4280929298639386e-24,-7.7492606604860083e-46,-4.8432879128037549e-45,3.0433266442683043e-29,-4.1816629699693748e-28,-3.9638220364849538e-28,-4.4841550858394146e-44,0.24615384615384622,-1
746,0.484375,0.171875,0,0.00024414062499999989,-2.3244237625757614e-25,-3.672090118794127e-25,-1.4584669135379082e-23,-4.3383211055700093e-25,-1.9385733024319777e-46,-1.2116083140199861e-45,-3.2902010649862424e-29,-3.4710596004637846e-27,-1.6265404950583053e-29,-5.6051938572992683e-45,0.24615384615384622,-1
747,0.5,0.171875,0,0.00024414062499999989,1.3680839640776712e-23,1.3385494185172086e-23,-5.0455704030970131e-23,8.9989889786340028e-24,1.1409843123043015e-44,7.1311519519018839e-44,-7.2105824122222881e-29,-1.558623003323784e-26,-1.0709241226899612e-27,-3.5873240686715317e-43,0.24615384615384622,-1
748,0.515625,0.171875,0,0.00024414062499999989,6.4026944848325934e-22,5.1117713146199955e-22,2.0030839365288884e-21,6.3944624534396899e-22,5.3398579001665041e-43,3.3374111876040651e-42,-3.1516678960268479e-26,3.6423505983078326e-25,3.1315701631340185e-26,-1.7129472427906564e-41,0.24615384615384622,-1
749,0.53125,0.171875,0,0.00024414062499999989,6.4045127035744901e-22,6.141470600689343e-22,1.2911152639927603e-19,6.4045127464478762e-22,5.3413742976357493e-43,3.3383589360223433e-42,-6.4219263399694129e-27,3.1371430502736092e-23,6.4219273866829472e-27,-1.1479437532919726e-41,0.24615384615384622,-1
750,0.546875,0.171875,0,0.00024414062499999989,-2.2140041184118508e-20,-1.9387301398436764e-20,2.3183296465331544e-19,-8.9995517006396702e-23,-1.8464831346722944e-41,-1.1540519591701839e-40,6.7205561173870732e-25,6.1333072766541038e-23,4.7112563187085835e-24,0,0.24615384615384622,-1
751,0.5625,0.171875,0,0.00024414062499999989,-1.3230155070806745e-18,-1.2541609564162385e-18,-1.0031280741309892e-18,-9.9675441743278947e-19,-1.1033971438529837e-39,-6.8962321490811474e-39,1.6810193033309574e-23,6.1287324776672175e-23,6.2843393306506085e-23,-1.1754943508222875e-38,0.24615384615384622,-1
752,0.578125,0.171875,0,0.00024414062499999989,-3.6543509712360179e-18,-3.2654615526508902e-18,-5.8174890288715319e-18,-5.8098287804955837e-18,-3.0477348169527726e-39,-1.9048342605954829e-38,9.4943705709259684e-23,-6.230535830616798e-22,-6.2118340523552049e-22,-1.88079096131566e-37,0.24615384615384622,-1
753,0.59375,0.171875,0,0.00024414062499999989,-8.7893168549919744e-19,-1.559164941431111e-18,-2.9446947505308688e-18,-3.072851255059228e-18,-7.33030494526597e-40,-4.581440590791231e-39,-1.6607257224900223e-22,-3.3826411354974542e-22,-3.6955232266311433e-22,0,0.24615384615384622,-1
754,0.609375,0.171875,0,0.00024414062499999989,2.1086045672382394e-18,5.4051964300853469e-18,3.4973739934861235e-18,3.4973739934861235e-18,1.7585797328558124e-39,1.0991123330348827e-38,8.0483199776540684e-22,-4.6577696206035709e-22,-4.6577696206035709e-22,-4.70197740328915e-38,0.24615384615384622,-1
755,0.625,0.171875,0,0.00024414062499999989,1.069876719669073e-18,4.0414629094513883e-18,2.5796888966105842e-18,2.5796888966105842e-18,8.9227897212067242e-40,5.5767435757542015e-39,7.254849096148228e-22,-3.5687842110371175e-22,-3.5687842110371175e-22,-4.70197740328915e-38,0.24615384615384622,-1
756,0.640625,0.171875,0,0.00024414062499999989,2.7028178068552679e-19,1.2418450154190722e-18,7.7268989623210486e-19,7.7268989623210486e-19,2.2541545677115291e-40,1.4088466048197058e-39,2.3719805535486938e-22,-1.1453982402025564e-22,-1.1453982402025564e-22,0,0.24615384615384622,-1
757,0.65625,0.171875,0,0.00024414062499999989,4.6323294828524859e-20,2.5023674299625965e-19,1.5191401203854496e-19,1.5191401203854496e-19,3.8633705299825531e-41,2.4146065812390955e-40,4.9783556681575859e-23,-2.4004572987723297e-23,-2.4004572987723297e-23,-8.8162076311671563e-39,0.24615384615384622,-1
758,0.671875,0.171875,0,0.00024414062499999989,6.0457601478123021e-21,3.7835476535946565e-20,2.2467470479357764e-20,2.2467470479357764e-20,5.0421740666033721e-42,3.1513587916271068e-41,7.7611612275718384e-24,-3.7519546036593737e-24,-3.7519546036593737e-24,0,0.24615384615384622,-1
759,0.6875,0.171875,0,0.00024414062499999989,6.4381919986244767e-22,4.6200115638430904e-21,2.6913778093766746e-21,2.6913778093766746e-21,5.3694628859903458e-43,3.3559143037439664e-42,9.7075008886246115e-25,-4.7085785021152713e-25,-4.7085785021152713e-25,9.1835496157991212e-41,0.24615384615384622,-1
760,0.703125,0.171875,0,0.00024414062499999989,5.861304116213144e-23,4.7866805399627349e-22,2.7431715989568703e-22,2.7431715989568703e-22,4.8883374279973234e-44,3.0552108924983273e-43,1.0255249336771043e-25,-4.9890355005025973e-26,-4.9890355005025973e-26,0,0.24615384615384622,-1
761,0.71875,0.171875,0,0.00024414062499999989,4.6117101243477065e-24,4.3030237165914879e-23,2.429140919612954e-23,2.429140919612954e-23,3.8461739505316767e-45,2.4038587190822976e-44,9.3795232035076068e-27,-4.5749091723108716e-27,-4.5749091723108716e-27,-7.1746481373430634e-43,0.24615384615384622,-1
762,0.734375,0.171875,0,0.00024414062499999989,3.0207054235157639e-25,3.3023156004052041e-24,1.8347041195538323e-24,1.8347041195538323e-24,2.5192733712419517e-46,1.5745458570262199e-45,7.324817036263736e-28,-3.5830358419222924e-28,-3.5830358419222924e-28,-4.4841550858394146e-44,0.24615384615384622,-1
763,0.75,0.171875,0,0.00024414062499999989,1.5312528733523391e-26,2.0586237334974676e-25,1.1231517744313393e-25,1.1231517744313393e-25,1.2770674553179055e-47,7.9816715957369093e-47,4.6520958158257636e-29,-2.2838670875637888e-29,-2.2838670875637888e-29,2.8025969286496341e-45,0.24615384615384622,-1
764,0.765625,0.171875,0,0.00024414062499999989,5.4710181698227128e-28,9.7461600592290312e-27,5.210699170714903e-27,5.210699170714903e-27,4.5628382964841958e-49,2.8517739353026222e-48,2.2458638286735245e-30,-1.1072902559848941e-30,-1.1072902559848941e-30,-1.7516230804060213e-46,0.24615384615384622,-1
765,0.78125,0.171875,0,0.00024414062499999989,1.2077510556627473e-29,3.2288962398153276e-28,1.6893768214655354e-28,1.6893768214655354e-28,1.0072663987470863e-50,6.2954149921692898e-50,7.5881863629127234e-32,-3.7585923299555456e-32,-3.7585923299555456e-32,0,0.24615384615384622,-1
766,0.796875,0.171875,0,0.00024414062499999989,1.2483938968844258e-31,6.6288609632046966e-30,3.3921864095780422e-30,3.3921864095780422e-30,1.0411625962459535e-52,6.5072662265372087e-52,1.587895891971741e-33,-7.9020374844400706e-34,-7.9020374844400706e-34,0,0.24615384615384622,-1
767,0.8125,0.171875,0,0.00024414062499999989,7.7303952082950089e-35,6.475419581763317e-32,3.2425264217422121e-32,3.2425264217422121e-32,6.4471625223115262e-56,4.0294765764447035e-55,1.579025680311284e-35,-7.8928055664577717e-36,-7.8928055664577717e-36,-1.3363823550460978e-51,0.24615384615384622,-1
768,0.828125,0.171875,0,0.00024414062499999989,0,5.7229660362330564e-35,2.8614830181165282e-35,2.8614830181165282e-35,0,0,1.3972085049397105e-38,-6.9860425246985525e-39,-6.9860425246985525e-39,0,0.24615384615384622,-1
769,0.84375,0.171875,0,0.00024414062499999989,0,0,0,0,0,0,0,0,0,0,0.24615384615384622,-1
770,0.859375,0.171875,0,0.00024414062499999989,0,0,0,0,0,0,0,0,0,0,0.24615384615384622,-1
771,0.875,0.171875,0,0.00024414062499999989,0,0,0,0,0,0,0,0,0,0,0.24615384615384622,-1
772,0.890625,0.171875,0,0.00024414062499999989,0,0,0,0,0,0,0,0,0,0,0.24615384615384622,-1
773,0.90625,0.171875,0,0.00024414062499999989,0,0,0,0,0,0,0,0,0,0,0.24615384615384622,-1
774,0.921875,0.171875,0,0.00024414062499999989,0,0,0,0,0,0,0,0,0,0,0.24615384615384622,-1
775,0.9375,0.171875,0,0.00024414062499999989,0,0,0,0,0,0,0,0,0,0,0.24615384615384622,-1
776,0.953125,0.171875,0,0.00024414062499999989,0,0,0,0,0,0,0,0,0,0,0.24615384615384622,-1
777,0.96875,0.171875,0,0.00024414062499999989,0,0,0,0,0,0,0,0,0,0,0.24615384615384622,-1
778,0.984375,0.171875,0,0.00024414062499999989,0,0,0,0,0,0,0,0,0,0,0.24615384615384622,-1
779,1,0.171875,0,0.00012207031249999995,0,0,0,0,-0,0,0,0,0,0,0.49230769230769245,-1
780,0,0.1875,0,0.00012207031249999995,0,0,0,0,0,0,0,0,0,0,0.16410256410256413,-1
781,0.015625,0.1875,0,0.00024414062499999989,0,0,0,0,0,0,0,0,0,0,0.24615384615384622,-1
782,0.03125,0.1875,0,0.00024414062499999989,0,0,0,0,0,0,0,0,0,0,0.24615384615384622,-1
783,0.046875,0.1875,0,0.00024414062499999989,0,0,0,0,0,0,0,0,0,0,0.24615384615384622,-1
784,0.0625,0.1875,0,0.00024414062499999989,0,0,0,0,0,0,0,0,0,0,0.24615384615384622,-1
785,0.078125,0.1875,0,0.00024414062499999989,0,0,0,0,0,0,0,0,0,0,0.24615384615384622,-1
786,0.09375,0.1875,0,0.00024414062499999989,0,0,0,0,0,0,0,0,0,0,0.24615384615384622,-1
787,0.109375,0.1875,0,0.00024414062499999989,0,0,0,0,0,0,0,0,0,0,0.24615384615384622,-1
788,0.125,0.1875,0,0.00024414062499999989,0,0,0,0,0,0,0,0,0,0,0.24615384615384622,-1
789,0.140625,0.1875,0,0.00024414062499999989,0,0,0,0,0,0,0,0,0,0,0.24615384615384622,-1
790,0.15625,0.1875,0,0.00024414062499999989,0,0,0,0,0,0,0,0,0,0,0.24615384615384622,-1
791,0.171875,0.1875,0,0.00024414062499999989,0,0,0,0,0,0,0,0,0,0,0.24615384615384622,-1
792,0.1875,0.1875,0,0.00024414062499999989,0,0,0,0,0,0,0,0,0,0,0.24615384615384622,-1
793,0.203125,0.1875,0,0.00024414062499999989,0,0,0,0,0,0,0,0,0,0,0.24615384615384622,-1
794,0.21875,0.1875,0,0.00024414062499999989,0,0,0,0,0,0,0,0,0,0,0.24615384615384622,-1
795,0.234375,0.1875,0,0.00024414062499999989,0,0,0,0,0,0,0,0,0,0,0.24615384615384622,-1
796,0.25,0.1875,0,0.00024414062499999989,0,0,0,0,0,0,0,0,0,0,0.24615384615384622,-1
797,0.265625,0.1875,0,0.00024414062499999989,0,0,0,0,0,0,0,0,0,0,0.24615384615384622,-1
798,0.28125,0.1875,0,0.00024414062499999989,0,0,0,0,0,0,0,0,0,0,0.24615384615384622,-1
799,0.296875,0.1875,0,0.00024414062499999989,0,0,0,0,0,0,0,0,0,0,0.24615384615384622,-1
800,0.3125,0.1875,0,0.00024414062499999989,0,0,-2.4691409281618344e-37,0,0,0,0,-6.0281760941451005e-41,0,0,0.24615384615384622,-1
801,0.328125,0.1875,0,0.00024414062499999989,0,0,-1.2345704135422793e-36,0,0,0,0,-3.014087923687204e-40,0,0,0.24615384615384622,-1
802,0.34375,0.1875,0,0.00024414062499999989,1.2037061377245347e-35,9.5679206084826944e-36,6.6456555697932695e-31,1.2037057564188489e-35,1.003892930426982e-56,6.2743308151686369e-56,-6.0281757049869415e-40,1.6224511451628862e-34,6.0281663957660982e-40,-3.2626475667378039e-55,0.24615384615384622,-1
803,0.359375,0.1875,0,0.00024414062499999989,1.2037062145165063e-35,1.1543233816592848e-35,9.1129990428592036e-29,1.2037062149866711e-35,1.0038929944716146e-56,6.2743312154475897e-56,-1.2056355678032594e-40,2.2248530001308149e-32,1.2056355792818936e-40,-1.2234945923075959e-55,0.24615384615384622,-1
804,0.375,0.1875,0,0.00024414062499999989,-9.8497868412236029e-30,-8.7543304724685755e-30,1.0568196484166229e-28,-3.68060679103879e-32,-8.2147386859798199e-51,-5.1342116787373867e-50,2.6744540252808294e-34,2.7938548660676472e-32,2.1283018565815877e-33,0,0.24615384615384622,-1
805,0.390625,0.1875,0,0.00024414062499999989,-4.9160882094728667e-28,-5.5285737318187366e-28,-3.7097822341238267e-27,-3.6631615582563376e-27,-4.1000257821852742e-49,-2.5625161138657961e-48,-1.4953259822897194e-32,-7.7073360862840608e-31,-7.5935160768419488e-31,-8.7581154020301067e-47,0.24615384615384622,-1
806,0.40625,0.1875,0,0.00024414062499999989,-9.0293167755370107e-29,-3.0045976714275058e-28,-4.5593699906366555e-27,-3.343267368405628e-27,-7.5304652800746441e-50,-4.7065408000466529e-49,-5.1310204928559663e-32,-1.0397730037826912e-30,-7.4287294952706937e-31,0,0.24615384615384622,-1
807,0.421875,0.1875,0,0.00024414062499999989,2.4211307278954534e-26,2.4505687743866403e-26,1.747989078233382e-25,1.5007264256003265e-25,2.0192270731197396e-47,1.2620169206998372e-46,7.1870230691374145e-32,3.6692680683464778e-29,3.0655994828165578e-29,-5.6051938572992683e-45,0.24615384615384622,-1
808,0.4375,0.1875,0,0.00024414062499999989,1.0365311511094578e-26,1.6519611251906705e-26,3.2366071707031382e-25,1.0657768812318856e-25,8.6446871221675008e-48,5.402929451354687e-47,1.5025145851592095e-30,7.4985621537697018e-29,2.1986835173652788e-29,-2.8025969286496341e-45,0.24615384615384622,-1
809,0.453125,0.1875,0,0.00024414062499999989,-2.5403514543724193e-24,-2.2099552875128601e-24,-8.2539136442727521e-24,-7.010394648721121e-24,-2.1186573582363754e-45,-1.3241608488977346e-44,8.066312667469702e-29,-1.4755757706933322e-27,-1.1719822659199849e-27,0,0.24615384615384622,-1
810,0.46875,0.1875,0,0.00024414062499999989,-9.6302628160230409e-25,-1.3438587085212471e-24,-2.0653043436369188e-23,-2.5671266891884438e-24,-8.0316552821065791e-46,-5.0197845513166123e-45,-9.2976666728257539e-29,-4.7141564276972488e-27,-2.9864940934257715e-28,0,0.24615384615384622,-1
811,0.484375,0.1875,0,0.00024414062499999989,7.6152138981852871e-23,6.8539200344211484e-23,1.5750297786325968e-23,6.7153061538006923e-23,6.3511011171956119e-44,3.9694381982472576e-43,-1.8586275970804161e-27,-1.2887915663546263e-26,-3.3841279448353569e-28,3.5873240686715317e-43,0.24615384615384622,-1
812,0.5,0.1875,0,0.00024414062499999989,6.4045127464796098e-22,5.2156387937868212e-22,2.0436863511545718e-20,6.404512746479685e-22,5.3413743334186909e-43,3.3383589583866817e-42,-2.9025242985663761e-26,4.8621336992595278e-24,2.9025242985665609e-26,-1.7219155529624005e-41,0.24615384615384622,-1
813,0.515625,0.1875,0,0.00024414062499999989,6.4045127464479899e-22,6.1473761577345884e-22,2.0022756242030387e-19,6.4045127464795938e-22,5.3413743333923205e-43,3.3383589583702003e-42,-6.2777487478857793e-27,4.8733599805793532e-23,6.2777487486573682e-27,-1.3631831461285916e-41,0.24615384615384622,-1
814,0.53125,0.1875,0,0.00024414062499999989,-6.8934852401125316e-20,-9.1520335673076639e-20,6.7739448708359381e-19,-2.9314573310803023e-20,-5.7491782102513588e-41,-3.5932363814070993e-40,-5.5140340019412408e-24,1.8772334539957766e-22,1.5186953701726951e-23,1.4693679385278594e-39,0.24615384615384622,-1
815,0.546875,0.1875,0,0.00024414062499999989,-6.1718436454170255e-18,-5.0516628806431112e-18,-5.6112111096897598e-18,-5.1372156783864069e-18,-5.1473279143092267e-39,-3.2170799464432665e-38,2.7348163202488128e-22,-1.3660845435709198e-22,-2.0886913511546852e-23,1.410593220986745e-37,0.24615384615384622,-1
816,0.5625,0.1875,0,0.00024414062499999989,-7.1555044371413909e-18,-6.9263622400620966e-18,-8.3269738080899377e-17,-1.2637810568330338e-17,-5.9677026584448949e-39,-3.7298141615280594e-38,5.5942919208812078e-23,-1.8638519492391905e-20,-1.3943965645186127e-21,-1.88079096131566e-37,0.24615384615384622,-1
817,0.578125,0.1875,0,0.00024414062499999989,-7.1446760700387115e-18,-6.9062939337355297e-18,-9.3105102897041513e-17,-7.1554380611031208e-18,-5.9586717821855132e-39,-3.7241698638659464e-38,5.819876374589402e-23,-2.1044631094557116e-20,-6.0826202970603237e-23,-2.2407861062549856e-38,0.24615384615384622,-1
818,0.59375,0.1875,0,0.00024414062499999989,9.6641481784208207e-17,2.2354906389124049e-16,1.3858412241916037e-16,1.3009295495829289e-16,8.0599157309736035e-38,5.0374473318585016e-37,3.0983296412849667e-20,-2.0743393914082049e-20,-2.2816432844957903e-20,3.009265538105056e-36,0.24615384615384622,-1
819,0.609375,0.1875,0,0.00024414062499999989,7.0414561584850339e-17,2.2348229272164794e-16,1.4762528374703714e-16,1.4762528374703714e-16,5.8725862034545454e-38,3.6703663771590902e-37,3.7370051547069715e-20,-1.8519777581692077e-20,-1.8519777581692077e-20,-9.0277966143151681e-36,0.24615384615384622,-1
820,0.625,0.1875,0,0.00024414062499999989,2.0990026462163797e-17,8.2634223993948791e-17,5.2983637312522545e-17,5.2983637312522545e-17,1.7505717146774014e-38,1.0941073216733759e-37,1.5049852913033439e-20,-7.2389127640200765e-21,-7.2389127640200765e-21,0,0.24615384615384622,-1
821,0.640625,0.1875,0,0.00024414062499999989,4.1538578271910635e-18,1.9110471718423463e-17,1.194330297883907e-17,1.194330297883907e-17,3.4643243695665144e-39,2.1652027309790714e-38,3.6515170632891585e-21,-1.7497970555625952e-21,-1.7497970555625952e-21,0,0.24615384615384622,-1
822,0.65625,0.1875,0,0.00024414062499999989,6.2301661491329422e-19,3.2934102545347601e-18,2.0109161014517114e-18,2.0109161014517114e-18,5.1959689798735276e-40,3.2474806124209547e-39,6.5195157217320917e-22,-3.1310892409254099e-22,-3.1310892409254099e-22,-4.70197740328915e-38,0.24615384615384622,-1
823,0.671875,0.1875,0,0.00024414062499999989,7.6182679926457779e-20,4.5764168872797856e-19,2.7379172020622889e-19,2.7379172020622889e-19,6.353648237079489e-41,3.9710301481746803e-40,9.3129640820683749e-23,-4.4885246221130272e-23,-4.4885246221130272e-23,-5.8774717541114375e-39,0.24615384615384622,-1
824,0.6875,0.1875,0,0.00024414062499999989,7.9685090058174368e-21,5.3959632389211872e-20,3.1720037265226819e-20,3.1720037265226819e-20,6.6457498273673642e-42,4.1535936421046026e-41,1.1228301607274027e-23,-5.4295886533166605e-24,-5.4295886533166605e-24,-7.3468396926392969e-40,0.24615384615384622,-1
825,0.703125,0.1875,0,0.00024414062499999989,7.2539299769329266e-22,5.5404226375215836e-21,3.205302851725484e-21,3.205302851725484e-21,6.0497897231141575e-43,3.781118576946349e-42,1.1755443456612034e-24,-5.700976039541256e-25,-5.700976039541256e-25,-9.1835496157991212e-41,0.24615384615384622,-1
826,0.71875,0.1875,0,0.00024414062499999989,5.616227338496689e-23,4.9188371825169817e-22,2.7992968694525929e-22,2.7992968694525929e-22,4.6839429858235328e-44,2.9274643661397083e-43,1.0637730587566678e-25,-5.1746589674423531e-26,-5.1746589674423531e-26,-1.1479437019748901e-41,0.24615384615384622,-1
827,0.734375,0.1875,0,0.00024414062499999989,3.5059269191184963e-24,3.6411137642823339e-23,2.0345215660708238e-23,2.0345215660708238e-23,2.9239489094489891e-45,1.827468068405618e-44,8.033498711841998e-27,-3.9223442339148183e-27,-3.9223442339148183e-27,7.1746481373430634e-43,0.24615384615384622,-1
828,0.75,0.1875,0,0.00024414062499999989,1.6506139096405911e-25,2.1356082433265535e-24,1.1692583369548661e-24,1.1692583369548661e-24,1.3766147590516316e-46,8.6038422440726974e-46,4.8109054012756189e-28,-2.3592527011027515e-28,-2.3592527011027515e-28,4.4841550858394146e-44,0.24615384615384622,-1
829,0.765625,0.1875,0,0.00024414062499999989,5.4135543761559971e-27,9.3711623145788564e-26,5.020194202872343e-26,5.020194202872343e-26,4.5149133965359553e-48,2.8218208728349723e-47,2.1557145695711065e-29,-1.0622480741470976e-29,-1.0622480741470976e-29,2.8025969286496341e-45,0.24615384615384622,-1
830,0.78125,0.1875,0,0.00024414062499999989,1.0984712137264352e-28,2.8662644481451652e-27,1.5013211904440599e-27,1.5013211904440599e-27,9.1612682794999233e-50,5.7257926746874512e-49,6.7295344891907232e-31,-3.3323810002468379e-31,-3.3323810002468379e-31,8.7581154020301067e-47,0.24615384615384622,-1
831,0.796875,0.1875,0,0.00024414062499999989,1.064943959985509e-30,5.4663499459783659e-29,2.7994946071089684e-29,2.7994946071089684e-29,8.8816504230123472e-52,5.5510315143827169e-51,1.3085584838817903e-32,-6.5108772921616123e-33,-6.5108772921616123e-33,0,0.24615384615384622,-1
832,0.8125,0.1875,0,0.00024414062499999989,1.0813295493709099e-33,5.0929520061572634e-31,2.5532135179631735e-31,2.5532135179631735e-31,9.0183065123131698e-55,5.6364415701957311e-54,1.2407565211580937e-34,-6.200533418442599e-35,-6.200533418442599e-35,-1.0691058840368783e-50,0.24615384615384622,-1
833,0.828125,0.1875,0,0.00024414062499999989,0,6.9132927853451628e-34,3.4566463926725814e-34,3.4566463926725814e-34,0,0,1.687815621422158e-37,-8.4390781071107902e-38,-8.4390781071107902e-38,0,0.24615384615384622,-1
834,0.84375,0.1875,0,0.00024414062499999989,0,0,0,0,0,0,0,0,0,0,0.24615384615384622,-1
835,0.859375,0.1875,0,0.00024414062499999989,0,0,0,0,0,0,0,0,0,0,0.24615384615384622,-1
836,0.875,0.1875,0,0.00024414062499999989,0,0,0,0,0,0,0,0,0,0,0.24615384615384622,-1
837,0.890625,0.1875,0,0.00024414062499999989,0,0,0,0,0,0,0,0,0,0,0.24615384615384622,-1
838,0.90625,0.1875,0,0.00024414062499999989,0,0,0,0,0,0,0,0,0,0,0.24615384615384622,-1
839,0.921875,0.1875,0,0.00024414062499999989,0,0,0,0,0,0,0,0,0,0,0.24615384615384622,-1
840,0.9375,0.1875,0,0.00024414062499999989,0,0,0,0,0,0,0,0,0,0,0.24615384615384622,-1
841,0.953125,0.1875,0,0.00024414062499999989,0,0,0,0,0,0,0,0,0,0,0.24615384615384622,-1
842,0.96875,0.1875,0,0.00024414062499999989,0,0,0,0,0,0,0,0,0,0,0.24615384615384622,-1
843,0.984375,0.1875,0,0.00024414062499999989,0,0,0,0,0,0,0,0,0,0,0.24615384615384622,-1
844,1,0.1875,0,0.00012207031249999995,0,0,0,0,-0,0,0,0,0,0,0.49230769230769245,-1
845,0,0.203125,0,0.00012207031249999995,0,0,0,0,0,0,0,0,0,0,0.16410256410256413,-1
846,0.015625,0.203125,0,0.00024414062499999989,0,0,0,0,0,0,0,0,0,0,0.24615384615384622,-1
847,0.03125,0.203125,0,0.00024414062499999989,0,0,0,0,0,0,0,0,0,0,0.24615384615384622,-1
848,0.046875,0.203125,0,0.00024414062499999989,0,0,0,0,0,0,0,0,0,0,0.24615384615384622,-1
849,0.0625,0.203125,0,0.00024414062499999989,0,0,0,0,0,0,0,0,0,0,0.24615384615384622,-1
850,0.078125,0.203125,0,0.00024414062499999989,0,0,0,0,0,0,0,0,0,0,0.24615384615384622,-1
851,0.09375,0.203125,0,0.00024414062499999989,0,0,0,0,0,0,0,0,0,0,0.24615384615384622,-1
852,0.109375,0.203125,0,0.00024414062499999989,0,0,0,0,0,0,0,0,0,0,0.24615384615384622,-1
853,0.125,0.203125,0,0.00024414062499999989,0,0,0,0,0,0,0,0,0,0,0.24615384615384622,-1
854,0.140625,0.203125,0,0.00024414062499999989,0,0,0,0,0,0,0,0,0,0,0.24615384615384622,-1
855,0.15625,0.203125,0,0.00024414062499999989,0,0,0,0,0,0,0,0,0,0,0.24615384615384622,-1
856,0.171875,0.203125,0,0.00024414062499999989,0,0,0,0,0,0,0,0,0,0,0.24615384615384622,-1
857,0.1875,0.203125,0,0.00024414062499999989,0,0,0,0,0,0,0,0,0,0,0.24615384615384622,-1
858,0.203125,0.203125,0,0.00024414062499999989,0,0,0,0,0,0,0,0,0,0,0.24615384615384622,-1
859,0.21875,0.203125,0,0.00024414062499999989,0,0,0,0,0,0,0,0,0,0,0.24615384615384622,-1
860,0.234375,0.203125,0,0.00024414062499999989,0,0,0,0,0,0,0,0,0,0,0.24615384615384622,-1
861,0.25,0.203125,0,0.00024414062499999989,0,0,0,0,0,0,0,0,0,0,0.24615384615384622,-1
862,0.265625,0.203125,0,0.00024414062499999989,0,0,0,0,0,0,0,0,0,0,0.24615384615384622,-1
863,0.28125,0.203125,0,0.00024414062499999989,0,0,0,0,0,0,0,0,0,0,0.24615384615384622,-1
864,0.296875,0.203125,0,0.00024414062499999989,0,0,-1.9451981771566771e-37,0,0,0,0,-4.7490189871989168e-41,0,0,0.24615384615384622,-1
865,0.3125,0.203125,0,0.00024414062499999989,0,0,-1.2345704666842979e-36,0,0,0,0,-3.0140880534284604e-40,0,0,0.24615384615384622,-1
866,0.328125,0.203125,0,0.00024414062499999989,1.2037062024788942e-35,9.463132546478923e-36,4.1149718951646332e-31,1.2037054429243857e-35,1.0038929844322259e-56,6.2743311527014115e-56,-6.2840075154053143e-40,1.004608706991984e-34,6.2839889715940741e-40,-3.2626428994763455e-55,0.24615384615384622,-1
867,0.34375,0.203125,0,0.00024414062499999989,1.2037062151204726e-35,1.1543233969306422e-35,3.7637396896441318e-28,1.203706215137979e-35,1.0038929949753235e-56,6.2743312185957712e-56,-1.2056352097126541e-40,9.1888173198530032e-32,1.2056352101400599e-40,-2.4469891756893581e-55,0.24615384615384622,-1
868,0.359375,0.203125,0,0.00024414062499999989,-3.239703224423693e-29,-2.5245348069217096e-29,1.0820167059345363e-27,-3.5707117351000213e-32,-2.7019179031757401e-50,-1.6886986894848374e-49,1.7460166442919496e-33,2.7032764990325999e-31,6.1546974980141809e-33,0,0.24615384615384622,-1
869,0.375,0.203125,0,0.00024414062499999989,-4.4031872510739419e-27,-4.0720736852720722e-27,-1.5441045866437211e-26,-1.5000242093024078e-26,-3.6722655257498798e-48,-2.2951659535936751e-47,8.0838272900847158e-32,-2.7756279739172691e-30,-2.6680098651738283e-30,-3.5032461608120427e-46,0.24615384615384622,-1
870,0.390625,0.203125,0,0.00024414062499999989,-3.697570056593624e-27,-5.0170494120132265e-27,-3.2919957727296673e-26,-3.2850038957716631e-26,-3.0837796063662748e-48,-1.9273622539789216e-47,-3.2213851450673878e-31,-6.8122334754109944e-30,-6.7951634633064919e-30,-1.4012984643248171e-45,0.24615384615384622,-1
871,0.40625,0.203125,0,0.00024414062499999989,1.5283266389633457e-25,1.3653528517965478e-25,5.142395149746197e-25,5.142395149746197e-25,1.2746269709473297e-46,7.9664185684208122e-46,-3.9788522257519019e-30,9.2212946727286318e-29,9.2212946727286318e-29,0,0.24615384615384622,-1
872,0.421875,0.203125,0,0.00024414062499999989,1.1535925243489031e-25,1.4317825365374233e-25,1.0404407730763979e-24,6.8690630744114718e-25,9.6209809312470626e-47,6.0131130820294134e-46,6.791748344446287e-30,2.1905823228092168e-28,1.3274610688169057e-28,0,0.24615384615384622,-1
873,0.4375,0.203125,0,0.00024414062499999989,-7.2332773475875816e-24,-6.1542690410186372e-24,-1.443571341000239e-23,-1.4215260686549128e-23,-6.0325653957266483e-45,-3.7703533723291554e-44,2.634297623459337e-28,-2.0218370041464229e-27,-1.9680155384595921e-27,3.5873240686715317e-43,0.24615384615384622,-1
874,0.453125,0.203125,0,0.00024414062499999989,-4.9003792343314722e-24,-5.4880799545762227e-24,-4.1571776815063111e-23,-1.1660358627483815e-23,-4.0869244706654125e-45,-2.5543277941658826e-44,-1.434816211535035e-28,-8.809496303829802e-27,-1.5069039728778295e-27,0,0.24615384615384622,-1
875,0.46875,0.203125,0,0.00024414062499999989,2.7612872580808653e-22,2.2186195930885762e-22,2.157310111278523e-22,2.3445076543155295e-22,2.302918187744474e-43,1.4393238673402962e-42,-1.3248722289850803e-26,-1.4968135207532566e-27,3.073438994798666e-27,-7.1746481373430634e-42,0.24615384615384622,-1
876,0.484375,0.203125,0,0.00024414062499999989,6.404512746479685e-22,5.5435057736431236e-22,6.4437320174288742e-21,6.404512746479686e-22,5.3413743334187539e-43,3.3383589583867213e-42,-2.1020678047767612e-26,1.4378372656407616e-24,2.1020678047767626e-26,5.7397185098744405e-42,0.24615384615384622,-1
877,0.5,0.203125,0,0.00024414062499999989,6.404512746479243e-22,6.1730054087166702e-22,3.1033049290800106e-19,6.4045127464796841e-22,5.3413743334183851e-43,3.3383589583864906e-42,-5.6520346133440524e-27,7.5613572355256166e-23,5.6520346133548381e-27,-2.152394441203441e-41,0.24615384615384622,-1
878,0.515625,0.203125,0,0.00024414062499999989,-9.6733234370762896e-19,-7.4075477943329861e-19,2.0216913122489574e-19,-2.6489136131684649e-19,-8.0675679120254326e-40,-5.042229945015895e-39,5.5316788152912661e-23,2.3020603287553564e-22,1.161775923135869e-22,0,0.24615384615384622,-1
879,0.53125,0.203125,0,0.00024414062499999989,-9.4515567728038539e-18,-7.744265305492704e-18,-8.3314477791980359e-18,-8.2546069461412586e-18,-7.8826141434184795e-39,-4.9266338396365496e-38,4.1681920588651074e-22,-1.4335509611946561e-22,-1.2459512711146329e-22,1.410593220986745e-37,0.24615384615384622,-1
880,0.546875,0.203125,0,0.00024414062499999989,-1.2638170946188397e-17,-1.1877774521937459e-17,-2.3652300220686623e-15,-1.9419181332316103e-17,-1.0540255689308188e-38,-6.5876598058176172e-38,1.8564365826438898e-22,-5.7454888856121184e-19,-1.8411637720650981e-21,3.76158192263132e-37,0.24615384615384622,-1
881,0.5625,0.203125,0,0.00024414062499999989,-7.1124585921959358e-18,-8.2211631257845001e-18,-3.7867560941288001e-15,-1.2973437719522942e-17,-5.9318023518246353e-39,-3.7073764698903975e-38,-2.7067981777064564e-22,-9.224938796394077e-19,-1.1602232894869236e-21,1.88079096131566e-37,0.24615384615384622,-1
882,0.578125,0.203125,0,0.00024414062499999989,3.705454259815552e-15,7.4961756062972449e-15,4.2798940705514582e-15,3.9051897115639758e-15,3.0903550450289916e-36,1.9314719031431192e-35,9.2546907873088168e-19,-7.8522498431293573e-19,-8.7670554070636415e-19,-2.4074124304840448e-35,0.24615384615384622,-1
883,0.59375,0.203125,0,0.00024414062499999989,3.7678263205172098e-15,1.0396789187583744e-14,7.0567326200256973e-15,6.9795211894393676e-15,3.1423734478867879e-36,1.9639834049292421e-35,1.6183991374674149e-18,-8.1544349793897575e-19,-8.3429394485946648e-19,-9.6296497219361793e-35,0.24615384615384622,-1
884,0.609375,0.203125,0,0.00024414062499999989,1.3447506227036023e-15,4.5676886276179613e-15,3.023667423669996e-15,3.023667423669996e-15,1.1215242666049851e-36,7.0095266662811574e-36,7.8685009885604423e-19,-3.7695830174510855e-19,-3.7695830174510855e-19,9.6296497219361793e-35,0.24615384615384622,-1
885,0.625,0.203125,0,0.00024414062499999989,3.0446062799361182e-16,1.2081316818951323e-15,7.7804955104872685e-16,7.7804955104872685e-16,2.5392067254382689e-37,1.587004203398918e-36,2.2062281589392579e-19,-1.0500052022617315e-19,-1.0500052022617315e-19,0,0.24615384615384622,-1
886,0.640625,0.203125,0,0.00024414062499999989,5.1943231565803223e-17,2.3527714621206414e-16,1.4787422035570054e-16,1.4787422035570054e-16,4.332074193043192e-38,2.7075463706519942e-37,4.4759256505434775e-20,-2.1338604945401261e-20,-2.1338604945401261e-20,0,0.24615384615384622,-1
887,0.65625,0.203125,0,0.00024414062499999989,7.2167696646141137e-18,3.6877696429196524e-17,2.2684298904551316e-17,2.2684298904551316e-17,6.0187979605400835e-39,3.7617487253375522e-38,7.2414371983843742e-21,-3.4651849425403325e-21,-3.4651849425403325e-21,7.5231638452626401e-37,0.24615384615384622,-1
888,0.671875,0.203125,0,0.00024414062499999989,8.5806820665150063e-19,4.9048147153705281e-18,2.9612238269056626e-18,2.9612238269056626e-18,7.1563031830176757e-40,4.4726894893860474e-39,9.8797522185523095e-22,-4.7450949425411738e-22,-4.7450949425411738e-22,0,0.24615384615384622,-1
889,0.6875,0.203125,0,0.00024414062499999989,8.9200850233842164e-20,5.6954761232776325e-19,3.3809769413964158e-19,3.3809769413964158e-19,7.4393658162373694e-41,4.6496036351483558e-40,1.1727215871433615e-22,-5.6506327682646868e-23,-5.6506327682646868e-23,1.1754943508222875e-38,0.24615384615384622,-1
890,0.703125,0.203125,0,0.00024414062499999989,7.9974988270010746e-21,5.7680941271428146e-20,3.3662905050950104e-20,3.3662905050950104e-20,6.6699273866806461e-42,4.1687046166754033e-41,1.2129746690533948e-23,-5.8637783741401441e-24,-5.8637783741401441e-24,-1.4693679385278594e-39,0.24615384615384622,-1
891,0.71875,0.203125,0,0.00024414062499999989,5.9383926924080113e-22,4.9578700966958126e-21,2.8400127914835046e-21,2.8400127914835046e-21,4.9526294293698545e-43,3.0953933933561583e-42,1.0654372137341331e-24,-5.1705500615534835e-25,-5.1705500615534835e-25,0,0.24615384615384622,-1
892,0.734375,0.203125,0,0.00024414062499999989,3.4696669653294589e-23,3.4740104337559452e-22,1.9494996455886053e-22,1.9494996455886053e-22,2.8937080473933748e-44,1.8085675296208588e-43,7.6343841240795849e-26,-3.7219501664241679e-26,-3.7219501664241679e-26,0,0.24615384615384622,-1
893,0.75,0.203125,0,0.00024414062499999989,1.5091886599269698e-24,1.8997299157131132e-23,1.0428325239094688e-23,1.0428325239094688e-23,1.2586658644486985e-45,7.8666616528043661e-45,4.2695582268564833e-27,-2.0920346479581152e-27,-2.0920346479581152e-27,-3.5873240686715317e-43,0.24615384615384622,-1
894,0.765625,0.203125,0,0.00024414062499999989,4.5645435746709807e-26,7.7291223123416989e-25,4.1470257339675941e-25,4.1470257339675941e-25,3.8068369692792522e-47,2.3792731057995329e-46,1.7755536999205559e-28,-8.7453529745461497e-29,-8.7453529745461497e-29,0,0.24615384615384622,-1
895,0.78125,0.203125,0,0.00024414062499999989,8.6138845802029146e-28,2.1979286457562899e-26,1.152456686906581e-26,1.152456686906581e-26,7.1839941349195289e-49,4.4899963343247059e-48,5.1557368162945795e-30,-2.5524217745354211e-30,-2.5524217745354211e-30,0,0.24615384615384622,-1
896,0.796875,0.203125,0,0.00024414062499999989,8.0095858549081582e-30,3.9435775127232471e-28,2.0216595365016721e-28,2.0216595365016721e-28,6.680007988154302e-51,4.1750049925964383e-50,9.4323282572611418e-32,-4.6921825591347023e-32,-4.6921825591347023e-32,0,0.24615384615384622,-1
897,0.8125,0.203125,0,0.00024414062499999989,1.2448529014712244e-32,3.5846437015178802e-30,1.8000782419142605e-30,1.8000782419142605e-30,1.0382094001538348e-53,6.4888087509614676e-53,8.7211796203690593e-34,-4.3568492666103978e-34,-4.3568492666103978e-34,0,0.24615384615384622,-1
898,0.828125,0.203125,0,0.00024414062499999989,0,7.0201911835619916e-33,3.5100955917809958e-33,3.5100955917809958e-33,0,0,1.7139138631743137e-36,-8.5695693158715685e-37,-8.5695693158715685e-37,0,0.24615384615384622,-1
899,0.84375,0.203125,0,0.00024414062499999989,0,0,0,0,0,0,0,0,0,0,0.24615384615384622,-1
900,0.859375,0.203125,0,0.00024414062499999989,0,0,0,0,0,0,0,0,0,0,0.24615384615384622,-1
901,0.875,0.203125,0,0.00024414062499999989,0,0,0,0,0,0,0,0,0,0,0.24615384615384622,-1
902,0.890625,0.203125,0,0.00024414062499999989,0,0,0,0,0,0,0,0,0,0,0.24615384615384622,-1
903,0.90625,0.203125,0,0.00024414062499999989,0,0,0,0,0,0,0,0,0,0,0.24615384615384622,-1
904,0.921875,0.203125,0,0.00024414062499999989,0,0,0,0,0,0,0,0,0,0,0.24615384615384622,-1
905,0.9375,0.203125,0,0.00024414062499999989,0,0,0,0,0,0,0,0,0,0,0.24615384615384622,-1
906,0.953125,0.203125,0,0.00024414062499999989,0,0,0,0,0,0,0,0,0,0,0.24615384615384622,-1
907,0.96875,0.203125,0,0.00024414062499999989,0,0,0,0,0,0,0,0,0,0,0.24615384615384622,-1
908,0.984375,0.203125,0,0.00024414062499999989,0,0,0,0,0,0,0,0,0,0,0.24615384615384622,-1
909,1,0.203125,0,0.00012207031249999995,0,0,0,0,-0,0,0,0,0,0,0.49230769230769245,-1
910,0,0.21875,0,0.00012207031249999995,0,0,0,0,0,0,0,0,0,0,0.16410256410256413,-1
911,0.015625,0.21875,0,0.00024414062499999989,0,0,0,0,0,0,0,0,0,0,0.24615384615384622,-1
912,0.03125,0.21875,0,0.00024414062499999989,0,0,0,0,0,0,0,0,0,0,0.24615384615384622,-1
913,0.046875,0.21875,0,0.00024414062499999989,0,0,0,0,0,0,0,0,0,0,0.24615384615384622,-1
914,0.0625,0.21875,0,0.00024414062499999989,0,0,0,0,0,0,0,0,0,0,0.24615384615384622,-1
915,0.078125,0.21875,0,0.00024414062499999989,0,0,0,0,0,0,0,0,0,0,0.24615384615384622,-1
916,0.09375,0.21875,0,0.00024414062499999989,0,0,0,0,0,0,0,0,0,0,0.24615384615384622,-1
917,0.109375,0.21875,0,0.00024414062499999989,0,0,0,0,0,0,0,0,0,0,0.24615384615384622,-1
918,0.125,0.21875,0,0.00024414062499999989,0,0,0,0,0,0,0,0,0,0,0.24615384615384622,-1
919,0.140625,0.21875,0,0.00024414062499999989,0,0,0,0,0,0,0,0,0,0,0.24615384615384622,-1
920,0.15625,0.21875,0,0.00024414062499999989,0,0,0,0,0,0,0,0,0,0,0.24615384615384622,-1
921,0.171875,0.21875,0,0.00024414062499999989,0,0,0,0,0,0,0,0,0,0,0.24615384615384622,-1
922,0.1875,0.21875,0,0.00024414062499999989,0,0,0,0,0,0,0,0,0,0,0.24615384615384622,-1
923,0.203125,0.21875,0,0.00024414062499999989,0,0,0,0,0,0,0,0,0,0,0.24615384615384622,-1
924,0.21875,0.21875,0,0.00024414062499999989,0,0,0,0,0,0,0,0,0,0,0.24615384615384622,-1
925,0.234375,0.21875,0,0.00024414062499999989,0,0,0,0,0,0,0,0,0,0,0.24615384615384622,-1
926,0.25,0.21875,0,0.00024414062499999989,0,0,0,0,0,0,0,0,0,0,0.24615384615384622,-1
927,0.265625,0.21875,0,0.00024414062499999989,0,0,0,0,0,0,0,0,0,0,0.24615384615384622,-1
928,0.28125,0.21875,0,0.00024414062499999989,0,0,-7.7584496250367758e-38,0,0,0,0,-1.8941527404874933e-41,0,0,0.24615384615384622,-1
929,0.296875,0.21875,0,0.00024414062499999989,0,0,-1.024993365655716e-36,0,0,0,0,-2.5024252091203992e-40,0,0,0.24615384615384622,-1
930,0.3125,0.21875,0,0.00024414062499999989,9.4828411136387994e-36,7.3037722935515215e-36,8.0800714123543768e-36,7.4207072871510117e-36,7.9087053359554213e-57,4.9429408349721376e-56,-5.3199922365412018e-40,1.8952615205147818e-40,2.8548582421750555e-41,-2.4469891754994467e-55,0.24615384615384622,-1
931,0.328125,0.21875,0,0.00024414062499999989,1.2037062151703759e-35,1.112407976729665e-35,1.4716312968359314e-27,1.2037062151550576e-35,1.0038929950169429e-56,6.2743312188558928e-56,-2.2289608994314178e-40,3.5928498186324486e-31,2.2289608990574371e-40,-1.6313261168571976e-55,0.24615384615384622,-1
932,0.34375,0.21875,0,0.00024414062499999989,-2.0059951884622745e-29,-1.5122114613853474e-29,5.4310076732913663e-27,9.4621179246020629e-36,-1.6730033394817438e-50,-1.04562708717609e-49,1.2055266774339032e-33,1.3296215302502973e-30,3.6919248232352033e-33,6.8422776578360209e-49,0.24615384615384622,-1
933,0.359375,0.21875,0,0.00024414062499999989,-1.8218642223083161e-26,-1.6677315935718134e-26,-3.3691911471585119e-26,-3.1829123025046588e-26,-1.5194378060002236e-47,-9.496486287501396e-47,3.7630036312622719e-31,-4.1539539882487735e-30,-3.6991716526680782e-30,7.0064923216240854e-46,0.24615384615384622,-1
934,0.375,0.21875,0,0.00024414062499999989,-3.6725130836777505e-26,-3.8587233878192777e-26,-1.5614360835989561e-25,-1.5540803530020266e-25,-3.0628820490806591e-47,-1.9143012806754119e-46,-4.5461500034552503e-31,-2.8700286738696972e-29,-2.8520703472170373e-29,5.6051938572992683e-45,0.24615384615384622,-1
935,0.390625,0.21875,0,0.00024414062499999989,5.3502926620625799e-25,4.3133303045417373e-25,1.0697722392055205e-24,1.0697722392055205e-24,4.4621530212626944e-46,2.7888456382891838e-45,-2.5316463806661181e-29,1.5586894744905922e-28,1.5586894744905922e-28,-4.4841550858394146e-44,0.24615384615384622,-1
936,0.40625,0.21875,0,0.00024414062499999989,7.5900330690127607e-25,8.0010654346288358e-25,3.0806720741294833e-24,3.0781996763116161e-24,6.3301002635849666e-46,3.9563126647406043e-45,1.003496986367371e-29,5.5677869401040005e-28,5.5617508126189733e-28,0,0.24615384615384622,-1
937,0.421875,0.21875,0,0.00024414062499999989,-1.7584484929925976e-23,-1.4297479001859419e-23,-2.5747577456603895e-23,-2.5747577456603895e-23,-1.4665489817741813e-44,-9.165931136088634e-44,8.0249168165687363e-28,-2.7954341930528489e-27,-2.7954341930528489e-27,0,0.24615384615384622,-1
938,0.4375,0.21875,0,0.00024414062499999989,-1.48047363831154e-23,-1.5575896295775333e-23,-5.927291065736086e-23,-3.0680861953399272e-23,-1.2347174884345314e-44,-7.7169843027158203e-44,-1.8827146305174139e-28,-1.0668216396871461e-26,-3.6877357562558439e-27,7.1746481373430634e-43,0.24615384615384622,-1
939,0.453125,0.21875,0,0.00024414062499999989,3.5616178982151268e-22,2.8377589778719638e-22,2.9245265182915367e-22,3.052090238822783e-22,2.970395279083152e-43,1.8564970494269697e-42,-1.7672336922440509e-26,2.1183481547747244e-27,5.2326968005571102e-27,8.6095777648116761e-42,0.24615384615384622,-1
940,0.46875,0.21875,0,0.00024414062499999989,6.404512746479686e-22,5.6732267595307139e-22,2.4009384384412727e-21,6.404512746479686e-22,5.3413743334187546e-43,3.3383589583867213e-42,-1.7853661790746396e-26,4.4766009826372081e-25,1.7853661790746382e-26,1.1479437019748901e-41,0.24615384615384622,-1
941,0.484375,0.21875,0,0.00024414062499999989,6.4045127451750744e-22,6.2550470838894839e-22,3.3913595748939524e-19,6.4045127464754147e-22,5.3413743323307063e-43,3.3383589577066915e-42,-3.6490639962302344e-27,8.2644153510987825e-23,3.6490640279768263e-27,-5.739718525911039e-42,0.24615384615384622,-1
942,0.5,0.21875,0,0.00024414062499999989,-2.8436818943221014e-19,-2.1780631926141889e-19,1.1738879124906668e-18,-7.8274395487518308e-20,-2.3716354520628595e-40,-1.4822721575392872e-39,1.6250456584665826e-23,3.3976909954884891e-22,3.4065411077612428e-23,5.8774717541114375e-39,0.24615384615384622,-1
943,0.515625,0.21875,0,0.00024414062499999989,-1.1225422197558002e-17,-9.1390896583797279e-18,-9.3742554821898369e-18,-9.2281800845471525e-18,-9.3620208720456873e-39,-5.8512630450285534e-38,5.0935853007282079e-22,-5.7413531203639764e-23,-2.1750592326031546e-23,9.4039548065783001e-38,0.24615384615384622,-1
944,0.53125,0.21875,0,0.00024414062499999989,-1.9419200892403015e-17,-1.7559038560731552e-17,-5.5099515278872243e-14,-2.5304726683755057e-17,-1.6195645996519843e-38,-1.0122278747824902e-37,4.5414119425572811e-22,-1.3447743222732296e-17,-1.8910371394100343e-21,-1.88079096131566e-37,0.24615384615384622,-1
945,0.546875,0.21875,0,0.00024414062499999989,-1.2974897129226852e-17,-1.4160258037605522e-17,-1.4045679922137867e-13,-1.9614120062767182e-17,-1.0821085888679761e-38,-6.7631786804248504e-38,-2.8939475302213633e-22,-3.4287753653159425e-17,-1.3315092834867328e-21,3.76158192263132e-37,0.24615384615384622,-1
946,0.5625,0.21875,0,0.00024414062499999989,1.146671637181905e-13,1.9659867254870757e-13,9.0791973582786129e-14,7.9037818351982199e-14,9.5632606166163972e-35,5.9770378853852479e-34,2.000280977307545e-17,-2.5831713614726901e-17,-2.8701380419122392e-17,-1.5407439555097887e-33,0.24615384615384622,-1
947,0.578125,0.21875,0,0.00024414062499999989,1.6937325544465786e-13,4.0856464664811612e-13,2.8495566606261424e-13,2.8148556750517887e-13,1.4125757808772336e-34,8.8285986304827098e-34,5.8396335743031776e-17,-3.0177973775757275e-17,-3.1025165806381152e-17,0,0.24615384615384622,-1
948,0.59375,0.21875,0,0.00024414062499999989,7.1459670842156047e-14,2.1177725049758262e-13,1.4479689519216801e-13,1.4479689519216801e-13,5.9597484901665113e-35,3.7248428063540696e-34,3.425722159556311e-17,-1.6352625806985979e-17,-1.6352625806985979e-17,0,0.24615384615384622,-1
949,0.609375,0.21875,0,0.00024414062499999989,1.8404328654411964e-14,6.3592480601094799e-14,4.225230563378012e-14,4.225230563378012e-14,1.534924085403898e-35,9.5932755337743621e-35,1.1032263658858109e-17,-5.2100036541295586e-18,-5.2100036541295586e-18,7.7037197775489434e-34,0.24615384615384622,-1
950,0.625,0.21875,0,0.00024414062499999989,3.5415910204608177e-15,1.3903018547357682e-14,9.0044247523607322e-15,9.0044247523607322e-15,2.9536928295682874e-36,1.8460580184801795e-35,2.5296453923088039e-18,-1.1959457507316767e-18,-1.1959457507316767e-18,-1.9259299443872359e-34,0.24615384615384622,-1
951,0.640625,0.21875,0,0.00024414062499999989,5.5435892378397702e-16,2.4403956146543136e-15,1.5452084208134903e-15,1.5452084208134903e-15,4.6233626884870317e-37,2.8896016803043949e-36,4.6045817648201553e-19,-2.1855156099629466e-19,-2.1855156099629466e-19,4.8148248609680896e-35,0.24615384615384622,-1
952,0.65625,0.21875,0,0.00024414062499999989,7.429776011656553e-17,3.6354539499064623e-16,2.2569360621578638e-16,2.2569360621578638e-16,6.1964456099374783e-38,3.8727785062109239e-37,7.0617098357929832e-20,-3.3655221868862257e-20,-3.3655221868862257e-20,-6.018531076210112e-36,0.24615384615384622,-1
953,0.671875,0.21875,0,0.00024414062499999989,8.7352019209099166e-18,4.7380276421590705e-17,2.889565992017409e-17,2.889565992017409e-17,7.2851729998077566e-39,4.5532331248798475e-38,9.4348326417677669e-21,-4.5128458255411636e-21,-4.5128458255411636e-21,-7.5231638452626401e-37,0.24615384615384622,-1
954,0.6875,0.21875,0,0.00024414062499999989,8.9424699260373029e-19,5.4187467449102103e-18,3.2468277712928579e-18,3.2468277712928579e-18,7.4580348624584093e-40,4.6612717890365062e-39,1.1046141973404488e-21,-5.3025365566829864e-22,-5.3025365566829864e-22,-9.4039548065783001e-38,0.24615384615384622,-1
955,0.703125,0.21875,0,0.00024414062499999989,7.7220898728963104e-20,5.3257472941825032e-19,3.130835477926101e-19,3.130835477926101e-19,6.4402358587096094e-41,4.0251474116935063e-40,1.1117036882062672e-22,-5.3586714264072296e-23,-5.3586714264072296e-23,-1.1754943508222875e-38,0.24615384615384622,-1
956,0.71875,0.21875,0,0.00024414062499999989,5.3988297770526574e-21,4.3530418631844397e-20,2.5060808452964587e-20,2.5060808452964587e-20,4.5026330562768644e-42,2.8141456601730398e-41,9.309469935251886e-24,-4.5091821725780765e-24,-4.5091821725780765e-24,-7.3468396926392969e-40,0.24615384615384622,-1
957,0.734375,0.21875,0,0.00024414062499999989,2.9303521979661642e-22,2.8576572609692169e-21,1.6087797315156737e-21,1.6087797315156737e-21,2.4439186301404527e-43,1.5274491438377828e-42,6.2612842802065419e-25,-3.0490174058924381e-25,-3.0490174058924381e-25,-4.5917748078995606e-41,0.24615384615384622,-1
958,0.75,0.21875,0,0.00024414062499999989,1.1799184723815158e-23,1.4546898734187435e-22,8.0014901099686065e-23,8.0014901099686065e-23,9.8405397777832098e-45,6.1503373611145053e-44,3.2634229154799591e-26,-1.5980001523971743e-26,-1.5980001523971743e-26,2.8698592549372254e-42,0.24615384615384622,-1
959,0.765625,0.21875,0,0.00024414062499999989,3.319217971239775e-25,5.5149821161006073e-24,2.9630630255709035e-24,2.9630630255709035e-24,2.7682333349008407e-46,1.7301458343130254e-45,1.2653955856876533e-27,-6.230271217113532e-28,-6.230271217113532e-28,-8.9683101716788293e-44,0.24615384615384622,-1
960,0.78125,0.21875,0,0.00024414062499999989,5.9098930937251666e-27,1.4723971774250773e-25,7.7290768221852472e-26,7.7290768221852472e-26,4.9288607164414654e-48,3.0805379477759158e-47,3.4504351720894164e-29,-1.7077380254066218e-29,-1.7077380254066218e-29,0,0.24615384615384622,-1
961,0.796875,0.21875,0,0.00024414062499999989,5.4043661124234864e-29,2.5224296732201882e-27,1.2948577952873945e-27,1.2948577952873945e-27,4.5072503692281424e-50,2.8170314807675886e-49,6.0263330373436334e-31,-2.9970016551093582e-31,-2.9970016551093582e-31,0,0.24615384615384622,-1
962,0.8125,0.21875,0,0.00024414062499999989,1.2024171449110367e-31,2.2907951660472168e-29,1.1528895667726694e-29,1.1528895667726694e-29,1.0028179082664337e-52,6.2676119266652104e-52,5.5634057485305306e-33,-2.7780898419788742e-33,-2.7780898419788742e-33,0,0.24615384615384622,-1
963,0.828125,0.21875,0,0.00024414062499999989,0,6.0798815599149437e-32,3.0399407799574719e-32,3.0399407799574719e-32,0,0,1.4843460839636088e-35,-7.4217304198180439e-36,-7.4217304198180439e-36,0,0.24615384615384622,-1
964,0.84375,0.21875,0,0.00024414062499999989,0,0,0,0,0,0,0,0,0,0,0.24615384615384622,-1
965,0.859375,0.21875,0,0.00024414062499999989,0,0,0,0,0,0,0,0,0,0,0.24615384615384622,-1
966,0.875,0.21875,0,0.00024414062499999989,0,0,0,0,0,0,0,0,0,0,0.24615384615384622,-1
967,0.890625,0.21875,0,0.00024414062499999989,0,0,0,0,0,0,0,0,0,0,0.24615384615384622,-1
968,0.90625,0.21875,0,0.00024414062499999989,0,0,0,0,0,0,0,0,0,0,0.24615384615384622,-1
969,0.921875,0.21875,0,0.00024414062499999989,0,0,0,0,0,0,0,0,0,0,0.24615384615384622,-1
970,0.9375,0.21875,0,0.00024414062499999989,0,0,0,0,0,0,0,0,0,0,0.24615384615384622,-1
971,0.953125,0.21875,0,0.00024414062499999989,0,0,0,0,0,0,0,0,0,0,0.24615384615384622,-1
972,0.96875,0.21875,0,0.00024414062499999989,0,0,0,0,0,0,0,0,0,0,0.24615384615384622,-1
973,0.984375,0.21875,0,0.00024414062499999989,0,0,0,0,0,0,0,0,0,0,0.24615384615384622,-1
974,1,0.21875,0,0.00012207031249999995,0,0,0,0,-0,0,0,0,0,0,0.49230769230769245,-1
975,0,0.234375,0,0.00012207031249999995,0,0,0,0,0,0,0,0,0,0,0.16410256410256413,-1
976,0.015625,0.234375,0,0.00024414062499999989,0,0,0,0,0,0,0,0,0,0,0.24615384615384622,-1
977,0.03125,0.234375,0,0.00024414062499999989,0,0,0,0,0,0,0,0,0,0,0.24615384615384622,-1
978,0.046875,0.234375,0,0.00024414062499999989,0,0,0,0,0,0,0,0,0,0,0.24615384615384622,-1
979,0.0625,0.234375,0,0.00024414062499999989,0,0,0,0,0,0,0,0,0,0,0.24615384615384622,-1
980,0.078125,0.234375,0,0.00024414062499999989,0,0,0,0,0,0,0,0,0,0,0.24615384615384622,-1
981,0.09375,0.234375,0,0.00024414062499999989,0,0,0,0,0,0,0,0,0,0,0.24615384615384622,-1
982,0.109375,0.234375,0,0.00024414062499999989,0,0,0,0,0,0,0,0,0,0,0.24615384615384622,-1
983,0.125,0.234375,0,0.00024414062499999989,0,0,0,0,0,0,0,0,0,0,0.24615384615384622,-1
984,0.140625,0.234375,0,0.00024414062499999989,0,0,0,0,0,0,0,0,0,0,0.24615384615384622,-1
985,0.15625,0.234375,0,0.00024414062499999989,0,0,0,0,0,0,0,0,0,0,0.24615384615384622,-1
986,0.171875,0.234375,0,0.00024414062499999989,0,0,0,0,0,0,0,0,0,0,0.24615384615384622,-1
987,0.1875,0.234375,0,0.00024414062499999989,0,0,0,0,0,0,0,0,0,0,0.24615384615384622,-1
988,0.203125,0.234375,0,0.00024414062499999989,0,0,0,0,0,0,0,0,0,0,0.24615384615384622,-1
989,0.21875,0.234375,0,0.00024414062499999989,0,0,0,0,0,0,0,0,0,0,0.24615384615384622,-1
990,0.234375,0.234375,0,0.00024414062499999989,0,0,0,0,0,0,0,0,0,0,0.24615384615384622,-1
991,0.25,0.234375,0,0.00024414062499999989,0,0,0,0,0,0,0,0,0,0,0.24615384615384622,-1
992,0.265625,0.234375,0,0.00024414062499999989,0,0,-3.8847274352521315e-42,0,0,0,0,-9.4841978399710194e-46,0,0,0.24615384615384622,-1
993,0.28125,0.234375,0,0.00024414062499999989,0,0,-4.3118283415308124e-37,0,0,0,0,-1.0526924661940456e-40,0,0,0.24615384615384622,-1
994,0.296875,0.234375,0,0.00024414062499999989,3.782244192205428e-36,2.851238006655885e-36,2.3531577846135173e-36,2.1345649025406925e-36,3.1543979769690825e-57,1.9714987356056766e-56,-2.2729643201893123e-40,-1.2160161670956238e-40,-1.7496901955937307e-40,-1.6313261169996311e-55,0.24615384615384622,-1
995,0.3125,0.234375,0,0.00024414062499999989,1.2037062121160953e-35,9.9364586519505725e-36,1.1028242324210846e-35,1.0781328230044319e-35,1.0038929924696678e-56,6.2743312029354231e-56,-5.1284264385019011e-40,2.6654874811041814e-40,2.0626698683929369e-40,-3.2626522339992623e-55,0.24615384615384622,-1
996,0.328125,0.234375,0,0.00024414062499999989,1.1981956498217022e-35,1.189073210136204e-35,3.8852138143257713e-26,1.2032540665274684e-35,9.9929717430720803e-57,6.24560733942005e-56,-2.227158126342339e-41,9.4853852859782621e-30,3.4621231423985189e-41,1.4274103523746772e-55,0.24615384615384622,-1
997,0.34375,0.234375,0,0.00024414062499999989,-7.1661785288475021e-26,-5.4021961214585774e-26,-8.0568483456804812e-26,-7.174857142080249e-26,-5.9766048687657219e-47,-3.735378042978576e-46,4.3065976742893642e-30,-6.481084531791756e-30,-4.3277856948771257e-30,1.4095091975142203e-45,0.24615384615384622,-1
998,0.359375,0.234375,0,0.00024414062499999989,-1.9283258073058532e-25,-2.2307037557967306e-25,-4.7256937073724624e-25,-4.6862521923217441e-25,-1.6082269458006696e-46,-1.0051418411254185e-45,-7.3822741330780576e-30,-6.0912840614641867e-29,-5.9949913001098939e-29,1.1210387714598537e-44,0.24615384615384622,-1
999,0.375,0.234375,0,0.00024414062499999989,8.3388356137867791e-25,6.4643331184038901e-25,1.1964235323937203e-24,1.1964235323937203e-24,6.954602837282401e-46,4.3466267733015007e-45,-4.5764221078683786e-29,1.3427495618977811e-28,1.3427495618977811e-28,-3.363116314379561e-44,0.24615384615384622,-1
1000,0.390625,0.234375,0,0.00024414062499999989,3.4194917378284077e-24,3.0595399984242742e-24,7.8642177648818287e-24,7.8642177648818287e-24,2.8518618238075329e-45,1.7824136398797081e-44,-8.7878842627962277e-29,1.1730170328265508e-27,1.1730170328265508e-27,0,0.24615384615384622,-1
1001,0.40625,0.234375,0,0.00024414062499999989,-2.8574985974434997e-23,-2.2248409818726159e-23,-3.5449017344203744e-23,-3.5451305075034578e-23,-2.3831586055557882e-44,-1.4894741284723676e-43,1.544574256764852e-27,-3.2228045716497999e-27,-3.2233630996846709e-27,3.5873240686715317e-43,0.24615384615384622,-1
1002,0.421875,0.234375,0,0.00024414062499999989,-3.7402860702509218e-23,-3.6603685433783243e-23,-9.0462372070619369e-23,-7.7355569466108299e-23,-3.1194048331410152e-44,-1.9496280207131343e-43,1.9511114959130316e-28,-1.3149093417196314e-26,-9.9491904375793536e-27,-1.4349296274686127e-42,0.24615384615384622,-1
1003,0.4375,0.234375,0,0.00024414062499999989,4.3901684347266415e-22,3.4399195511939376e-22,3.7254409515110492e-22,3.9237029048550801e-22,3.6614078111599324e-43,2.2883798819749576e-42,-2.3199435633122643e-26,6.9707373124294806e-27,1.1811117032742736e-26,-7.1746481373430634e-42,0.24615384615384622,-1
1004,0.453125,0.234375,0,0.00024414062499999989,6.404512746479686e-22,5.8051307010510531e-22,1.9755427520257991e-21,6.4045127464796897e-22,5.3413743334187546e-43,3.3383589583867213e-42,-1.4633350718472475e-26,3.4058341843766929e-25,1.4633350718472567e-26,-2.8698592549372661e-42,0.24615384615384622,-1
1005,0.46875,0.234375,0,0.00024414062499999989,6.4045127332015914e-22,6.2878802195517937e-22,3.9292235250905237e-19,6.4045127464328646e-22,5.3413743223448016e-43,3.338358951465501e-42,-2.8474734777782753e-27,9.5774796017357663e-23,2.8474738008073996e-27,2.5111267197773661e-42,0.24615384615384622,-1
1006,0.484375,0.234375,0,0.00024414062499999989,-8.6965807552941878e-20,-6.8131311154679805e-20,1.7471582339533896e-18,-2.0823960956005503e-20,-7.2529628831427604e-41,-4.5331018019642247e-40,4.5982657222319514e-24,4.4318592409864952e-22,1.1549646044598214e-23,0,0.24615384615384622,-1
1007,0.5,0.234375,0,0.00024414062499999989,-1.5361345236423372e-17,-1.2364508840559325e-17,-1.2924365274260966e-17,-1.2426610807235625e-17,-1.2811387598176983e-38,-8.0071172488606133e-38,7.3164951070899602e-22,-1.366836996341896e-22,-1.5161612958080744e-23,-4.70197740328915e-37,0.24615384615384622,-1
1008,0.515625,0.234375,0,0.00024414062499999989,-2.5304727385980835e-17,-2.2746691968734404e-17,-8.5960491751068645e-13,-2.7746501760953759e-17,-2.1104184927718358e-38,-1.3190115579823973e-37,6.2452036553867894e-22,-2.0985892842253841e-16,-1.220656687553553e-21,6.58276836460481e-37,0.24615384615384622,-1
1009,0.53125,0.234375,0,0.00024414062499999989,-1.9614194574659742e-17,-2.044446288161709e-17,-4.3743908536561609e-12,-2.5478622965114027e-17,-1.6358271053384223e-38,-1.0223919408365139e-37,-2.0270222337825841e-22,-1.0679615256819525e-15,-1.2290429891349944e-21,3.76158192263132e-37,0.24615384615384622,-1
1010,0.546875,0.234375,0,0.00024414062499999989,2.6851480478124601e-12,3.7433440830969782e-12,6.1063244339946343e-13,3.3523863491138322e-13,2.2394179591411392e-33,1.3996362244632118e-32,2.5834864142688416e-16,-7.6482217766052577e-16,-8.3205699418593588e-16,9.8607613152626476e-32,0.24615384615384622,-1
1011,0.5625,0.234375,0,0.00024414062499999989,6.3878681508380718e-12,1.3564206657331054e-11,9.7109401165549677e-12,9.5799117460827423e-12,5.3274927128381541e-33,3.3296829455238462e-32,1.7520357681867625e-15,-9.4073890155666118e-16,-9.7272824981648201e-16,0,0.24615384615384622,-1
1012,0.578125,0.234375,0,0.00024414062499999989,3.167800553115511e-12,8.2562210266898843e-12,5.835476419284907e-12,5.835476419284907e-12,2.6419509551450921e-33,1.6512193469656825e-32,1.2422901546812431e-15,-5.9100210141723048e-16,-5.9100210141723048e-16,-1.9721522630525295e-31,0.24615384615384622,-1
1013,0.59375,0.234375,0,0.00024414062499999989,9.2228066593772442e-13,2.7978506218954601e-12,1.9199902947066378e-12,1.9199902947066378e-12,7.6918361665466049e-34,4.8073976040916279e-33,4.5790282127874391e-16,-2.1432136894258343e-16,-2.1432136894258343e-16,-9.8607613152626476e-32,0.24615384615384622,-1
1014,0.609375,0.234375,0,0.00024414062499999989,1.9884727685052453e-13,6.8273528608979406e-13,4.5616600151294422e-13,4.5616600151294422e-13,1.6583896119551173e-34,1.0364935074719482e-33,1.1813672100568098e-16,-5.5314766742394951e-17,-5.5314766742394951e-17,0,0.24615384615384622,-1
1015,0.625,0.234375,0,0.00024414062499999989,3.4827473172831424e-14,1.3342818827332883e-13,8.706466414506342e-14,8.706466414506342e-14,2.9046170827818814e-35,1.8153856767386759e-34,2.4072440210082365e-17,-1.1319219757877295e-17,-1.1319219757877295e-17,1.5407439555097887e-33,0.24615384615384622,-1
1016,0.640625,0.234375,0,0.00024414062499999989,5.2268187340533995e-15,2.2137799107922649e-14,1.4149341429170549e-14,1.4149341429170549e-14,4.3591755589604848e-36,2.724484724350303e-35,4.1286573178391704e-18,-1.9503070504765862e-18,-1.9503070504765862e-18,0,0.24615384615384622,-1
1017,0.65625,0.234375,0,0.00024414062499999989,6.899770923486774e-16,3.2193862066547867e-15,2.019637059063247e-15,2.019637059063247e-15,5.7544204806897508e-37,3.5965128004310946e-36,6.1753152204738966e-19,-2.9290750673621567e-19,-2.9290750673621567e-19,4.8148248609680896e-35,0.24615384615384622,-1
1018,0.671875,0.234375,0,0.00024414062499999989,7.985128752780166e-17,4.1273210415366744e-16,2.5421111991594079e-16,2.5421111991594079e-16,6.6596107241082485e-38,4.162256702567655e-37,8.126973062154923e-20,-3.870141216741372e-20,-3.870141216741372e-20,6.018531076210112e-36,0.24615384615384622,-1
1019,0.6875,0.234375,0,0.00024414062499999989,7.8963861947763917e-18,4.5882356278861561e-17,2.7711686853046524e-17,2.7711686853046524e-17,6.5855992824316232e-39,4.1159995515197641e-38,9.2739184775598517e-21,-4.436198590286872e-21,-4.436198590286872e-21,-7.5231638452626401e-37,0.24615384615384622,-1
1020,0.703125,0.234375,0,0.00024414062499999989,6.4496936325501115e-19,4.3030610687309728e-18,2.5440517716313062e-18,2.5440517716313062e-18,5.3790552679051971e-40,3.361909542440748e-39,8.9308879528221694e-22,-4.2944562917472309e-22,-4.2944562917472309e-22,-9.4039548065783001e-38,0.24615384615384622,-1
1021,0.71875,0.234375,0,0.00024414062499999989,4.2081715194910394e-20,3.3081773925218656e-19,1.9117660588633942e-19,1.9117660588633942e-19,3.5096220797106245e-41,2.1935137998191398e-40,7.0492193373358406e-23,-3.4092073575646257e-23,-3.4092073575646257e-23,0,0.24615384615384622,-1
1022,0.734375,0.234375,0,0.00024414062499999989,2.1221589983183237e-21,2.0288359538720053e-20,1.1450061171688975e-20,1.1450061171688975e-20,1.7698841510279912e-42,1.1061775943924945e-41,4.4351075538090141e-24,-2.1577876872634456e-24,-2.1577876872634456e-24,-3.6734198463196485e-40,0.24615384615384622,-1
1023,0.75,0.234375,0,0.00024414062499999989,7.9622698502611618e-23,9.6484198742109491e-22,5.316098322081814e-22,5.316098322081814e-22,6.6405463612069115e-44,4.1503414757543192e-43,2.16117990458614e-25,-1.0576956914377767e-25,-1.0576956914377767e-25,-2.2958874039497803e-41,0.24615384615384622,-1
1024,0.765625,0.234375,0,0.00024414062499999989,2.1070412101338057e-24,3.4362178158726763e-23,1.8486817059647091e-23,1.8486817059647091e-23,1.7572758904181219e-45,1.0982974315113263e-44,7.8747892940900731e-27,-3.8758205808299967e-27,-3.8758205808299967e-27,1.4349296274686127e-42,0.24615384615384622,-1
1025,0.78125,0.234375,0,0.00024414062499999989,3.5990210178663312e-26,8.715860664288228e-25,4.5815087895419655e-25,4.5815087895419655e-25,3.0015895433782066e-47,1.8759934646113787e-46,2.0400289459232399e-28,-1.0093632506704737e-28,-1.0093632506704737e-28,2.2420775429197073e-44,0.24615384615384622,-1
1026,0.796875,0.234375,0,0.00024414062499999989,3.319876498683874e-28,1.4491815058463968e-26,7.4525343300834796e-27,7.4525343300834796e-27,2.7687825478897126e-49,1.7304890924310703e-48,3.4569891134266542e-30,-1.7185743965772669e-30,-1.7185743965772669e-30,-3.5032461608120427e-46,0.24615384615384622,-1
1027,0.8125,0.234375,0,0.00024414062499999989,9.8855574325014064e-31,1.3439257740114224e-28,6.781223497136544e-29,6.781223497136544e-29,8.2445714188832701e-52,5.1528571368020432e-51,3.2569341225071297e-32,-1.6254966413519719e-32,-1.6254966413519719e-32,0,0.24615384615384622,-1
1028,0.828125,0.234375,0,0.00024414062499999989,0,4.5408505607819108e-31,2.2704252803909554e-31,2.2704252803909554e-31,0,0,1.1086060939408958e-34,-5.5430304697044788e-35,-5.5430304697044788e-35,0,0.24615384615384622,-1
1029,0.84375,0.234375,0,0.00024414062499999989,0,0,0,0,0,0,0,0,0,0,0.24615384615384622,-1
1030,0.859375,0.234375,0,0.00024414062499999989,0,0,0,0,0,0,0,0,0,0,0.24615384615384622,-1
1031,0.875,0.234375,0,0.00024414062499999989,0,0,0,0,0,0,0,0,0,0,0.24615384615384622,-1
1032,0.890625,0.234375,0,0.00024414062499999989,0,0,0,0,0,0,0,0,0,0,0.24615384615384622,-1
1033,0.90625,0.234375,0,0.00024414062499999989,0,0,0,0,0,0,0,0,0,0,0.24615384615384622,-1
1034,0.921875,0.234375,0,0.00024414062499999989,0,0,0,0,0,0,0,0,0,0,0.24615384615384622,-1
1035,0.9375,0.234375,0,0.00024414062499999989,0,0,0,0,0,0,0,0,0,0,0.24615384615384622,-1
1036,0.953125,0.234375,0,0.00024414062499999989,0,0,0,0,0,0,0,0,0,0,0.24615384615384622,-1
1037,0.96875,0.234375,0,0.00024414062499999989,0,0,0,0,0,0,0,0,0,0,0.24615384615384622,-1
1038,0.984375,0.234375,0,0.00024414062499999989,0,0,0,0,0,0,0,0,0,0,0.24615384615384622,-1
1039,1,0.234375,0,0.00012207031249999995,0,0,0,0,-0,0,0,0,0,0,0.49230769230769245,-1
1040,0,0.25,0,0.00012207031249999995,0,0,0,0,0,0,0,0,0,0,0.16410256410256413,-1
1041,0.015625,0.25,0,0.00024414062499999989,0,0,0,0,0,0,0,0,0,0,0.24615384615384622,-1
1042,0.03125,0.25,0,0.00024414062499999989,0,0,0,0,0,0,0,0,0,0,0.24615384615384622,-1
1043,0.046875,0.25,0,0.00024414062499999989,0,0,0,0,0,0,0,0,0,0,0.24615384615384622,-1
1044,0.0625,0.25,0,0.00024414062499999989,0,0,0,0,0,0,0,0,0,0,0.24615384615384622,-1
1045,0.078125,0.25,0,0.00024414062499999989,0,0,0,0,0,0,0,0,0,0,0.24615384615384622,-1
1046,0.09375,0.25,0,0.00024414062499999989,0,0,0,0,0,0,0,0,0,0,0.24615384615384622,-1
1047,0.109375,0.25,0,0.00024414062499999989,0,0,0,0,0,0,0,0,0,0,0.24615384615384622,-1
1048,0.125,0.25,0,0.00024414062499999989,0,0,0,0,0,0,0,0,0,0,0.24615384615384622,-1
1049,0.140625,0.25,0,0.00024414062499999989,0,0,0,0,0,0,0,0,0,0,0.24615384615384622,-1
1050,0.15625,0.25,0,0.00024414062499999989,0,0,0,0,0,0,0,0,0,0,0.24615384615384622,-1
1051,0.171875,0.25,0,0.00024414062499999989,0,0,0,0,0,0,0,0,0,0,0.24615384615384622,-1
1052,0.1875,0.25,0,0.00024414062499999989,0,0,0,0,0,0,0,0,0,0,0.24615384615384622,-1
1053,0.203125,0.25,0,0.00024414062499999989,0,0,0,0,0,0,0,0,0,0,0.24615384615384622,-1
1054,0.21875,0.25,0,0.00024414062499999989,0,0,0,0,0,0,0,0,0,0,0.24615384615384622,-1
1055,0.234375,0.25,0,0.00024414062499999989,0,0,0,0,0,0,0,0,0,0,0.24615384615384622,-1
1056,0.25,0.25,0,0.00024414062499999989,0,0,-9.0597352403239335e-33,0,0,0,0,-2.2118494239072093e-36,0,0,0.24615384615384622,-1
1057,0.265625,0.25,0,0.00024414062499999989,0,0,-3.2079594229613153e-32,0,0,0,0,-7.8319321849641446e-36,0,0,0.24615384615384622,-1
1058,0.28125,0.25,0,0.00024414062499999989,1.8938046246854139e-40,1.8119470623411599e-32,9.0589275517161015e-33,9.0591250279564942e-33,1.5794362218054009e-61,9.8714763862837564e-61,4.4236988364333809e-36,-2.2120466483631575e-36,-2.2119984363904054e-36,0,0.24615384615384622,-1
1059,0.296875,0.25,0,0.00024414062499999989,5.891186396140997e-36,6.4163629507432619e-32,3.2084003931437335e-32,3.2084508464586057e-32,4.913259299394707e-57,3.0707870621216915e-56,1.5663510332284289e-35,-7.8319398378894694e-36,-7.8318166608512074e-36,-1.3363823550460978e-51,0.24615384615384622,-1
1060,0.3125,0.25,0,0.00024414062499999989,1.2037062152285482e-35,1.0689842390360928e-35,1.0784193988119716e-25,1.2037062152285482e-35,1.0038929950654586e-56,6.2743312191591168e-56,-3.2891107468861174e-40,2.6328598601198067e-29,3.289110746886117e-40,-4.0783152924990778e-56,0.24615384615384622,-1
1061,0.328125,0.25,0,0.00024414062499999989,1.0235240121708553e-35,1.0678773071204477e-35,2.4391790835170201e-25,1.1998645135185195e-35,8.5362073660517026e-57,5.3351296037823133e-56,1.0828441149802793e-40,5.9550270591070104e-29,3.2223439062029217e-40,4.0783152924990778e-55,0.24615384615384622,-1
1062,0.34375,0.25,0,0.00024414062499999989,-1.6073745327242401e-24,-1.4273969890211313e-24,-2.4889281976136924e-24,-2.3826941197598062e-24,-1.3405530464442259e-45,-8.3784565402764123e-45,4.3939830005641736e-29,-2.5916289272279314e-28,-2.3322683855924672e-28,6.7262326287591219e-44,0.24615384615384622,-1
1063,0.359375,0.25,0,0.00024414062499999989,1.2237505009217028e-24,4.3468379170715932e-25,9.1549208196078622e-25,7.8483660333571207e-25,1.0206099628304114e-45,6.3788122676900701e-45,-1.9264323955433182e-28,1.1738483648770181e-28,8.5486526276502115e-29,-2.2420775429197073e-44,0.24615384615384622,-1
1064,0.375,0.25,0,0.00024414062499999989,8.4443176643167606e-24,7.9131398431425261e-24,1.5018542685394348e-23,1.5018542685394348e-23,7.0425750436999645e-45,4.4016094023124772e-44,-1.2968208524761544e-28,1.7347174907841358e-27,1.7347174907841358e-27,-7.1746481373430634e-43,0.24615384615384622,-1
1065,0.390625,0.25,0,0.00024414062499999989,-3.1452618268726937e-23,-2.3581754289029216e-23,-3.3631228302480306e-23,-3.3631228302480306e-23,-2.6231536197931548e-44,-1.6394710123707218e-43,1.9215976512933894e-27,-2.4534848665652069e-27,-2.4534848665652069e-27,-4.4841550858394146e-43,0.24615384615384622,-1
1066,0.40625,0.25,0,0.00024414062499999989,-9.1396326449020845e-23,-8.0499795761374851e-23,-1.4936729623339302e-22,-1.3554138575127501e-22,-7.622468899478675e-44,-4.7640430621741717e-43,2.6602858124135742e-27,-1.6813354607426304e-26,-1.3437888181127966e-26,1.4349296274686127e-42,0.24615384615384622,-1
1067,0.421875,0.25,0,0.00024414062499999989,4.8506533496498226e-22,3.7015053821619676e-22,4.1261556767760743e-22,4.2770193268456268e-22,4.0454529997418675e-43,2.5284081248386667e-42,-2.805537029999645e-26,1.0367438833352206e-26,1.4050633415128404e-26,-1.7219155529623352e-41,0.24615384615384622,-1
1068,0.4375,0.25,0,0.00024414062499999989,6.4045127464796897e-22,5.8714264309586938e-22,1.386250349079699e-21,6.4045127464796897e-22,5.3413743334187578e-43,3.3383589583867232e-42,-1.3014802625024307e-26,1.950946547812083e-25,1.301480262502431e-26,-5.7397185098744507e-42,0.24615384615384622,-1
1069,0.453125,0.25,0,0.00024414062499999989,6.4044899948764408e-22,6.3218545066184863e-22,3.2987787417901e-19,6.4045126219313481e-22,5.3413553585436266e-43,3.338347099089767e-42,-2.0174679750477255e-27,8.0382248224694335e-23,2.0180203933804092e-27,1.1120441869419687e-41,0.24615384615384622,-1
1070,0.46875,0.25,0,0.00024414062499999989,-6.5906251977942334e-20,-5.1070431803874193e-20,2.1753084023276149e-18,-1.5594818326753104e-20,-5.496592428835551e-41,-3.4353702680222192e-40,3.6220264096846039e-24,5.4354952005163285e-22,8.6610384465627615e-24,0,0.24615384615384622,-1
1071,0.484375,0.25,0,0.00024414062499999989,-1.8772961490416791e-17,-1.4810250280776037e-17,-1.5941224640244053e-17,-1.4977092779056838e-17,-1.5656681255305076e-38,-9.7854257845656728e-38,9.6745879141619887e-22,-2.7611678697949612e-22,-4.073303180683645e-23,9.4039548065783001e-37,0.24615384615384622,-1
1072,0.5,0.25,0,0.00024414062499999989,-2.7746501883917955e-17,-2.5400410293465428e-17,-3.5494680973269908e-12,-3.4114216948107838e-17,-2.3140628939551531e-38,-1.4462893087219708e-37,5.727762672003241e-22,-8.6656315842692768e-16,-2.1273942027935565e-21,0,0.24615384615384622,-1
1073,0.515625,0.25,0,0.00024414062499999989,-2.5478625683290101e-17,-2.5528763147422376e-17,-1.1426116191901513e-10,-2.7746501426984274e-17,-2.1249216398283156e-38,-1.3280760248926969e-37,-1.2240591829168697e-23,-2.7895785251526351e-14,-5.4144000965866611e-22,0,0.24615384615384622,-1
1074,0.53125,0.25,0,0.00024414062499999989,4.1904514522914063e-11,3.8688433319722701e-11,-4.5756141501549876e-11,8.0447941303908132e-13,3.4948435140533698e-32,2.1842771962833557e-31,-7.8517607499789057e-16,-2.0616351274724741e-14,-9.2490121842489259e-15,-1.5777218104420236e-30,0.24615384615384622,-1
1075,0.546875,0.25,0,0.00024414062499999989,2.0250988078444217e-10,3.8118356130417463e-10,2.797460530488504e-10,2.6810758784646793e-10,1.6889357899713287e-31,1.0555848687320804e-30,4.3621504033137783e-14,-2.4765016663897509e-14,-2.7606438832447912e-14,6.3108872417680944e-30,0.24615384615384622,-1
1076,0.5625,0.25,0,0.00024414062499999989,1.1737091259499796e-10,2.7089979929991373e-10,1.9810059310724722e-10,1.9810059310724722e-10,9.7887537247771586e-32,6.1179710779857231e-31,3.7482638355692321e-14,-1.777324369938146e-14,-1.777324369938146e-14,-1.5777218104420236e-29,0.24615384615384622,-1
1077,0.578125,0.25,0,0.00024414062499999989,3.8410126204189452e-11,1.0300524793793691e-10,7.3089957136681125e-11,7.3089957136681125e-11,3.2034109443095859e-32,2.0021318401934905e-31,1.5770293392028181e-14,-7.3035377932753331e-15,-7.3035377932753331e-15,-1.5777218104420236e-30,0.24615384615384622,-1
1078,0.59375,0.25,0,0.00024414062499999989,9.2272715517172869e-12,2.7916770412018946e-11,1.9264844635515803e-11,1.9264844635515803e-11,7.6955598942196729e-33,4.8097249338872955e-32,4.5628659326908328e-15,-2.112286566529087e-15,-2.112286566529087e-15,0,0.24615384615384622,-1
1079,0.609375,0.25,0,0.00024414062499999989,1.7985638335551029e-12,6.0461005935522618e-12,4.0705429425170708e-12,4.0705429425170708e-12,1.5000052428417693e-33,9.3750327677610575e-33,1.036996279296181e-15,-4.8231387964726325e-16,-4.8231387964726325e-16,0,0.24615384615384622,-1
1080,0.625,0.25,0,0.00024414062499999989,3.0071457530559684e-13,1.1123736006654095e-12,7.3288048928300284e-13,7.3288048928300284e-13,2.507964583418338e-34,1.5674778646364612e-33,1.9815894173823547e-16,-9.264968539609535e-17,-9.264968539609535e-17,-3.6977854932234928e-32,0.24615384615384622,-1
1081,0.640625,0.25,0,0.00024414062499999989,4.4332575855305885e-14,1.7972188905463229e-13,1.1612405572571636e-13,1.1612405572571636e-13,3.6973442349385437e-35,2.3108401468365897e-34,3.3054031542804285e-17,-1.5526814777567356e-17,-1.5526814777567356e-17,-6.1629758220391547e-33,0.24615384615384622,-1
1082,0.65625,0.25,0,0.00024414062499999989,5.758871500911013e-15,2.5690549842449603e-14,1.628586050537833e-14,1.628586050537833e-14,4.8029084556558291e-36,3.0018177847848932e-35,4.8661324076021922e-18,-2.2960667326834151e-18,-2.2960667326834151e-18,3.8518598887744717e-34,0.24615384615384622,-1
1083,0.671875,0.25,0,0.00024414062499999989,6.4514598593611755e-16,3.2053283353633464e-15,1.9913011108351659e-15,1.9913011108351659e-15,5.3805283040172416e-37,3.3628301900107757e-36,6.2504451890313172e-19,-2.9639336536332514e-19,-2.9639336536332514e-19,0,0.24615384615384622,-1
1084,0.6875,0.25,0,0.00024414062499999989,6.0556009728797357e-17,3.4091861708529649e-16,2.0720978417542591e-16,2.0720978417542591e-16,5.0503813311550345e-38,3.1564883319718965e-37,6.8447902186645266e-20,-3.2643758034636359e-20,-3.2643758034636359e-20,0,0.24615384615384622,-1
1085,0.703125,0.25,0,0.00024414062499999989,4.633332525816561e-18,3.0170085302099672e-17,1.791454088806054e-17,1.791454088806054e-17,3.8642070694908196e-39,2.4151294184317623e-38,6.2345587832722413e-21,-2.992076272958771e-21,-2.992076272958771e-21,-3.76158192263132e-37,0.24615384615384622,-1
1086,0.71875,0.25,0,0.00024414062499999989,2.8180840160550785e-19,2.1735933453871066e-18,1.2597684298191654e-18,1.2597684298191654e-18,2.3502867788104552e-40,1.4689292367565344e-39,4.6186155854042916e-22,-2.2310178602732929e-22,-2.2310178602732929e-22,4.70197740328915e-38,0.24615384615384622,-1
1087,0.734375,0.25,0,0.00024414062499999989,1.3273285145333789e-20,1.248546884903236e-19,7.0607654374453902e-20,7.0607654374453902e-20,1.10699419927619e-41,6.9187137454761871e-41,2.7241553551022892e-23,-1.3243904813444746e-23,-1.3243904813444746e-23,0,0.24615384615384622,-1
1088,0.75,0.25,0,0.00024414062499999989,4.685712316484943e-22,5.5863399087283812e-21,3.0828939673439184e-21,3.0828939673439184e-21,3.9078919024423552e-43,2.4424324390264716e-42,1.2494552434277063e-24,-6.1119285678331584e-25,-6.1119285678331584e-25,-9.1835496157991212e-41,0.24615384615384622,-1
1089,0.765625,0.25,0,0.00024414062499999989,1.1823503619510416e-23,1.8884817909875633e-22,1.0175390749826409e-22,1.0175390749826409e-22,9.8608217774333999e-45,6.1630136108958741e-44,4.3218914911925249e-26,-2.1263249902463918e-26,-2.1263249902463918e-26,5.7397185098744507e-42,0.24615384615384622,-1
1090,0.78125,0.25,0,0.00024414062499999989,1.9726698517534914e-25,4.6125255144151654e-24,2.4288137910870408e-24,2.4288137910870408e-24,1.6452099529752258e-46,1.0282562206095162e-45,1.077943976865189e-27,-5.3313274495315515e-28,-5.3313274495315515e-28,0,0.24615384615384622,-1
1091,0.796875,0.25,0,0.00024414062499999989,1.875660101772836e-27,7.5682571848651544e-26,3.9008491405342765e-26,3.9008491405342765e-26,1.5643036593742242e-48,9.7768978710888999e-48,1.8019265563202801e-29,-8.9536329207296783e-30,-8.9536329207296783e-30,0,0.24615384615384622,-1
1092,0.8125,0.25,0,0.00024414062499999989,6.9938585544142428e-30,7.2821682989034792e-28,3.6846612681369359e-28,3.6846612681369359e-28,5.8328897221171177e-51,3.645556076323198e-50,1.7607982698631184e-31,-8.7829761493323768e-32,-8.7829761493323768e-32,0,0.24615384615384622,-1
1093,0.828125,0.25,0,0.00024414062499999989,0,2.9500878675495475e-30,1.4750439337747737e-30,1.4750439337747737e-30,0,0,7.202362957884634e-34,-3.601181478942317e-34,-3.601181478942317e-34,0,0.24615384615384622,-1
1094,0.84375,0.25,0,0.00024414062499999989,0,0,0,0,0,0,0,0,0,0,0.24615384615384622,-1
1095,0.859375,0.25,0,0.00024414062499999989,0,0,0,0,0,0,0,0,0,0,0.24615384615384622,-1
1096,0.875,0.25,0,0.00024414062499999989,0,0,0,0,0,0,0,0,0,0,0.24615384615384622,-1
1097,0.890625,0.25,0,0.00024414062499999989,0,0,0,0,0,0,0,0,0,0,0.24615384615384622,-1
1098,0.90625,0.25,0,0.00024414062499999989,0,0,0,0,0,0,0,0,0,0,0.24615384615384622,-1
1099,0.921875,0.25,0,0.00024414062499999989,0,0,0,0,0,0,0,0,0,0,0.24615384615384622,-1
1100,0.9375,0.25,0,0.00024414062499999989,0,0,0,0,0,0,0,0,0,0,0.24615384615384622,-1
1101,0.953125,0.25,0,0.00024414062499999989,0,0,0,0,0,0,0,0,0,0,0.24615384615384622,-1
1102,0.96875,0.25,0,0.00024414062499999989,0,0,0,0,0,0,0,0,0,0,0.24615384615384622,-1
1103,0.984375,0.25,0,0.00024414062499999989,0,0,0,0,0,0,0,0,0,0,0.24615384615384622,-1
1104,1,0.25,0,0.00012207031249999995,0,0,0,0,-0,0,0,0,0,0,0.49230769230769245,-1
1105,0,0.265625,0,0.00012207031249999995,0,0,0,0,0,0,0,0,0,0,0.16410256410256413,-1
1106,0.015625,0.265625,0,0.00024414062499999989,0,0,0,0,0,0,0,0,0,0,0.24615384615384622,-1
1107,0.03125,0.265625,0,0.00024414062499999989,0,0,0,0,0,0,0,0,0,0,0.24615384615384622,-1
1108,0.046875,0.265625,0,0.00024414062499999989,0,0,0,0,0,0,0,0,0,0,0.24615384615384622,-1
1109,0.0625,0.265625,0,0.00024414062499999989,0,0,0,0,0,0,0,0,0,0,0.24615384615384622,-1
1110,0.078125,0.265625,0,0.00024414062499999989,0,0,0,0,0,0,0,0,0,0,0.24615384615384622,-1
1111,0.09375,0.265625,0,0.00024414062499999989,0,0,0,0,0,0,0,0,0,0,0.24615384615384622,-1
1112,0.109375,0.265625,0,0.00024414062499999989,0,0,0,0,0,0,0,0,0,0,0.24615384615384622,-1
1113,0.125,0.265625,0,0.00024414062499999989,0,0,0,0,0,0,0,0,0,0,0.24615384615384622,-1
1114,0.140625,0.265625,0,0.00024414062499999989,0,0,0,0,0,0,0,0,0,0,0.24615384615384622,-1
1115,0.15625,0.265625,0,0.00024414062499999989,0,0,0,0,0,0,0,0,0,0,0.24615384615384622,-1
1116,0.171875,0.265625,0,0.00024414062499999989,0,0,0,0,0,0,0,0,0,0,0.24615384615384622,-1
1117,0.1875,0.265625,0,0.00024414062499999989,0,0,0,0,0,0,0,0,0,0,0.24615384615384622,-1
1118,0.203125,0.265625,0,0.00024414062499999989,0,0,0,0,0,0,0,0,0,0,0.24615384615384622,-1
1119,0.21875,0.265625,0,0.00024414062499999989,0,0,-9.4201333482491134e-33,0,0,0,0,-2.2998372432248802e-36,0,0,0.24615384615384622,-1
1120,0.234375,0.265625,0,0.00024414062499999989,0,0,-4.7572137507045021e-30,0,0,0,0,-1.1614291383555908e-33,0,0,0.24615384615384622,-1
1121,0.25,0.265625,0,0.00024414062499999989,0,1.8840266696498227e-32,8.1390971303629251e-30,8.1390971303629251e-30,0,0,4.5996744864497604e-36,1.9824845858560602e-33,1.9824845858560602e-33,0,0.24615384615384622,-1
1122,0.265625,0.265625,0,0.00024414062499999989,4.4166209296579171e-31,9.8473727714909094e-30,-1.2464258121238114e-28,-1.2202671441560434e-28,3.6834692361385094e-52,2.3021682725865684e-51,2.2963160836242952e-33,-3.2834461421843745e-32,-3.2195822067161908e-32,-5.4738221262688167e-48,0.24615384615384622,-1
1123,0.28125,0.265625,0,0.00024414062499999989,1.563880217936119e-30,-1.5080428906662092e-29,-4.6349113792699094e-28,-2.9375421361581599e-29,1.3042787152257265e-51,8.1517419701607913e-51,-4.0635520323726088e-33,-1.0947527075691617e-31,-3.4899883923143315e-33,1.3684555315672042e-48,0.24615384615384622,-1
1124,0.296875,0.265625,0,0.00024414062499999989,1.2037062152285482e-35,2.596829231862034e-28,1.1013457053741113e-25,1.0732866047545095e-26,1.0038929950654586e-56,6.2743312191591168e-56,6.3399148229770778e-32,2.6824923733941621e-29,2.5569294737204314e-30,0,0.24615384615384622,-1
1125,0.3125,0.265625,0,0.00024414062499999989,1.2037062152285461e-35,9.1385069136988476e-28,5.4250026764949647e-25,1.8669324898087408e-26,1.0038929950654568e-56,6.274331219159106e-56,2.2310807600898981e-31,1.3222324632766755e-28,4.334832569999393e-30,0,0.24615384615384622,-1
1126,0.328125,0.265625,0,0.00024414062499999989,-5.2572945686350941e-24,-4.1832007483384763e-24,-9.7570158348124197e-24,-5.2948268401864051e-24,-4.3845924559310864e-45,-2.7403702849569289e-44,2.6222993659585396e-28,-1.360794698846177e-27,-2.7139308883006065e-28,-4.0637655465419695e-44,0.24615384615384622,-1
1127,0.34375,0.265625,0,0.00024414062499999989,-5.389838115388846e-24,-5.1471954177319073e-24,-1.1871879368949602e-23,-5.3913526137572385e-24,-4.4951339954228957e-45,-2.8094587471393096e-44,5.9238939857651117e-29,-1.6417685427777569e-27,-5.9608690435871786e-29,-1.231391025525433e-43,0.24615384615384622,-1
1128,0.359375,0.265625,0,0.00024414062499999989,3.3016277171822422e-23,3.3668626634514921e-23,4.7152565409916636e-23,4.4117620440642341e-23,2.7535630336210341e-44,1.7209768960131461e-43,1.5926500554015995e-28,3.2919772400883071e-27,2.551023878449076e-27,7.1746481373430634e-43,0.24615384615384622,-1
1129,0.375,0.265625,0,0.00024414062499999989,-3.1474554325875318e-23,-1.1846975900054052e-23,-2.0868565946947709e-23,-2.0868565946947709e-23,-2.624983090625158e-44,-1.6406144316407236e-43,4.7918892641165187e-27,-2.2025366325423961e-27,-2.2025366325423961e-27,-3.5873240686715317e-43,0.24615384615384622,-1
1130,0.390625,0.265625,0,0.00024414062499999989,-1.603840418456745e-22,-1.4039803648563273e-22,-2.2270643860171632e-22,-2.0682576131618469e-22,-1.3376055892391258e-43,-8.360034932744536e-43,4.8793958398539496e-27,-2.0094824735371962e-26,-1.6217706257458963e-26,-7.1746481373430634e-42,0.24615384615384622,-1
1131,0.40625,0.265625,0,0.00024414062499999989,5.0350413080876533e-22,3.7023267152051217e-22,4.2320079393601512e-22,4.3635861572122683e-22,4.1992328652176079e-43,2.6245205407610046e-42,-3.2536977365296169e-26,1.2931670511597397e-26,1.614402934587759e-26,2.8698592549372254e-42,0.24615384615384622,-1
1132,0.421875,0.265625,0,0.00024414062499999989,6.4045127464796897e-22,5.8795338022935124e-22,1.2522710674533424e-21,6.4045127464796897e-22,5.3413743334187578e-43,3.3383589583867232e-42,-1.2816868754545334e-26,1.6218693535741965e-25,1.281686875454534e-26,-1.0044507392280289e-41,0.24615384615384622,-1
1133,0.4375,0.265625,0,0.00024414062499999989,6.4044805223323137e-22,6.3407399372447915e-22,3.4517558634242688e-19,6.4045125375239418e-22,5.341347458425995e-43,3.3383421615162462e-42,-1.5561666281133272e-27,8.4116580163257387e-23,1.556948249002697e-27,-1.5605210023337244e-41,0.24615384615384622,-1
1134,0.453125,0.265625,0,0.00024414062499999989,-3.7016642397339994e-20,-2.9023341435033835e-20,1.9704724095272387e-18,-9.9377759980256704e-21,-3.0871941619473124e-41,-1.9294963512170698e-40,1.9514894927505251e-24,4.8815814232477339e-22,4.6595618742695691e-24,1.4693679385278594e-39,0.24615384615384622,-1
1135,0.46875,0.265625,0,0.00024414062499999989,-1.5783698650868966e-17,-1.2587399523311876e-17,-1.2240414102052972e-17,-1.2527551307225534e-17,-1.316363105163743e-38,-8.227269407273393e-38,7.8034646668874264e-22,8.4713237612037296e-23,1.4611380880454344e-23,-1.88079096131566e-37,0.24615384615384622,-1
1136,0.484375,0.265625,0,0.00024414062499999989,-3.411421702330055e-17,-2.9732967887002335e-17,-8.6139302833040641e-12,-3.4691653567441853e-17,-2.8451314007157259e-38,-1.7782071254473287e-37,1.0696409024165558e-21,-2.1030030640469175e-15,-1.2106166212010533e-21,-1.1754943508222875e-37,0.24615384615384622,-1
1137,0.5,0.265625,0,0.00024414062499999989,-2.7746501881333088e-17,-2.8692081740112999e-17,-2.4611512824436465e-09,-3.4297692541396493e-17,-2.3140628937395748e-38,-1.4462893085872342e-37,-2.3085445770993893e-22,-6.0086700531044029e-13,-1.368557324532103e-21,7.5231638452626401e-37,0.24615384615384622,-1
1138,0.515625,0.265625,0,0.00024414062499999989,1.7303523502892529e-10,1.4766973472849823e-10,-2.1851541824569171e-09,1.1621260360765762e-12,1.4431167518069283e-31,9.0194796987933011e-31,-6.1927490967839502e-15,-5.6953708915659523e-13,-3.5768459153423237e-14,0,0.24615384615384622,-1
1139,0.53125,0.265625,0,0.00024414062499999989,5.4026122088976693e-09,8.9950409360185825e-09,6.7800132258734438e-09,6.2670230150904055e-09,4.5057876107565874e-30,2.8161172567228667e-29,8.77057794707254e-13,-5.4077824954715279e-13,-6.6602000022660541e-13,-2.0194839173657902e-28,0.24615384615384622,-1
1140,0.546875,0.265625,0,0.00024414062499999989,3.6337674178167292e-09,7.4729082151863717e-09,5.6591018193597749e-09,5.617255438617732e-09,3.0305680990030307e-30,1.894105061876894e-29,9.3729023373282246e-13,-4.4282382710610252e-13,-4.5304022865445278e-13,0,0.24615384615384622,-1
1141,0.5625,0.265625,0,0.00024414062499999989,1.3290953309544012e-09,3.1694338710021082e-09,2.3281054903581751e-09,2.3281054903581751e-09,1.1084677271239248e-30,6.9279232945245303e-30,4.4930140137883457e-13,-2.0540243668064757e-13,-2.0540243668064757e-13,-1.0097419586828951e-28,0.24615384615384622,-1
1142,0.578125,0.265625,0,0.00024414062499999989,3.5411185866028333e-10,9.4988368289003577e-10,6.778345258434945e-10,6.778345258434945e-10,2.9532988189412243e-31,1.845811761838265e-30,1.4545210552484183e-13,-6.6418251232065715e-14,-6.6418251232065715e-14,1.2621774483536189e-29,0.24615384615384622,-1
1143,0.59375,0.265625,0,0.00024414062499999989,7.6493724653454502e-11,2.2714464898307655e-10,1.5797800794538728e-10,1.5797800794538728e-10,6.3795894192910286e-32,3.9872433870568924e-31,3.678001082266162e-14,-1.68863869720921e-14,-1.68863869720921e-14,-3.1554436208840472e-30,0.24615384615384622,-1
1144,0.609375,0.265625,0,0.00024414062499999989,1.4195373583908082e-11,4.6193613619884526e-11,3.1412541365572082e-11,3.1412541365572082e-11,1.1838965291474218e-32,7.3993533071713865e-32,7.8120703212833078e-15,-3.6086602183379968e-15,-3.6086602183379968e-15,0,0.24615384615384622,-1
1145,0.625,0.265625,0,0.00024414062499999989,2.3284241899701975e-12,8.266855895968994e-12,5.5088350232128902e-12,5.5088350232128902e-12,1.9419096655642226e-33,1.2136935409776391e-32,1.4498124282223618e-15,-6.7334493963772047e-16,-6.7334493963772047e-16,9.8607613152626476e-32,0.24615384615384622,-1
1146,0.640625,0.265625,0,0.00024414062499999989,3.378307664251922e-13,1.3128227018386478e-12,8.5768038713991618e-13,8.5768038713991618e-13,2.8175142376202801e-34,1.7609463985126749e-33,2.3803514048180055e-16,-1.1111872917449498e-16,-1.1111872917449498e-16,4.9303806576313238e-32,0.24615384615384622,-1
1147,0.65625,0.265625,0,0.00024414062499999989,4.2549857586912665e-14,1.8283665584082476e-13,1.1698058821136241e-13,1.1698058821136241e-13,3.5486652334368874e-35,2.2179157708980547e-34,3.4249706604958995e-17,-1.6078141511099197e-17,-1.6078141511099197e-17,-6.1629758220391547e-33,0.24615384615384622,-1
1148,0.671875,0.265625,0,0.00024414062499999989,4.5367393814151776e-15,2.1871040022352867e-14,1.3681541661251917e-14,1.3681541661251917e-14,3.7836482256391379e-36,2.3647801410244612e-35,4.2320069924164266e-18,-1.9993892483156608e-18,-1.9993892483156608e-18,-3.8518598887744717e-34,0.24615384615384622,-1
1149,0.6875,0.265625,0,0.00024414062499999989,4.0013791896683435e-16,2.2007905345507144e-15,1.3441361747285542e-15,1.3441361747285542e-15,3.3371569310590043e-37,2.0857230819118778e-36,4.3961245497653307e-19,-2.0914413081595696e-19,-2.0914413081595696e-19,-4.8148248609680896e-35,0.24615384615384622,-1
1150,0.703125,0.265625,0,0.00024414062499999989,2.8624808947788254e-17,1.8301063112705041e-16,1.0903284398357964e-16,1.0903284398357964e-16,2.3873138498595797e-38,1.4920711561622373e-37,3.7691851117983909e-20,-1.8060983189323908e-20,-1.8060983189323908e-20,-3.009265538105056e-36,0.24615384615384622,-1
1151,0.71875,0.265625,0,0.00024414062499999989,1.6301210957891875e-18,1.2380452324486703e-17,7.1925873165631251e-18,7.1925873165631251e-18,1.3595237180531449e-39,8.4970232378321546e-39,2.6245925851312281e-21,-1.2665686054500917e-21,-1.2665686054500917e-21,1.88079096131566e-37,0.24615384615384622,-1
1152,0.734375,0.265625,0,0.00024414062499999989,7.2341739314059726e-20,6.7039346754090664e-19,3.7983088830054258e-19,3.7983088830054258e-19,6.0333131481295062e-41,3.7708207175809413e-40,1.4600872271163249e-22,-7.0938129697354472e-23,-7.0938129697354472e-23,-1.1754943508222875e-38,0.24615384615384622,-1
1153,0.75,0.265625,0,0.00024414062499999989,2.4320098614270916e-21,2.8492725854823387e-20,1.5751025720482495e-20,1.5751025720482495e-20,2.0283002886657107e-42,1.267687680416069e-41,6.3624794905752651e-24,-3.110766634360568e-24,-3.110766634360568e-24,-3.6734198463196485e-40,0.24615384615384622,-1
1154,0.765625,0.265625,0,0.00024414062499999989,5.9404472873097127e-23,9.2540945689241027e-22,4.9954059138999592e-22,4.9954059138999592e-22,4.9543429649513938e-44,3.0964643530946216e-43,2.1142699805159004e-25,-1.0397189099180033e-25,-1.0397189099180033e-25,0,0.24615384615384622,-1
1155,0.78125,0.265625,0,0.00024414062499999989,9.8523928356074547e-25,2.2075575404378981e-23,1.1649860058560958e-23,1.1649860058560958e-23,8.2169120896509403e-46,5.1355700560318375e-45,5.1490078419966375e-27,-2.5453406606001023e-27,-2.5453406606001023e-27,0,0.24615384615384622,-1
1156,0.796875,0.265625,0,0.00024414062499999989,9.7871450206801353e-27,3.6276446360119854e-25,1.8747198267846882e-25,1.8747198267846882e-25,8.1624953029631477e-48,5.1015595643519664e-47,8.6176103169071831e-29,-4.2796015850275795e-29,-4.2796015850275795e-29,1.1210387714598537e-44,0.24615384615384622,-1
1157,0.8125,0.265625,0,0.00024414062499999989,4.2944401810613099e-29,3.6473833202852542e-27,1.8504493258861627e-27,1.8504493258861627e-27,3.581570287627474e-50,2.2384814297671708e-49,8.7998997033072265e-31,-4.3870458847634051e-31,-4.3870458847634051e-31,-8.7581154020301067e-47,0.24615384615384622,-1
1158,0.828125,0.265625,0,0.00024414062499999989,0,1.6786654646982889e-29,8.3933273234914446e-30,8.3933273234914446e-30,0,0,4.0983043571735549e-33,-2.0491521785867774e-33,-2.0491521785867774e-33,0,0.24615384615384622,-1
1159,0.84375,0.265625,0,0.00024414062499999989,0,0,0,0,0,0,0,0,0,0,0.24615384615384622,-1
1160,0.859375,0.265625,0,0.00024414062499999989,0,0,0,0,0,0,0,0,0,0,0.24615384615384622,-1
1161,0.875,0.265625,0,0.00024414062499999989,0,0,0,0,0,0,0,0,0,0,0.24615384615384622,-1
1162,0.890625,0.265625,0,0.00024414062499999989,0,0,0,0,0,0,0,0,0,0,0.24615384615384622,-1
1163,0.90625,0.265625,0,0.00024414062499999989,0,0,0,0,0,0,0,0,0,0,0.24615384615384622,-1
1164,0.921875,0.265625,0,0.00024414062499999989,0,0,0,0,0,0,0,0,0,0,0.24615384615384622,-1
1165,0.9375,0.265625,0,0.00024414062499999989,0,0,0,0,0,0,0,0,0,0,0.24615384615384622,-1
1166,0.953125,0.265625,0,0.00024414062499999989,0,0,0,0,0,0,0,0,0,0,0.24615384615384622,-1
1167,0.96875,0.265625,0,0.00024414062499999989,0,0,0,0,0,0,0,0,0,0,0.24615384615384622,-1
1168,0.984375,0.265625,0,0.00024414062499999989,0,0,0,0,0,0,0,0,0,0,0.24615384615384622,-1
1169,1,0.265625,0,0.00012207031249999995,0,0,0,0,-0,0,0,0,0,0,0.49230769230769245,-1
1170,0,0.28125,0,0.00012207031249999995,0,0,0,0,0,0,0,0,0,0,0.16410256410256413,-1
1171,0.015625,0.28125,0,0.00024414062499999989,0,0,0,0,0,0,0,0,0,0,0.24615384615384622,-1
1172,0.03125,0.28125,0,0.00024414062499999989,0,0,0,0,0,0,0,0,0,0,0.24615384615384622,-1
1173,0.046875,0.28125,0,0.00024414062499999989,0,0,0,0,0,0,0,0,0,0,0.24615384615384622,-1
1174,0.0625,0.28125,0,0.00024414062499999989,0,0,0,0,0,0,0,0,0,0,0.24615384615384622,-1
1175,0.078125,0.28125,0,0.00024414062499999989,0,0,0,0,0,0,0,0,0,0,0.24615384615384622,-1
1176,0.09375,0.28125,0,0.00024414062499999989,0,0,0,0,0,0,0,0,0,0,0.24615384615384622,-1
1177,0.109375,0.28125,0,0.00024414062499999989,0,0,0,0,0,0,0,0,0,0,0.24615384615384622,-1
1178,0.125,0.28125,0,0.00024414062499999989,0,0,0,0,0,0,0,0,0,0,0.24615384615384622,-1
1179,0.140625,0.28125,0,0.00024414062499999989,0,0,0,0,0,0,0,0,0,0,0.24615384615384622,-1
1180,0.15625,0.28125,0,0.00024414062499999989,0,0,0,0,0,0,0,0,0,0,0.24615384615384622,-1
1181,0.171875,0.28125,0,0.00024414062499999989,0,0,0,0,0,0,0,0,0,0,0.24615384615384622,-1
1182,0.1875,0.28125,0,0.00024414062499999989,0,0,-6.3020649495817007e-31,0,0,0,0,-1.5385900755814693e-34,0,0,0.24615384615384622,-1
1183,0.203125,0.28125,0,0.00024414062499999989,0,0,-1.1767425203311868e-29,0,0,0,0,-2.8729065437773101e-33,0,0,0.24615384615384622,-1
1184,0.21875,0.28125,0,0.00024414062499999989,0,1.2604129899163401e-30,-1.1541235226571568e-29,7.9029477108507358e-31,0,0,3.0771801511629385e-34,-3.1254023966034916e-33,-1.1477495576935213e-34,0,0.24615384615384622,-1
1185,0.234375,0.28125,0,0.00024414062499999989,4.5923150072714427e-31,2.3881040307171888e-29,2.4764320446093585e-29,4.6490697433513263e-29,3.8299983904780641e-52,2.3937489940487903e-51,5.7182150406359209e-33,2.1564456516642997e-34,5.5199358218606847e-33,0,0.24615384615384622,-1
1186,0.25,0.28125,0,0.00024414062499999989,2.3191417034684448e-28,1.9917048878144985e-28,1.0692034489100638e-27,5.8914775429290318e-28,1.9341680563094012e-49,1.2088550351933756e-48,-7.9940628821764209e-33,2.124103906563998e-31,9.520929333775713e-32,-1.0947644252537633e-47,0.24615384615384622,-1
1187,0.265625,0.28125,0,0.00024414062499999989,-3.9808840197632857e-28,-3.2517273820472602e-28,-1.8983339652152338e-27,-1.8697567405624236e-27,-3.3200639251078327e-49,-2.0750399531923953e-48,1.7801675725488889e-32,-3.8407256518811211e-31,-3.7709570370060962e-31,4.3790577010150533e-47,0.24615384615384622,-1
1188,0.28125,0.28125,0,0.00024414062499999989,6.3235155106105722e-27,3.1167221727769004e-27,2.0867533508725016e-26,1.1076270882468681e-26,5.2738225033459742e-48,3.2961390645912341e-47,-7.8290852974454844e-31,4.3336941738154556e-30,1.9432491967020942e-30,-3.5032461608120427e-46,0.24615384615384622,-1
1189,0.296875,0.28125,0,0.00024414062499999989,2.2275110326921291e-26,1.9767422045442146e-26,5.7090520377903386e-25,4.3555929197405827e-26,1.8577479237540278e-47,1.1610924523462673e-46,-6.1222858434549455e-31,1.345551224935526e-28,5.8077410038973809e-30,0,0.24615384615384622,-1
1190,0.3125,0.28125,0,0.00024414062499999989,-5.3627305421406877e-24,-4.0734120649759681e-24,-1.778650725224296e-23,-5.3748239199303327e-24,-4.4725262340333086e-45,-2.7953288962708176e-44,3.1477501883904261e-28,-3.3479236297038541e-27,-3.1772750365096784e-28,2.2560905275629555e-43,0.24615384615384622,-1
1191,0.328125,0.28125,0,0.00024414062499999989,-5.3954346624150418e-24,-5.1616124396950306e-24,-3.8400859078130231e-23,-5.3954346624150418e-24,-4.4998015249953714e-45,-2.8123759531221068e-44,5.7085503593752783e-29,-8.1150504488367151e-27,-5.7085503593752715e-29,-3.363116314379561e-44,0.24615384615384622,-1
1192,0.34375,0.28125,0,0.00024414062499999989,2.3716540817834372e-22,2.036030459291322e-22,2.944984220986038e-22,2.7793518690607895e-22,1.9779634675797822e-43,1.2362271672373638e-42,-8.1939360959989034e-27,2.2191253947624896e-26,1.8147495355699882e-26,0,0.24615384615384622,-1
1193,0.359375,0.28125,0,0.00024414062499999989,1.5628603898593017e-22,1.8273219344971863e-22,2.1523538747988053e-22,2.2160086163460842e-22,1.3034281769053829e-43,8.1464261056586418e-43,6.456580679635855e-27,7.9353501050199949e-27,9.4894209435765969e-27,2.8698592549372254e-42,0.24615384615384622,-1
1194,0.375,0.28125,0,0.00024414062499999989,-3.57691470783844e-22,-3.5949355220596025e-22,-4.4901923999893293e-22,-4.4901923999893293e-22,-2.9831528438721469e-43,-1.8644705274200918e-42,-4.3996128469635055e-28,-2.1856857371331207e-26,-2.1856857371331207e-26,-2.8698592549372254e-42,0.24615384615384622,-1
1195,0.390625,0.28125,0,0.00024414062499999989,4.4552175035284553e-22,2.8287272503072335e-22,3.430150851336917e-22,3.5847700498161653e-22,3.7156588432469211e-43,2.3222867770293254e-42,-3.9709234697783725e-26,1.4683193384513756e-26,1.8458076159886024e-26,2.8698592549372254e-42,0.24615384615384622,-1
1196,0.40625,0.28125,0,0.00024414062499999989,6.4045127464796897e-22,5.7560805585743078e-22,2.5239855667636861e-21,6.404512746176999e-22,5.3413743334187578e-43,3.3383589583867232e-42,-1.5830863962533738e-26,4.7567810324859734e-25,1.5830863955143827e-26,-2.8698592522644607e-42,0.24615384615384622,-1
1197,0.421875,0.28125,0,0.00024414062499999989,6.4045020369113556e-22,6.3483212029322907e-22,4.5650087727673211e-19,6.4045125108282507e-22,5.3413654016208703e-43,3.3383533760130435e-42,-1.3716023920670214e-27,1.1129542118077117e-22,1.3718581029287197e-27,-5.381117474738328e-42,0.24615384615384622,-1
1198,0.4375,0.28125,0,0.00024414062499999989,-3.0465386911408842e-20,-2.6640477007093564e-20,2.1740108453203827e-18,-9.7981338452646487e-21,-2.5408183596123784e-41,-1.5880114747577368e-40,9.3381589460822266e-25,5.3726838924010626e-22,4.111900185993386e-24,-7.3468396926392969e-40,0.24615384615384622,-1
1199,0.453125,0.28125,0,0.00024414062499999989,-1.6644974550419821e-17,-1.3459318868649669e-17,-1.3218872469640734e-17,-1.3382005010657465e-17,-1.3881936591177774e-38,-8.6762103694861069e-38,7.7774796918216617e-22,5.870273413304073e-23,1.8875453611377937e-23,-4.70197740328915e-37,0.24615384615384622,-1
1200,0.46875,0.28125,0,0.00024414062499999989,-3.4691653569297236e-17,-3.0564796338592793e-17,-6.6241305306665844e-11,-4.0940861618167872e-17,-2.893289705149736e-38,-1.8083060657185849e-37,1.0075335035899522e-21,-1.6172186216276728e-14,-2.5332190623962582e-21,-9.4039548065783001e-37,0.24615384615384622,-1
1201,0.484375,0.28125,0,0.00024414062499999989,-3.4297692842170519e-17,-3.3618957039497e-17,-4.5243542600679924e-08,-3.4691653564233765e-17,-2.8604333146709088e-38,-1.787770821669318e-37,1.6570698307458996e-22,-1.1045786759536364e-11,-2.6188879998456243e-22,5.8774717541114375e-37,0.24615384615384622,1201
1202,0.5,0.28125,0,0.00024414062499999989,4.1992747908314821e-10,4.4904325181854162e-10,-5.0174121030723935e-08,3.1777096617936794e-13,3.5022021931408504e-31,2.1888763707130315e-30,7.1083429529769064e-15,-1.2359170967417593e-11,-1.095521193487212e-13,0,0.24615384615384622,1201
1203,0.515625,0.28125,0,0.00024414062499999989,1.1928898256232118e-07,1.804126258258274e-07,1.3829682014828497e-07,1.2618294145239914e-07,9.9487210805887776e-29,6.2179506753679851e-28,1.4922764468629442e-11,-1.0282179120493752e-11,-1.3239669036481499e-11,-4.0389678347315804e-27,0.24615384615384622,1201
1204,0.53125,0.28125,0,0.00024414062499999989,9.3729308092671821e-08,1.719780579647534e-07,1.3521341976683382e-07,1.3341474259860525e-07,7.8170399584336896e-29,4.8856499740210556e-28,1.9103698699238658e-11,-8.9757417475389584e-12,-9.414871915563506e-12,-3.2311742677852644e-27,0.24615384615384622,1201
1205,0.546875,0.28125,0,0.00024414062499999989,3.8095244347337907e-08,8.1189363384143173e-08,6.1810557427465716e-08,6.1810557427465716e-08,3.1771497448269153e-29,1.9857185905168218e-28,1.0521025155470031e-11,-4.7311537980169547e-12,-4.7311537980169547e-12,0,0.24615384615384622,1201
1206,0.5625,0.28125,0,0.00024414062499999989,1.1212857131149309e-08,2.680512543005092e-08,1.9804576307790824e-08,1.9804576307790824e-08,9.3515415856628191e-30,5.8447134910392607e-29,3.8067061276615241e-12,-1.7091184380517804e-12,-1.7091184380517804e-12,4.0389678347315804e-28,0.24615384615384622,1201
1207,0.578125,0.28125,0,0.00024414062499999989,2.6762210676099411e-09,7.0582427514772386e-09,5.0776740704562497e-09,5.0776740704562497e-09,2.2319728427339806e-30,1.3949830267087378e-29,1.0698295126629138e-12,-4.8353727563988976e-13,-4.8353727563988976e-13,2.0194839173657902e-28,0.24615384615384622,-1
1208,0.59375,0.28125,0,0.00024414062499999989,5.4992717221483905e-10,1.5834783384942114e-09,1.1128996195766902e-09,1.1128996195766902e-09,4.5864018063395285e-31,2.8665011289622048e-30,2.5233182770492477e-13,-1.1488738254822289e-13,-1.1488738254822289e-13,2.5243548967072378e-29,0.24615384615384622,-1
1209,0.609375,0.28125,0,0.00024414062499999989,1.0013975980435441e-10,3.1336775990041187e-10,2.1566467547265963e-10,2.1566467547265963e-10,8.3516727024659725e-32,5.2197954390412329e-31,5.2057617210951498e-14,-2.3853292096619193e-14,-2.3853292096619193e-14,1.2621774483536189e-29,0.24615384615384622,-1
1210,0.625,0.28125,0,0.00024414062499999989,1.6178001689067738e-11,5.5168684451081406e-11,3.7196142061451759e-11,3.7196142061451759e-11,1.3492480444431849e-32,8.4328002777699043e-32,9.5192096586947385e-15,-4.3878277318431741e-15,-4.3878277318431741e-15,7.8886090522101181e-31,0.24615384615384622,-1
1211,0.640625,0.28125,0,0.00024414062499999989,2.2791342114045081e-12,8.5460723475776952e-12,5.6386560081328404e-12,5.6386560081328404e-12,1.9008017410698502e-33,1.1880010881686562e-32,1.5300141934016564e-15,-7.098184422472787e-16,-7.098184422472787e-16,-9.8607613152626476e-32,0.24615384615384622,-1
1212,0.65625,0.28125,0,0.00024414062499999989,2.7378571256278549e-13,1.1430716624865658e-12,7.3683850151449183e-13,7.3683850151449183e-13,2.2833774181235684e-34,1.4271108863272304e-33,2.1222801511811029e-16,-9.9178017815447718e-17,-9.9178017815447718e-17,4.9303806576313238e-32,0.24615384615384622,-1
1213,0.671875,0.28125,0,0.00024414062499999989,2.7499631507061255e-14,1.296426861983399e-13,8.1532365119425821e-14,8.1532365119425821e-14,2.2934738632697418e-35,1.4334211645435884e-34,2.4937269211737942e-17,-1.1745683857156753e-17,-1.1745683857156753e-17,-1.5407439555097887e-33,0.24615384615384622,-1
1214,0.6875,0.28125,0,0.00024414062499999989,2.2737955837101091e-15,1.2287870245081371e-14,7.5330410955156528e-15,7.5330410955156528e-15,1.8963493166511123e-36,1.1852183229069451e-35,2.4448424466238422e-18,-1.1608469603431921e-18,-1.1608469603431921e-18,-3.8518598887744717e-34,0.24615384615384622,-1
1215,0.703125,0.28125,0,0.00024414062499999989,1.526874819572675e-16,9.6183040084007989e-16,5.745984700773764e-16,5.745984700773764e-16,1.2734161511493131e-37,7.9588509446832062e-37,1.9754465793037404e-19,-9.4539045596363133e-20,-9.4539045596363133e-20,0,0.24615384615384622,-1
1216,0.71875,0.28125,0,0.00024414062499999989,8.2092685266514953e-18,6.1475691562751846e-17,3.5792426430047936e-17,3.5792426430047936e-17,6.846543670086484e-39,4.2790897938040521e-38,1.3004497811547933e-20,-6.2703284015390375e-21,-6.2703284015390375e-21,-2.256949153578792e-36,0.24615384615384622,-1
1217,0.734375,0.28125,0,0.00024414062499999989,3.4718176910602452e-19,3.1672752272481177e-18,1.7980161231425238e-18,1.7980161231425238e-18,2.8955017562470201e-40,1.8096885976543878e-39,6.8849937942922165e-22,-3.3429177346327968e-22,-3.3429177346327968e-22,9.4039548065783001e-38,0.24615384615384622,-1
1218,0.75,0.28125,0,0.00024414062499999989,1.1268687645352479e-20,1.2934510809278986e-19,7.1647249321229838e-20,7.1647249321229838e-20,9.3981043278090184e-42,5.8738152048806355e-41,2.8827251085800131e-23,-1.408639130165039e-23,-1.408639130165039e-23,0,0.24615384615384622,-1
1219,0.765625,0.28125,0,0.00024414062499999989,2.7054698353441005e-22,4.0888286520116735e-21,2.2122009998476114e-21,2.2122009998476114e-21,2.2563663639031336e-43,1.4102289774394586e-42,9.3219767296808162e-25,-4.5816104789161654e-25,-4.5816104789161654e-25,-9.1835496157991212e-41,0.24615384615384622,-1
1220,0.78125,0.28125,0,0.00024414062499999989,4.5243208911058842e-24,9.6538542594995789e-23,5.1079943839531999e-23,5.1079943839531999e-23,3.7732911839681177e-45,2.3583069899800736e-44,2.2464409595676235e-26,-1.1098290711783148e-26,-1.1098290711783148e-26,1.4349296274686127e-42,0.24615384615384622,-1
1221,0.796875,0.28125,0,0.00024414062499999989,4.7091624864189695e-26,1.605316253458656e-24,8.3195777131307096e-25,8.3195777131307096e-25,3.927449383355913e-47,2.4546558645974456e-46,3.804259347154457e-28,-1.8880822318007436e-28,-1.8880822318007436e-28,-2.2420775429197073e-44,0.24615384615384622,-1
1222,0.8125,0.28125,0,0.00024414062499999989,2.3040324122334124e-28,1.6828484214809933e-26,8.5578010500133541e-27,8.5578010500133541e-27,1.9215668821696025e-49,1.2009793013560015e-48,4.0522658626920371e-30,-2.0192097570304138e-30,-2.0192097570304138e-30,0,0.24615384615384622,-1
1223,0.828125,0.28125,0,0.00024414062499999989,0,8.412027865768771e-29,4.2060139328843855e-29,4.2060139328843855e-29,0,0,2.053717740666203e-32,-1.0268588703331015e-32,-1.0268588703331015e-32,0,0.24615384615384622,-1
1224,0.84375,0.28125,0,0.00024414062499999989,0,0,0,0,0,0,0,0,0,0,0.24615384615384622,-1
1225,0.859375,0.28125,0,0.00024414062499999989,0,0,0,0,0,0,0,0,0,0,0.24615384615384622,-1
1226,0.875,0.28125,0,0.00024414062499999989,0,0,0,0,0,0,0,0,0,0,0.24615384615384622,-1
1227,0.890625,0.28125,0,0.00024414062499999989,0,0,0,0,0,0,0,0,0,0,0.24615384615384622,-1
1228,0.90625,0.28125,0,0.00024414062499999989,0,0,0,0,0,0,0,0,0,0,0.24615384615384622,-1
1229,0.921875,0.28125,0,0.00024414062499999989,0,0,0,0,0,0,0,0,0,0,0.24615384615384622,-1
1230,0.9375,0.28125,0,0.00024414062499999989,0,0,0,0,0,0,0,0,0,0,0.24615384615384622,-1
1231,0.953125,0.28125,0,0.00024414062499999989,0,0,0,0,0,0,0,0,0,0,0.24615384615384622,-1
1232,0.96875,0.28125,0,0.00024414062499999989,0,0,0,0,0,0,0,0,0,0,0.24615384615384622,-1
1233,0.984375,0.28125,0,0.00024414062499999989,0,0,0,0,0,0,0,0,0,0,0.24615384615384622,-1
1234,1,0.28125,0,0.00012207031249999995,0,0,0,0,-0,0,0,0,0,0,0.49230769230769245,-1
1235,0,0.296875,0,0.00012207031249999995,0,0,0,0,0,0,0,0,0,0,0.16410256410256413,-1
1236,0.015625,0.296875,0,0.00024414062499999989,0,0,0,0,0,0,0,0,0,0,0.24615384615384622,-1
1237,0.03125,0.296875,0,0.00024414062499999989,0,0,0,0,0,0,0,0,0,0,0.24615384615384622,-1
1238,0.046875,0.296875,0,0.00024414062499999989,0,0,0,0,0,0,0,0,0,0,0.24615384615384622,-1
1239,0.0625,0.296875,0,0.00024414062499999989,0,0,0,0,0,0,0,0,0,0,0.24615384615384622,-1
1240,0.078125,0.296875,0,0.00024414062499999989,0,0,0,0,0,0,0,0,0,0,0.24615384615384622,-1
1241,0.09375,0.296875,0,0.00024414062499999989,0,0,0,0,0,0,0,0,0,0,0.24615384615384622,-1
1242,0.109375,0.296875,0,0.00024414062499999989,0,0,0,0,0,0,0,0,0,0,0.24615384615384622,-1
1243,0.125,0.296875,0,0.00024414062499999989,0,0,0,0,0,0,0,0,0,0,0.24615384615384622,-1
1244,0.140625,0.296875,0,0.00024414062499999989,0,0,0,0,0,0,0,0,0,0,0.24615384615384622,-1
1245,0.15625,0.296875,0,0.00024414062499999989,0,0,0,0,0,0,0,0,0,0,0.24615384615384622,-1
1246,0.171875,0.296875,0,0.00024414062499999989,0,0,0,0,0,0,0,0,0,0,0.24615384615384622,-1
1247,0.1875,0.296875,0,0.00024414062499999989,0,0,-3.6709743949725016e-30,0,0,0,0,-8.9623398314758306e-34,0,0,0.24615384615384622,-1
1248,0.203125,0.296875,0,0.00024414062499999989,3.0722566629210793e-29,2.3160088689712744e-29,2.1851272224299084e-29,6.0205043203149525e-29,2.5622671910554619e-50,1.6014169944096637e-49,-1.8463080906977662e-33,-3.1953526987638184e-34,9.0441783480070224e-33,1.3684555315672042e-48,0.24615384615384622,-1
1249,0.21875,0.296875,0,0.00024414062499999989,5.736619786614535e-28,4.3979482501165622e-28,4.1004628538196712e-27,5.9098448825459128e-28,4.7843504887467779e-49,2.9902190554667358e-48,-3.2682410559032524e-32,8.9371778047070638e-31,3.6911538877669683e-32,-1.300032754988844e-47,0.24615384615384622,-1
1250,0.234375,0.296875,0,0.00024414062499999989,5.9152085792166591e-28,4.6365831247384867e-28,4.3004709592547853e-27,5.1848968714157833e-28,4.9332938402243057e-49,3.0833086501401902e-48,-3.1216441759720996e-32,9.3672183759300167e-31,1.3386566080988683e-32,-2.7369110631344083e-48,0.24615384615384622,-1
1251,0.25,0.296875,0,0.00024414062499999989,-1.5388677888125385e-27,-8.2063293654005592e-27,1.6948592617929867e-27,-3.8520229457542788e-27,-1.2834183075373223e-48,-8.0213644221082636e-48,-1.6277982364716837e-30,2.4172823796859232e-30,1.0630630907339546e-30,-2.627434620609032e-46,0.24615384615384622,-1
1252,0.265625,0.296875,0,0.00024414062499999989,-3.8632582600220013e-26,-3.6523181420176121e-26,-9.3298433244830242e-26,-9.5207130509957311e-26,-3.2219638449141725e-47,-2.0137274030713578e-46,5.1499052247165368e-31,-1.3861145465003443e-29,-1.4327136008247354e-29,0,0.24615384615384622,-1
1253,0.28125,0.296875,0,0.00024414062499999989,4.7230134177811247e-26,2.2090541092843239e-26,9.6011423596068089e-26,4.7161213390415016e-26,3.9390010832588333e-47,2.4618756770367705e-46,-6.137595968009764e-30,1.804709045488887e-29,6.1207696038993568e-30,-6.9243849897300531e-46,0.24615384615384622,-1
1254,0.296875,0.296875,0,0.00024414062499999989,-8.3834581327383354e-25,-5.3005222325414297e-25,-1.338634347928978e-23,-7.5310518055386162e-25,-6.9918180926585965e-46,-4.3698863079116222e-45,7.5266989750901007e-29,-3.1387429824305744e-27,-5.445628840325159e-29,-3.0828566215145976e-44,0.24615384615384622,-1
1255,0.3125,0.296875,0,0.00024414062499999989,-5.2222691271392969e-24,-4.0478637885827253e-24,-7.0140401116360037e-23,-5.1562122941105763e-24,-4.3553811791910813e-45,-2.7221132369944254e-44,2.8672005335853771e-28,-1.6135873371039376e-26,-2.7059289685738533e-28,1.2611686178923354e-43,0.24615384615384622,-1
1256,0.328125,0.296875,0,0.00024414062499999989,6.3174890246382695e-22,5.0143940719459211e-22,1.6246458684400908e-21,6.3467291896093625e-22,5.2687964039739556e-43,3.2929977524837222e-42,-3.1813841618465502e-26,2.7422032745251419e-25,3.2527712833580095e-26,-2.3317606446364956e-41,0.24615384615384622,-1
1257,0.34375,0.296875,0,0.00024414062499999989,6.3906945437243903e-22,6.1148523790492552e-22,1.4459045399168862e-21,6.4008530721158911e-22,5.329849929228649e-43,3.3311562057679057e-42,-6.7344278485140339e-27,2.0371564990526376e-25,6.9824387955721628e-27,-8.6992608665284644e-42,0.24615384615384622,-1
1258,0.359375,0.296875,0,0.00024414062499999989,-2.8482349924826904e-21,-4.1077269994099002e-21,9.4498285999255728e-19,-4.4748560439912819e-21,-2.3754327435376677e-42,-1.4846454647110419e-41,-3.0749316575371315e-25,2.3171156908983566e-22,-8.9631114399751375e-26,0,0.24615384615384622,-1
1259,0.375,0.296875,0,0.00024414062499999989,1.7080094735159569e-22,-1.3551873461689104e-21,-1.718342823325753e-20,-1.7183428233257689e-20,1.4244827552398641e-43,8.9030172202491497e-43,-3.7255573572277967e-25,-3.8643166228243684e-24,-3.8643166228244074e-24,0,0.24615384615384622,-1
1260,0.390625,0.296875,0,0.00024414062499999989,6.4045123030272896e-22,-1.8971399842711364e-18,-8.8945602413279921e-12,-4.625482190653143e-17,5.341373963578715e-43,3.3383587272366967e-42,-4.6332530163609337e-22,-2.1715230332490247e-15,-1.0829512188051825e-20,0,0.24615384615384622,-1
1261,0.40625,0.296875,0,0.00024414062499999989,6.404512099234533e-22,3.3707315059142294e-20,5.318270430660765e-19,5.318270430660765e-19,5.3413737936152151e-43,3.3383586210095091e-42,8.0729648069381905e-24,1.2161126172044289e-22,1.2161126172044289e-22,-2.350988701644575e-38,0.24615384615384622,-1
1262,0.421875,0.296875,0,0.00024414062499999989,-9.2762394640185287e-20,1.7789118516385529e-11,8.8945618682275964e-12,8.894561019227969e-12,-7.736399214911278e-41,-4.8352495093195484e-40,4.3430465354365036e-15,-2.1715226191791821e-15,-2.1715228264544817e-15,-3.944304526105059e-31,0.24615384615384622,-1
1263,0.4375,0.296875,0,0.00024414062499999989,-2.2098268959778026e-17,-1.7687843735283486e-17,-1.8069359956540495e-17,-1.9551613402986159e-17,-1.8429993241815635e-38,-1.1518745776134772e-37,1.0767639708238618e-21,-9.314360870532446e-23,-4.5502189152897268e-22,9.4039548065783001e-38,0.24615384615384622,-1
1264,0.453125,0.296875,0,0.00024414062499999989,-4.0940861619773969e-17,-3.6198776932249922e-17,-4.3375145195855206e-10,-4.1633314491108091e-17,-3.4144747008913347e-38,-2.1340466880570839e-37,1.1577355194150512e-21,-1.058963417382263e-13,-1.3267913962056072e-21,-8.6986581960849276e-37,0.24615384615384622,-1
1265,0.46875,0.296875,0,0.00024414062499999989,-3.469165356929408e-17,-3.5239107634928557e-17,-7.059140114807796e-07,-4.1086391783503243e-17,-2.8932897051494729e-38,-1.8083060657184206e-37,-1.3365577774279034e-22,-1.7234228795057133e-10,-1.4275596065856159e-21,-1.504632769052528e-36,0.24615384615384622,1201
1266,0.484375,0.296875,0,0.00024414062499999989,3.2292620062290599e-09,3.301869559857028e-09,-8.8872523602187952e-07,5.1066293377975383e-13,2.6932099097526506e-30,1.6832561935954065e-29,1.7726453522453047e-14,-2.1778005507366605e-10,-8.0599582444415201e-13,0,0.24615384615384622,1201
1267,0.5,0.296875,0,0.00024414062499999989,2.2039429900333054e-06,3.0732619692158882e-06,2.3898326955703082e-06,2.1647203258610286e-06,1.8380921367910063e-27,1.148807585494379e-26,2.1223607890199768e-10,-1.6685285001112786e-10,-2.218119246471824e-10,-7.2701421025168448e-26,0.24615384615384622,1201
1268,0.515625,0.296875,0,0.00024414062499999989,1.9923601612037055e-06,3.2867095434726327e-06,2.6829028551565483e-06,2.6424046421153862e-06,1.6616317039620213e-27,1.0385198149762632e-26,3.1600326715549977e-10,-1.4741374226466896e-10,-1.5730100130792139e-10,-1.5509636485369269e-25,0.24615384615384622,1201
1269,0.53125,0.296875,0,0.00024414062499999989,8.9867077302657083e-07,1.7175081176291136e-06,1.3573821357274357e-06,1.3573821357274357e-06,7.4949292651125827e-28,4.6843307906953649e-27,1.9991146108460509e-10,-8.7921382300214258e-11,-8.7921382300214258e-11,-3.8774091213423172e-26,0.24615384615384622,1201
1270,0.546875,0.296875,0,0.00024414062499999989,2.9132393776545428e-07,6.2330454097503411e-07,4.7742780366868723e-07,4.7742780366868723e-07,2.4296465094025955e-28,1.5185290683766223e-27,8.1049951955463787e-11,-3.5614437818932332e-11,-3.5614437818932332e-11,6.4623485355705287e-27,0.24615384615384622,1201
1271,0.5625,0.296875,0,0.00024414062499999989,7.6688581094373362e-08,1.8043727830926522e-07,1.3444727690319053e-07,1.3444727690319053e-07,6.3958404790269531e-29,3.9974002993918453e-28,2.5329271780979451e-11,-1.122802768702995e-11,-1.122802768702995e-11,-4.8467614016778965e-27,0.24615384615384622,1201
1272,0.578125,0.296875,0,0.00024414062499999989,1.7433376582248683e-08,4.4625463045844133e-08,3.2461345943094507e-08,3.2461345943094507e-08,1.4539465203255341e-29,9.0871657520345877e-29,6.6386929842762295e-12,-2.9697551520384817e-12,-2.9697551520384817e-12,0,0.24615384615384622,1201
1273,0.59375,0.296875,0,0.00024414062499999989,3.5220686476547163e-09,9.7635926933352667e-09,6.95001804634982e-09,6.95001804634982e-09,2.9374111380233282e-30,1.8358819612645798e-29,1.5238095814649772e-12,-6.869078727991809e-13,-6.869078727991809e-13,1.0097419586828951e-28,0.24615384615384622,-1
1274,0.609375,0.296875,0,0.00024414062499999989,6.3271148965716383e-10,1.9044075620450361e-09,1.3270748624583355e-09,1.3270748624583355e-09,5.2768243972525915e-31,3.2980152482828696e-30,3.1047267392282022e-13,-1.4095036611003425e-13,-1.4095036611003425e-13,0,0.24615384615384622,-1
1275,0.625,0.296875,0,0.00024414062499999989,9.9390991391407328e-11,3.2752150891579568e-10,2.2316097162419412e-10,2.2316097162419412e-10,8.2892252916962999e-32,5.1807658073101869e-31,5.5695927129977601e-14,-2.5478646799707405e-14,-2.5478646799707405e-14,6.3108872417680944e-30,0.24615384615384622,-1
1276,0.640625,0.296875,0,0.00024414062499999989,1.3377191692725624e-11,4.8798037977193067e-11,3.2456129328771941e-11,3.2456129328771941e-11,1.1156600226929358e-32,6.9728751418308489e-32,8.6476675499188057e-15,-3.9897237911184373e-15,-3.9897237911184373e-15,-7.8886090522101181e-31,0.24615384615384622,-1
1277,0.65625,0.296875,0,0.00024414062499999989,1.5170420393042297e-12,6.1996481694059123e-12,4.0195750458003674e-12,4.0195750458003674e-12,1.2652155959734508e-33,7.9075974748340668e-33,1.1432143872318556e-15,-5.322444149427598e-16,-5.322444149427598e-16,0,0.24615384615384622,-1
1278,0.671875,0.296875,0,0.00024414062499999989,1.4320057796352493e-13,6.6376940320285148e-13,4.1917584748059437e-13,4.1917584748059437e-13,1.194295213301797e-34,7.464345083136231e-34,1.270919983494449e-16,-5.9715223565004152e-17,-5.9715223565004152e-17,1.2325951644078309e-32,0.24615384615384622,-1
1279,0.6875,0.296875,0,0.00024414062499999989,1.1143663285704886e-14,5.9366457568903303e-14,3.6506149887579394e-14,3.6506149887579394e-14,9.2938338029293794e-36,5.8086461268308621e-35,1.1773143135546483e-17,-5.5811298050107184e-18,-5.5811298050107184e-18,1.5407439555097887e-33,0.24615384615384622,-1
1280,0.703125,0.296875,0,0.00024414062499999989,7.0824993588799679e-16,4.401570732493976e-15,2.6359888578254764e-15,2.6359888578254764e-15,5.9068163011729656e-37,3.6917601882331025e-36,9.0168964760888128e-19,-4.3105026237023901e-19,-4.3105026237023901e-19,0,0.24615384615384622,-1
1281,0.71875,0.296875,0,0.00024414062499999989,3.6355673454454485e-17,2.6828324207320495e-16,1.5654756849675974e-16,1.5654756849675974e-16,3.0320692416533181e-38,1.8950432760333241e-37,5.6622941557312111e-20,-2.7279217181749307e-20,-2.7279217181749307e-20,-6.018531076210112e-36,0.24615384615384622,-1
1282,0.734375,0.296875,0,0.00024414062499999989,1.4846560585402436e-18,1.3300600747579997e-17,7.5675496342588649e-18,7.5675496342588649e-18,1.2382056338946912e-39,7.7387852118418199e-39,2.8847521213475949e-21,-1.3996706819631665e-21,-1.3996706819631665e-21,-1.88079096131566e-37,0.24615384615384622,-1
1283,0.75,0.296875,0,0.00024414062499999989,4.7187137127502756e-20,5.2843922630176167e-19,2.9343372765177134e-19,2.9343372765177134e-19,3.9354151220776845e-41,2.4596344512985528e-40,1.1749318583355927e-22,-5.7374389318845274e-23,-5.7374389318845274e-23,-1.1754943508222875e-38,0.24615384615384622,-1
1284,0.765625,0.296875,0,0.00024414062499999989,1.1284001723682144e-21,1.6461976757741171e-20,8.9308631474273815e-21,8.9308631474273815e-21,9.4108762947279673e-43,5.88179768420498e-42,3.7435489710383178e-24,-1.8386507837680142e-24,-1.8386507837680142e-24,0,0.24615384615384622,-1
1285,0.78125,0.296875,0,0.00024414062499999989,1.9181752223190974e-23,3.8866350878295575e-22,2.0624831057522502e-22,2.0624831057522502e-22,1.5997613409586393e-44,9.9985083809914954e-44,9.0205506972598774e-26,-4.4534960499934243e-26,-4.4534960499934243e-26,5.7397185098744507e-42,0.24615384615384622,-1
1286,0.796875,0.296875,0,0.00024414062499999989,2.0780699870107436e-25,6.5673321904356004e-24,3.4129594084383002e-24,3.4129594084383002e-24,1.7331138419184402e-46,1.0831961511990253e-45,1.5526184550133113e-27,-7.7011054247980927e-28,-7.7011054247980927e-28,0,0.24615384615384622,-1
1287,0.8125,0.296875,0,0.00024414062499999989,1.0858744255771598e-27,7.1120523664519227e-26,3.6236845128196152e-26,3.6236845128196152e-26,9.0562108558246614e-49,5.6601317848904125e-48,1.7098303036851084e-29,-8.5165230801569966e-30,-8.5165230801569966e-30,-1.4012984643248171e-45,0.24615384615384622,-1
1288,0.828125,0.296875,0,0.00024414062499999989,0,3.7286424803098993e-28,1.8643212401549496e-28,1.8643212401549496e-28,0,0,9.1031310554440857e-32,-4.5515655277220428e-32,-4.5515655277220428e-32,0,0.24615384615384622,-1
1289,0.84375,0.296875,0,0.00024414062499999989,0,0,0,0,0,0,0,0,0,0,0.24615384615384622,-1
1290,0.859375,0.296875,0,0.00024414062499999989,0,0,0,0,0,0,0,0,0,0,0.24615384615384622,-1
1291,0.875,0.296875,0,0.00024414062499999989,0,0,0,0,0,0,0,0,0,0,0.24615384615384622,-1
1292,0.890625,0.296875,0,0.00024414062499999989,0,0,0,0,0,0,0,0,0,0,0.24615384615384622,-1
1293,0.90625,0.296875,0,0.00024414062499999989,0,0,0,0,0,0,0,0,0,0,0.24615384615384622,-1
1294,0.921875,0.296875,0,0.00024414062499999989,0,0,0,0,0,0,0,0,0,0,0.24615384615384622,-1
1295,0.9375,0.296875,0,0.00024414062499999989,0,0,0,0,0,0,0,0,0,0,0.24615384615384622,-1
1296,0.953125,0.296875,0,0.00024414062499999989,0,0,0,0,0,0,0,0,0,0,0.24615384615384622,-1
1297,0.96875,0.296875,0,0.00024414062499999989,0,0,0,0,0,0,0,0,0,0,0.24615384615384622,-1
1298,0.984375,0.296875,0,0.00024414062499999989,0,0,0,0,0,0,0,0,0,0,0.24615384615384622,-1
1299,1,0.296875,0,0.00012207031249999995,0,0,0,0,-0,0,0,0,0,0,0.49230769230769245,-1
1300,0,0.3125,0,0.00012207031249999995,0,0,0,0,0,0,0,0,0,0,0.16410256410256413,-1
1301,0.015625,0.3125,0,0.00024414062499999989,0,0,0,0,0,0,0,0,0,0,0.24615384615384622,-1
1302,0.03125,0.3125,0,0.00024414062499999989,0,0,0,0,0,0,0,0,0,0,0.24615384615384622,-1
1303,0.046875,0.3125,0,0.00024414062499999989,0,0,0,0,0,0,0,0,0,0,0.24615384615384622,-1
1304,0.0625,0.3125,0,0.00024414062499999989,0,0,0,0,0,0,0,0,0,0,0.24615384615384622,-1
1305,0.078125,0.3125,0,0.00024414062499999989,0,0,0,0,0,0,0,0,0,0,0.24615384615384622,-1
1306,0.09375,0.3125,0,0.00024414062499999989,0,0,0,0,0,0,0,0,0,0,0.24615384615384622,-1
1307,0.109375,0.3125,0,0.00024414062499999989,0,0,0,0,0,0,0,0,0,0,0.24615384615384622,-1
1308,0.125,0.3125,0,0.00024414062499999989,0,0,0,0,0,0,0,0,0,0,0.24615384615384622,-1
1309,0.140625,0.3125,0,0.00024414062499999989,0,0,0,0,0,0,0,0,0,0,0.24615384615384622,-1
1310,0.15625,0.3125,0,0.00024414062499999989,0,0,0,0,0,0,0,0,0,0,0.24615384615384622,-1
1311,0.171875,0.3125,0,0.00024414062499999989,0,0,0,0,0,0,0,0,0,0,0.24615384615384622,-1
1312,0.1875,0.3125,0,0.00024414062499999989,0,0,-5.2308001555174552e-30,0,0,0,0,-1.2770508192181282e-33,0,0,0.24615384615384622,-1
1313,0.203125,0.3125,0,0.00024414062499999989,5.6069735238066285e-29,4.2267954256388546e-29,3.4733321924154521e-27,8.77848412268336e-29,4.6762252889075775e-50,2.9226408055672363e-49,-3.3695754349799156e-33,8.3766216751930233e-31,1.1112521233018805e-32,1.3684555315672042e-48,0.24615384615384622,-1
1314,0.21875,0.3125,0,0.00024414062499999989,-1.8621723124063682e-27,-1.3933298351953031e-27,1.1914018309305269e-26,-1.0756518691182157e-27,-1.5530548205025694e-48,-9.7065926281410583e-48,1.1446349541285766e-31,3.2488642930909586e-30,7.7558097186788861e-32,2.1895288505075267e-47,0.24615384615384622,-1
1315,0.234375,0.3125,0,0.00024414062499999989,-1.741191253253956e-25,-1.3809355785196075e-25,-6.9400433829477395e-25,-1.7436901368172568e-25,-1.4521564149928443e-46,-9.0759775937052758e-46,8.795304558944056e-30,-1.3572040538154613e-28,-8.8563124584386987e-30,-5.583298568794193e-45,0.24615384615384622,-1
1316,0.25,0.3125,0,0.00024414062499999989,-1.7445528485284677e-25,-1.5905436514756597e-25,-1.3460012260075683e-24,-1.7446789176264406e-25,-1.4549599910694922e-46,-9.0934999441843257e-46,3.7599901624220716e-30,-2.8978194845214885e-28,-3.7630680212593008e-30,1.3684555315672042e-48,0.24615384615384622,-1
1317,0.265625,0.3125,0,0.00024414062499999989,-1.7446835757637114e-25,9.0141360069759898e-25,-1.5760300759699078e-24,-1.7446835757637105e-25,-1.4550690178021494e-46,-9.0941813612634343e-46,2.6266649371923087e-28,-6.0484464762390275e-28,-2.6266649371923083e-28,-2.2420775429197083e-44,0.24615384615384622,-1
1318,0.28125,0.3125,0,0.00024414062499999989,2.2893373248651433e-24,4.0413580998723612e-24,-9.7243220069693777e-24,3.8033842787283352e-24,1.9093111547468783e-45,1.1933194717167987e-44,4.277394470232464e-28,-3.3607617448344075e-27,-5.8099077427740775e-29,4.4841550858394146e-44,0.24615384615384622,-1
1319,0.296875,0.3125,0,0.00024414062499999989,6.2362350724916385e-25,4.3061755201993088e-24,-6.3038533574679981e-23,3.3243636181869998e-24,5.201030472096717e-46,3.2506440450604484e-45,8.9906055003665594e-28,-1.6441579368867005e-26,-2.3970017138972378e-28,1.7936620343357659e-43,0.24615384615384622,-1
1320,0.3125,0.3125,0,0.00024414062499999989,6.4045127464606223e-22,5.091445987441348e-22,9.9294559336119267e-21,6.4045127464609928e-22,5.3413743334028548e-43,3.3383589583767842e-42,-3.2057293921368971e-26,2.2998806969892058e-24,3.2057293921378028e-26,-1.7219155529627267e-41,0.24615384615384622,-1
1321,0.328125,0.3125,0,0.00024414062499999989,6.4045127464609928e-22,6.1396210361949891e-22,1.1992252274555542e-20,6.4045127464609928e-22,5.3413743334031647e-43,3.3383589583769773e-42,-6.4670827701661093e-27,2.7779028737636812e-24,6.4670827701661036e-27,1.4349296274686127e-42,0.24615384615384622,-1
1322,0.34375,0.3125,0,0.00024414062499999989,-5.0582970849415599e-20,-5.6683444474249377e-20,9.3806133283777529e-19,-5.6371944718837395e-20,-4.2186282219774876e-41,-2.6366426387359298e-40,-1.4893734435629331e-24,2.4285761164844341e-22,7.6049744973629057e-26,-9.1835496157991212e-40,0.24615384615384622,-1
1323,0.359375,0.3125,0,0.00024414062499999989,-2.4934505039507964e-20,-4.136922234840775e-20,4.7540466109687129e-18,-4.1825833916053264e-20,-2.0795418872065614e-41,-1.2997136795041006e-40,-4.012382155493111e-24,1.1707558186809372e-21,-1.1147743350720626e-25,1.4693679385278594e-39,0.24615384615384622,-1
1324,0.375,0.3125,0,0.00024414062499999989,-4.6254880920463066e-17,-3.6864904176809847e-17,-2.9166415689103675e-09,-4.8546020419300078e-17,-3.8576647986172592e-38,-2.4110404991357865e-37,2.2924747909309611e-21,-7.1207068653453665e-13,-2.8518350201392158e-21,2.82118644197349e-37,0.24615384615384622,-1
1325,0.390625,0.3125,0,0.00024414062499999989,8.0684018691268607e-19,-8.972301311798902e-18,-1.0656224377132824e-10,-4.8473095278780491e-17,6.7290606423026524e-40,4.2056629014391574e-39,-2.3874857174588826e-21,-2.6016170605231171e-14,-9.6437485270951104e-21,0,0.24615384615384622,-1
1326,0.40625,0.3125,0,0.00024414062499999989,4.3360976553820398e-10,6.1601580973362395e-09,3.3502512902074654e-09,3.2969096496460757e-09,3.6163126908265462e-31,2.2601954317665912e-30,1.3980830888178793e-12,-6.8601240408417307e-13,-6.990352655493561e-13,-1.0097419586828951e-28,0.24615384615384622,-1
1327,0.421875,0.3125,0,0.00024414062499999989,-2.4715089783256692e-17,2.1312446094442586e-10,1.0656221979619222e-10,1.0656221806098967e-10,-2.0612426181677849e-38,-1.2882766363548655e-37,5.2032345131717665e-14,-2.6016172155330468e-14,-2.6016172578963901e-14,-3.1554436208840472e-30,0.24615384615384622,-1
1328,0.4375,0.3125,0,0.00024414062499999989,-4.1633314491131997e-17,-3.7408505525158003e-17,-6.214258104997294e-09,-4.7866687223874568e-17,-3.4722253860813499e-38,-2.1701408663008437e-37,1.0314475014584945e-21,-1.5171528485324185e-12,-2.5532670162882235e-21,7.5231638452626401e-37,0.24615384615384622,-1
1329,0.453125,0.3125,0,0.00024414062499999989,-4.1086391789927652e-17,-4.0419450816101591e-17,-9.3212236654331773e-06,-4.163331449105647e-17,-3.4266119414023198e-38,-2.1416324633764498e-37,1.628273861880034e-22,-2.2756893714337781e-09,-2.9635343626828122e-22,3.291384182302405e-37,0.24615384615384622,1201
1330,0.46875,0.3125,0,0.00024414062499999989,2.1145381330513819e-08,2.8368880508322503e-08,-1.279722287090731e-05,1.3597232942150228e-12,1.7635283366598084e-29,1.1022052104123803e-28,1.7635496039571976e-12,-3.131247986185456e-09,-6.9256642541572937e-12,0,0.24615384615384622,1201
1331,0.484375,0.3125,0,0.00024414062499999989,3.4400391009784666e-05,4.4575049784304716e-05,3.5381255973773637e-05,3.1860983966802917e-05,2.8689983590122579e-26,1.7931239743826612e-25,2.4840475523730571e-09,-2.2445785670241877e-09,-3.1040199749760244e-09,1.1373733422604131e-24,0.24615384615384622,1201
1332,0.5,0.3125,0,0.00024414062499999989,3.4687735272415038e-05,5.1798380841339992e-05,4.3920777550927371e-05,4.3211932914317741e-05,2.8929629185349576e-26,1.8081018240843486e-25,4.1774037033508181e-09,-1.9232429908233933e-09,-2.0963007634331659e-09,-8.2718061255302767e-25,0.24615384615384622,1201
1333,0.515625,0.3125,0,0.00024414062499999989,1.7262455285469263e-05,2.9693952925689002e-05,2.439521876336642e-05,2.439521876336642e-05,1.4396916556107428e-26,8.9980728475671419e-26,3.035033603569271e-09,-1.2936362700982862e-09,-1.2936362700982862e-09,0,0.24615384615384622,1201
1334,0.53125,0.3125,0,0.00024414062499999989,6.1515584296272774e-06,1.1820409125906085e-05,9.3992748745852897e-06,9.3992748745852897e-06,5.1304100104410865e-27,3.2065062565256794e-26,1.3839967520211926e-09,-5.9109722932636585e-10,-5.9109722932636585e-10,1.0339757656912846e-25,0.24615384615384622,1201
1335,0.546875,0.3125,0,0.00024414062499999989,1.7856149857700749e-06,3.7612694362752992e-06,2.9069010962966049e-06,2.9069010962966049e-06,1.4892058821496834e-27,9.3075367634355203e-27,4.8233751233037684e-10,-2.0858602050261079e-10,-2.0858602050261079e-10,0,0.24615384615384622,1201
1336,0.5625,0.3125,0,0.00024414062499999989,4.494401855349883e-07,1.0264563289051034e-06,7.7396558127742076e-07,7.7396558127742076e-07,3.7483386581486354e-28,2.3427116613428968e-27,1.4087308187746946e-10,-6.16432489325397e-11,-6.16432489325397e-11,0,0.24615384615384622,1201
1337,0.578125,0.3125,0,0.00024414062499999989,1.0085983310278699e-07,2.4865102321151397e-07,1.8336388154675187e-07,1.8336388154675187e-07,8.4117269358897745e-29,5.257329334931108e-28,3.6081833522638403e-11,-1.5939243570498553e-11,-1.5939243570498553e-11,3.2311742677852644e-27,0.24615384615384622,1201
1338,0.59375,0.3125,0,0.00024414062499999989,2.0155658939563662e-08,5.3791048140610828e-08,3.8803406360836496e-08,3.8803406360836496e-08,1.680985323857831e-29,1.0506158274111443e-28,8.2117649416619025e-12,-3.6590922313902154e-12,-3.6590922313902154e-12,-1.6155871338926322e-27,0.24615384615384622,1201
1339,0.609375,0.3125,0,0.00024414062499999989,3.5260415945724003e-09,1.0268221955853229e-08,7.2359934879692162e-09,7.2359934879692162e-09,2.9407245823920375e-30,1.8379528639950234e-29,1.6460401272658266e-12,-7.4029015329199512e-13,-7.4029015329199512e-13,1.0097419586828951e-28,0.24615384615384622,1201
1340,0.625,0.3125,0,0.00024414062499999989,5.2990431108555065e-10,1.7007536550585826e-09,1.1687771180974409e-09,1.1687771180974409e-09,4.4194108099106814e-31,2.7621317561941763e-30,2.8585189061841585e-13,-1.298770842190287e-13,-1.298770842190287e-13,5.0487097934144756e-29,0.24615384615384622,-1
1341,0.640625,0.3125,0,0.00024414062499999989,6.7452875674746886e-11,2.4107436558290506e-10,1.6134008411059038e-10,1.6134008411059038e-10,5.6255811036119402e-32,3.5159881897574622e-31,4.2388059059608904e-14,-1.9466377312576819e-14,-1.9466377312576819e-14,9.4663308626521417e-30,0.24615384615384622,-1
1342,0.65625,0.3125,0,0.00024414062499999989,7.2061147132100281e-12,2.8974016077191486e-11,1.8870172826245576e-11,1.8870172826245576e-11,6.0099117132631318e-33,3.756194820789457e-32,5.3144290439407831e-15,-2.4667586061879651e-15,-2.4667586061879651e-15,0,0.24615384615384622,-1
1343,0.671875,0.3125,0,0.00024414062499999989,6.4199064700602941e-13,2.9348199979980648e-12,1.8596664121253908e-12,1.8596664121253908e-12,5.3542127246100908e-34,3.3463829528813064e-33,5.5977279076953964e-16,-2.624886684259457e-16,-2.624886684259457e-16,0,0.24615384615384622,-1
1344,0.6875,0.3125,0,0.00024414062499999989,4.7425745306069084e-14,2.4934970608509578e-13,1.5375893019113938e-13,1.5375893019113938e-13,3.9553150840449475e-35,2.4720719275280923e-34,4.9297841987067048e-17,-2.3337591770985438e-17,-2.3337591770985438e-17,-6.1629758220391547e-33,0.24615384615384622,-1
1345,0.703125,0.3125,0,0.00024414062499999989,2.8856813002995145e-15,1.7681647458100231e-14,1.0615878656392397e-14,1.0615878656392397e-14,2.4066630268350226e-36,1.504164391771889e-35,3.6122964252443141e-18,-1.7250412113544505e-18,-1.7250412113544505e-18,0,0.24615384615384622,-1
1346,0.71875,0.3125,0,0.00024414062499999989,1.4328962580211601e-16,1.0396389559847008e-15,6.081859421537986e-16,6.081859421537986e-16,1.1950378737637628e-37,7.4689867110235186e-37,2.1883528568910752e-19,-1.0533520845481007e-19,-1.0533520845481007e-19,0,0.24615384615384622,-1
1347,0.734375,0.3125,0,0.00024414062499999989,5.7278364931205786e-18,5.0210903968105734e-17,2.864552327920028e-17,2.864552327920028e-17,4.777025207294681e-39,2.9856407545591754e-38,1.0860123895260043e-20,-5.2649855197523058e-21,-5.2649855197523058e-21,7.5231638452626401e-37,0.24615384615384622,-1
1348,0.75,0.3125,0,0.00024414062499999989,1.8050909414731156e-19,1.9640660707133766e-18,1.0938096181604681e-18,1.0938096181604681e-18,1.5054488617531204e-40,9.4090553859570017e-40,4.3543871498194935e-22,-2.1246495423654983e-22,-2.1246495423654983e-22,-4.70197740328915e-38,0.24615384615384622,-1
1349,0.765625,0.3125,0,0.00024414062499999989,4.3370606564761444e-21,6.0892362242613786e-20,3.3136433058345203e-20,3.3136433058345203e-20,3.6171158353483418e-42,2.2606973970927135e-41,1.380744667630313e-23,-6.7763498985030692e-24,-6.7763498985030692e-24,-1.4693679385278594e-39,0.24615384615384622,-1
1350,0.78125,0.3125,0,0.00024414062499999989,7.5008938756865724e-23,1.4454815298448037e-21,7.6934197043872524e-22,7.6934197043872524e-22,6.2557580273866132e-44,3.9098487671166336e-43,3.345880349335785e-25,-1.6507313462062456e-25,-1.6507313462062456e-25,-2.2958874039497803e-41,0.24615384615384622,-1
1351,0.796875,0.3125,0,0.00024414062499999989,8.3529020208418874e-25,2.4770624299840416e-23,1.2905028672090974e-23,1.2905028672090974e-23,6.9663342442733349e-46,4.3539589026708344e-45,5.8435874262100135e-27,-2.8968739325560148e-27,-2.8968739325560148e-27,0,0.24615384615384622,-1
1352,0.8125,0.3125,0,0.00024414062499999989,4.5146651022233973e-27,2.7366985806312501e-25,1.3964791267217858e-25,1.3964791267217858e-25,3.7652382399039231e-48,2.3532738999399517e-47,6.5711717031470086e-29,-3.2720201511461512e-29,-3.2720201511461512e-29,0,0.24615384615384622,-1
1353,0.828125,0.3125,0,0.00024414062499999989,0,1.4670536403045498e-27,7.3352682015227488e-28,7.3352682015227488e-28,0,0,3.5816739265247779e-31,-1.790836963262389e-31,-1.790836963262389e-31,0,0.24615384615384622,-1
1354,0.84375,0.3125,0,0.00024414062499999989,0,0,0,0,0,0,0,0,0,0,0.24615384615384622,-1
1355,0.859375,0.3125,0,0.00024414062499999989,0,0,0,0,0,0,0,0,0,0,0.24615384615384622,-1
1356,0.875,0.3125,0,0.00024414062499999989,0,0,0,0,0,0,0,0,0,0,0.24615384615384622,-1
1357,0.890625,0.3125,0,0.00024414062499999989,0,0,0,0,0,0,0,0,0,0,0.24615384615384622,-1
1358,0.90625,0.3125,0,0.00024414062499999989,0,0,0,0,0,0,0,0,0,0,0.24615384615384622,-1
1359,0.921875,0.3125,0,0.00024414062499999989,0,0,0,0,0,0,0,0,0,0,0.24615384615384622,-1
1360,0.9375,0.3125,0,0.00024414062499999989,0,0,0,0,0,0,0,0,0,0,0.24615384615384622,-1
1361,0.953125,0.3125,0,0.00024414062499999989,0,0,0,0,0,0,0,0,0,0,0.24615384615384622,-1
1362,0.96875,0.3125,0,0.00024414062499999989,0,0,0,0,0,0,0,0,0,0,0.24615384615384622,-1
1363,0.984375,0.3125,0,0.00024414062499999989,0,0,0,0,0,0,0,0,0,0,0.24615384615384622,-1
1364,1,0.3125,0,0.00012207031249999995,0,0,0,0,-0,0,0,0,0,0,0.49230769230769245,-1
1365,0,0.328125,0,0.00012207031249999995,0,0,0,0,0,0,0,0,0,0,0.16410256410256413,-1
1366,0.015625,0.328125,0,0.00024414062499999989,0,0,0,0,0,0,0,0,0,0,0.24615384615384622,-1
1367,0.03125,0.328125,0,0.00024414062499999989,0,0,0,0,0,0,0,0,0,0,0.24615384615384622,-1
1368,0.046875,0.328125,0,0.00024414062499999989,0,0,0,0,0,0,0,0,0,0,0.24615384615384622,-1
1369,0.0625,0.328125,0,0.00024414062499999989,0,0,0,0,0,0,0,0,0,0,0.24615384615384622,-1
1370,0.078125,0.328125,0,0.00024414062499999989,0,0,0,0,0,0,0,0,0,0,0.24615384615384622,-1
1371,0.09375,0.328125,0,0.00024414062499999989,0,0,0,0,0,0,0,0,0,0,0.24615384615384622,-1
1372,0.109375,0.328125,0,0.00024414062499999989,0,0,0,0,0,0,0,0,0,0,0.24615384615384622,-1
1373,0.125,0.328125,0,0.00024414062499999989,0,0,0,0,0,0,0,0,0,0,0.24615384615384622,-1
1374,0.140625,0.328125,0,0.00024414062499999989,0,0,0,0,0,0,0,0,0,0,0.24615384615384622,-1
1375,0.15625,0.328125,0,0.00024414062499999989,0,0,0,0,0,0,0,0,0,0,0.24615384615384622,-1
1376,0.171875,0.328125,0,0.00024414062499999989,0,0,4.1184178243602091e-55,0,0,0,0,1.0054731016504411e-58,0,0,0.24615384615384622,-1
1377,0.1875,0.328125,0,0.00024414062499999989,0,0,8.2359459596956531e-28,8.4349418888622532e-30,0,0,0,2.0107289940663207e-31,2.05931198458551e-33,0,0.24615384615384622,-1
1378,0.203125,0.328125,0,0.00024414062499999989,2.897817305224548e-70,-8.2368356487204153e-55,1.3827173445215689e-26,5.5251265241815627e-29,2.4167844752234963e-91,1.5104902970146852e-90,-2.0109462033008823e-58,3.3757747668983601e-30,1.3489078428177638e-32,0,0.24615384615384622,-1
1379,0.21875,0.328125,0,0.00024414062499999989,-1.5971651751643353e-25,-1.2204887162740458e-25,-8.0674447076605459e-24,-1.7406706272667106e-25,-1.3320384251779722e-46,-8.3252401573623263e-46,9.1962026096262021e-30,-1.9397939052815279e-27,-1.2699753686344351e-29,5.6051938572992683e-45,0.24615384615384622,-1
1380,0.234375,0.328125,0,0.00024414062499999989,2.4550689142799995e-26,-9.1469043058571712e-27,-1.524570288161415e-23,-4.3111030949683075e-26,2.0475315772800032e-47,1.2797072358000022e-46,-8.226951525551062e-30,-3.7198622991475312e-27,-8.2920231064028039e-30,2.8025969286496341e-45,0.24615384615384622,-1
1381,0.25,0.328125,0,0.00024414062499999989,2.5877172594669991e-23,3.5321216224001356e-23,1.5958696078744362e-23,2.5646730288207464e-23,2.1581605188402742e-44,1.3488503242751713e-43,2.3056747141922264e-27,-4.727177769838131e-27,-2.36193504291843e-27,7.3988558916350341e-43,0.24615384615384622,-1
1382,0.265625,0.328125,0,0.00024414062499999989,5.7178036352897508e-23,7.361629558373083e-23,5.2333168963023173e-23,6.9799911839386201e-23,4.7686577870974331e-44,2.9804111169358955e-43,4.0132468825276635e-27,-5.1960758351337039e-27,-9.317343125841388e-28,2.152394441202919e-42,0.24615384615384622,-1
1383,0.28125,0.328125,0,0.00024414062499999989,8.4299366925516295e-23,9.9199515751413667e-23,3.6424645549506338e-23,1.0173399224714733e-22,7.0305812892151886e-44,4.3941133057594925e-43,3.6377316469475992e-27,-1.5325896045387526e-26,6.187686757162264e-28,-2.152394441202919e-42,0.24615384615384622,-1
1384,0.296875,0.328125,0,0.00024414062499999989,6.404512745512019e-22,5.2300431762066248e-22,5.2377316376969991e-20,6.4045127464606166e-22,5.341374332611719e-43,3.3383589578823241e-42,-2.8673573469369964e-26,1.2659744155114577e-23,2.867357349252908e-26,-1.0691058840368783e-50,0.24615384615384622,-1
1385,0.3125,0.328125,0,0.00024414062499999989,6.4045127464609034e-22,6.1420193509278521e-22,1.3114720120395042e-19,6.4045127464609928e-22,5.3413743334030906e-43,3.3383589583769314e-42,-6.4085301643811287e-27,3.1868408024623437e-23,6.4085301643833141e-27,-7.8921129510783485e-42,0.24615384615384622,-1
1386,0.328125,0.328125,0,0.00024414062499999989,-4.5539042370286711e-19,-4.4672784702403982e-19,5.1834194465145225e-19,-4.2979957847665974e-19,-3.7979637439057151e-40,-2.3737273399410715e-39,2.1148868844793086e-24,2.3561274210827434e-22,4.1328780633252147e-24,8.8162076311671563e-39,0.24615384615384622,-1
1387,0.34375,0.328125,0,0.00024414062499999989,-3.485104506981921e-19,-5.2360536248765495e-19,4.5008989352025602e-18,-5.1382544830070172e-19,-2.9065829829298632e-40,-1.8166143643311643e-39,-4.2747781198599319e-23,1.2266856195532746e-21,2.3876743620491367e-24,0,0.24615384615384622,-1
1388,0.359375,0.328125,0,0.00024414062499999989,-4.8546020419301853e-17,-3.8647092986191804e-17,-2.6248612464494749e-07,-4.855869255947201e-17,-4.0487462157025181e-38,-2.5304663848140734e-37,2.4167303303491336e-21,-6.4083526515210032e-11,-2.4198241145703617e-21,-1.1270052088508681e-36,0.24615384615384622,1201
1389,0.375,0.328125,0,0.00024414062499999989,-4.8506179789137334e-17,-4.6525895424897149e-17,-2.3303047092936153e-08,-4.8558692559471886e-17,-4.0454235004888594e-38,-2.5283896878055368e-37,4.8346786236332684e-22,-5.6892204703150018e-12,-4.9628836293328473e-22,-8.4047846083793557e-37,0.24615384615384622,1201
1390,0.390625,0.328125,0,0.00024414062499999989,1.4218627417757835e-07,6.3215882510923421e-07,4.0437956820419544e-07,3.8688096993520638e-07,1.1858359027765388e-28,7.411474392353368e-28,1.1962220481729873e-10,-5.5610170142831703e-11,-5.9882288860846612e-11,1.2924697071141057e-26,0.24615384615384622,1201
1391,0.40625,0.328125,0,0.00024414062499999989,3.4604701275066978e-09,4.9214756175020594e-08,2.6763517172373195e-08,2.6338432273434646e-08,2.8860378692799635e-30,1.8037736682999773e-29,1.1170479992068817e-11,-5.4812595221307101e-12,-5.5850400150356295e-12,0,0.24615384615384622,1201
1392,0.421875,0.328125,0,0.00024414062499999989,-4.7867056101150891e-17,5.8566110143350231e-10,-2.02434276560936e-07,-4.8566318480745198e-17,-3.9921204781041021e-38,-2.4950752988150638e-37,1.4298367902845656e-13,-4.9565414468351911e-11,-1.4298367919917492e-13,5.9823733166666718e-30,0.24615384615384622,1201
1393,0.4375,0.328125,0,0.00024414062499999989,-4.1633314490933161e-17,-4.2224617543253126e-17,-0.00010258630423600868,-4.7865580570868675e-17,-3.4722253860647667e-38,-2.1701408662904792e-37,-1.4436109675780362e-22,-2.5045484432608988e-08,-1.3771882391639523e-21,5.64237288394698e-37,0.24615384615384622,1201
1394,0.453125,0.328125,0,0.00024414062499999989,3.0294508064746027e-07,6.3382819803638163e-07,-0.00014741129399042845,1.2783322914259801e-11,2.5265670352444065e-28,1.5791043970277538e-27,8.0782011081279577e-11,-3.6143828659293158e-08,-1.5474009148278004e-10,1.2924697071141057e-26,0.24615384615384622,1201
1395,0.46875,0.328125,0,0.00024414062499999989,0.00045432507216234684,0.00054766381671738468,0.00045066794360994189,0.00040425480999727774,3.7890786942542313e-25,2.3681741839088943e-24,2.2787779432382282e-08,-2.3680633082871769e-08,-3.5011964531276102e-08,-1.6543612251060553e-24,0.24615384615384622,1201
1396,0.484375,0.328125,0,0.00024414062499999989,0.00048759360407589117,0.00066340449542891028,0.00058470643266118471,0.00057472706420703457,4.066538806377832e-25,2.5415867539861451e-24,4.2922580896733166e-08,-1.9213394230401748e-08,-2.1649763481903235e-08,-9.9261673506363321e-24,0.24615384615384622,1201
1397,0.5,0.328125,0,0.00024414062499999989,0.00026563760261347826,0.00041273675062381671,0.00035291265864289428,0.00035291265864289428,2.215422044979802e-25,1.3846387781123762e-24,3.5912877932211523e-08,-1.4605491206279881e-08,-1.4605491206279881e-08,-6.6174449004242214e-24,0.24615384615384622,1201
1398,0.515625,0.328125,0,0.00024414062499999989,0.00010404540499647886,0.00018004250356768931,0.00014883664959735674,0.00014883664959735674,8.6774041641781955e-26,5.4233776026113721e-25,1.8553979143361913e-08,-7.6186166919757232e-09,-7.6186166919757232e-09,6.6174449004242214e-24,0.24615384615384622,1201
1399,0.53125,0.328125,0,0.00024414062499999989,3.3365362654149613e-05,6.3089103826413753e-05,5.0648181464040578e-05,5.0648181464040578e-05,2.7826768211842866e-26,1.7391730132401794e-25,7.2567727471347973e-09,-3.0373345611262618e-09,-3.0373345611262618e-09,-8.2718061255302767e-25,0.24615384615384622,1201
1400,0.546875,0.328125,0,0.00024414062499999989,9.3276257270107337e-06,1.9057380762796073e-05,1.491922062582274e-05,1.491922062582274e-05,7.7792554441205555e-27,4.8620346525753468e-26,2.3754284755335297e-09,-1.0102930021907549e-09,-1.0102930021907549e-09,-4.1359030627651384e-25,0.24615384615384622,1201
1401,0.5625,0.328125,0,0.00024414062499999989,2.3331199342826149e-06,5.1299293870397781e-06,3.9258965354002517e-06,3.9258965354002517e-06,1.9458259241680372e-27,1.2161412026050233e-26,6.8281480780204139e-10,-2.9395333291980606e-10,-2.9395333291980606e-10,5.169878828456423e-26,0.24615384615384622,1201
1402,0.578125,0.328125,0,0.00024414062499999989,5.1992385641950982e-07,1.2345387858032926e-06,9.2351207412645979e-07,9.2351207412645979e-07,4.3361736512082625e-28,2.7101085320051638e-27,1.7446653549408748e-10,-7.5934255780476713e-11,-7.5934255780476713e-11,2.5849394142282115e-26,0.24615384615384622,1201
1403,0.59375,0.328125,0,0.00024414062499999989,1.0135219146774524e-07,2.6196665560560304e-07,1.9123994128651605e-07,1.9123994128651605e-07,8.4527897058073998e-29,5.2829935661296246e-28,3.9212515658656674e-11,-1.7267264238058341e-11,-1.7267264238058341e-11,0,0.24615384615384622,1201
1404,0.609375,0.328125,0,0.00024414062499999989,1.6982000757909195e-08,4.8221566890647654e-08,3.429010552291865e-08,3.429010552291865e-08,1.4163017011442797e-29,8.8518856321517478e-29,7.6268472003755961e-12,-3.4012356854807125e-12,-3.4012356854807125e-12,8.0779356694631609e-28,0.24615384615384622,1201
1405,0.625,0.328125,0,0.00024414062499999989,2.4177328348262259e-09,7.6097948447839992e-09,5.2641029641071821e-09,5.2641029641071821e-09,2.0163932246216397e-30,1.2602457653885248e-29,1.2675932641498464e-12,-5.7267868180586324e-13,-5.7267868180586324e-13,0,0.24615384615384622,-1
1406,0.640625,0.328125,0,0.00024414062499999989,2.9064058963459502e-10,1.0226396953140564e-09,6.8772191025985859e-10,6.8772191025985859e-10,2.423947374571507e-31,1.514967109107192e-30,1.7871071916002467e-13,-8.1767037366747454e-14,-8.1767037366747454e-14,-1.2621774483536189e-29,0.24615384615384622,-1
1407,0.65625,0.328125,0,0.00024414062499999989,2.9398158420322684e-11,1.1661767631609767e-10,7.6233753443272034e-11,7.6233753443272034e-11,2.4518113251066833e-32,1.5323820781916769e-31,2.1293827611273181e-14,-9.8593561701234418e-15,-9.8593561701234418e-15,0,0.24615384615384622,-1
1408,0.671875,0.328125,0,0.00024414062499999989,2.4952878498375474e-12,1.1259826564250517e-11,7.15709409040912e-12,7.15709409040912e-12,2.0810742367465788e-33,1.3006713979666115e-32,2.1397799595734781e-15,-1.0016436703714345e-15,-1.0016436703714345e-15,0,0.24615384615384622,-1
1409,0.6875,0.328125,0,0.00024414062499999989,1.7711911838820827e-13,9.1831818104835981e-13,5.678997945811263e-13,5.678997945811263e-13,1.4771764072708668e-34,9.232352545442917e-34,1.8095680240726345e-16,-8.5551363883601895e-17,-8.5551363883601895e-17,2.4651903288156619e-32,0.24615384615384622,-1
1410,0.703125,0.328125,0,0.00024414062499999989,1.045727754092714e-14,6.3034113222227931e-14,3.7954186847136536e-14,3.7954186847136536e-14,8.7213869447362155e-36,5.4508668404601347e-35,1.2836141523755071e-17,-6.1230289001687944e-18,-6.1230289001687944e-18,-1.5407439555097887e-33,0.24615384615384622,-1
1411,0.71875,0.328125,0,0.00024414062499999989,5.0912761199856805e-16,3.6200663850735774e-15,2.1241490392403693e-15,2.1241490392403693e-15,4.2461327923169578e-37,2.6538329951980987e-36,7.5950653639526554e-19,-3.6521419576006037e-19,-3.6521419576006037e-19,0,0.24615384615384622,-1
1412,0.734375,0.328125,0,0.00024414062499999989,2.0161253837659151e-17,1.7231463954168206e-16,9.8621215701896353e-17,9.8621215701896353e-17,1.6814519392939823e-38,1.0509074620587387e-37,3.71468226816462e-20,-1.7991558554635172e-20,-1.7991558554635172e-20,0,0.24615384615384622,-1
1413,0.75,0.328125,0,0.00024414062499999989,6.3533432638421281e-19,6.698582806328869e-18,3.7427745492605702e-18,3.7427745492605702e-18,5.2986988993875241e-40,3.3116868121172022e-39,1.4802852734239876e-21,-7.2163287526081485e-22,-7.2163287526081485e-22,9.4039548065783001e-38,0.24615384615384622,-1
1414,0.765625,0.328125,0,0.00024414062499999989,1.537868024203689e-20,2.0782530992397135e-19,1.1345305722548735e-19,1.1345305722548735e-19,1.2825845021827922e-41,8.0161531386424515e-41,4.6984040449691007e-23,-2.3040100756465814e-23,-2.3040100756465814e-23,5.8774717541114375e-39,0.24615384615384622,-1
1415,0.78125,0.328125,0,0.00024414062499999989,2.6921800259465924e-22,4.9609711807805387e-21,2.6477584405297519e-21,2.6477584405297519e-21,2.2452826406564442e-43,1.4033016504102776e-42,1.1454475532680365e-24,-5.6474920416278946e-25,-5.6474920416278946e-25,0,0.24615384615384622,-1
1416,0.796875,0.328125,0,0.00024414062499999989,3.0387780119974872e-24,8.5687776497864267e-23,4.473471157481394e-23,4.473471157481394e-23,2.5343459402375833e-45,1.5839662126484892e-44,2.0177978145963561e-26,-9.9983068659790795e-27,-9.9983068659790795e-27,0,0.24615384615384622,-1
1417,0.8125,0.328125,0,0.00024414062499999989,1.6614897647952649e-26,9.5387418491301504e-25,4.8728945176023185e-25,4.8728945176023185e-25,1.3856852404257357e-47,8.6605327526608464e-47,2.288230681799468e-28,-1.1391228836737866e-28,-1.1391228836737866e-28,-2.2420775429197073e-44,0.24615384615384622,-1
1418,0.828125,0.328125,0,0.00024414062499999989,0,5.1382554947809856e-27,2.5691277473904928e-27,2.5691277473904928e-27,0,0,1.2544569079055135e-30,-6.2722845395275677e-31,-6.2722845395275677e-31,0,0.24615384615384622,-1
1419,0.84375,0.328125,0,0.00024414062499999989,0,0,0,0,0,0,0,0,0,0,0.24615384615384622,-1
1420,0.859375,0.328125,0,0.00024414062499999989,0,0,0,0,0,0,0,0,0,0,0.24615384615384622,-1
1421,0.875,0.328125,0,0.00024414062499999989,0,0,0,0,0,0,0,0,0,0,0.24615384615384622,-1
1422,0.890625,0.328125,0,0.00024414062499999989,0,0,0,0,0,0,0,0,0,0,0.24615384615384622,-1
1423,0.90625,0.328125,0,0.00024414062499999989,0,0,0,0,0,0,0,0,0,0,0.24615384615384622,-1
1424,0.921875,0.328125,0,0.00024414062499999989,0,0,0,0,0,0,0,0,0,0,0.24615384615384622,-1
1425,0.9375,0.328125,0,0.00024414062499999989,0,0,0,0,0,0,0,0,0,0,0.24615384615384622,-1
1426,0.953125,0.328125,0,0.00024414062499999989,0,0,0,0,0,0,0,0,0,0,0.24615384615384622,-1
1427,0.96875,0.328125,0,0.00024414062499999989,0,0,0,0,0,0,0,0,0,0,0.24615384615384622,-1
1428,0.984375,0.328125,0,0.00024414062499999989,0,0,0,0,0,0,0,0,0,0,0.24615384615384622,-1
1429,1,0.328125,0,0.00012207031249999995,0,0,0,0,-0,0,0,0,0,0,0.49230769230769245,-1
1430,0,0.34375,0,0.00012207031249999995,0,0,0,0,0,0,0,0,0,0,0.16410256410256413,-1
1431,0.015625,0.34375,0,0.00024414062499999989,0,0,0,0,0,0,0,0,0,0,0.24615384615384622,-1
1432,0.03125,0.34375,0,0.00024414062499999989,0,0,0,0,0,0,0,0,0,0,0.24615384615384622,-1
1433,0.046875,0.34375,0,0.00024414062499999989,0,0,0,0,0,0,0,0,0,0,0.24615384615384622,-1
1434,0.0625,0.34375,0,0.00024414062499999989,0,0,0,0,0,0,0,0,0,0,0.24615384615384622,-1
1435,0.078125,0.34375,0,0.00024414062499999989,0,0,0,0,0,0,0,0,0,0,0.24615384615384622,-1
1436,0.09375,0.34375,0,0.00024414062499999989,0,0,0,0,0,0,0,0,0,0,0.24615384615384622,-1
1437,0.109375,0.34375,0,0.00024414062499999989,0,0,0,0,0,0,0,0,0,0,0.24615384615384622,-1
1438,0.125,0.34375,0,0.00024414062499999989,0,0,0,0,0,0,0,0,0,0,0.24615384615384622,-1
1439,0.140625,0.34375,0,0.00024414062499999989,0,0,0,0,0,0,0,0,0,0,0.24615384615384622,-1
1440,0.15625,0.34375,0,0.00024414062499999989,0,0,6.1299980702854782e-55,0,0,0,0,1.4965815601282899e-58,0,0,0.24615384615384622,-1
1441,0.171875,0.34375,0,0.00024414062499999989,0,0,3.355491863912686e-54,0,0,0,0,8.1921188083805767e-58,0,0,0.24615384615384622,-1
1442,0.1875,0.34375,0,0.00024414062499999989,-2.0077286893756017e-53,-1.965591937806903e-53,3.2989789775388207e-27,-1.6700347176983503e-57,-1.6744490821403862e-74,-1.0465306763377415e-73,1.0287292863451848e-58,8.054147894381883e-31,4.7984007185916314e-57,0,0.24615384615384622,-1
1443,0.203125,0.34375,0,0.00024414062499999989,-4.0206306288754378e-26,-3.0309369356137375e-26,-1.2420027931354408e-23,-1.5966600213559783e-25,-3.3532126635296234e-47,-2.0957579147060144e-46,2.4162443683146961e-30,-3.0248336333003575e-27,-3.1581209174672942e-29,-5.6051938572992683e-45,0.24615384615384622,-1
1444,0.21875,0.34375,0,0.00024414062499999989,-3.3346463076124347e-26,-3.173606088938752e-26,-4.4803089982043205e-23,-1.2655722778260991e-25,-2.7811005932185903e-47,-1.7381878707616191e-46,3.9316459637129374e-31,-1.0930506328406689e-26,-2.3149698948540611e-29,2.8025969286496341e-45,0.24615384615384622,-1
1445,0.234375,0.34375,0,0.00024414062499999989,3.8553751540172613e-22,3.1539561639912485e-22,3.3170277983097068e-22,3.1841948865913988e-22,3.2153893213324239e-43,2.0096183258327651e-42,-1.7124487061181944e-26,3.9812410722279896e-27,7.3825006348023148e-28,-2.8698592549372254e-42,0.24615384615384622,-1
1446,0.25,0.34375,0,0.00024414062499999989,6.4041655177511995e-22,5.7230844349506489e-22,7.7217955648050702e-20,6.4044964813013044e-22,5.3410847440789281e-43,3.33817796504933e-42,-1.6627956123060324e-26,1.8712316212049708e-23,1.6636036287857783e-26,2.0084810889167603e-41,0.24615384615384622,-1
1447,0.265625,0.34375,0,0.00024414062499999989,6.4044965213033264e-22,6.1522962138220154e-22,1.7739398189277773e-20,6.4045121670146234e-22,5.3413608015945568e-43,3.3383505009965973e-42,-6.1572340693679471e-27,4.1807052167713776e-24,6.1576160447413943e-27,1.2196726671175167e-41,0.24615384615384622,-1
1448,0.28125,0.34375,0,0.00024414062499999989,6.4045126709839092e-22,-1.5258274357904315e-19,2.5029173106583125e-19,6.4045127452210456e-22,5.3413742704551511e-43,3.3383589190344688e-42,-3.7408006554233756e-23,9.8358026036346246e-23,3.7408006556046186e-23,-6.8422776578360209e-49,0.24615384615384622,-1
1449,0.296875,0.34375,0,0.00024414062499999989,6.40451274552775e-22,-3.358266622985575e-20,6.5671923327962086e-19,6.4045127464609232e-22,5.3413743326248381e-43,3.3383589578905241e-42,-8.3552532969747347e-24,1.6853073718493073e-22,8.3552532969975158e-24,1.4693679385171683e-39,0.24615384615384622,-1
1450,0.3125,0.34375,0,0.00024414062499999989,-2.524394492044021e-18,-2.5553731835187374e-18,-1.4725279292506851e-18,-2.1445224435257735e-18,-2.1053492249881302e-39,-1.3158432656175814e-38,-7.563157098319449e-24,2.6436651715528613e-22,1.003053564435947e-22,-2.350988701644575e-38,0.24615384615384622,-1
1451,0.328125,0.34375,0,0.00024414062499999989,-4.538079935520499e-18,-4.7672371372085686e-18,-2.2483912173543176e-19,-4.5775823272754877e-18,-3.7847662500032333e-39,-2.3654789062520207e-38,-5.5946582443376382e-23,1.1089838904963707e-21,4.6302443831318584e-23,3.3795462586140766e-38,0.24615384615384622,-1
1452,0.34375,0.34375,0,0.00024414062499999989,-4.8546020419301674e-17,-3.9351742123118623e-17,-7.6484676779362408e-06,-4.8572257327350599e-17,-4.048746215702503e-38,-2.5304663848140642e-37,2.2446968496540654e-21,-1.8673016791740444e-09,-2.2511023447831954e-21,-1.5016940331754723e-36,0.24615384615384622,1201
1453,0.359375,0.34375,0,0.00024414062499999989,-4.855869255947201e-17,-4.6578468897527228e-17,-1.0499444984527746e-06,-4.8572238583821394e-17,-4.0498030743104047e-38,-2.5311269214440026e-37,4.8345304246698845e-22,-2.5633410605620011e-10,-4.8676017731791073e-22,-1.3150843049824341e-36,0.24615384615384622,1201
1454,0.375,0.34375,0,0.00024414062499999989,1.2796198574264861e-05,2.4943300434833836e-05,2.0395203686818311e-05,1.8820330340308994e-05,1.0672050995210676e-26,6.6700318720066723e-26,2.9656010401779707e-09,-1.1103751826209775e-09,-1.4948657457336031e-09,2.0679515313825692e-25,0.24615384615384622,1201
1455,0.390625,0.34375,0,0.00024414062499999989,5.6727844646207109e-07,2.5275296718237096e-06,1.6171519607146029e-06,1.5394007936558215e-06,4.7311117235259962e-28,2.9569448272037475e-27,4.7857695931680601e-10,-2.2226018337624664e-10,-2.4124240189645696e-10,5.169878828456423e-26,0.24615384615384622,1201
1456,0.40625,0.34375,0,0.00024414062499999989,-4.8566324787997368e-17,9.8925130629132837e-08,-0.00023056683865743511,-4.8566341331609619e-17,-4.0504396034448736e-38,-2.5315247521530457e-37,2.4151643231860138e-11,-5.6314883737320347e-08,-2.4151643231860141e-11,-8.0779356694631465e-28,0.24615384615384622,1201
1457,0.421875,0.34375,0,0.00024414062499999989,-4.7867040176038519e-17,1.4196825721184948e-10,-0.0008572397395916377,-4.8566300179374145e-17,-3.9921191499470688e-38,-2.4950744687169176e-37,3.4660230732150784e-14,-2.0928708045895862e-07,-3.4660230902868557e-14,-7.8886083469135076e-31,0.24615384615384622,1201
1458,0.4375,0.34375,0,0.00024414062499999989,9.882946470447275e-06,0.00046868282363085297,-0.0010926085972647853,1.4260752138634675e-09,8.2423938721668339e-27,5.1514961701042713e-26,1.1201168875986462e-07,-3.8117466330459902e-07,-1.1442416932510715e-07,1.2407709188295415e-24,0.24615384615384622,1201
1459,0.453125,0.34375,0,0.00024414062499999989,0.0049998705511805804,0.005483612805887602,0.0048124100623602303,0.0044232264727572107,4.1699003951817557e-24,2.606187746988597e-23,1.1810113640308154e-07,-1.6386785730648723e-07,-2.5888338211191173e-07,-2.6469779601696886e-22,0.24615384615384622,1201
1460,0.46875,0.34375,0,0.00024414062499999989,0.0053936306671544705,0.0067321834236169645,0.0061698115168456772,0.0060596526877356978,4.4982969899333214e-24,2.8114356187083259e-23,3.2679510655822618e-07,-1.3729782880158378e-07,-1.6419207418976235e-07,-2.6469779601696886e-22,0.24615384615384622,1201
1461,0.484375,0.34375,0,0.00024414062499999989,0.0031945925411195207,0.0044976318990207348,0.0040068055704032173,0.0040068055704032173,2.6642955179136715e-24,1.6651846986960446e-23,3.1812484323760093e-07,-1.1983064663513611e-07,-1.1983064663513611e-07,7.9409338805090657e-23,0.24615384615384622,1201
1462,0.5,0.34375,0,0.00024414062499999989,0.0013794635619257993,0.0021537572910621671,0.0018537199002342487,0.0018537199002342487,1.1504749159265722e-24,7.1904682245410764e-24,1.890365549649335e-07,-7.3251316120097235e-08,-7.3251316120097235e-08,-5.2939559203393771e-23,0.24615384615384622,1201
1463,0.515625,0.34375,0,0.00024414062499999989,0.00049126429172745149,0.00083531223706547462,0.00069767440755161649,0.00069767440755161649,4.0971524027342737e-25,2.5607202517089211e-24,8.3996080404790778e-08,-3.3602985721156769e-08,-3.3602985721156769e-08,6.6174449004242214e-24,0.24615384615384622,1201
1464,0.53125,0.34375,0,0.00024414062499999989,0.00015351552431310634,0.00028106840147569968,0.00022885077048460305,0.00022885077048460305,1.2803220382347785e-25,8.0020127389673637e-25,3.1140839151023763e-08,-1.2748445066185694e-08,-1.2748445066185694e-08,-1.3234889800848443e-23,0.24615384615384622,1201
1465,0.546875,0.34375,0,0.00024414062499999989,4.3074832122838518e-05,8.4626105099821111e-05,6.7338941822450634e-05,6.7338941822450634e-05,3.5924481974638403e-26,2.2452801234148997e-25,1.0144353754146134e-08,-4.2204988470142743e-09,-4.2204988470142743e-09,1.6543612251060553e-24,0.24615384615384622,1201
1466,0.5625,0.34375,0,0.00024414062499999989,1.0756362119581313e-05,2.2779463786818137e-05,1.7704461229443786e-05,1.7704461229443786e-05,8.9708239831468054e-27,5.6067649894667528e-26,2.9353275554777394e-09,-1.2390142962339718e-09,-1.2390142962339718e-09,-6.2038545941477076e-25,0.24615384615384622,1201
1467,0.578125,0.34375,0,0.00024414062499999989,2.3425354533859292e-06,5.3920005190095504e-06,4.0848056495575161e-06,4.0848056495575161e-06,1.9536784828348776e-27,1.2210490517717984e-26,7.4449830703701649e-10,-3.1913937242481289e-10,-3.1913937242481289e-10,5.169878828456423e-26,0.24615384615384622,1201
1468,0.59375,0.34375,0,0.00024414062499999989,4.3779200422241028e-07,1.1046511724380178e-06,8.1409101675511016e-07,8.1409101675511016e-07,3.6511926313440032e-28,2.2819953945900017e-27,1.6280741411513852e-10,-7.0937538008522329e-11,-7.0937538008522329e-11,-5.169878828456423e-26,0.24615384615384622,1201
1469,0.609375,0.34375,0,0.00024414062499999989,6.960886387546888e-08,1.940231591892601e-07,1.3892571054185742e-07,1.3892571054185742e-07,5.8053908798485468e-29,3.6283692999053423e-28,3.0374583816843547e-11,-1.345152554868229e-11,-1.345152554868229e-11,0,0.24615384615384622,1201
1470,0.625,0.34375,0,0.00024414062499999989,9.385486088353984e-09,2.9100541394636825e-08,2.023404466416966e-08,2.023404466416966e-08,7.8275110821737459e-30,4.892194426358591e-29,4.8132459243854569e-12,-2.1646720533367091e-12,-2.1646720533367091e-12,0,0.24615384615384622,1201
1471,0.640625,0.34375,0,0.00024414062499999989,1.072349465018324e-09,3.7234780701433561e-09,2.5141781503974399e-09,2.5141781503974399e-09,8.9434124587425815e-31,5.5896327867141119e-30,6.4724819461060323e-13,-2.9523923821921767e-13,-2.9523923821921767e-13,0,0.24615384615384622,-1
1472,0.65625,0.34375,0,0.00024414062499999989,1.0380860986834066e-10,4.0646737460860324e-10,2.6663558684182713e-10,2.6663558684182713e-10,8.6576554109196256e-32,5.4110346318247657e-31,7.3891299985415648e-14,-3.4138620060248068e-14,-3.4138620060248068e-14,0,0.24615384615384622,-1
1473,0.671875,0.34375,0,0.00024414062499999989,8.5062998163142196e-12,3.7846621002070205e-11,2.4135279431705738e-11,2.4135279431705738e-11,7.0942682620468662e-33,4.4339176637792909e-32,7.1631643519912043e-15,-3.3474955005772613e-15,-3.3474955005772613e-15,0,0.24615384615384622,-1
1474,0.6875,0.34375,0,0.00024414062499999989,5.8840181611836733e-13,3.0012638222627756e-12,1.8621434134389864e-12,1.8621434134389864e-12,4.9072809794611559e-34,3.0670506121632223e-33,5.8907763821884943e-16,-2.7810556856049525e-16,-2.7810556856049525e-16,-4.9303806576313238e-32,0.24615384615384622,-1
1475,0.703125,0.34375,0,0.00024414062499999989,3.4169106801686664e-14,2.0197862103925948e-13,1.2203270081180338e-13,1.2203270081180338e-13,2.8497092174059932e-35,1.7810682608787457e-34,4.0969119686907407e-17,-1.9518046930531264e-17,-1.9518046930531264e-17,0,0.24615384615384622,-1
1476,0.71875,0.34375,0,0.00024414062499999989,1.649906225765125e-15,1.1459957087113647e-14,6.7482447986501771e-15,6.7482447986501771e-15,1.3760245495168523e-36,8.6001534344803259e-36,2.3950319485714156e-18,-1.1503203829256513e-18,-1.1503203829256513e-18,-1.9259299443872359e-34,0.24615384615384622,-1
1477,0.734375,0.34375,0,0.00024414062499999989,6.5230835813199088e-17,5.4235729090607429e-16,3.1151428051117795e-16,3.1151428051117795e-16,5.4402626078242851e-38,3.4001641298901777e-37,1.1648595095040894e-19,-5.6358156834691466e-20,-5.6358156834691466e-20,0,0.24615384615384622,-1
1478,0.75,0.34375,0,0.00024414062499999989,2.0613122802652108e-18,2.1058391178032941e-17,1.1806063178774755e-17,1.1806063178774755e-17,1.7191378864881468e-39,1.0744611790550917e-38,4.6379587152753223e-21,-2.2588691404438918e-21,-2.2588691404438918e-21,3.76158192263132e-37,0.24615384615384622,-1
1479,0.765625,0.34375,0,0.00024414062499999989,5.0125010109225065e-20,6.541733662487846e-19,3.5818707429493266e-19,3.5818707429493266e-19,4.1804342197138221e-41,2.6127713873211393e-40,1.4747274319813459e-22,-7.2262278309045848e-23,-7.2262278309045848e-23,-1.1754943508222875e-38,0.24615384615384622,-1
1480,0.78125,0.34375,0,0.00024414062499999989,8.8092105702948506e-22,1.5641125610759653e-20,8.3679650108739528e-21,8.3679650108739528e-21,7.3468963370738051e-43,4.5918102106711284e-42,3.6035655648755279e-24,-1.7756739745814691e-24,-1.7756739745814691e-24,0,0.24615384615384622,-1
1481,0.796875,0.34375,0,0.00024414062499999989,9.9549822628994708e-24,2.701963201209583e-22,1.4129285168153019e-22,1.4129285168153019e-22,8.3024718434540545e-45,5.1890449021587841e-44,6.3535482875502609e-26,-3.1470573349469743e-26,-3.1470573349469743e-26,1.1479437019748901e-41,0.24615384615384622,-1
1482,0.8125,0.34375,0,0.00024414062499999989,5.4270721991252516e-26,2.99966416198997e-24,1.5336469154664578e-24,1.5336469154664578e-24,4.5261872834825247e-47,2.8288670521765778e-46,7.1909019531218654e-28,-3.5791436682702917e-28,-3.5791436682702917e-28,0,0.24615384615384622,-1
1483,0.828125,0.34375,0,0.00024414062499999989,0,1.6056193203491849e-26,8.0280966017459246e-27,8.0280966017459246e-27,0,0,3.9199690438212508e-30,-1.9599845219106254e-30,-1.9599845219106254e-30,0,0.24615384615384622,-1
1484,0.84375,0.34375,0,0.00024414062499999989,0,0,0,0,0,0,0,0,0,0,0.24615384615384622,-1
1485,0.859375,0.34375,0,0.00024414062499999989,0,0,0,0,0,0,0,0,0,0,0.24615384615384622,-1
1486,0.875,0.34375,0,0.00024414062499999989,0,0,0,0,0,0,0,0,0,0,0.24615384615384622,-1
1487,0.890625,0.34375,0,0.00024414062499999989,0,0,0,0,0,0,0,0,0,0,0.24615384615384622,-1
1488,0.90625,0.34375,0,0.00024414062499999989,0,0,0,0,0,0,0,0,0,0,0.24615384615384622,-1
1489,0.921875,0.34375,0,0.00024414062499999989,0,0,0,0,0,0,0,0,0,0,0.24615384615384622,-1
1490,0.9375,0.34375,0,0.00024414062499999989,0,0,0,0,0,0,0,0,0,0,0.24615384615384622,-1
1491,0.953125,0.34375,0,0.00024414062499999989,0,0,0,0,0,0,0,0,0,0,0.24615384615384622,-1
1492,0.96875,0.34375,0,0.00024414062499999989,0,0,0,0,0,0,0,0,0,0,0.24615384615384622,-1
1493,0.984375,0.34375,0,0.00024414062499999989,0,0,0,0,0,0,0,0,0,0,0.24615384615384622,-1
1494,1,0.34375,0,0.00012207031249999995,0,0,0,0,-0,0,0,0,0,0,0.49230769230769245,-1
1495,0,0.359375,0,0.00012207031249999995,0,0,0,0,0,0,0,0,0,0,0.16410256410256413,-1
1496,0.015625,0.359375,0,0.00024414062499999989,0,0,0,0,0,0,0,0,0,0,0.24615384615384622,-1
1497,0.03125,0.359375,0,0.00024414062499999989,0,0,0,0,0,0,0,0,0,0,0.24615384615384622,-1
1498,0.046875,0.359375,0,0.00024414062499999989,0,0,0,0,0,0,0,0,0,0,0.24615384615384622,-1
1499,0.0625,0.359375,0,0.00024414062499999989,0,0,0,0,0,0,0,0,0,0,0.24615384615384622,-1
1500,0.078125,0.359375,0,0.00024414062499999989,0,0,0,0,0,0,0,0,0,0,0.24615384615384622,-1
1501,0.09375,0.359375,0,0.00024414062499999989,0,0,0,0,0,0,0,0,0,0,0.24615384615384622,-1
1502,0.109375,0.359375,0,0.00024414062499999989,0,0,0,0,0,0,0,0,0,0,0.24615384615384622,-1
1503,0.125,0.359375,0,0.00024414062499999989,0,0,0,0,0,0,0,0,0,0,0.24615384615384622,-1
1504,0.140625,0.359375,0,0.00024414062499999989,0,0,0,0,0,0,0,0,0,0,0.24615384615384622,-1
1505,0.15625,0.359375,0,0.00024414062499999989,0,0,3.7590899725460232e-54,0,0,0,0,9.1774657532861851e-58,0,0,0.24615384615384622,-1
1506,0.171875,0.359375,0,0.00024414062499999989,-2.9883740592641704e-53,-2.2527742908299127e-53,-1.6572556845307112e-53,-2.2490905199378198e-53,-2.4923089594257996e-74,-1.5576930996411247e-73,1.7958978721539479e-57,1.4539028474101592e-57,8.9935812795238139e-60,8.4896991364000428e-73,0.24615384615384622,-1
1507,0.1875,0.359375,0,0.00024414062499999989,-8.3271080790719357e-53,-7.7124262862462584e-53,-4.7802465579854741e-24,-4.0197693764485416e-26,-6.9448220537318381e-74,-4.3405137835823983e-73,1.500687970765813e-57,-1.1670523823206719e-27,-9.8138900792200681e-30,0,0.24615384615384622,-1
1508,0.203125,0.359375,0,0.00024414062499999989,-8.4828937210519441e-53,-1.1145130470518863e-52,-6.2585602383275434e-23,-3.830447810059564e-26,-7.074747539483203e-74,-4.4217172121770015e-73,-6.4996014391282143e-57,-1.5279688081854348e-26,-9.3516792237782282e-30,0,0.24615384615384622,-1
1509,0.21875,0.359375,0,0.00024414062499999989,6.0380940659177146e-22,4.6473989193130636e-22,5.3838530925656236e-22,4.7960053261824653e-22,5.0357805414921693e-43,3.1473628384326053e-42,-3.3952518227652601e-26,1.7979838214173816e-26,3.6280861052099932e-27,0,0.24615384615384622,-1
1510,0.234375,0.359375,0,0.00024414062499999989,6.4018955902844271e-22,6.0777564157260414e-22,9.8329121676514344e-20,6.4041654730860469e-22,5.3391916207782679e-43,3.3369947629864171e-42,-7.9135540663668323e-27,2.3857750496811936e-23,7.9689711269532621e-27,-1.2936787422646711e-41,0.24615384615384622,-1
1511,0.25,0.359375,0,0.00024414062499999989,6.4041628360112816e-22,6.231840400395745e-22,9.8315647632187592e-19,6.4044965112217978e-22,5.3410825075033552e-43,3.338176567189597e-42,-4.2070907132699495e-27,2.3987629206099509e-22,4.215237080714188e-27,-4.2038953929744512e-45,0.24615384615384622,-1
1512,0.265625,0.359375,0,0.00024414062499999989,-3.7335916434169843e-18,-3.0098063934522394e-18,-2.8021134768880598e-18,-3.217905216211402e-18,-3.1138216699741687e-39,-1.9461385437338554e-38,1.7670538329217396e-22,5.0706278458051646e-23,-5.0805376650186165e-23,4.70197740328915e-38,0.24615384615384622,-1
1513,0.28125,0.359375,0,0.00024414062499999989,-8.3299188595795979e-19,-2.5928394408032253e-18,4.5920339587872064e-19,-8.0070953924376417e-19,-6.9471662493724435e-40,-4.3419789058577768e-39,-4.2965028194464472e-22,7.4512764567430284e-22,4.3753171424791513e-22,-2.9387358770557188e-39,0.24615384615384622,-1
1514,0.296875,0.359375,0,0.00024414062499999989,-1.5904674813333098e-17,-1.4047886962293006e-17,-1.4023331486255458e-17,-1.4926658238917722e-17,-1.3264525373300946e-38,-8.290328358313091e-38,4.5331734644533509e-22,5.9949892669792939e-24,-2.1454376870720559e-22,-5.172175143618065e-37,0.24615384615384622,-1
1515,0.3125,0.359375,0,0.00024414062499999989,-2.2717248887368268e-17,-2.1674592974770511e-17,-1.9881447152114708e-17,-2.2365989297157016e-17,-1.8946223535829683e-38,-1.1841389709893551e-37,2.545546661615616e-22,4.3777974185932657e-22,-1.6879793027014292e-22,2.4685381367268038e-37,0.24615384615384622,-1
1516,0.328125,0.359375,0,0.00024414062499999989,-4.8572257327350599e-17,-4.2436349048978151e-17,-1.0508227219633481e-05,-5.0306980803327406e-17,-4.0509343782183454e-38,-2.5318339863864656e-37,1.4980244820245223e-21,-2.5654851610329686e-09,-1.9215409556516728e-21,9.4039548065783001e-37,0.24615384615384622,1201
1517,0.34375,0.359375,0,0.00024414062499999989,-4.8552083948386785e-17,-4.6820322991960962e-17,-3.0593870711616858e-05,-5.0290410383453028e-17,-4.0492519150415038e-38,-2.5307824469009395e-37,4.227932022523987e-22,-7.4692067166919012e-09,-8.4718930456349188e-22,-6.58276836460481e-37,0.24615384615384622,1201
1518,0.359375,0.359375,0,0.00024414062499999989,0.00037286279929720065,0.00030209764160166907,0.00038308646662774055,0.0003154689420219103,3.109681977208089e-25,1.9435512357550557e-24,-1.7276649828010626e-08,1.9772662359880721e-08,3.2644776416604539e-09,-6.6174449004242214e-24,0.24615384615384622,1201
1519,0.375,0.359375,0,0.00024414062499999989,-4.8572257327350599e-17,6.1187741423089639e-05,-0.00084715719979974887,-4.8585809854506667e-17,-4.0509343782183454e-38,-2.5318339863864656e-37,1.4938413433383346e-08,-2.2176390166573196e-07,-1.4938413433383349e-08,1.4693679385278594e-39,0.24615384615384622,1201
1520,0.390625,0.359375,0,0.00024414062499999989,-4.8566222217601412e-17,5.691197780482697e-07,-0.0034414194740875915,-4.8572257327350599e-17,-4.0504310490567097e-38,-2.5315194056604434e-37,1.3894525832442278e-10,-8.4032924654922805e-07,-1.3894525832442425e-10,7.3468396926392969e-40,0.24615384615384622,1201
1521,0.40625,0.359375,0,0.00024414062499999989,7.2181843835394943e-15,0.0017555021410279687,-0.0052876591757012453,-4.8572257327350599e-17,6.0199778384880475e-36,3.7624861490550297e-35,4.2858938989764397e-07,-1.7195218058420924e-06,-4.2858938989941808e-07,7.7037197775489434e-34,0.24615384615384622,1201
1522,0.421875,0.359375,0,0.00024414062499999989,0.01124254468460781,0.015358557137888289,0.0059676334792291355,0.0048832750900227404,9.3763010548593465e-24,5.8601881592870908e-23,1.004885852851679e-06,-2.2927059713523317e-06,-2.5574419062171738e-06,0,0.24615384615384622,1201
1523,0.4375,0.359375,0,0.00024414062499999989,0.041750908979685399,0.043804582646356137,0.040336089618689473,0.039479660858376078,3.4820327860784208e-23,2.1762704912990125e-22,5.0138517252703573e-07,-8.4680005558268135e-07,-1.0558891083935688e-06,-2.1175823681357508e-22,0.24615384615384622,1201
1524,0.453125,0.359375,0,0.00024414062499999989,0.044989222291897175,0.051348182667986852,0.049148818033603471,0.048502920907790813,3.7521086574852463e-23,2.3450679109282793e-22,1.5524805605687684e-06,-5.3695425644125523e-07,-6.9464398442286042e-07,-1.0587911840678754e-21,0.24615384615384622,1201
1525,0.46875,0.359375,0,0.00024414062499999989,0.028900291854778978,0.036946833074187758,0.034326934410250851,0.034326934410250851,2.4102891703397307e-23,1.5064307314623317e-22,1.9644876023947217e-06,-6.3962369725022166e-07,-6.3962369725022166e-07,-6.3527471044072525e-22,0.24615384615384622,1201
1526,0.484375,0.359375,0,0.00024414062499999989,0.01388422725069979,0.019580610307363924,0.017570547140601845,0.017570547140601845,1.1579468729608583e-23,7.2371679560053631e-23,1.3907185196933916e-06,-4.9073807782277315e-07,-4.9073807782277315e-07,1.0587911840678754e-22,0.24615384615384622,1201
1527,0.5,0.359375,0,0.00024414062499999989,0.0055502625676623471,0.0084912181929560904,0.0073909750226367945,0.0073909750226367945,4.6289282567111468e-24,2.8930801604444669e-23,7.180067444564803e-07,-2.6861405525373424e-07,-2.6861405525373424e-07,-3.1763735522036263e-22,0.24615384615384622,1201
1528,0.515625,0.359375,0,0.00024414062499999989,0.0019610919548105664,0.0032197608429663997,0.0027316769991561334,0.0027316769991561334,1.6355539675765086e-24,1.0222212297353177e-23,3.0729220902242013e-07,-1.1916109468024069e-07,-1.1916109468024069e-07,-7.9409338805090657e-23,0.24615384615384622,1201
1529,0.53125,0.359375,0,0.00024414062499999989,0.00062383381164440649,0.0010960239130859777,0.00090871871116427643,0.00090871871116427643,5.2027844142675278e-25,3.2517402589172045e-24,1.1528078648475855e-07,-4.5728809062915338e-08,-4.5728809062915338e-08,1.3234889800848443e-23,0.24615384615384622,1201
1530,0.546875,0.359375,0,0.00024414062499999989,0.00017597432163802065,0.00033288669234519182,0.00026936340572579422,0.00026936340572579422,1.4676287832431148e-25,9.1726798952694665e-25,3.8308684254680441e-08,-1.5508614897313861e-08,-1.5508614897313861e-08,3.3087224502121107e-24,0.24615384615384622,1201
1531,0.5625,0.359375,0,0.00024414062499999989,4.3027355282283465e-05,8.8415400788637466e-05,6.9638659573335036e-05,6.9638659573335036e-05,3.5884886210274912e-26,2.242805388142182e-25,1.1081065797449702e-08,-4.5841653357671917e-09,-4.5841653357671917e-09,-8.2718061255302767e-25,0.24615384615384622,1201
1532,0.578125,0.359375,0,0.00024414062499999989,8.9913785806266704e-06,2.0229074787916978e-05,1.547619821057498e-05,1.547619821057498e-05,7.4988247621192831e-27,4.6867654763245516e-26,2.7435781756079831e-09,-1.1603702581401356e-09,-1.1603702581401356e-09,8.2718061255302767e-25,0.24615384615384622,1201
1533,0.59375,0.359375,0,0.00024414062499999989,1.5977314231690887e-06,3.9612296050480895e-06,2.9402678880874765e-06,2.9402678880874765e-06,1.3325106769602177e-27,8.3281917310013596e-27,5.7702592331030272e-10,-2.4925823167983704e-10,-2.4925823167983704e-10,-5.169878828456423e-26,0.24615384615384622,1201
1534,0.609375,0.359375,0,0.00024414062499999989,2.4144993336098337e-07,6.63335470850843e-07,4.7753938664207344e-07,4.7753938664207344e-07,2.0136964792035268e-28,1.2585602995022041e-27,1.0299939880123522e-10,-4.5360372121281623e-11,-4.5360372121281623e-11,6.4623485355705287e-27,0.24615384615384622,1201
1535,0.625,0.359375,0,0.00024414062499999989,3.1095679351790435e-08,9.5154345256735237e-08,6.6452920410937062e-08,6.6452920410937062e-08,2.5933848544710643e-29,1.6208655340444151e-28,1.563932273069941e-11,-7.0071838002436909e-12,-7.0071838002436909e-12,-1.6155871338926322e-27,0.24615384615384622,1201
1536,0.640625,0.359375,0,0.00024414062499999989,3.4201206000460539e-09,1.1718705438110247e-08,7.9435899336790274e-09,7.9435899336790274e-09,2.8523862959479683e-30,1.7827414349674801e-29,2.0260216889805148e-12,-9.2165905869902753e-13,-9.2165905869902753e-13,0,0.24615384615384622,1201
1537,0.65625,0.359375,0,0.00024414062499999989,3.2157552990700208e-10,1.2409233342529175e-09,8.1707929110775363e-10,8.1707929110775363e-10,2.6819452934103767e-31,1.6762158083814855e-30,2.2445014754538942e-13,-1.0347754959598724e-13,-1.0347754959598724e-13,0,0.24615384615384622,-1
1538,0.671875,0.359375,0,0.00024414062499999989,2.5823435181385725e-11,1.1298890810016275e-10,7.2328375420283809e-11,7.2328375420283809e-11,2.1536788095920781e-32,1.3460492559950485e-31,2.1280633036810788e-14,-9.9268878612985647e-15,-9.9268878612985647e-15,0,0.24615384615384622,-1
1539,0.6875,0.359375,0,0.00024414062499999989,1.7646451674892786e-12,8.8276064323970341e-12,5.4985270458755207e-12,5.4985270458755207e-12,1.4717170186599406e-33,9.198231366624629e-33,1.7243557775653696e-15,-8.1276352209997837e-16,-8.1276352209997837e-16,-3.944304526105059e-31,0.24615384615384622,-1
1540,0.703125,0.359375,0,0.00024414062499999989,1.0188572235228716e-13,5.8893649171059893e-13,3.5723805407034434e-13,3.5723805407034434e-13,8.4972862707388211e-35,5.3108039192117627e-34,1.1890887923786903e-16,-5.6567001377015256e-17,-5.6567001377015256e-17,0,0.24615384615384622,-1
1541,0.71875,0.359375,0,0.00024414062499999989,4.9125898427089606e-15,3.3275040167902015e-14,1.9670266559904986e-14,1.9670266559904986e-14,4.0971081384579065e-36,2.5606925865361913e-35,6.9244263489240825e-18,-3.3214779316398985e-18,-3.3214779316398985e-18,7.7037197775489434e-34,0.24615384615384622,-1
1542,0.734375,0.359375,0,0.00024414062499999989,1.9433707472422407e-16,1.5721686037063637e-15,9.0628218576287958e-16,9.0628218576287958e-16,1.6207744508498584e-37,1.0129840317811612e-36,3.3638465063040502e-19,-1.6256992625573335e-19,-1.6256992625573335e-19,2.4074124304840448e-35,0.24615384615384622,-1
1543,0.75,0.359375,0,0.00024414062499999989,6.1438452941120574e-18,6.098128930493554e-17,3.4297208668264477e-17,3.4297208668264477e-17,5.123977242531643e-39,3.2024857765822771e-38,1.3388047854204946e-20,-6.514668124187269e-21,-6.514668124187269e-21,0,0.24615384615384622,-1
1544,0.765625,0.359375,0,0.00024414062499999989,1.4918679166041269e-19,1.8905891875814479e-18,1.0378743585268714e-18,1.0378743585268714e-18,1.2442203355720137e-40,7.7763770973250853e-40,4.2514706931665883e-22,-2.0818233131215234e-22,-2.0818233131215234e-22,-4.70197740328915e-38,0.24615384615384622,-1
1545,0.78125,0.359375,0,0.00024414062499999989,2.6102102731549801e-21,4.5016108813681841e-20,2.4130231954151515e-20,2.4130231954151515e-20,2.1769197298450861e-42,1.3605748311531786e-41,1.0353002573370811e-23,-5.0990910301587688e-24,-5.0990910301587688e-24,0,0.24615384615384622,-1
1546,0.796875,0.359375,0,0.00024414062499999989,2.9260882368320878e-23,7.7222295431181631e-22,4.0432083553835861e-22,4.0432083553835861e-22,2.4403624794289457e-44,1.5252265496430909e-43,1.8138722459557984e-25,-8.9819853216176162e-26,-8.9819853216176162e-26,1.1479437019748901e-41,0.24615384615384622,-1
1547,0.8125,0.359375,0,0.00024414062499999989,1.576719237221511e-25,8.4873369144367048e-24,4.3419101943067692e-24,4.3419101943067692e-24,1.314986478765577e-46,8.2186654922848541e-46,2.0336096168736694e-27,-1.012067070344222e-27,-1.012067070344222e-27,-1.7936620343357659e-43,0.24615384615384622,-1
1548,0.828125,0.359375,0,0.00024414062499999989,0,4.4844340237446165e-26,2.2422170118723082e-26,2.2422170118723082e-26,0,0,1.0948325253282751e-29,-5.4741626266413754e-30,-5.4741626266413754e-30,0,0.24615384615384622,-1
1549,0.84375,0.359375,0,0.00024414062499999989,0,0,0,0,0,0,0,0,0,0,0.24615384615384622,-1
1550,0.859375,0.359375,0,0.00024414062499999989,0,0,0,0,0,0,0,0,0,0,0.24615384615384622,-1
1551,0.875,0.359375,0,0.00024414062499999989,0,0,0,0,0,0,0,0,0,0,0.24615384615384622,-1
1552,0.890625,0.359375,0,0.00024414062499999989,0,0,0,0,0,0,0,0,0,0,0.24615384615384622,-1
1553,0.90625,0.359375,0,0.00024414062499999989,0,0,0,0,0,0,0,0,0,0,0.24615384615384622,-1
1554,0.921875,0.359375,0,0.00024414062499999989,0,0,0,0,0,0,0,0,0,0,0.24615384615384622,-1
1555,0.9375,0.359375,0,0.00024414062499999989,0,0,0,0,0,0,0,0,0,0,0.24615384615384622,-1
1556,0.953125,0.359375,0,0.00024414062499999989,0,0,0,0,0,0,0,0,0,0,0.24615384615384622,-1
1557,0.96875,0.359375,0,0.00024414062499999989,0,0,0,0,0,0,0,0,0,0,0.24615384615384622,-1
1558,0.984375,0.359375,0,0.00024414062499999989,0,0,0,0,0,0,0,0,0,0,0.24615384615384622,-1
1559,1,0.359375,0,0.00012207031249999995,0,0,0,0,-0,0,0,0,0,0,0.49230769230769245,-1
1560,0,0.375,0,0.00012207031249999995,0,0,0,0,0,0,0,0,0,0,0.16410256410256413,-1
1561,0.015625,0.375,0,0.00024414062499999989,0,0,0,0,0,0,0,0,0,0,0.24615384615384622,-1
1562,0.03125,0.375,0,0.00024414062499999989,0,0,0,0,0,0,0,0,0,0,0.24615384615384622,-1
1563,0.046875,0.375,0,0.00024414062499999989,0,0,0,0,0,0,0,0,0,0,0.24615384615384622,-1
1564,0.0625,0.375,0,0.00024414062499999989,0,0,0,0,0,0,0,0,0,0,0.24615384615384622,-1
1565,0.078125,0.375,0,0.00024414062499999989,0,0,0,0,0,0,0,0,0,0,0.24615384615384622,-1
1566,0.09375,0.375,0,0.00024414062499999989,0,0,0,0,0,0,0,0,0,0,0.24615384615384622,-1
1567,0.109375,0.375,0,0.00024414062499999989,0,0,0,0,0,0,0,0,0,0,0.24615384615384622,-1
1568,0.125,0.375,0,0.00024414062499999989,0,0,0,0,0,0,0,0,0,0,0.24615384615384622,-1
1569,0.140625,0.375,0,0.00024414062499999989,0,0,2.0930920361504966e-55,0,0,0,0,5.1100879788830457e-59,0,0,0.24615384615384622,-1
1570,0.15625,0.375,0,0.00024414062499999989,0,0,1.2694510003361381e-53,0,0,0,0,3.0992456062893986e-57,0,0,0.24615384615384622,-1
1571,0.171875,0.375,0,0.00024414062499999989,-6.3720673791051787e-53,-4.8454203265099902e-53,-3.0831130754756172e-53,-4.8696896675738037e-53,-5.3143148428075772e-74,-3.3214467767547353e-73,3.7271656557499697e-57,4.3025079370956361e-57,-5.9251320956575994e-59,1.131959884853339e-72,0.24615384615384622,-1
1572,0.1875,0.375,0,0.00024414062499999989,-2.9575859762592768e-52,-3.0901393157620211e-52,-2.4642748147130552e-23,-3.4647727121083347e-52,-2.4666316467484382e-73,-1.5416447792177738e-72,-3.2361655152037225e-57,-6.0162959343580421e-27,-9.1463231529861644e-57,4.5278395394133562e-72,0.24615384615384622,-1
1573,0.203125,0.375,0,0.00024414062499999989,2.3307722600808058e-22,1.7570437037532228e-22,1.5716953280105757e-22,1.6812249749843227e-22,1.9438679599604301e-43,1.2149174749752686e-42,-1.4007044832216374e-26,-4.5251068296544702e-27,-1.8510431828344768e-27,0,0.24615384615384622,-1
1574,0.21875,0.375,0,0.00024414062499999989,6.3584383628066772e-22,5.2861392672123653e-22,2.2513922906932459e-19,6.4018952925287082e-22,5.3029482204385958e-43,3.3143426377741216e-42,-2.6179177138532974e-26,5.483657596254962e-23,2.7240137336824759e-26,-1.7757254139924082e-41,0.24615384615384622,-1
1575,0.234375,0.375,0,0.00024414062499999989,4.7616601327774001e-22,5.1077130411572931e-22,1.226165158448538e-18,6.377911732106887e-22,3.9712325081499027e-43,2.482020317593689e-42,8.4485573334934893e-27,2.9923202811143107e-22,3.1010710228261559e-26,-1.7219155529623352e-41,0.24615384615384622,-1
1576,0.25,0.375,0,0.00024414062499999989,-4.7624864742974314e-18,-4.039139596363241e-18,-1.2451843872756158e-18,-1.6197962623272963e-18,-3.9719216783585427e-39,-2.4824510489740892e-38,1.7659835887065168e-22,6.8211797096865822e-22,5.9065999366111904e-22,1.88079096131566e-37,0.24615384615384622,-1
1577,0.265625,0.375,0,0.00024414062499999989,-3.296050934108529e-17,-2.729837936507148e-17,-2.9365187421158302e-17,-3.0007133075128742e-17,-2.7489119872179568e-38,-1.718069992011223e-37,1.3823559511752466e-21,-5.0459181056807132e-22,-6.6131682374444888e-22,9.4039548065783001e-38,0.24615384615384622,-1
1578,0.28125,0.375,0,0.00024414062499999989,-4.683751791833158e-17,-4.2791840485965702e-17,-3.0864411371772064e-08,-4.7270696652581432e-17,-3.9062568216064497e-38,-2.4414105135040306e-37,9.8771421688620106e-22,-7.5352566721143094e-12,-1.0934707438026679e-21,-5.172175143618065e-37,0.24615384615384622,1201
1579,0.296875,0.375,0,0.00024414062499999989,-4.7270696652581432e-17,-4.5080969224290332e-17,-0.004789070034946454,-4.849094168229014e-17,-3.9423840004332348e-38,-2.4639900002707715e-37,5.3460142292263101e-22,-1.1692065515005877e-06,-8.3251280712885949e-22,1.2695338988880705e-36,0.24615384615384622,1201
1580,0.3125,0.375,0,0.00024414062499999989,-4.8490942164414186e-17,6.1728822603841449e-08,-0.01281916395985391,-5.0239959321375909e-17,-4.044152680040524e-38,-2.5275954250253274e-37,1.5070513342854581e-11,-3.1296937716495381e-06,-1.5070513343281587e-11,1.88079096131566e-37,0.24615384615384622,1201
1581,0.328125,0.375,0,0.00024414062499999989,-5.0306980803327406e-17,0.0095781400698927641,-0.011718809476392551,-5.2041704279304213e-17,-4.1956106060118577e-38,-2.6222566287574109e-37,2.3384131030011745e-06,-5.1994505728235606e-06,-2.338413103001175e-06,1.88079096131566e-37,0.24615384615384622,1201
1582,0.34375,0.375,0,0.00024414062499999989,0.0005122760769548651,0.026024566998850186,-0.005422237999837775,6.0427826952820507e-05,4.2723910426678169e-25,2.6702444016673857e-24,6.2285866508533472e-06,-7.6774426266327995e-06,-6.3389011650140026e-06,5.2939559203393771e-23,0.24615384615384622,1201
1583,0.359375,0.375,0,0.00024414062499999989,-4.8572257327350599e-17,0.033015759022677761,-0.0028766789113836497,-5.5511151231257827e-17,-4.0509343782183454e-38,-2.5318339863864656e-37,8.0604880426459462e-06,-8.7628022299954582e-06,-8.0604880426459479e-06,7.5231638452626401e-37,0.24615384615384622,1201
1584,0.375,0.375,0,0.00024414062499999989,1.07609601673192e-06,0.037508229012959006,-0.0046560521184825926,8.1222104646172522e-08,8.974658762644197e-28,5.6091617266526224e-27,9.1570197551128565e-06,-1.0294013948105854e-05,-9.1572626442515493e-06,1.0339757656912846e-25,0.24615384615384622,1201
1585,0.390625,0.375,0,0.00024414062499999989,0.042789797408977821,0.071026041046059057,0.028670278515027459,0.026805000531968222,3.5686762546944897e-23,2.2304226591840558e-22,6.8936141692092836e-06,-1.0340762336677631e-05,-1.0796152469260453e-05,-8.4703294725430034e-22,0.24615384615384622,1201
1586,0.40625,0.375,0,0.00024414062499999989,0.16778307165632969,0.173304297479732,0.15177757429395619,0.14833643933270738,1.3993136215083362e-22,8.7457101344271009e-22,1.3479555232915815e-06,-5.2555476527772963e-06,-6.0956684929259285e-06,-6.7762635780344027e-21,0.24615384615384622,1201
1587,0.421875,0.375,0,0.00024414062499999989,0.25559357076478045,0.25968638490218021,0.25205987569248373,0.24812373037239416,2.1316546515115578e-22,1.3322841571947236e-21,9.9922220151360993e-07,-1.8619407250235515e-06,-2.8229137035610466e-06,6.3527471044072525e-22,0.24615384615384622,1201
1588,0.4375,0.375,0,0.00024414062499999989,0.25792147405335691,0.27326578016531489,0.27102525397839144,0.27102525397839144,2.1510694038408712e-22,1.3444183774005444e-21,3.746168484364739e-06,-5.4700346360436074e-07,-5.4700346360436074e-07,2.1175823681357508e-21,0.24615384615384622,1201
1589,0.453125,0.375,0,0.00024414062499999989,0.18457943363299367,0.21322004090127281,0.20724133882984411,0.20724133882984411,1.5393955610848902e-22,9.6212222567805645e-22,6.9923357588572129e-06,-1.4596440604073967e-06,-1.4596440604073967e-06,-5.9292306307801024e-21,0.24615384615384622,1201
1590,0.46875,0.375,0,0.00024414062499999989,0.10115990242411663,0.12888411247166473,0.12070508072734082,0.12070508072734082,8.4367527674345319e-23,5.2729704796465818e-22,6.7686059686396678e-06,-1.9968339219540795e-06,-1.9968339219540795e-06,2.541098841762901e-21,0.24615384615384622,1201
1591,0.484375,0.375,0,0.00024414062499999989,0.046255867228590417,0.063621541987329458,0.057806373580662561,0.057806373580662561,3.8577470568799065e-23,2.4110919105499416e-22,4.2396666891452712e-06,-1.4197188492839092e-06,-1.4197188492839092e-06,0,0.24615384615384622,1201
1592,0.5,0.375,0,0.00024414062499999989,0.018866092045086658,0.027756883425639936,0.024587922472340252,0.024587922472340252,1.5734352293534193e-23,9.8339701834588696e-23,2.1706033643928886e-06,-7.736721077391807e-07,-7.736721077391807e-07,1.0587911840678754e-21,0.24615384615384622,1201
1593,0.515625,0.375,0,0.00024414062499999989,0.0069170044815350194,0.010865078904635716,0.0094077213822037643,0.0094077213822037643,5.7687932969017225e-24,3.605495810563576e-23,9.6388535720231777e-07,-3.5580017637498784e-07,-3.5580017637498784e-07,1.0587911840678754e-22,0.24615384615384622,1201
1594,0.53125,0.375,0,0.00024414062499999989,0.0022317341949246875,0.0037734758840875767,0.0031861026862299497,0.0031861026862299497,1.8612700481134881e-24,1.16329378007093e-23,3.7640177958078334e-07,-1.4340165963320963e-07,-1.4340165963320963e-07,-2.6469779601696886e-23,0.24615384615384622,1201
1595,0.546875,0.375,0,0.00024414062499999989,0.00061752562223615849,0.0011348071939806218,0.00093109346950322213,0.00093109346950322213,5.1501740091838927e-25,3.2188587557399324e-24,1.2628944622667555e-07,-4.973479601499011e-08,-4.973479601499011e-08,-1.3234889800848443e-23,0.24615384615384622,1201
1596,0.5625,0.375,0,0.00024414062499999989,0.000145001333287746,0.00029166335962766554,0.00023203312762109049,0.00023203312762109049,1.2093135427989916e-25,7.5582096424936979e-25,3.5806158774394407e-08,-1.4558162110980233e-08,-1.4558162110980233e-08,-3.3087224502121107e-24,0.24615384615384622,1201
1597,0.578125,0.375,0,0.00024414062499999989,2.8888606946422566e-05,6.3929749458847186e-05,4.9267406707450657e-05,4.9267406707450657e-05,2.409314647030091e-26,1.5058216543938071e-25,8.5549664336974129e-09,-3.5796735232901666e-09,-3.5796735232901666e-09,0,0.24615384615384622,1201
1598,0.59375,0.375,0,0.00024414062499999989,4.9034418795824625e-06,1.1987514360976384e-05,8.9482031111430487e-06,8.9482031111430487e-06,4.0894787219228549e-27,2.5559242012017841e-26,1.7295098831528122e-09,-7.4201934810384136e-10,-7.4201934810384136e-10,0,0.24615384615384622,1201
1599,0.609375,0.375,0,0.00024414062499999989,7.1259546022436993e-07,1.9317720471954476e-06,1.3973304835393629e-06,1.3973304835393629e-06,5.9430580467582299e-28,3.7144112792238931e-27,2.9765053392848565e-10,-1.3047889737697374e-10,-1.3047889737697374e-10,-2.5849394142282115e-26,0.24615384615384622,1201
1600,0.625,0.375,0,0.00024414062499999989,8.903052553257527e-08,2.6866641557145036e-07,1.8845493316894191e-07,1.8845493316894191e-07,7.4251607076880231e-29,4.6407254423050139e-28,4.3856418466522218e-11,-1.9582881445924907e-11,-1.9582881445924907e-11,3.2311742677852644e-27,0.24615384615384622,1201
1601,0.640625,0.375,0,0.00024414062499999989,9.5857240451711639e-09,3.2340814830373502e-08,2.2017617899178829e-08,2.2017617899178829e-08,7.9945098727854722e-30,4.9965686704909201e-29,5.5554420862310371e-12,-2.5203117507799485e-12,-2.5203117507799485e-12,4.0389678347315804e-28,0.24615384615384622,1201
1602,0.65625,0.375,0,0.00024414062499999989,8.8948828398715529e-10,3.3728183728583883e-09,2.2306166954848736e-09,2.2306166954848736e-09,7.4183471530713637e-31,4.6364669706696021e-30,6.0628175997832811e-13,-2.7885783139001814e-13,-2.7885783139001814e-13,0,0.24615384615384622,-1
1603,0.671875,0.375,0,0.00024414062499999989,7.0947511295205124e-11,3.0434942759014203e-10,1.9569774332953956e-10,1.9569774332953956e-10,5.9170342983616362e-32,3.698146436476022e-31,5.6982889720443546e-14,-2.6526290102686135e-14,-2.6526290102686135e-14,1.2621774483536189e-29,0.24615384615384622,-1
1604,0.6875,0.375,0,0.00024414062499999989,4.8361943511470894e-12,2.3669974598884291e-11,1.4808925762389919e-11,1.4808925762389919e-11,4.0333941708275378e-33,2.520871356767211e-32,4.5980908807952132e-15,-2.1633420010972584e-15,-2.1633420010972584e-15,3.944304526105059e-31,0.24615384615384622,-1
1605,0.703125,0.375,0,0.00024414062499999989,2.7909826952199897e-13,1.5758521636505854e-12,9.5993062702793716e-13,9.5993062702793716e-13,2.3276842319438166e-34,1.4548026449648852e-33,3.165903061837368e-16,-1.5037146890201367e-16,-1.5037146890201367e-16,0,0.24615384615384622,-1
1606,0.71875,0.375,0,0.00024414062499999989,1.3450400370684027e-14,8.8904798121039724e-14,5.2758412001090915e-14,5.2758412001090915e-14,1.1217656386688814e-35,7.0110352416805079e-35,1.8421483825770426e-17,-8.8248012988156226e-18,-8.8248012988156226e-18,-1.5407439555097887e-33,0.24615384615384622,-1
1607,0.734375,0.375,0,0.00024414062499999989,5.3094663481839938e-16,4.1905436929881347e-15,2.4237527819240746e-15,2.4237527819240746e-15,4.4281038072613568e-37,2.7675648795383481e-36,8.9345631302972024e-19,-4.3134543727149884e-19,-4.3134543727149884e-19,-9.6296497219361793e-35,0.24615384615384622,-1
1608,0.75,0.375,0,0.00024414062499999989,1.6705110693824278e-17,1.6183535654102354e-16,9.1270122337445897e-17,9.1270122337445897e-17,1.3932090235273166e-38,8.7075563970457284e-38,3.5432188927538867e-20,-1.7227840381732814e-20,-1.7227840381732814e-20,-3.009265538105056e-36,0.24615384615384622,-1
1609,0.765625,0.375,0,0.00024414062499999989,4.024328618133963e-19,4.9826926864336419e-18,2.7411264672251137e-18,2.7411264672251137e-18,3.3562967927511008e-40,2.097685495469438e-39,1.1182274962451767e-21,-5.4725737773645681e-22,-5.4725737773645681e-22,-9.4039548065783001e-38,0.24615384615384622,-1
1610,0.78125,0.375,0,0.00024414062499999989,6.9635036481832204e-21,1.1749921810906488e-19,6.3077777609504737e-20,6.3077777609504737e-20,5.8075736795930651e-42,3.6297335497456653e-41,2.6986258413301178e-23,-1.328648449696292e-23,-1.328648449696292e-23,-2.9387358770557188e-39,0.24615384615384622,-1
1611,0.796875,0.375,0,0.00024414062499999989,7.6983103954817143e-23,1.9910439677032912e-21,1.0434323266689135e-21,1.0434323266689135e-21,6.4204037348069369e-44,4.0127523342543357e-43,4.673000155635921e-25,-2.3135049829940852e-25,-2.3135049829940852e-25,0,0.24615384615384622,-1
1612,0.8125,0.375,0,0.00024414062499999989,4.0812237640789335e-25,2.1567405429009415e-23,1.103799434903578e-23,1.103799434903578e-23,3.4037474395491139e-46,2.127342149718196e-45,5.1658405890140413e-27,-2.5706570019466872e-27,-2.5706570019466872e-27,0,0.24615384615384622,-1
1613,0.828125,0.375,0,0.00024414062499999989,0,1.1210544762102446e-25,5.6052723810512228e-26,5.6052723810512228e-26,0,0,2.7369494048101663e-29,-1.3684747024050831e-29,-1.3684747024050831e-29,0,0.24615384615384622,-1
1614,0.84375,0.375,0,0.00024414062499999989,0,0,0,0,0,0,0,0,0,0,0.24615384615384622,-1
1615,0.859375,0.375,0,0.00024414062499999989,0,0,0,0,0,0,0,0,0,0,0.24615384615384622,-1
1616,0.875,0.375,0,0.00024414062499999989,0,0,0,0,0,0,0,0,0,0,0.24615384615384622,-1
1617,0.890625,0.375,0,0.00024414062499999989,0,0,0,0,0,0,0,0,0,0,0.24615384615384622,-1
1618,0.90625,0.375,0,0.00024414062499999989,0,0,0,0,0,0,0,0,0,0,0.24615384615384622,-1
1619,0.921875,0.375,0,0.00024414062499999989,0,0,0,0,0,0,0,0,0,0,0.24615384615384622,-1
1620,0.9375,0.375,0,0.00024414062499999989,0,0,0,0,0,0,0,0,0,0,0.24615384615384622,-1
1621,0.953125,0.375,0,0.00024414062499999989,0,0,0,0,0,0,0,0,0,0,0.24615384615384622,-1
1622,0.96875,0.375,0,0.00024414062499999989,0,0,0,0,0,0,0,0,0,0,0.24615384615384622,-1
1623,0.984375,0.375,0,0.00024414062499999989,0,0,0,0,0,0,0,0,0,0,0.24615384615384622,-1
1624,1,0.375,0,0.00012207031249999995,0,0,0,0,-0,0,0,0,0,0,0.49230769230769245,-1
1625,0,0.390625,0,0.00012207031249999995,0,0,0,0,0,0,0,0,0,0,0.16410256410256413,-1
1626,0.015625,0.390625,0,0.00024414062499999989,0,0,0,0,0,0,0,0,0,0,0.24615384615384622,-1
1627,0.03125,0.390625,0,0.00024414062499999989,0,0,0,0,0,0,0,0,0,0,0.24615384615384622,-1
1628,0.046875,0.390625,0,0.00024414062499999989,0,0,0,0,0,0,0,0,0,0,0.24615384615384622,-1
1629,0.0625,0.390625,0,0.00024414062499999989,0,0,0,0,0,0,0,0,0,0,0.24615384615384622,-1
1630,0.078125,0.390625,0,0.00024414062499999989,0,0,0,0,0,0,0,0,0,0,0.24615384615384622,-1
1631,0.09375,0.390625,0,0.00024414062499999989,0,0,0,0,0,0,0,0,0,0,0.24615384615384622,-1
1632,0.109375,0.390625,0,0.00024414062499999989,0,0,0,0,0,0,0,0,0,0,0.24615384615384622,-1
1633,0.125,0.390625,0,0.00024414062499999989,0,0,0,0,0,0,0,0,0,0,0.24615384615384622,-1
1634,0.140625,0.390625,0,0.00024414062499999989,0,0,1.3497441483431749e-54,0,0,0,0,3.2952737996659529e-58,0,0,0.24615384615384622,-1
1635,0.15625,0.390625,0,0.00024414062499999989,-1.0203823676233669e-53,-7.6921132328530704e-54,2.5369098789010446e-53,-1.482928921580615e-54,-8.5100059980242859e-75,-5.3187537487651788e-74,6.1321055746596597e-58,8.0715849662752694e-57,1.5159141384942512e-57,2.8298997121333476e-73,0.24615384615384622,-1
1636,0.171875,0.390625,0,0.00024414062499999989,-3.3409092690701856e-52,-2.545526485804388e-52,-3.000472606761768e-52,-2.7074873663372301e-52,-2.7863239135406572e-73,-1.7414524459629105e-72,1.9418524982075128e-56,-1.1107083031186029e-56,-3.9541230598838381e-57,2.2639197697066781e-72,0.24615384615384622,-1
1637,0.1875,0.390625,0,0.00024414062499999989,-3.4726357540121481e-52,-4.184094203317031e-52,-3.1241167486446322e-23,-4.184094203317031e-52,-2.8961840221160069e-73,-1.8101150138225045e-72,-1.736959104748247e-56,-7.6272381558706811e-27,0,-1.3583518618240069e-71,0.24615384615384622,-1
1638,0.203125,0.390625,0,0.00024414062499999989,2.6902506814029199e-22,2.0280351290575854e-22,2.038415990818341e-22,2.0279638388474128e-22,2.2436735640828115e-43,1.402295977551757e-42,-1.6167371883431003e-26,2.5343900783094533e-28,-1.7404836467911905e-30,-1.1479437019748901e-41,0.24615384615384622,-1
1639,0.21875,0.390625,0,0.00024414062499999989,5.5331529212792952e-22,4.7959693980779836e-22,1.1407644837926641e-18,6.3584383628066772e-22,4.6146587830350212e-43,2.8841617393968884e-42,-1.7997644609407005e-26,2.7838986495431047e-22,3.8146214959196609e-26,-1.7219155529623352e-41,0.24615384615384622,-1
1640,0.234375,0.390625,0,0.00024414062499999989,-1.0945883549750856e-17,-8.2513818474894505e-18,-6.6313435969408647e-18,-5.2843631838213855e-18,-9.1288851726255569e-39,-5.7055532328909733e-38,6.5783732965366302e-22,3.9551715101283823e-22,7.243697909345858e-22,1.88079096131566e-37,0.24615384615384622,-1
1641,0.25,0.390625,0,0.00024414062499999989,-4.069933240026896e-17,-3.2961395048715001e-17,-3.6374556853322428e-17,-3.6154329252462436e-17,-3.3943311236216375e-38,-2.1214569522635238e-37,1.8891448612192261e-21,-8.3329145620298547e-22,-7.7952495208677622e-22,2.068870057447226e-36,0.24615384615384622,-1
1642,0.265625,0.390625,0,0.00024414062499999989,-4.6836186430694041e-17,-4.3936381761902655e-17,-2.2502701492024632e-06,-4.6837517918331573e-17,-3.9061457753149684e-38,-2.4413411095718549e-37,7.079601242166466e-22,-5.4938236063440574e-10,-7.0828519444065422e-22,1.03457278196785e-36,0.24615384615384622,1201
1643,0.28125,0.390625,0,0.00024414062499999989,-4.683751791833158e-17,-4.6024672959588721e-17,-0.0054230657536987054,-4.7270696652581432e-17,-3.9062568216064497e-38,-2.4414105135040306e-37,1.9844847625558051e-22,-1.3239906625240861e-06,-3.0420500317204836e-22,3.76158192263132e-37,0.24615384615384622,1201
1644,0.296875,0.390625,0,0.00024414062499999989,1.5046400521131348e-06,5.6348074145106328e-06,-0.030808634265206528,1.485783643741332e-13,1.2548723179305874e-27,7.8429519870661698e-27,1.0083416412103262e-09,-7.5230149103078676e-06,-1.3756853676592446e-09,-5.169878828456423e-26,0.24615384615384622,1201
1645,0.3125,0.390625,0,0.00024414062499999989,0.23346716420363731,0.18684445529167773,0.171278689879306,0.14470174366631283,1.9471200510277969e-22,1.2169500318923731e-21,-1.1382497292958876e-05,-3.8002356963798133e-06,-1.0288747955411345e-05,-3.3881317890172014e-21,0.24615384615384622,1201
1646,0.328125,0.390625,0,0.00024414062499999989,0.62493574768292781,0.53273018814256123,0.57092829893534291,0.55586787713084951,5.211974579243719e-22,3.2574841120273242e-21,-2.2511122934659816e-05,9.3257106427689583e-06,5.6488498506563127e-06,1.3552527156068805e-20,0.24615384615384622,1201
1647,0.34375,0.390625,0,0.00024414062499999989,0.80271002186995188,0.74034294279648516,0.77548766796644875,0.76510751812331801,6.6946149968252976e-22,4.184134373015811e-21,-1.5226337664420584e-05,8.5802551684481345e-06,6.0460388981525579e-06,-1.1858461261560205e-20,0.24615384615384622,1201
1648,0.359375,0.390625,0,0.00024414062499999989,0.91387044612727142,0.85855739677269782,0.90088251470467928,0.89553402938576387,7.6216947927806533e-22,4.7635592454879087e-21,-1.3504162440081424e-05,1.0333280745112663e-05,9.0274981965493205e-06,-1.5246593050577406e-20,0.24615384615384622,1201
1649,0.375,0.390625,0,0.00024414062499999989,0.94499291872365521,0.90204706515474475,0.93886020661549563,0.93730659533595417,7.8812567343354217e-22,4.9257854589596383e-21,-1.0484827531472285e-05,8.9875833644411216e-06,8.6082837356468276e-06,5.9292306307801024e-21,0.24615384615384622,1201
1650,0.390625,0.390625,0,0.00024414062499999989,0.97011911974749843,0.92693610588543784,0.96502331982321188,0.96314271279262575,8.090809670768947e-22,5.0567560442305911e-21,-1.0542727993667141e-05,9.2986362152768739e-06,8.8395036394501616e-06,1.4399560103323106e-20,0.24615384615384622,1201
1651,0.40625,0.390625,0,0.00024414062499999989,0.96219148256247566,0.92727756057263633,0.96454657105244879,0.96512951162049554,8.024693044163727e-22,5.0154331526023291e-21,-8.5239067358006141e-06,9.0988795116729568e-06,9.2411989862937545e-06,-1.2176098616780567e-20,0.24615384615384622,1201
1652,0.421875,0.390625,0,0.00024414062499999989,0.88792947805538769,0.87516936045841964,0.90495531403760832,0.90791083130517281,7.4053466855505493e-22,4.6283416784690937e-21,-3.1152630851972633e-06,7.2719613230440936e-06,7.993523155945598e-06,-2.2869889575866109e-20,0.24615384615384622,1201
1653,0.4375,0.390625,0,0.00024414062499999989,0.73215459876915345,0.74915496350233957,0.767314486499173,0.77144418956410366,6.1061815890828382e-22,3.8163634931767742e-21,4.1504796711880057e-06,4.4334772941487949e-06,5.4417055814853776e-06,-3.3881317890172014e-21,0.24615384615384622,1201
1654,0.453125,0.390625,0,0.00024414062499999989,0.4994300776298124,0.54824890971162166,0.54876877763218923,0.55666086468627474,4.1652551936218987e-22,2.6032844960136863e-21,1.1918660176222961e-05,1.2692087904481962e-07,2.0536999449836743e-06,-1.8634724839594607e-20,0.24615384615384622,1201
1655,0.46875,0.390625,0,0.00024414062499999989,0.26728362406456108,0.32839399172653089,0.31232939514600039,0.31232939514600039,2.2291498913892001e-22,1.39321868211825e-21,1.4919523354973078e-05,-3.922020649543578e-06,-3.922020649543578e-06,1.1858461261560205e-20,0.24615384615384622,1201
1656,0.484375,0.390625,0,0.00024414062499999989,0.13100189600644457,0.17183334202155995,0.15946770652466158,0.15946770652466158,1.0925580019223643e-22,6.8284875120147752e-22,9.9686147497840185e-06,-3.0189539787349522e-06,-3.0189539787349522e-06,3.3881317890172014e-21,0.24615384615384622,1201
1657,0.5,0.390625,0,0.00024414062499999989,0.056721710204280608,0.079571160653594764,0.072111862037697469,0.072111862037697469,4.7306001100441731e-23,2.9566250687776079e-22,5.5784791136020854e-06,-1.8211178261468002e-06,-1.8211178261468002e-06,1.6940658945086007e-21,0.24615384615384622,1201
1658,0.515625,0.390625,0,0.00024414062499999989,0.0213412489619429,0.032234463982347764,0.028471369978943201,0.028471369978943201,1.77986372985327e-23,1.1124148311582937e-22,2.659476323341031e-06,-9.1872412192494137e-07,-9.1872412192494137e-07,-1.6940658945086007e-21,0.24615384615384622,1201
1659,0.53125,0.390625,0,0.00024414062499999989,0.0067631214533450884,0.011129767005286581,0.0095307294859186473,0.0095307294859186473,5.6404545942308208e-24,3.5252841213942637e-23,1.0660755742044655e-06,-3.9039001937693666e-07,-3.9039001937693666e-07,-1.0587911840678754e-22,0.24615384615384622,1201
1660,0.546875,0.390625,0,0.00024414062499999989,0.0017988180811793599,0.0032422355920792537,0.0026865234554942622,0.0026865234554942622,1.5002172857852835e-24,9.3763580361580204e-24,3.5239685324704433e-07,-1.356719083459451e-07,-1.356719083459451e-07,-1.3234889800848443e-22,0.24615384615384622,1201
1661,0.5625,0.390625,0,0.00024414062499999989,0.00040442680198561783,0.00080107343373001579,0.00064193642825041729,0.00064193642825041729,3.372926287109014e-25,2.1080789294431339e-24,9.6837556578222132e-08,-3.8851807978417588e-08,-3.8851807978417588e-08,-1.3234889800848443e-23,0.24615384615384622,1201
1662,0.578125,0.390625,0,0.00024414062499999989,7.7549111645154695e-05,0.00016925285103135536,0.00013120062870800958,0.00013120062870800958,6.4676088707690513e-26,4.0422555442306565e-25,2.2388608248584136e-08,-9.2900933406605882e-09,-9.2900933406605882e-09,1.6543612251060553e-24,0.24615384615384622,1201
1663,0.59375,0.390625,0,0.00024414062499999989,1.2781503127267294e-05,3.081387898412176e-05,2.3121834484119925e-05,2.3121834484119925e-05,1.0659794967856516e-26,6.6623718549103213e-26,4.4024355119273573e-09,-1.8779405517582597e-09,-1.8779405517582597e-09,4.1359030627651384e-25,0.24615384615384622,1201
1664,0.609375,0.390625,0,0.00024414062499999989,1.8209761986345681e-06,4.8624532613458073e-06,3.5350103499960118e-06,3.5350103499960118e-06,1.5186971927723033e-27,9.4918574548268959e-27,7.4254811101348562e-10,-3.2408274202875846e-10,-3.2408274202875846e-10,1.0339757656912846e-25,0.24615384615384622,1201
1665,0.625,0.390625,0,0.00024414062499999989,2.2495190067824244e-07,6.6750842268013931e-07,4.7060649903255471e-07,4.7060649903255471e-07,1.8761026109237992e-28,1.1725641318273746e-27,1.080460258793693e-10,-4.8071758703023564e-11,-4.8071758703023564e-11,0,0.24615384615384622,1201
1666,0.640625,0.390625,0,0.00024414062499999989,2.410508383942852e-08,7.9820579777352899e-08,5.4622236679767829e-08,5.4622236679767829e-08,2.0103680205118177e-29,1.2564800128198858e-28,1.360241600046981e-11,-6.1519392328088525e-12,-6.1519392328088525e-12,3.2311742677852644e-27,0.24615384615384622,1201
1667,0.65625,0.390625,0,0.00024414062499999989,2.235328111604692e-09,8.305194344357206e-09,5.5208289885726582e-09,5.5208289885726582e-09,1.8642673806305595e-30,1.1651671128940996e-29,1.4819009357305935e-12,-6.7977669818958656e-13,-6.7977669818958656e-13,0,0.24615384615384622,-1
1668,0.671875,0.390625,0,0.00024414062499999989,1.784770792832706e-10,7.4929361594940232e-10,4.8417874362298351e-10,4.8417874362298351e-10,1.4885018238291511e-31,9.3031363989321931e-31,1.3935950602200475e-13,-6.4725310626567053e-14,-6.4725310626567053e-14,-1.2621774483536189e-29,0.24615384615384622,-1
1669,0.6875,0.390625,0,0.00024414062499999989,1.2173543214438654e-11,5.8276069634774838e-11,3.6626855351761975e-11,3.6626855351761975e-11,1.0152755384569662e-32,6.3454721153560385e-32,1.1255499614339882e-14,-5.2854527058136858e-15,-5.2854527058136858e-15,2.3665827156630354e-30,0.24615384615384622,-1
1670,0.703125,0.390625,0,0.00024414062499999989,7.0162454694874104e-13,3.8749444687492689e-12,2.3700331151092879e-12,2.3700331151092879e-12,5.8515604466998694e-34,3.6572252791874173e-33,7.7473630903333164e-16,-3.6740999844726081e-16,-3.6740999844726081e-16,0,0.24615384615384622,-1
1671,0.71875,0.390625,0,0.00024414062499999989,3.3674166776352642e-14,2.1785177035202427e-13,1.2972766659667518e-13,1.2972766659667518e-13,2.8084311365815951e-35,1.7552694603634968e-34,4.496523524796668e-17,-2.1514673768395765e-17,-2.1514673768395765e-17,6.1629758220391547e-33,0.24615384615384622,-1
1672,0.734375,0.390625,0,0.00024414062499999989,1.3196567926906058e-15,1.0205184464384598e-14,5.9192637238441886e-15,5.9192637238441886e-15,1.1005959704387754e-36,6.8787248152423453e-36,2.1693182792221651e-18,-1.0463673682959981e-18,-1.0463673682959981e-18,1.9259299443872359e-34,0.24615384615384622,-1
1673,0.75,0.390625,0,0.00024414062499999989,4.1094142326589711e-17,3.9060826419036944e-16,2.2077693956701968e-16,2.2077693956701968e-16,3.4272583374551607e-38,2.1420364609094756e-37,8.5330596158149309e-20,-4.1462725738122481e-20,-4.1462725738122481e-20,6.018531076210112e-36,0.24615384615384622,-1
1674,0.765625,0.390625,0,0.00024414062499999989,9.7717082295909227e-19,1.1889040977207706e-17,6.5511338321479817e-18,6.5511338321479817e-18,8.1496209933976636e-40,5.0935131208735392e-39,2.6640307993771019e-21,-1.3031999865868461e-21,-1.3031999865868461e-21,-1.88079096131566e-37,0.24615384615384622,-1
1675,0.78125,0.390625,0,0.00024414062499999989,1.6652907311710091e-20,2.7656230113071904e-19,1.4863296546063745e-19,1.4863296546063745e-19,1.3888552527350635e-41,8.6803453295941462e-41,6.3454441850343946e-23,-3.1232747966328502e-23,-3.1232747966328502e-23,1.1754943508222875e-38,0.24615384615384622,-1
1676,0.796875,0.390625,0,0.00024414062499999989,1.8101296047801996e-22,4.6149482155858837e-21,2.4201335462942787e-21,2.4201335462942787e-21,1.5096511153715538e-43,9.4353194710722119e-43,1.0825037243915677e-24,-5.3584342512002047e-25,-5.3584342512002047e-25,9.1835496157991212e-41,0.24615384615384622,-1
1677,0.8125,0.390625,0,0.00024414062499999989,9.4240885640874661e-25,4.9165136866969082e-23,2.5169761644016144e-23,2.5169761644016144e-23,7.8597056114457143e-46,4.9123160071535713e-45,1.17731269557032e-26,-5.8582459040412416e-27,-5.8582459040412416e-27,7.1746481373430634e-43,0.24615384615384622,-1
1678,0.828125,0.390625,0,0.00024414062499999989,0,2.5111990070566818e-25,1.2555995035283409e-25,1.2555995035283409e-25,0,0,6.1308569508219747e-29,-3.0654284754109874e-29,-3.0654284754109874e-29,0,0.24615384615384622,-1
1679,0.84375,0.390625,0,0.00024414062499999989,0,0,0,0,0,0,0,0,0,0,0.24615384615384622,-1
1680,0.859375,0.390625,0,0.00024414062499999989,0,0,0,0,0,0,0,0,0,0,0.24615384615384622,-1
1681,0.875,0.390625,0,0.00024414062499999989,0,0,0,0,0,0,0,0,0,0,0.24615384615384622,-1
1682,0.890625,0.390625,0,0.00024414062499999989,0,0,0,0,0,0,0,0,0,0,0.24615384615384622,-1
1683,0.90625,0.390625,0,0.00024414062499999989,0,0,0,0,0,0,0,0,0,0,0.24615384615384622,-1
1684,0.921875,0.390625,0,0.00024414062499999989,0,0,0,0,0,0,0,0,0,0,0.24615384615384622,-1
1685,0.9375,0.390625,0,0.00024414062499999989,0,0,0,0,0,0,0,0,0,0,0.24615384615384622,-1
1686,0.953125,0.390625,0,0.00024414062499999989,0,0,0,0,0,0,0,0,0,0,0.24615384615384622,-1
1687,0.96875,0.390625,0,0.00024414062499999989,0,0,0,0,0,0,0,0,0,0,0.24615384615384622,-1
1688,0.984375,0.390625,0,0.00024414062499999989,0,0,0,0,0,0,0,0,0,0,0.24615384615384622,-1
1689,1,0.390625,0,0.00012207031249999995,0,0,0,0,-0,0,0,0,0,0,0.49230769230769245,-1
1690,0,0.40625,0,0.00012207031249999995,0,0,0,0,0,0,0,0,0,0,0.16410256410256413,-1
1691,0.015625,0.40625,0,0.00024414062499999989,0,0,0,0,0,0,0,0,0,0,0.24615384615384622,-1
1692,0.03125,0.40625,0,0.00024414062499999989,0,0,0,0,0,0,0,0,0,0,0.24615384615384622,-1
1693,0.046875,0.40625,0,0.00024414062499999989,0,0,0,0,0,0,0,0,0,0,0.24615384615384622,-1
1694,0.0625,0.40625,0,0.00024414062499999989,0,0,0,0,0,0,0,0,0,0,0.24615384615384622,-1
1695,0.078125,0.40625,0,0.00024414062499999989,0,0,0,0,0,0,0,0,0,0,0.24615384615384622,-1
1696,0.09375,0.40625,0,0.00024414062499999989,0,0,0,0,0,0,0,0,0,0,0.24615384615384622,-1
1697,0.109375,0.40625,0,0.00024414062499999989,0,0,0,0,0,0,0,0,0,0,0.24615384615384622,-1
1698,0.125,0.40625,0,0.00024414062499999989,0,0,5.9442406261016378e-72,0,0,0,0,1.4512306216068444e-75,0,0,0.24615384615384622,-1
1699,0.140625,0.40625,0,0.00024414062499999989,0,0,2.8865914719490459e-54,0,0,0,0,7.0473424608130976e-58,0,0,0.24615384615384622,-1
1700,0.15625,0.40625,0,0.00024414062499999989,-2.4984732526795086e-53,-1.8834644520199379e-53,1.2877678363584976e-53,-1.5377641632802551e-53,-2.0837308680400371e-74,-1.3023317925250231e-73,1.5014863297352801e-57,7.7422663290489115e-57,8.4399484555586577e-58,-5.6597994242666952e-73,0.24615384615384622,-1
1701,0.171875,0.40625,0,0.00024414062499999989,-3.3409558876152446e-52,-2.5762985754872868e-52,-9.4819038607751001e-50,-3.4726357540121481e-52,-2.7863627934851424e-73,-1.741476745928214e-72,1.8668391409373959e-56,-2.3086281433154844e-53,-2.188323189757961e-56,3.9618595969866867e-72,0.24615384615384622,-1
1702,0.1875,0.40625,0,0.00024414062499999989,-4.0615856754478706e-53,-1.1634067853523885e-52,-2.8491661233540052e-23,-3.4122074849257233e-52,-3.3873692408127591e-74,-2.1171057755079744e-73,-1.8487505317568384e-56,-6.9559719808447363e-27,-5.4902360829427088e-56,0,0.24615384615384622,-1
1703,0.203125,0.40625,0,0.00024414062499999989,2.1382941639500958e-22,1.6119448312854569e-22,1.7031297690815503e-22,1.6119199656104164e-22,1.7833409061290535e-43,1.1145880663306583e-42,-1.285032550450778e-26,2.2261947704124377e-27,-6.0707214454348093e-31,0,0.24615384615384622,-1
1704,0.21875,0.40625,0,0.00024414062499999989,3.2858911180743479e-22,3.0468896059887975e-22,1.5586278352410914e-18,5.5331529212792952e-22,2.7404386836669471e-43,1.712774177291842e-42,-5.8349978536511335e-27,3.8044998688488568e-22,6.0699787970959396e-26,0,0.24615384615384622,-1
1705,0.234375,0.40625,0,0.00024414062499999989,-1.1800713424496025e-17,-8.8958353948180313e-18,-6.5343412524516605e-18,-5.0820987719920318e-18,-9.8418147167057297e-39,-6.151134197941081e-38,7.09198737714354e-22,5.7653665585116437e-22,9.3108804268212841e-22,-1.88079096131566e-37,0.24615384615384622,-1
1706,0.25,0.40625,0,0.00024414062499999989,-4.277082892999718e-17,-3.5359166394626288e-17,-3.8670030280688952e-17,-3.9064997662311632e-17,-3.5670942803776006e-38,-2.2294339252360005e-37,1.809487923674535e-21,-8.0831637843326656e-22,-9.0474396183724118e-22,-1.88079096131566e-36,0.24615384615384622,-1
1707,0.265625,0.40625,0,0.00024414062499999989,-4.6111324307267658e-17,-4.5051753042752054e-17,-0.0054352936198450944,-4.683751791833158e-17,-3.8456921530864036e-38,-2.4035575956790021e-37,2.5868439075088028e-22,-1.3269759814074821e-06,-4.3597775282703233e-22,-3.9966807927957775e-37,0.24615384615384622,1201
1708,0.28125,0.40625,0,0.00024414062499999989,0.00010970066977136067,8.2697427981478786e-05,-0.03479669102686811,4.0584598542622342e-10,9.1490541914787818e-26,5.718158869674238e-25,-6.5925883276078777e-09,-8.5154756969847588e-06,-2.0189702669798174e-08,0,0.24615384615384622,1201
1709,0.296875,0.40625,0,0.00024414062499999989,0.26436843693260093,0.21016371661965078,0.20155563246979136,0.17450130775654932,2.2048371819917156e-22,1.3780232387448221e-21,-1.3233574295153838e-05,-2.1015830443992683e-06,-8.7066427888431277e-06,0,0.24615384615384622,1201
1710,0.3125,0.40625,0,0.00024414062499999989,0.56823531548658057,0.49817479045239355,0.50622223549291678,0.49456828878102538,4.739092027181052e-22,2.9619325169881572e-21,-1.7104620369674567e-05,1.9647082618464978e-06,-8.8049357211136414e-07,0,0.24615384615384622,1201
1711,0.328125,0.40625,0,0.00024414062499999989,0.79631958807224856,0.73679865486592733,0.75250665213318735,0.75250665213318735,6.6413186721591843e-22,4.1508241700994901e-21,-1.4531477833574522e-05,3.8349602703271392e-06,3.8349602703271392e-06,1.5246593050577406e-20,0.24615384615384622,1201
1712,0.34375,0.40625,0,0.00024414062499999989,0.92361473518913539,0.89010235913857016,0.90210680495461437,0.90210680495461437,7.7029623263975738e-22,4.8143514539984836e-21,-8.1817324342200317e-06,2.9307729043076571e-06,2.9307729043076571e-06,1.2705494208814505e-20,0.24615384615384622,1201
1713,0.359375,0.40625,0,0.00024414062499999989,0.96767054709065303,0.95359678815792404,0.9588409712187278,0.9588409712187278,8.0703885338917141e-22,5.0439928336823202e-21,-3.4359763019357937e-06,1.2803181300790358e-06,1.2803181300790358e-06,6.7762635780344027e-21,0.24615384615384622,1201
1714,0.375,0.40625,0,0.00024414062499999989,0.98815600460662456,0.98177240732233495,0.9842384223652525,0.9842384223652525,8.2412375919161421e-22,5.1507734949475896e-21,-1.5584954307347733e-06,6.020544538372912e-07,6.020544538372912e-07,0,0.24615384615384622,1201
1715,0.390625,0.40625,0,0.00024414062499999989,0.99885577047354857,0.99476480060580352,0.99744848151638044,0.99749702329891232,8.3304738180546447e-22,5.2065461362841529e-21,-9.9877194036744198e-07,6.5519553480882254e-07,6.6704655593476357e-07,-4.1822251770681079e-21,0.24615384615384622,1201
1716,0.40625,0.40625,0,0.00024414062499999989,1,0.9985361221785467,1.0015671242555075,1,8.3400167114269576e-22,5.2125104446418485e-21,-3.5739204625323269e-07,7.3999074144552301e-07,3.5739204625324608e-07,-1.9428818227645514e-20,0.24615384615384622,1201
1717,0.421875,0.40625,0,0.00024414062499999989,1,0.99844195154777238,1.0047152708848366,1,8.3400167114269576e-22,5.2125104446418485e-21,-3.8038292290714633e-07,1.5315721037754375e-06,3.8038292290713431e-07,5.9821701899834961e-21,0.24615384615384622,1201
1718,0.4375,0.40625,0,0.00024414062499999989,0.99999962864300407,0.9954015937214884,1.0152739208488242,0.99999999243229565,8.340013614303406e-22,5.212508508939628e-21,-1.1225671195106549e-06,4.851642365072183e-06,1.1226559352556839e-06,-2.0540587745007997e-20,0.24615384615384622,1201
1719,0.453125,0.40625,0,0.00024414062499999989,0.91096721199563546,0.92189438497480913,0.95242230555791696,0.96152800811549621,7.5974817716056245e-22,4.7484261072535145e-21,2.6677668406185654e-06,7.4531056111103175e-06,9.6761775245818151e-06,-1.1858461261560205e-20,0.24615384615384622,1201
1720,0.46875,0.40625,0,0.00024414062499999989,0.6109834739747434,0.67159467732915967,0.67296998955669951,0.68094974983002965,5.0956123833550583e-22,3.184757739596911e-21,1.4797657068949249e-05,3.3576958680171608e-07,2.2839532472826964e-06,4.0657581468206416e-20,0.24615384615384622,1201
1721,0.484375,0.40625,0,0.00024414062499999989,0.32702216467334744,0.3987794698688289,0.38348623337357607,0.39608379493020018,2.7273703183827363e-22,1.70460644898921e-21,1.7518873338740597e-05,-3.7337003162238266e-06,-6.5812376431365452e-07,-1.3552527156068805e-20,0.24615384615384622,1201
1722,0.5,0.40625,0,0.00024414062499999989,0.14781667703181697,0.19846513770057997,0.18411354963072477,0.18411354963072477,1.2327935566729549e-22,7.7049597292059684e-22,1.2365346842959712e-05,-3.503805681116993e-06,-3.503805681116993e-06,-1.6940658945086007e-21,0.24615384615384622,1201
1723,0.515625,0.40625,0,0.00024414062499999989,0.054733713719337759,0.080587730979964231,0.072205980464551234,0.072205980464551234,4.5648008709773591e-23,2.8530005443608493e-22,6.3120159327701305e-06,-2.0463258094269992e-06,-2.0463258094269992e-06,0,0.24615384615384622,1201
1724,0.53125,0.40625,0,0.00024414062499999989,0.016691990306956034,0.027023551740946148,0.023349852949102846,0.023349852949102846,1.3921147810699014e-23,8.7007173816868827e-23,2.5223538657202415e-06,-8.9689911910236809e-07,-8.9689911910236809e-07,0,0.24615384615384622,1201
1725,0.546875,0.40625,0,0.00024414062499999989,0.0042820245137298119,0.0076103856268482147,0.006349621156742119,0.006349621156742119,3.5712156003246527e-24,2.2320097502029076e-23,8.1258816238242225e-07,-3.0780382570949581e-07,-3.0780382570949581e-07,-1.0587911840678754e-22,0.24615384615384622,1201
1726,0.5625,0.40625,0,0.00024414062499999989,0.00093786477617935208,0.0018316395180670232,0.00147671890925612,0.00147671890925612,7.8218079063945006e-25,4.8886299414965626e-24,2.1820672409366964e-07,-8.6650539260474379e-08,-8.6650539260474379e-08,-2.6469779601696886e-23,0.24615384615384622,1201
1727,0.578125,0.40625,0,0.00024414062499999989,0.00017714312674738998,0.00038074329525223614,0.0002968806072123549,0.0002968806072123549,1.4773766373876562e-25,9.2336039836728498e-25,4.9707072388878431e-08,-2.0474289072236622e-08,-2.0474289072236622e-08,6.6174449004242214e-24,0.24615384615384622,1201
1728,0.59375,0.40625,0,0.00024414062499999989,2.9032406206742209e-05,6.8811465318750723e-05,5.1941647760011885e-05,5.1941647760011885e-05,2.4213075293716578e-26,1.5133172058572858e-25,9.7116843535177004e-09,-4.1186078024264734e-09,-4.1186078024264734e-09,0,0.24615384615384622,1201
1729,0.609375,0.40625,0,0.00024414062499999989,4.1405263731030461e-06,1.0850989424766926e-05,7.9364745870207544e-06,7.9364745870207544e-06,3.4532059145783457e-27,2.1582536966114662e-26,1.6382966434726262e-09,-7.1155147405912356e-10,-7.1155147405912356e-10,0,0.24615384615384622,1201
1730,0.625,0.40625,0,0.00024414062499999989,5.1385758827793264e-07,1.4943840229075284e-06,1.0599340777512003e-06,1.0599340777512003e-06,4.2855808735315111e-28,2.6784880459571948e-27,2.3938633657949104e-10,-1.0606688114168159e-10,-1.0606688114168159e-10,0,0.24615384615384622,1201
1731,0.640625,0.40625,0,0.00024414062499999989,5.5358898690085419e-08,1.7950520852789465e-07,1.2355381903266056e-07,1.2355381903266056e-07,4.6169414020150435e-29,2.8855883762594022e-28,3.0309157675246379e-11,-1.3660007200984882e-11,-1.3660007200984882e-11,3.2311742677852644e-27,0.24615384615384622,1201
1732,0.65625,0.40625,0,0.00024414062499999989,5.1537148265306595e-09,1.8746585513012783e-08,1.2529251451855213e-08,1.2529251451855213e-08,4.2982067779194583e-30,2.6863792361996614e-29,3.3185719449419226e-12,-1.5179038235247967e-12,-1.5179038235247967e-12,6.0584517520973707e-28,0.24615384615384622,1201
1733,0.671875,0.40625,0,0.00024414062499999989,4.1193451235403859e-10,1.6938102318392145e-09,1.0998250299033546e-09,1.0998250299033546e-09,3.4355407170461966e-31,2.1472129481538729e-30,3.1295793932743537e-13,-1.4501591844137201e-13,-1.4501591844137201e-13,2.5243548967072378e-29,0.24615384615384622,-1
1734,0.6875,0.40625,0,0.00024414062499999989,2.8029053166678588e-11,1.3153375628929345e-10,8.3017141553477856e-11,8.3017141553477856e-11,2.3376277181557413e-32,1.4610173238473382e-31,2.5269702910794633e-14,-1.1844876644486226e-14,-1.1844876644486226e-14,1.5777218104420236e-30,0.24615384615384622,-1
1735,0.703125,0.40625,0,0.00024414062499999989,1.6057776304981476e-12,8.7044582566830422e-12,5.3426130237348536e-12,5.3426130237348536e-12,1.3392212273190135e-33,8.3701326707438335e-33,1.7330763247521709e-15,-8.2076299632524096e-16,-8.2076299632524096e-16,-1.9721522630525295e-31,0.24615384615384622,-1
1736,0.71875,0.40625,0,0.00024414062499999989,7.6355610277590116e-14,4.8554597317723884e-13,2.8995733516774385e-13,2.8995733516774385e-13,6.3680706572630553e-35,3.9800441607894094e-34,9.9899990942297009e-17,-4.7751132326536838e-17,-4.7751132326536838e-17,-6.1629758220391547e-33,0.24615384615384622,-1
1737,0.734375,0.40625,0,0.00024414062499999989,2.9563977688083456e-15,2.2506848613666668e-14,1.3083529288781816e-14,1.3083529288781816e-14,2.4656406797486975e-36,1.541025424842936e-35,4.7730592882954867e-18,-2.3006150695519646e-18,-2.3006150695519646e-18,-3.8518598887744717e-34,0.24615384615384622,-1
1738,0.75,0.40625,0,0.00024414062499999989,9.0758179947381426e-17,8.5055796947758893e-16,4.8154953989058833e-16,4.8154953989058833e-16,7.5692473745985611e-38,4.7307796091241008e-37,1.8549799549077324e-19,-9.008994862963878e-20,-9.008994862963878e-20,-1.2037062152420224e-35,0.24615384615384622,-1
1739,0.765625,0.40625,0,0.00024414062499999989,2.1240927645588369e-18,2.5517725625176014e-17,1.4077683192502538e-17,1.4077683192502538e-17,1.7714969153041787e-39,1.1071855720651116e-38,5.7113361476116124e-21,-2.7929791095394217e-21,-2.7929791095394217e-21,7.5231638452626401e-37,0.24615384615384622,-1
1740,0.78125,0.40625,0,0.00024414062499999989,3.5588116711098684e-20,5.8437267266985717e-19,3.1431096617465589e-19,3.1431096617465589e-19,2.9680548809877602e-41,1.8550343006173501e-40,1.339806044821187e-22,-6.5933033812304976e-23,-6.5933033812304976e-23,1.1754943508222875e-38,0.24615384615384622,-1
1741,0.796875,0.40625,0,0.00024414062499999989,3.800485025289635e-22,9.5921064153992961e-21,5.0326004196169191e-21,5.0326004196169191e-21,3.1696108622443463e-43,1.9810067889027162e-42,2.2490375763843576e-24,-1.1131606435015563e-24,-1.1131606435015563e-24,-1.8367099231598242e-40,0.24615384615384622,-1
1742,0.8125,0.40625,0,0.00024414062499999989,1.9432897776577815e-24,1.0047377897773352e-22,5.1447708504176606e-23,5.1447708504176606e-23,1.6207069220811074e-45,1.0129418263006921e-44,2.4055295214862232e-26,-1.1969255486708226e-26,-1.1969255486708226e-26,-1.4349296274686127e-42,0.24615384615384622,-1
1743,0.828125,0.40625,0,0.00024414062499999989,0,5.0447931693691308e-25,2.5223965846845654e-25,2.5223965846845654e-25,0,0,1.23163895736551e-28,-6.15819478682755e-29,-6.15819478682755e-29,0,0.24615384615384622,-1
1744,0.84375,0.40625,0,0.00024414062499999989,0,0,0,0,0,0,0,0,0,0,0.24615384615384622,-1
1745,0.859375,0.40625,0,0.00024414062499999989,0,0,0,0,0,0,0,0,0,0,0.24615384615384622,-1
1746,0.875,0.40625,0,0.00024414062499999989,0,0,0,0,0,0,0,0,0,0,0.24615384615384622,-1
1747,0.890625,0.40625,0,0.00024414062499999989,0,0,0,0,0,0,0,0,0,0,0.24615384615384622,-1
1748,0.90625,0.40625,0,0.00024414062499999989,0,0,0,0,0,0,0,0,0,0,0.24615384615384622,-1
1749,0.921875,0.40625,0,0.00024414062499999989,0,0,0,0,0,0,0,0,0,0,0.24615384615384622,-1
1750,0.9375,0.40625,0,0.00024414062499999989,0,0,0,0,0,0,0,0,0,0,0.24615384615384622,-1
1751,0.953125,0.40625,0,0.00024414062499999989,0,0,0,0,0,0,0,0,0,0,0.24615384615384622,-1
1752,0.96875,0.40625,0,0.00024414062499999989,0,0,0,0,0,0,0,0,0,0,0.24615384615384622,-1
1753,0.984375,0.40625,0,0.00024414062499999989,0,0,0,0,0,0,0,0,0,0,0.24615384615384622,-1
1754,1,0.40625,0,0.00012207031249999995,0,0,0,0,-0,0,0,0,0,0,0.49230769230769245,-1
1755,0,0.421875,0,0.00012207031249999995,0,0,0,0,0,0,0,0,0,0,0.16410256410256413,-1
1756,0.015625,0.421875,0,0.00024414062499999989,0,0,0,0,0,0,0,0,0,0,0.24615384615384622,-1
1757,0.03125,0.421875,0,0.00024414062499999989,0,0,0,0,0,0,0,0,0,0,0.24615384615384622,-1
1758,0.046875,0.421875,0,0.00024414062499999989,0,0,0,0,0,0,0,0,0,0,0.24615384615384622,-1
1759,0.0625,0.421875,0,0.00024414062499999989,0,0,0,0,0,0,0,0,0,0,0.24615384615384622,-1
1760,0.078125,0.421875,0,0.00024414062499999989,0,0,0,0,0,0,0,0,0,0,0.24615384615384622,-1
1761,0.09375,0.421875,0,0.00024414062499999989,0,0,0,0,0,0,0,0,0,0,0.24615384615384622,-1
1762,0.109375,0.421875,0,0.00024414062499999989,0,0,0,0,0,0,0,0,0,0,0.24615384615384622,-1
1763,0.125,0.421875,0,0.00024414062499999989,0,0,3.9239191588123542e-58,0,0,0,0,9.5798807588192208e-62,0,0,0.24615384615384622,-1
1764,0.140625,0.421875,0,0.00024414062499999989,-2.897817305224548e-70,-2.897817305224548e-70,3.5631713405189948e-54,-3.2172234934175181e-86,-2.4167844752234963e-91,-1.5104902970146852e-90,2.3601410890854456e-93,8.6991487805639492e-58,7.0747492803333651e-74,0,0.24615384615384622,-1
1765,0.15625,0.421875,0,0.00024414062499999989,-3.0578580474101973e-53,-2.3052330064308637e-53,-5.5905104874594533e-54,-2.3049188595610084e-53,-2.5502587216572452e-74,-1.5939117010357783e-73,1.8374634789534505e-57,4.2631395451291935e-57,7.6696013148202513e-61,8.4896991364000428e-73,0.24615384615384622,-1
1766,0.171875,0.421875,0,0.00024414062499999989,-1.7531924895291185e-52,-1.464826687718163e-52,-1.7148846665754313e-36,-3.3409558876152446e-52,-1.462165466102108e-73,-9.1385341631381746e-73,7.040180708275277e-57,-4.1867301430064224e-40,-4.5803935544362324e-56,4.5278395394133562e-72,0.24615384615384622,-1
1767,0.1875,0.421875,0,0.00024414062499999989,4.6065099778438992e-48,4.4173104983587713e-48,-2.6099126606241528e-23,-2.4452093678732875e-52,3.8418370196573147e-69,2.4011481372858217e-68,-4.6191279171173805e-53,-6.3718570816019326e-27,-1.0785046433827043e-51,0,0.24615384615384622,-1
1768,0.203125,0.421875,0,0.00024414062499999989,2.6462575141474698e-22,1.9948710491266201e-22,5.5213420502738742e-20,3.285124733831414e-22,2.2069831890729057e-43,1.3793644931705661e-42,-1.5902989868673089e-26,1.3431136083453626e-23,3.150033409923812e-26,2.8698592549372254e-42,0.24615384615384622,-1
1769,0.21875,0.421875,0,0.00024414062499999989,2.537546856264906e-22,2.4349024699248459e-22,2.3211910033692043e-18,3.2858701862330338e-22,2.1163183187278257e-43,1.3226989492048909e-42,-2.5059664633803685e-27,5.6663757644585226e-22,2.0775579011430353e-26,0,0.24615384615384622,-1
1770,0.234375,0.421875,0,0.00024414062499999989,-1.7816962032582495e-17,-1.3541145890987911e-17,-1.2455602078663297e-17,-1.0998192682800362e-17,-1.4859376109859762e-38,-9.2871100686623522e-38,1.0439004251939892e-21,2.6502534480581388e-22,6.2083818559266304e-22,7.5231638452626401e-37,0.24615384615384622,-1
1771,0.25,0.421875,0,0.00024414062499999989,-4.4950873840480138e-17,-3.8527865655783586e-17,-4.1954894878773085e-17,-4.1978698990912321e-17,-3.7489103902284925e-38,-2.3430689938928076e-37,1.5681172325919308e-21,-8.366770563939208e-22,-8.4248860720916275e-22,-3.76158192263132e-37,0.24615384615384622,-1
1772,0.265625,0.421875,0,0.00024414062499999989,-4.4598149774329335e-17,-4.2925954714974574e-17,-0.030872297577446035,-4.6082382845429646e-17,-3.719493144166291e-38,-2.3246832151039315e-37,4.0825074691278306e-22,-7.5371820257436474e-06,-7.706123365368818e-22,-3.76158192263132e-37,0.24615384615384622,1201
1773,0.28125,0.421875,0,0.00024414062499999989,0.26453176128836042,0.19941625081737938,0.18987285270938448,0.15731509747389397,2.2061993098481328e-22,1.3788745686550829e-21,-1.589734142357935e-05,-2.3299311787096914e-06,-1.0278601890499364e-05,0,0.24615384615384622,1201
1774,0.296875,0.421875,0,0.00024414062499999989,0.6442113428407179,0.54738083821943306,0.57710141384874059,0.56392038421242852,5.3727333649823887e-22,3.3579583531139928e-21,-2.3640259917305835e-05,7.2559999094989101e-06,4.0379750959461452e-06,-1.6940658945086007e-20,0.24615384615384622,1201
1775,0.3125,0.421875,0,0.00024414062499999989,0.82068635537945178,0.76798906967476943,0.78405250895727752,0.78405250895727752,6.844537918704712e-22,4.2778361991904447e-21,-1.2865548267744726e-05,3.9217381060810823e-06,3.9217381060810823e-06,3.3881317890172014e-21,0.24615384615384622,1201
1776,0.328125,0.421875,0,0.00024414062499999989,0.9146101449303623,0.88543979316327337,0.89412598900473017,0.89412598900473017,7.6278638931598533e-22,4.7674149332249088e-21,-7.1216679118869461e-06,2.120653281605666e-06,2.120653281605666e-06,-5.082197683525802e-21,0.24615384615384622,1201
1777,0.34375,0.421875,0,0.00024414062499999989,0.9658064459321547,0.95065498462807863,0.95568809193829274,0.95568809193829274,8.0548418990780466e-22,5.0342761869237796e-21,-3.699087232440448e-06,1.2287859644077527e-06,1.2287859644077527e-06,-1.4823076576950256e-20,0.24615384615384622,1201
1778,0.359375,0.421875,0,0.00024414062499999989,0.98878320934530362,0.98232318434272414,0.9847847178693574,0.9847847178693574,8.2464684899182117e-22,5.1540428061988831e-21,-1.5771545416453773e-06,6.0096033365068949e-07,6.0096033365068949e-07,-2.1175823681357508e-22,0.24615384615384622,1201
1779,0.375,0.421875,0,0.00024414062499999989,0.9958002951648528,0.99350244049891334,0.99426613938518515,0.99426613938518515,8.3049911029187703e-22,5.1906194393242308e-21,-5.6099967430163403e-07,1.8644992340620012e-07,1.8644992340620012e-07,6.8292031372377965e-21,0.24615384615384622,1201
1780,0.390625,0.421875,0,0.00024414062499999989,0.99877577646038451,0.9978530255813699,0.99817952825692235,0.99819251210139082,8.3298066666480428e-22,5.2061291666550264e-21,-2.2528097632191467e-07,7.9712567273550837e-08,8.2882451176969173e-08,-5.7704119531699211e-21,0.24615384615384622,1201
1781,0.40625,0.421875,0,0.00024414062499999989,0.99983108641447516,0.99960934853873318,0.99970044913872902,0.999703053487912,8.3386079693008943e-22,5.211629980813059e-21,-5.4135223569815597e-08,2.2241357420869306e-08,2.2877184858111042e-08,-1.0389388493666028e-20,0.24615384615384622,1201
1782,0.421875,0.421875,0,0.00024414062499999989,0.99999119259069302,0.99996175876344984,0.99997542463921696,0.99997637290491836,8.3399432574861536e-22,5.2124645359288456e-21,-7.1859929792934558e-09,3.3363954509569855e-09,3.5679056319582365e-09,4.3137468944640393e-22,0.24615384615384622,1201
1783,0.4375,0.421875,0,0.00024414062499999989,1,0.99999795794700563,1.0018252925735924,1,8.3400167114269576e-22,5.2125104446418485e-21,-4.9854809433962945e-10,4.46126617819025e-07,4.9854809432777078e-10,5.812184574103849e-21,0.24615384615384622,1201
1784,0.453125,0.421875,0,0.00024414062499999989,1,0.99999993409803334,1.0079798110933162,1,8.3400167114269576e-22,5.2125104446418485e-21,-1.6089347321012934e-11,1.9482121570514998e-06,1.6089347329483257e-11,-1.4516835573372372e-20,0.24615384615384622,1201
1785,0.46875,0.421875,0,0.00024414062499999989,0.99999978221641228,0.99634720862450099,1.038121075741776,0.99999999553249674,8.3400148951081977e-22,5.2125093094426225e-21,-8.9174159958771222e-07,1.0198698026678472e-05,8.9179367870990892e-07,-1.9375904517836263e-20,0.24615384615384622,1201
1786,0.484375,0.421875,0,0.00024414062499999989,0.68236573629216546,0.74459294388549468,0.75843407287783038,0.78873298797981917,5.6909416439818209e-22,3.5568385274886375e-21,1.5192189353840133e-05,3.3791818828944489e-06,1.0776377952715941e-05,-6.7762635780344027e-21,0.24615384615384622,1201
1787,0.5,0.421875,0,0.00024414062499999989,0.31060553471224805,0.40040741960909593,0.37966866078333289,0.39302897229899003,2.590455350161855e-22,1.6190345938511593e-21,2.1924288304894483e-05,-5.0631735414460456e-06,-1.8013787378188264e-06,6.7762635780344027e-21,0.24615384615384622,1201
1788,0.515625,0.421875,0,0.00024414062499999989,0.11170764795595128,0.16226786566071116,0.14650788236279097,0.14650788236279097,9.3164365074683326e-23,5.8227728171677073e-22,1.2343803150576136e-05,-3.8476521723437973e-06,-3.8476521723437973e-06,3.3881317890172014e-21,0.24615384615384622,1201
1789,0.53125,0.421875,0,0.00024414062499999989,0.033289866533470706,0.053227817609078708,0.046267219606607429,0.046267219606607429,2.7763804321031871e-23,1.7352377700644919e-22,4.8676638368183572e-06,-1.6993647466970893e-06,-1.6993647466970893e-06,1.2705494208814505e-21,0.24615384615384622,1201
1790,0.546875,0.421875,0,0.00024414062499999989,0.0084860318544894894,0.014854178555160618,0.012472493019708396,0.012472493019708396,7.0773647480143846e-24,4.4233529675089902e-23,1.5547233155935364e-06,-5.8146619517876487e-07,-5.8146619517876487e-07,0,0.24615384615384622,1201
1791,0.5625,0.421875,0,0.00024414062499999989,0.0018697269610869383,0.0035871600928544262,0.0029119472867462082,0.0029119472867462082,1.5593554101270607e-24,9.7459713132941281e-24,4.1929519818542165e-07,-1.6484687649126409e-07,-1.6484687649126409e-07,0,0.24615384615384622,1201
1792,0.578125,0.421875,0,0.00024414062499999989,0.00035768738446094629,0.00075373500885513338,0.00059194640340407001,0.00059194640340407001,2.9831187638708915e-25,1.864449227419307e-24,9.6691314549362041e-08,-3.9499171252700991e-08,-3.9499171252700991e-08,-1.3234889800848443e-23,0.24615384615384622,1201
1793,0.59375,0.421875,0,0.00024414062499999989,5.9499567168689171e-05,0.00013808648304366821,0.00010498799723126297,0.00010498799723126297,4.9622738450953846e-26,3.1014211531846153e-25,1.9186258758539796e-08,-8.0806850127942443e-09,-8.0806850127942443e-09,0,0.24615384615384622,1201
1794,0.609375,0.421875,0,0.00024414062499999989,8.6003956827172422e-06,2.205908712068243e-05,1.6246842203108672e-05,1.6246842203108672e-05,7.1727443718746063e-27,4.4829652324216287e-26,3.285813339346968e-09,-1.41900510682953e-09,-1.41900510682953e-09,0,0.24615384615384622,1201
1795,0.625,0.421875,0,0.00024414062499999989,1.0778374406471386e-06,3.0686266619966115e-06,2.1905943208411719e-06,2.1905943208411719e-06,8.9891822671987973e-28,5.6182389169992485e-27,4.8603252474352345e-10,-2.143633645399021e-10,-2.143633645399021e-10,-5.169878828456423e-26,0.24615384615384622,1201
1796,0.640625,0.421875,0,0.00024414062499999989,1.1670783334241543e-07,3.7079862421700873e-07,2.5669609623360411e-07,2.5669609623360411e-07,9.7334528043017699e-29,6.0834080026886061e-28,6.2033884490867481e-11,-2.7857062495948381e-11,-2.7857062495948381e-11,0,0.24615384615384622,1201
1797,0.65625,0.421875,0,0.00024414062499999989,1.0867140318848062e-08,3.8781444437986414e-08,2.6048986267929031e-08,2.6048986267929031e-08,9.0632131864614521e-30,5.6645082415384071e-29,6.8150156540865078e-12,-3.1085102954241647e-12,-3.1085102954241647e-12,8.0779356694631609e-28,0.24615384615384622,1201
1798,0.671875,0.421875,0,0.00024414062499999989,8.6488632891438396e-10,3.4943383782998758e-09,2.2784699044209216e-09,2.2784699044209216e-09,7.2131664366306741e-31,4.508229022894172e-30,6.4195606674450452e-13,-2.9684288913060389e-13,-2.9684288913060389e-13,0,0.24615384615384622,-1
1799,0.6875,0.421875,0,0.00024414062499999989,5.8375250165092656e-11,2.6960656497117024e-10,1.7074691659591938e-10,1.7074691659591938e-10,4.8685056191060207e-32,3.0428160119412622e-31,5.1570145216327509e-14,-2.413565634161397e-14,-2.413565634161397e-14,3.1554436208840472e-30,0.24615384615384622,-1
1800,0.703125,0.421875,0,0.00024414062499999989,3.307413688403146e-12,1.7673275808753609e-11,1.0877365281383701e-11,1.0877365281383701e-11,2.7583885432884511e-33,1.723992839555282e-32,3.507290556726186e-15,-1.6591578435961683e-15,-1.6591578435961683e-15,0,0.24615384615384622,-1
1801,0.71875,0.421875,0,0.00024414062499999989,1.5518401806955857e-13,9.7425916791476534e-13,5.8305898892657814e-13,5.8305898892657814e-13,1.2942373040465015e-34,8.0889831502906345e-34,1.9996951900517736e-16,-9.5507856198287864e-17,-9.5507856198287864e-17,0,0.24615384615384622,-1
1802,0.734375,0.421875,0,0.00024414062499999989,5.9194210815591055e-15,4.4553867426995307e-14,2.5942232960246664e-14,2.5942232960246664e-14,4.9368070742175979e-36,3.0855044213859987e-35,9.4322378773037562e-18,-4.5438560709835532e-18,-4.5438560709835532e-18,-7.7037197775489434e-34,0.24615384615384622,-1
1803,0.75,0.421875,0,0.00024414062499999989,1.7883749544878126e-16,1.6591669987051872e-15,9.404861697395646e-16,9.404861697395646e-16,1.4915077006725783e-37,9.3219231292036127e-37,3.6140857013095831e-19,-1.7545918675918514e-19,-1.7545918675918514e-19,4.8148248609680896e-35,0.24615384615384622,-1
1804,0.765625,0.421875,0,0.00024414062499999989,4.1166103705668901e-18,4.9014145185748048e-17,2.7063382148457487e-17,2.7063382148457487e-17,3.4332599284961387e-39,2.1457874553100865e-38,1.0961312210737582e-20,-5.3590730071510136e-21,-5.3590730071510136e-21,7.5231638452626401e-37,0.24615384615384622,-1
1805,0.78125,0.421875,0,0.00024414062499999989,6.7818828485283274e-20,1.1048169790899918e-18,5.945741870293575e-19,5.945741870293575e-19,5.6561016291666118e-41,3.5350635182291316e-40,2.5317337661247757e-22,-1.2457099415542826e-22,-1.2457099415542826e-22,2.350988701644575e-38,0.24615384615384622,-1
1806,0.796875,0.421875,0,0.00024414062499999989,7.1213344232391875e-22,1.7847574288328984e-20,9.3670463124685022e-21,9.3670463124685022e-21,5.9392048097474883e-43,3.7120030060921802e-42,4.1834572377942032e-24,-2.0704414003565619e-24,-2.0704414003565619e-24,0,0.24615384615384622,-1
1807,0.8125,0.421875,0,0.00024414062499999989,3.5811153832973844e-24,1.8399859991886187e-22,9.4230610313639298e-23,9.4230610313639298e-23,2.9866562142248342e-45,1.8666601338905213e-44,4.4047237435440532e-26,-2.1916013087212533e-26,-2.1916013087212533e-26,0,0.24615384615384622,-1
1808,0.828125,0.421875,0,0.00024414062499999989,0,9.0949151871171978e-25,4.5474575935585989e-25,4.5474575935585989e-25,0,0,2.2204382781047837e-28,-1.1102191390523919e-28,-1.1102191390523919e-28,0,0.24615384615384622,-1
1809,0.84375,0.421875,0,0.00024414062499999989,0,0,0,0,0,0,0,0,0,0,0.24615384615384622,-1
1810,0.859375,0.421875,0,0.00024414062499999989,0,0,0,0,0,0,0,0,0,0,0.24615384615384622,-1
1811,0.875,0.421875,0,0.00024414062499999989,0,0,0,0,0,0,0,0,0,0,0.24615384615384622,-1
1812,0.890625,0.421875,0,0.00024414062499999989,0,0,0,0,0,0,0,0,0,0,0.24615384615384622,-1
1813,0.90625,0.421875,0,0.00024414062499999989,0,0,0,0,0,0,0,0,0,0,0.24615384615384622,-1
1814,0.921875,0.421875,0,0.00024414062499999989,0,0,0,0,0,0,0,0,0,0,0.24615384615384622,-1
1815,0.9375,0.421875,0,0.00024414062499999989,0,0,0,0,0,0,0,0,0,0,0.24615384615384622,-1
1816,0.953125,0.421875,0,0.00024414062499999989,0,0,0,0,0,0,0,0,0,0,0.24615384615384622,-1
1817,0.96875,0.421875,0,0.00024414062499999989,0,0,0,0,0,0,0,0,0,0,0.24615384615384622,-1
1818,0.984375,0.421875,0,0.00024414062499999989,0,0,0,0,0,0,0,0,0,0,0.24615384615384622,-1
1819,1,0.421875,0,0.00012207031249999995,0,0,0,0,-0,0,0,0,0,0,0.49230769230769245,-1
1820,0,0.4375,0,0.00012207031249999995,0,0,0,0,0,0,0,0,0,0,0.16410256410256413,-1
1821,0.015625,0.4375,0,0.00024414062499999989,0,0,0,0,0,0,0,0,0,0,0.24615384615384622,-1
1822,0.03125,0.4375,0,0.00024414062499999989,0,0,0,0,0,0,0,0,0,0,0.24615384615384622,-1
1823,0.046875,0.4375,0,0.00024414062499999989,0,0,0,0,0,0,0,0,0,0,0.24615384615384622,-1
1824,0.0625,0.4375,0,0.00024414062499999989,0,0,0,0,0,0,0,0,0,0,0.24615384615384622,-1
1825,0.078125,0.4375,0,0.00024414062499999989,0,0,0,0,0,0,0,0,0,0,0.24615384615384622,-1
1826,0.09375,0.4375,0,0.00024414062499999989,0,0,0,0,0,0,0,0,0,0,0.24615384615384622,-1
1827,0.109375,0.4375,0,0.00024414062499999989,0,0,0,0,0,0,0,0,0,0,0.24615384615384622,-1
1828,0.125,0.4375,0,0.00024414062499999989,0,0,3.5393703923219713e-56,0,0,0,0,8.6410409968798094e-60,0,0,0.24615384615384622,-1
1829,0.140625,0.4375,0,0.00024414062499999989,-1.9129105899209067e-56,-1.4420402908634293e-56,3.2583627308262448e-54,0,-1.5953706287405964e-77,-9.9710664296287268e-77,1.1495856910582938e-60,7.9901931975949158e-58,3.5206061788657925e-60,0,0.24615384615384622,-1
1830,0.15625,0.4375,0,0.00024414062499999989,-2.6405548427097994e-53,-1.997650852981262e-53,-4.24815600933865e-54,-2.0227293753083492e-53,-2.2022271515639109e-74,-1.3763919697274443e-73,1.5695898186731859e-57,3.8399298145688385e-57,-6.1226861150115342e-59,8.4896991364000428e-73,0.24615384615384622,-1
1831,0.171875,0.4375,0,0.00024414062499999989,-1.8281495638155028e-52,-1.8186983928038455e-52,-8.5851394715174863e-36,-1.8281495638155028e-52,-1.5246797913209198e-73,-9.5292486957557467e-73,2.3074147977679292e-58,-2.0959813162884478e-39,-2.3074147977678857e-58,-3.2543846689533498e-72,0.24615384615384622,-1
1832,0.1875,0.4375,0,0.00024414062499999989,8.3600627495533851e-35,6.3021145778229663e-35,-5.4282205417863041e-24,5.2535863141572198e-47,6.9723063039853236e-56,4.3576914399908268e-55,-5.0242875286387179e-39,-1.3252491557249324e-27,-1.5386021918500267e-38,0,0.24615384615384622,-1
1833,0.203125,0.4375,0,0.00024414062499999989,2.7665392584677539e-34,2.2321497181518664e-34,3.4231319487215121e-19,2.6462556056230068e-22,2.307298364843981e-55,1.4420614780274883e-54,-1.3046619636618339e-38,8.3572557341833698e-23,6.4605849746600924e-26,0,0.24615384615384622,-1
1834,0.21875,0.4375,0,0.00024414062499999989,-2.6800973519813577e-18,-2.0203702242833239e-18,8.642474381923994e-19,-3.4393380489880586e-23,-2.2352056703775662e-39,-1.3970035439859787e-38,1.6106619328565274e-22,7.0425235900286186e-22,4.9324605246651203e-22,0,0.24615384615384622,-1
1835,0.234375,0.4375,0,0.00024414062499999989,-3.0075856986076337e-17,-2.3357195502324926e-17,-2.5307801325768343e-17,-2.4959628645639593e-17,-2.5083314987436388e-38,-1.5677071867147741e-37,1.6402982138064963e-21,-4.7622212486411497e-22,-3.9121902912955715e-22,-1.88079096131566e-37,0.24615384615384622,-1
1836,0.25,0.4375,0,0.00024414062499999989,-4.1470727205770115e-17,-3.8451306884001519e-17,-0.0020857104593981247,-4.4950873840480138e-17,-3.4586655793115138e-38,-2.1616659870696958e-37,7.371631644942856e-22,-5.0920665512648566e-07,-1.5868083389840371e-21,3.76158192263132e-37,0.24615384615384622,1201
1837,0.265625,0.4375,0,0.00024414062499999989,-3.4694469519536142e-17,-3.4239985839269924e-17,-0.054352999260380605,-4.4740486059537694e-17,-2.8935245558702463e-38,-1.8084528474189039e-37,1.109579297524941e-22,-1.3269775210053845e-05,-2.5635986865888103e-21,1.128474576789396e-36,0.24615384615384622,1201
1838,0.28125,0.4375,0,0.00024414062499999989,0.44678776107727863,0.34098065619243695,0.3524386445081733,0.30661425875665754,3.7262173938455389e-22,2.3288858711534619e-21,-2.5831812716025785e-05,2.7973604286465671e-06,-8.3902337489695814e-06,-6.7762635780344027e-21,0.24615384615384622,1201
1839,0.296875,0.4375,0,0.00024414062499999989,0.79840798492960408,0.71058278716000112,0.74029836420645012,0.74029836420645012,6.6587359368496213e-22,4.1617099605310132e-21,-2.1441698674219469e-05,7.2547795523557233e-06,7.2547795523557233e-06,-1.0164395367051604e-20,0.24615384615384622,1201
1840,0.3125,0.4375,0,0.00024414062499999989,0.92565280825499285,0.89066946335692454,0.90340071219867879,0.90340071219867879,7.719959889825934e-22,4.8249749311412085e-21,-8.5408556880049662e-06,3.1082150492564079e-06,3.1082150492564079e-06,5.082197683525802e-21,0.24615384615384622,1201
1841,0.328125,0.4375,0,0.00024414062499999989,0.97076163851237607,0.95673016746101402,0.96187427179835472,0.96187427179835472,8.0961682880054328e-22,5.0601051800033945e-21,-3.4256521121489448e-06,1.2558848479835801e-06,1.2558848479835801e-06,-8.8938459461701536e-21,0.24615384615384622,1201
1842,0.34375,0.4375,0,0.00024414062499999989,0.98839562771619327,0.98247208860184232,0.98458883391585283,0.98458883391585283,8.2432360526543901e-22,5.1520225329089933e-21,-1.4461765415895961e-06,5.1678352392834718e-07,5.1678352392834718e-07,4.2351647362715017e-21,0.24615384615384622,1201
1843,0.359375,0.4375,0,0.00024414062499999989,0.99598817903497494,0.9935218314368619,0.9944526240577084,0.9944526240577084,8.3065580575353963e-22,5.1915987859596222e-21,-6.0213564407055937e-07,2.2724429219885374e-07,2.2724429219885374e-07,-1.4134862307306137e-20,0.24615384615384622,1201
1844,0.375,0.4375,0,0.00024414062499999989,0.99880542082029045,0.99793305869638116,0.99828022252071069,0.99828022252071069,8.3300539011050581e-22,5.2062836881906601e-21,-2.1297903415753403e-07,8.4756793049205348e-08,8.4756793049205348e-08,-1.5775988642611344e-20,0.24615384615384622,1201
1845,0.390625,0.4375,0,0.00024414062499999989,0.9996227814505545,0.9993328724431394,0.99944315440576792,0.99944315440576792,8.3368707024207219e-22,5.2105441890129512e-21,-7.0778566263438882e-08,2.692430728234392e-08,2.692430728234392e-08,-9.4232415382040913e-21,0.24615384615384622,1201
1846,0.40625,0.4375,0,0.00024414062499999989,0.99990536034720467,0.9998126404773684,0.99984884280672903,0.99984884280672903,8.339227415141081e-22,5.2120171344631761e-21,-2.2636686971759282e-08,8.8384593165530871e-09,8.8384593165530871e-09,1.4025674466449137e-20,0.24615384615384622,1201
1847,0.421875,0.4375,0,0.00024414062499999989,0.99998545459548949,0.99996552628812507,0.9999738192835641,0.99997411731740971,8.3398954025102659e-22,5.2124346265689155e-21,-4.8653094151367702e-09,2.0246570896149557e-09,2.0974192589300696e-09,3.9812202882177222e-21,0.24615384615384622,1201
1848,0.4375,0.4375,0,0.00024414062499999989,0.99999876499655982,0.99999608829398756,0.99999727619094958,0.99999730152414423,8.3400064114776283e-22,5.2125040071735179e-21,-6.5349183893341337e-10,2.9001390673203719e-10,2.9619876871561792e-10,3.2926958258438958e-22,0.24615384615384622,1201
1849,0.453125,0.4375,0,0.00024414062499999989,1,0.99999976190922213,0.99999988542196672,0.99999988542196672,8.3400167114269576e-22,5.2125104446418485e-21,-5.8127631307681635e-11,3.0154478656984952e-11,3.0154478656984952e-11,-1.2431813748333093e-20,0.24615384615384622,1201
1850,0.46875,0.4375,0,0.00024414062499999989,0.99999999999999989,0.99999999690780139,1.0068381131735646,1,8.3400167114269567e-22,5.2125104446418478e-21,-7.5493127374426372e-13,1.6694619789461284e-06,7.5493129862530876e-13,-3.8225028877260088e-21,0.24615384615384622,1201
1851,0.484375,0.4375,0,0.00024414062499999989,0.9960690427921447,0.99703665409321318,1.0560364593581506,0.9999929354361039,8.3072324626215414e-22,5.1920202891384626e-21,2.362332277999124e-07,1.4404249332260126e-05,7.2174837472918689e-07,-3.3881317890172014e-21,0.24615384615384622,1201
1852,0.5,0.4375,0,0.00024414062499999989,0.51241237840842024,0.61875771736086549,0.60566068772079307,0.65337013032724955,4.2735277990682593e-22,2.670954874417662e-21,2.5963217517686821e-05,-3.1975170019708158e-06,8.4502961343711097e-06,-1.3552527156068805e-20,0.24615384615384622,1201
1853,0.515625,0.4375,0,0.00024414062499999989,0.18416245112562635,0.26504915955105662,0.24015020715963811,0.24015020715963811,1.535917920005074e-22,9.5994870000317122e-22,1.974773154917731e-05,-6.0788457986861548e-06,-6.0788457986861548e-06,-8.4703294725430034e-21,0.24615384615384622,1201
1854,0.53125,0.4375,0,0.00024414062499999989,0.056288310514956842,0.088413724477970607,0.077382932270323668,0.077382932270323668,4.6944545035272979e-23,2.9340340647045614e-22,7.8431186433139039e-06,-2.6930645038200534e-06,-2.6930645038200534e-06,8.4703294725430034e-22,0.24615384615384622,1201
1855,0.546875,0.4375,0,0.00024414062499999989,0.01485464242166637,0.02544160707543246,0.021542585316008868,0.021542585316008868,1.2388796603896934e-23,7.7429978774355831e-23,2.5847081674233607e-06,-9.5190960923427488e-07,-9.5190960923427488e-07,0,0.24615384615384622,1201
1856,0.5625,0.4375,0,0.00024414062499999989,0.0033830125308468824,0.0063420255638309908,0.0051935020439124562,0.0051935020439124562,2.8214381042229804e-24,1.7633988151393628e-23,7.2241529125588542e-07,-2.8040124998011085e-07,-2.8040124998011085e-07,5.2939559203393771e-23,0.24615384615384622,1201
1857,0.578125,0.4375,0,0.00024414062499999989,0.00066466081287357376,0.0013686582278113538,0.001083996087740183,0.001083996087740183,5.5432822867962314e-25,3.4645514292476445e-24,1.718743688812939e-07,-6.9497592790813154e-08,-6.9497592790813154e-08,-1.3234889800848443e-23,0.24615384615384622,1201
1858,0.59375,0.4375,0,0.00024414062499999989,0.00011262730301520599,0.00025567921210365731,0.00019590471129931545,0.00019590471129931545,9.3931358930976588e-26,5.8707099331860348e-25,3.492478249229768e-08,-1.4593383985435014e-08,-1.4593383985435014e-08,-1.3234889800848443e-23,0.24615384615384622,1201
1859,0.609375,0.4375,0,0.00024414062499999989,1.6450402810304226e-05,4.1336753568901119e-05,3.0653433434447201e-05,3.0653433434447201e-05,1.3719663434764224e-26,8.5747896467276399e-26,6.0757692281730654e-09,-2.6082324547006629e-09,-2.6082324547006629e-09,1.6543612251060553e-24,0.24615384615384622,1201
1860,0.625,0.4375,0,0.00024414062499999989,2.0685026767562155e-06,5.7800691264531304e-06,4.1503391494955798e-06,4.1503391494955798e-06,1.7251346891778232e-27,1.0782091807361394e-26,9.0614415275803535e-10,-3.9788329515565179e-10,-3.9788329515565179e-10,1.0339757656912846e-25,0.24615384615384622,1201
1861,0.640625,0.4375,0,0.00024414062499999989,2.234237727573384e-07,6.9804658461829385e-07,4.8560217748788369e-07,4.8560217748788369e-07,1.8633579985262614e-28,1.1645987490789134e-27,1.1587470992699104e-10,-5.1866310334572773e-11,-5.1866310334572773e-11,0,0.24615384615384622,1201
1862,0.65625,0.4375,0,0.00024414062499999989,2.0659935575334748e-08,7.2637806853430007e-08,4.898490012670067e-08,4.898490012670067e-08,1.7230420795529612e-29,1.0769012997206008e-28,1.2689909980003723e-11,-5.7746354313304022e-12,-5.7746354313304022e-12,-3.2311742677852644e-27,0.24615384615384622,1201
1863,0.671875,0.4375,0,0.00024414062499999989,1.627534971377122e-09,6.4895343647093171e-09,4.2451030168883785e-09,4.2451030168883785e-09,1.3573668859716994e-30,8.4835430373231201e-30,1.1870115706377424e-12,-5.4795687202659613e-13,-5.4795687202659613e-13,1.0097419586828951e-28,0.24615384615384622,-1
1864,0.6875,0.4375,0,0.00024414062499999989,1.0848231748691214e-10,4.9524375632056202e-10,3.1444879440743867e-10,3.1444879440743867e-10,9.0474434073517224e-32,5.6546521295948258e-31,9.4424179402746512e-14,-4.4139394998321112e-14,-4.4139394998321112e-14,-6.3108872417680944e-30,0.24615384615384622,-1
1865,0.703125,0.4375,0,0.00024414062499999989,6.0606285017835344e-12,3.2056076750011318e-11,1.9768956195666192e-11,1.9768956195666192e-11,5.0545742986625212e-33,3.1591089366640747e-32,6.346544982477483e-15,-2.9997852915881638e-15,-2.9997852915881638e-15,0,0.24615384615384622,-1
1866,0.71875,0.4375,0,0.00024414062499999989,2.8013947360353768e-13,1.7430067463993507e-12,1.0447280881319198e-12,1.0447280881319198e-12,2.3363678913838554e-34,1.4602299321149097e-33,3.5714533027241512e-16,-1.7047818805357192e-16,-1.7047818805357192e-16,0,0.24615384615384622,-1
1867,0.734375,0.4375,0,0.00024414062499999989,1.052197451952281e-14,7.8571826308516406e-14,4.5802618380847372e-14,4.5802618380847372e-14,8.7753443330028884e-36,5.4845902081268046e-35,1.6613733346922257e-17,-8.0002949042160696e-18,-8.0002949042160696e-18,1.5407439555097887e-33,0.24615384615384622,-1
1868,0.75,0.4375,0,0.00024414062499999989,3.129689116009356e-16,2.8833830363573e-15,1.6358062936165231e-15,1.6358062936165231e-15,2.6101659529089093e-37,1.6313537205680684e-36,6.2754251092684653e-19,-3.0458416570819736e-19,-3.0458416570819736e-19,-4.8148248609680896e-35,0.24615384615384622,-1
1869,0.765625,0.4375,0,0.00024414062499999989,7.0932086450750733e-18,8.3935751513297047e-17,4.6373092094273706e-17,4.6373092094273706e-17,5.9157478637564282e-39,3.6973424148477673e-38,1.8760386442436996e-20,-9.1705711472224907e-21,-9.1705711472224907e-21,0,0.24615384615384622,-1
1870,0.78125,0.4375,0,0.00024414062499999989,1.150857406230851e-19,1.864618985274285e-18,1.0038680401806964e-18,1.0038680401806964e-18,9.59817000043478e-41,5.998856250271738e-40,4.271321398074217e-22,-2.1014427370448933e-22,-2.1014427370448933e-22,-4.70197740328915e-38,0.24615384615384622,-1
1871,0.796875,0.4375,0,0.00024414062499999989,1.19058060602953e-21,2.969407399235624e-20,1.5588124203770479e-20,1.5588124203770479e-20,9.9294621505871161e-43,6.2059138441169478e-42,6.9588606900211662e-24,-3.4438353976039439e-24,-3.4438353976039439e-24,0,0.24615384615384622,-1
1872,0.8125,0.4375,0,0.00024414062499999989,5.9011044577508549e-24,3.0189175271236101e-22,1.5462271836447144e-22,1.5462271836447144e-22,4.9215309793518252e-45,3.0759568620948905e-44,7.2263341859035643e-26,-3.595435408884021e-26,-3.595435408884021e-26,5.7397185098744507e-42,0.24615384615384622,-1
1873,0.828125,0.4375,0,0.00024414062499999989,0,1.4721861751641119e-24,7.3609308758205595e-25,7.3609308758205595e-25,0,0,3.5942045292092558e-28,-1.7971022646046279e-28,-1.7971022646046279e-28,0,0.24615384615384622,-1
1874,0.84375,0.4375,0,0.00024414062499999989,0,0,0,0,0,0,0,0,0,0,0.24615384615384622,-1
1875,0.859375,0.4375,0,0.00024414062499999989,0,0,0,0,0,0,0,0,0,0,0.24615384615384622,-1
1876,0.875,0.4375,0,0.00024414062499999989,0,0,0,0,0,0,0,0,0,0,0.24615384615384622,-1
1877,0.890625,0.4375,0,0.00024414062499999989,0,0,0,0,0,0,0,0,0,0,0.24615384615384622,-1
1878,0.90625,0.4375,0,0.00024414062499999989,0,0,0,0,0,0,0,0,0,0,0.24615384615384622,-1
1879,0.921875,0.4375,0,0.00024414062499999989,0,0,0,0,0,0,0,0,0,0,0.24615384615384622,-1
1880,0.9375,0.4375,0,0.00024414062499999989,0,0,0,0,0,0,0,0,0,0,0.24615384615384622,-1
1881,0.953125,0.4375,0,0.00024414062499999989,0,0,0,0,0,0,0,0,0,0,0.24615384615384622,-1
1882,0.96875,0.4375,0,0.00024414062499999989,0,0,0,0,0,0,0,0,0,0,0.24615384615384622,-1
1883,0.984375,0.4375,0,0.00024414062499999989,0,0,0,0,0,0,0,0,0,0,0.24615384615384622,-1
1884,1,0.4375,0,0.00012207031249999995,0,0,0,0,-0,0,0,0,0,0,0.49230769230769245,-1
1885,0,0.453125,0,0.00012207031249999995,0,0,0,0,0,0,0,0,0,0,0.16410256410256413,-1
1886,0.015625,0.453125,0,0.00024414062499999989,0,0,0,0,0,0,0,0,0,0,0.24615384615384622,-1
1887,0.03125,0.453125,0,0.00024414062499999989,0,0,0,0,0,0,0,0,0,0,0.24615384615384622,-1
1888,0.046875,0.453125,0,0.00024414062499999989,0,0,0,0,0,0,0,0,0,0,0.24615384615384622,-1
1889,0.0625,0.453125,0,0.00024414062499999989,0,0,0,0,0,0,0,0,0,0,0.24615384615384622,-1
1890,0.078125,0.453125,0,0.00024414062499999989,0,0,0,0,0,0,0,0,0,0,0.24615384615384622,-1
1891,0.09375,0.453125,0,0.00024414062499999989,0,0,0,0,0,0,0,0,0,0,0.24615384615384622,-1
1892,0.109375,0.453125,0,0.00024414062499999989,0,0,0,0,0,0,0,0,0,0,0.24615384615384622,-1
1893,0.125,0.453125,0,0.00024414062499999989,0,0,1.3568893695466065e-55,0,0,0,0,3.3127181873696434e-59,0,0,0.24615384615384622,-1
1894,0.140625,0.453125,0,0.00024414062499999989,-1.6489266426601245e-54,-1.2430370075437858e-54,1.1705671481693196e-54,0,-1.3752075755702587e-75,-8.5950473473141165e-75,9.9094149198324823e-59,5.8925882707839458e-58,3.0347583191986943e-58,0,0.24615384615384622,-1
1895,0.15625,0.453125,0,0.00024414062499999989,-2.3576952857871908e-53,-1.8044773105228146e-53,-2.1508008394632901e-54,-1.8901652752665388e-53,-1.9663218083917732e-74,-1.2289511302448581e-73,1.3506298224227928e-57,3.8803643226964964e-57,-2.0919913267510748e-58,0,0.24615384615384622,-1
1896,0.171875,0.453125,0,0.00024414062499999989,-1.7531924895291185e-52,-1.8095823653457072e-52,-1.0380952066357303e-35,-1.8281495638155028e-52,-1.462165466102108e-73,-9.1385341631381746e-73,-1.3767059525534385e-57,-2.5344121255755125e-39,-4.5330074389149362e-58,4.2448495682000214e-72,0.24615384615384622,-1
1897,0.1875,0.453125,0,0.00024414062499999989,8.4123039254337385e-35,6.3415829591731263e-35,4.7813507445105625e-35,6.3412776585777609e-35,7.0158755319719985e-56,4.384922207482498e-55,-5.055471109034697e-39,-3.8091606803285223e-39,-7.4536278165324344e-43,0,0.24615384615384622,-1
1898,0.203125,0.453125,0,0.00024414062499999989,3.0419545600162435e-34,3.101425144082833e-34,6.8407133128595866e-19,3.101425144082833e-34,2.5369951865936911e-55,1.5856219916210567e-54,1.451918556313217e-39,1.6700960236473586e-22,0,1.6313261169996311e-55,0.24615384615384622,-1
1899,0.21875,0.453125,0,0.00024414062499999989,-5.9676325967775514e-18,-4.4986768806476926e-18,-1.7966965875445704e-18,-1.0623133595837743e-18,-4.9770155584781034e-39,-3.1106347240488147e-38,3.5863176663326627e-22,6.5966315749587915e-22,8.389559377597453e-22,-1.88079096131566e-37,0.24615384615384622,-1
1900,0.234375,0.453125,0,0.00024414062499999989,-3.4666153918331393e-17,-2.7501089462544817e-17,-3.0622214367754301e-17,-3.0839939588134258e-17,-2.8911630299978294e-38,-1.8069768937486433e-37,1.7492833144010199e-21,-7.6199338506090808e-22,-8.1514895644273503e-22,0,0.24615384615384622,-1
1901,0.25,0.453125,0,0.00024414062499999989,-3.8296699026471555e-17,-3.759476944477192e-17,-0.012734698059265703,-4.1470727205770115e-17,-3.1939510987326126e-38,-1.9962194367078829e-37,1.7136952678213677e-22,-3.1090571433754051e-06,-9.4627875024369938e-22,9.4039548065783001e-37,0.24615384615384622,1201
1902,0.265625,0.453125,0,0.00024414062499999989,0.10167838489565656,0.076649859382879548,0.029173196394096164,0.016658933637707665,8.4799942922067818e-23,5.2999964326292382e-22,-6.1104798615178208e-06,-1.1590982174995938e-05,-1.4646222105754847e-05,0,0.24615384615384622,1201
1903,0.28125,0.453125,0,0.00024414062499999989,0.59802590834607727,0.47628892702557424,0.50505759521001503,0.49279039709009548,4.9875460694725707e-22,3.1172162934203567e-21,-2.9720942705200936e-05,7.0236006309669829e-06,4.028679214971005e-06,6.7762635780344027e-21,0.24615384615384622,1201
1904,0.296875,0.453125,0,0.00024414062499999989,0.86335453508040672,0.79584687267911969,0.81821244104528135,0.81821244104528135,7.200391250456844e-22,4.5002445315355269e-21,-1.6481362890939209e-05,5.4603438393949252e-06,5.4603438393949252e-06,1.6940658945086007e-21,0.24615384615384622,1201
1905,0.3125,0.453125,0,0.00024414062499999989,0.95925513579788202,0.93453681706905933,0.94357380427769655,0.94357380427769655,8.0002038630764717e-22,5.0001274144227948e-21,-6.0347457834039828e-06,2.2062957052336989e-06,2.2062957052336989e-06,-1.6940658945086007e-21,0.24615384615384622,1201
1906,0.328125,0.453125,0,0.00024414062499999989,0.98833080140498697,0.98034393844020795,0.98346321283592575,0.98346321283592575,8.2426954001355896e-22,5.1516846250847432e-21,-1.949917716010494e-06,7.615416005170348e-07,7.615416005170348e-07,-8.4703294725430034e-21,0.24615384615384622,1201
1907,0.34375,0.453125,0,0.00024414062499999989,0.99642289470891843,0.99391825221159613,0.99491560993288186,0.99491560993288186,8.3101835935208043e-22,5.193864745950502e-21,-6.1148498469782782e-07,2.434955374232687e-07,2.434955374232687e-07,1.0058516248644817e-21,0.24615384615384622,1201
1908,0.359375,0.453125,0,0.00024414062499999989,0.99883277266624992,0.99799598622143637,0.99832598951988649,0.99832598951988649,8.3302820159574473e-22,5.2064262599734046e-21,-2.0429356562832073e-07,8.0567211535673238e-08,8.0567211535673238e-08,6.7233240188310089e-21,0.24615384615384622,1201
1909,0.375,0.453125,0,0.00024414062499999989,0.99964817820157137,0.99936418931966919,0.99947889075545282,0.99947889075545282,8.3370825117486196e-22,5.2106765698428863e-21,-6.9333223120644853e-08,2.8003280220618535e-08,2.8003280220618535e-08,-1.6073773663130434e-20,0.24615384615384622,1201
1910,0.390625,0.453125,0,0.00024414062499999989,0.99990521299336421,0.99981800752998784,0.99985410093620963,0.99985410093620963,8.33922618620759e-22,5.2120163663797426e-21,-2.129039633211358e-08,8.8118667533799984e-09,8.8118667533799984e-09,-2.701737316720699e-20,0.24615384615384622,1201
1911,0.40625,0.453125,0,0.00024414062499999989,0.99997444727763574,0.9999487209000163,0.99995923023087097,0.99995923023087097,8.3398036012954174e-22,5.2123772508096351e-21,-6.2808539109891737e-09,2.5657546031786884e-09,2.5657546031786884e-09,-8.6647169164929649e-22,0.24615384615384622,1201
1912,0.421875,0.453125,0,0.00024414062499999989,0.99999433438150909,0.99998741545997538,0.99999027935858342,0.99999027935858342,8.339969460074064e-22,5.2124809125462889e-21,-1.6891898275748867e-09,6.9919399610429775e-10,6.9919399610429775e-10,3.5624601031127519e-21,0.24615384615384622,1201
1913,0.4375,0.453125,0,0.00024414062499999989,0.99999913655105066,0.99999776690735098,0.99999835242083612,0.99999835242083612,8.340009510248292e-22,5.2125059439051819e-21,-3.3438566885821868e-10,1.4294762819691653e-10,1.4294762819691653e-10,-3.2576440473869612e-21,0.24615384615384622,1201
1914,0.453125,0.453125,0,0.00024414062499999989,0.99999992462766152,0.99999973969138778,0.99999982292436718,0.99999983065379483,8.3400160828203951e-22,5.2125100517627475e-21,-4.5150457445741103e-11,2.032055160156992e-11,2.2207618907649096e-11,-1.4903138612957439e-20,0.24615384615384622,1201
1915,0.46875,0.453125,0,0.00024414062499999989,1,0.9999999860754496,1.0000806280610282,1,8.3400167114269576e-22,5.2125104446418485e-21,-3.3995484463638032e-12,1.9687984760405116e-08,3.3995484378934721e-12,2.4238189288490166e-21,0.24615384615384622,1201
1916,0.484375,0.453125,0,0.00024414062499999989,0.99999999995562983,0.99999999988367572,1.0353373374008088,0.99999999999999933,8.3400167110569101e-22,5.2125104444105684e-21,-1.7566928001231524e-14,8.627279667268814e-06,2.8399329710780843e-14,-8.3254872029405256e-21,0.24615384615384622,1201
1917,0.5,0.453125,0,0.00024414062499999989,0.71633317627769244,0.78599758591657665,0.80484031593479055,0.8393866571195171,5.9742306611055072e-22,3.7338941631909424e-21,1.7007912509493218e-05,4.6002758833530159e-06,1.3034441211655372e-05,-6.7762635780344027e-21,0.24615384615384622,1201
1918,0.515625,0.453125,0,0.00024414062499999989,0.27242937597974493,0.3808490084576508,0.34894520183238842,0.34894520183238842,2.2720655483546906e-22,1.4200409677216816e-21,2.6469636835426221e-05,-7.7890152893706991e-06,-7.7890152893706991e-06,1.3552527156068805e-20,0.24615384615384622,1201
1919,0.53125,0.453125,0,0.00024414062499999989,0.088742009372248576,0.13587611924289181,0.12013414991628812,0.12013414991628812,7.4010984117016084e-23,4.6256865073135047e-22,1.1507351042637504e-05,-3.8432542301278523e-06,-3.8432542301278523e-06,0,0.24615384615384622,1201
1920,0.546875,0.453125,0,0.00024414062499999989,0.024519416322913941,0.040931387164906678,0.035019068260972619,0.035019068260972619,2.0449234188753721e-23,1.2780771367971074e-22,4.0068288188458798e-06,-1.4434372324057749e-06,-1.4434372324057749e-06,8.4703294725430034e-22,0.24615384615384622,1201
1921,0.5625,0.453125,0,0.00024414062499999989,0.0057461247818753648,0.010525709771300603,0.0086990418787030767,0.0086990418787030767,4.7922776706785128e-24,2.9951735441740701e-23,1.1668908665588951e-06,-4.4596384096619286e-07,-4.4596384096619286e-07,5.2939559203393771e-22,0.24615384615384622,1201
1922,0.578125,0.453125,0,0.00024414062499999989,0.0011463234661669959,0.0023123671352416227,0.0018459445075379079,0.0018459445075379079,9.5603568645336213e-25,5.9752230403335131e-24,2.8467863014517243e-07,-1.1387271184172715e-07,-1.1387271184172715e-07,-5.2939559203393771e-23,0.24615384615384622,1201
1923,0.59375,0.453125,0,0.00024414062499999989,0.00019529843737311131,0.00043540648717425238,0.00033582712675169141,0.00033582712675169141,1.6287922314073195e-25,1.0179951446295745e-24,5.8620129345981681e-08,-2.4311367290664282e-08,-2.4311367290664282e-08,0,0.24615384615384622,1201
1924,0.609375,0.453125,0,0.00024414062499999989,2.8478441347965441e-05,7.0441879943914119e-05,5.2521209673408031e-05,5.2521209673408031e-05,2.3751067675742423e-26,1.4844417297339016e-25,1.0244980125964029e-08,-4.3751636402602737e-09,-4.3751636402602737e-09,0,0.24615384615384622,1201
1925,0.625,0.453125,0,0.00024414062499999989,3.5576255279828195e-06,9.8060348723029406e-06,7.0723006052445566e-06,7.0723006052445566e-06,2.9670656356375869e-27,1.8544160222734916e-26,1.5254905625781535e-09,-6.6741559254355035e-10,-6.6741559254355035e-10,2.0679515313825692e-25,0.24615384615384622,1201
1926,0.640625,0.453125,0,0.00024414062499999989,3.8051730148381148e-07,1.1748313195273963e-06,8.2018487996592016e-07,8.2018487996592016e-07,3.1735206533620777e-28,1.9834504083512985e-27,1.9392432081142202e-10,-8.6583603408563483e-11,-8.6583603408563483e-11,-2.5849394142282115e-26,0.24615384615384622,1201
1927,0.65625,0.453125,0,0.00024414062499999989,3.476956242054794e-08,1.2099329758636943e-07,8.1825277659242969e-08,8.1825277659242969e-08,2.8997873163637259e-29,1.8123670727273284e-28,2.1050716593218125e-11,-9.5625048650211028e-12,-9.5625048650211028e-12,1.6155871338926322e-27,0.24615384615384622,1201
1928,0.671875,0.453125,0,0.00024414062499999989,2.7031777620688169e-09,1.0682438526788332e-08,7.003486120136818e-09,7.003486120136818e-09,2.2544547709611661e-30,1.4090342318507285e-29,1.9480617101365994e-12,-8.9818173990515436e-13,-8.9818173990515436e-13,0,0.24615384615384622,1201
1929,0.6875,0.453125,0,0.00024414062499999989,1.776983019485121e-10,8.049233888044177e-10,5.1197002036817657e-10,5.1197002036817657e-10,1.4820068078427845e-31,9.2625425490174021e-31,1.5313112472068002e-13,-7.1521818465879145e-14,-7.1521818465879145e-14,-2.5243548967072378e-29,0.24615384615384622,-1
1930,0.703125,0.453125,0,0.00024414062499999989,9.7882989204818801e-12,5.142052304819891e-11,3.1753980390476402e-11,3.1753980390476402e-11,8.1634576573261341e-33,5.1021610358288326e-32,1.0164117218680911e-14,-4.8014020160455309e-15,-4.8014020160455309e-15,-7.8886090522101181e-31,0.24615384615384622,-1
1931,0.71875,0.453125,0,0.00024414062499999989,4.4610507199014637e-13,2.7590650889413843e-12,1.6554498360199215e-12,1.6554498360199215e-12,3.7205237554501468e-34,2.3253273471563418e-33,5.6468750413848556e-16,-2.694373176077789e-16,-2.694373176077789e-16,0,0.24615384615384622,-1
1932,0.734375,0.453125,0,0.00024414062499999989,1.652433860089165e-14,1.2274542340726723e-13,7.1608826266101773e-14,7.1608826266101773e-14,1.3781326007671392e-35,8.6133287547946189e-35,2.5932882032806529e-17,-1.2484520786417343e-17,-1.2484520786417343e-17,-1.5407439555097887e-33,0.24615384615384622,-1
1933,0.75,0.453125,0,0.00024414062499999989,4.8488309243083715e-16,4.4464954050949071e-15,2.5240302191169125e-15,2.5240302191169125e-15,4.0439330939615642e-37,2.5274581837259776e-36,9.6719050602150082e-19,-4.6935185204540864e-19,-4.6935185204540864e-19,2.8888949165808538e-34,0.24615384615384622,-1
1934,0.765625,0.453125,0,0.00024414062499999989,1.0845942331244333e-17,1.2781514962451117e-16,7.0644028658006199e-17,7.0644028658006199e-17,9.0455340293750799e-39,5.6534587683594242e-38,2.8556935374332714e-20,-1.3957793204713121e-20,-1.3957793204713121e-20,-3.009265538105056e-36,0.24615384615384622,-1
1935,0.78125,0.453125,0,0.00024414062499999989,1.7375434395026683e-19,2.8048814726419558e-18,1.5104844723623353e-18,1.5104844723623353e-18,1.4491141322282529e-40,9.0569633264265806e-40,6.4236502165324411e-22,-3.1601489264639159e-22,-3.1601489264639159e-22,0,0.24615384615384622,-1
1936,0.796875,0.453125,0,0.00024414062499999989,1.775722811510587e-21,4.414368155345151e-20,2.3177182479870732e-20,2.3177182479870732e-20,1.4809557922860358e-42,9.2559737017877237e-42,1.0343739927231666e-23,-5.1187741878859298e-24,-5.1187741878859298e-24,7.3468396926392969e-40,0.24615384615384622,-1
1937,0.8125,0.453125,0,0.00024414062499999989,8.6990048053244181e-24,4.4372962816315276e-22,2.2728496322950925e-22,2.2728496322950925e-22,7.2549845449189064e-45,4.5343653405743159e-44,1.0620864828071976e-25,-5.2842935774815287e-26,-5.2842935774815287e-26,0,0.24615384615384622,-1
1938,0.828125,0.453125,0,0.00024414062499999989,0,2.1404049770799164e-24,1.0702024885399582e-24,1.0702024885399582e-24,0,0,5.225598088574012e-28,-2.612799044287006e-28,-2.612799044287006e-28,0,0.24615384615384622,-1
1939,0.84375,0.453125,0,0.00024414062499999989,0,0,0,0,0,0,0,0,0,0,0.24615384615384622,-1
1940,0.859375,0.453125,0,0.00024414062499999989,0,0,0,0,0,0,0,0,0,0,0.24615384615384622,-1
1941,0.875,0.453125,0,0.00024414062499999989,0,0,0,0,0,0,0,0,0,0,0.24615384615384622,-1
1942,0.890625,0.453125,0,0.00024414062499999989,0,0,0,0,0,0,0,0,0,0,0.24615384615384622,-1
1943,0.90625,0.453125,0,0.00024414062499999989,0,0,0,0,0,0,0,0,0,0,0.24615384615384622,-1
1944,0.921875,0.453125,0,0.00024414062499999989,0,0,0,0,0,0,0,0,0,0,0.24615384615384622,-1
1945,0.9375,0.453125,0,0.00024414062499999989,0,0,0,0,0,0,0,0,0,0,0.24615384615384622,-1
1946,0.953125,0.453125,0,0.00024414062499999989,0,0,0,0,0,0,0,0,0,0,0.24615384615384622,-1
1947,0.96875,0.453125,0,0.00024414062499999989,0,0,0,0,0,0,0,0,0,0,0.24615384615384622,-1
1948,0.984375,0.453125,0,0.00024414062499999989,0,0,0,0,0,0,0,0,0,0,0.24615384615384622,-1
1949,1,0.453125,0,0.00012207031249999995,0,0,0,0,-0,0,0,0,0,0,0.49230769230769245,-1
1950,0,0.46875,0,0.00012207031249999995,0,0,0,0,0,0,0,0,0,0,0.16410256410256413,-1
1951,0.015625,0.46875,0,0.00024414062499999989,0,0,0,0,0,0,0,0,0,0,0.24615384615384622,-1
1952,0.03125,0.46875,0,0.00024414062499999989,0,0,0,0,0,0,0,0,0,0,0.24615384615384622,-1
1953,0.046875,0.46875,0,0.00024414062499999989,0,0,0,0,0,0,0,0,0,0,0.24615384615384622,-1
1954,0.0625,0.46875,0,0.00024414062499999989,0,0,0,0,0,0,0,0,0,0,0.24615384615384622,-1
1955,0.078125,0.46875,0,0.00024414062499999989,0,0,0,0,0,0,0,0,0,0,0.24615384615384622,-1
1956,0.09375,0.46875,0,0.00024414062499999989,0,0,0,0,0,0,0,0,0,0,0.24615384615384622,-1
1957,0.109375,0.46875,0,0.00024414062499999989,0,0,0,0,0,0,0,0,0,0,0.24615384615384622,-1
1958,0.125,0.46875,0,0.00024414062499999989,0,0,3.3824136259694861e-56,0,0,0,0,8.2578457665270623e-60,0,0,0.24615384615384622,-1
1959,0.140625,0.46875,0,0.00024414062499999989,-1.0053823416929744e-87,-1.0053823416929744e-87,2.1450522332069967e-54,2.2323972485981933e-103,-8.3849055310929742e-109,-5.2405659569331089e-108,0,5.2369439287280172e-58,2.4545467326488625e-91,2.7250942976052165e-107,0.24615384615384622,-1
1960,0.15625,0.46875,0,0.00024414062499999989,-1.6736962444349767e-53,-1.2684743038259983e-53,7.3418559059868948e-54,-1.2831775516294552e-53,-1.3958654648440245e-74,-8.7241591552751513e-74,9.8931137843988801e-58,4.8893063828727705e-57,-3.5896601082658893e-59,8.4896991364000428e-73,0.24615384615384622,-1
1961,0.171875,0.46875,0,0.00024414062499999989,-1.6704779438076221e-52,-1.7133789884717618e-52,-1.0542875148088869e-35,-3.3198089474561168e-52,-1.3931813967425711e-73,-8.7073837296410688e-73,-1.0473887857456029e-57,-2.5739441279513828e-39,-3.9219481420516461e-56,4.5278395394133562e-72,0.24615384615384622,-1
1962,0.1875,0.46875,0,0.00024414062499999989,8.5978628722035067e-35,6.4814658575072586e-35,5.1040776971205499e-35,6.4814658575072586e-35,7.1706320036734632e-56,4.4816450022959144e-55,-5.1669848991607586e-39,-3.3627640634441116e-39,-3.6104375561240647e-57,-1.3050608935997049e-54,0.24615384615384622,-1
1963,0.203125,0.46875,0,0.00024414062499999989,2.7665392584677539e-34,2.9773967614295311e-34,7.8218740769314726e-19,3.0419545600162435e-34,2.307298364843981e-55,1.4420614780274883e-54,5.1478882559027656e-39,1.9096372258133462e-22,1.5761181295584067e-39,-5.2202435743988196e-54,0.24615384615384622,-1
1964,0.21875,0.46875,0,0.00024414062499999989,-6.7978496610989036e-18,-5.1245328214437893e-18,-2.5355354605888598e-18,-1.6988770407613023e-18,-5.6694179775332939e-39,-3.5433862359583082e-38,4.085246190564243e-22,6.3207943380247274e-22,8.3634174333068494e-22,-1.88079096131566e-37,0.24615384615384622,-1
1965,0.234375,0.46875,0,0.00024414062499999989,-3.4592657790705919e-17,-2.7641916842226143e-17,-3.0858868429258817e-17,-3.1117287316466034e-17,-2.8850334406716131e-38,-1.8031459004197581e-37,1.6969582393749453e-21,-7.8538857105289896e-22,-8.4847911968747263e-22,-7.5231638452626401e-37,0.24615384615384622,-1
1966,0.25,0.46875,0,0.00024414062499999989,-3.5833007179167739e-17,-3.6351219537217946e-17,-0.024472045801889688,-3.8525139752444713e-17,-2.9884787869494114e-38,-1.8677992418433817e-37,-1.2651668897710098e-22,-5.9746205571019636e-06,-5.3074224004559691e-22,-2.82118644197349e-37,0.24615384615384622,1201
1967,0.265625,0.46875,0,0.00024414062499999989,0.21410299080657474,0.16140071614649482,0.12981809978832676,0.10346696245828679,1.7856225212933257e-22,1.1160140758083286e-21,-1.2866766274433576e-05,-7.7105996968183669e-06,-1.4143982834035155e-05,6.7762635780344027e-21,0.24615384615384622,1201
1968,0.28125,0.46875,0,0.00024414062499999989,0.69573654498948057,0.57342241013431072,0.60972598830101932,0.60972598830101932,5.8024544119627218e-22,3.6265340074767007e-21,-2.9861849329875419e-05,8.8631782633565786e-06,8.8631782633565786e-06,-1.0164395367051604e-20,0.24615384615384622,1201
1969,0.296875,0.46875,0,0.00024414062499999989,0.90119567052100791,0.84793267212156342,0.86592377355966133,0.86592377355966133,7.5159869524108287e-22,4.6974918452567673e-21,-1.3003661718614357e-05,4.3923587495356101e-06,4.3923587495356101e-06,-1.0164395367051604e-20,0.24615384615384622,1201
1970,0.3125,0.46875,0,0.00024414062499999989,0.97263167221691227,0.95417985019037399,0.96091645267862869,0.96091645267862869,8.1117644003521955e-22,5.0698527502201224e-21,-4.5048393619478083e-06,1.6446783418590665e-06,1.6446783418590665e-06,-2.8375603733019061e-20,0.24615384615384622,1201
1971,0.328125,0.46875,0,0.00024414062499999989,0.9934018632489563,0.98798574979301768,0.99009641915513258,0.99009641915513258,8.2849881406589733e-22,5.1781175879118581e-21,-1.3222933242037546e-06,5.1530013723507995e-07,5.1530013723507995e-07,-1.1964340379966992e-20,0.24615384615384622,1201
1972,0.34375,0.46875,0,0.00024414062499999989,0.9985127598533019,0.99712064763898856,0.99768997775580137,0.99768997775580137,8.3276131037495908e-22,5.2047581898434938e-21,-3.398711460725874e-07,1.3899661055001364e-07,1.3899661055001364e-07,-2.2419903322637262e-20,0.24615384615384622,1201
1973,0.359375,0.46875,0,0.00024414062499999989,0.99964757051308795,0.99930494037977968,0.99944831325372341,0.99944831325372341,8.337077443616512e-22,5.2106734022603201e-21,-8.3649934889709442e-08,3.5003143052671839e-08,3.5003143052671839e-08,-1.385692962148832e-20,0.24615384615384622,1201
1974,0.375,0.46875,0,0.00024414062499999989,0.99990751116381105,0.99981763974498883,0.99985523611104443,0.99985523611104443,8.3392453529875222e-22,5.2120283456172003e-21,-2.1941264360904992e-08,9.1788003065539272e-09,9.1788003065539272e-09,-4.3228458812021226e-21,0.24615384615384622,1201
1975,0.390625,0.46875,0,0.00024414062499999989,0.99997596978732939,0.99995101742832149,0.99996156319462581,0.99996156319462581,8.3398162990517069e-22,5.2123851869073162e-21,-6.0918845234236147e-09,2.5746499766534071e-09,2.5746499766534071e-09,-7.1385686863326288e-21,0.24615384615384622,1201
1976,0.40625,0.46875,0,0.00024414062499999989,0.99999420811892104,0.99998754601668194,0.99999039775236231,0.99999039775236231,8.3399684070419698e-22,5.2124802544012305e-21,-1.6264898044652713e-09,6.9622453133940643e-10,6.9622453133940643e-10,-5.3768807767478181e-21,0.24615384615384622,1201
1977,0.421875,0.46875,0,0.00024414062499999989,0.99999864211959955,0.9999969220642092,0.99999765615754754,0.99999765615754754,8.3400053866817257e-22,5.2125033666760783e-21,-4.1993539803944534e-10,1.7922200642187321e-10,1.7922200642187321e-10,9.3479681024617658e-21,0.24615384615384622,1201
1978,0.4375,0.46875,0,0.00024414062499999989,0.99999972874353582,0.99999932845143213,0.99999950008698568,0.99999950008698568,8.3400144491435132e-22,5.2125090307146954e-21,-9.7727564386649755e-11,4.190321132003091e-11,4.190321132003091e-11,-6.0808114780304447e-22,0.24615384615384622,1201
1979,0.453125,0.46875,0,0.00024414062499999989,0.99999996207843811,0.999999889034207,0.99999992107726765,0.99999992185501152,8.3400163951604988e-22,5.2125102469753114e-21,-1.7833064238763916e-11,7.8230128588371399e-12,8.0128917346790483e-12,-9.1617991502619161e-21,0.24615384615384622,1201
1980,0.46875,0.46875,0,0.00024414062499999989,0.99999999797989625,0.99999998872732732,0.99999999310595178,0.99999999335361178,8.3400166945792582e-22,5.2125104341120365e-21,-2.2589279706893223e-12,1.0690001090081536e-12,1.1294639927667579e-12,-9.233443775353127e-21,0.24615384615384622,1201
1981,0.484375,0.46875,0,0.00024414062499999989,0.99999999999929412,0.99999999962303932,1.0140600606879029,1,8.3400167114210717e-22,5.212510444638169e-21,-9.1859076497679409e-14,3.43263209591396e-06,9.2031416598857241e-14,-1.221237338215004e-20,0.24615384615384622,1201
1982,0.5,0.46875,0,0.00024414062499999989,0.8995597140082342,0.92428347671196343,0.9716729030428729,0.98403478388114574,7.502343047755128e-22,4.6889644048469551e-21,6.0360748788401561e-06,1.15696841628197e-05,1.4587721476851135e-05,-1.3552527156068805e-20,0.24615384615384622,1201
1983,0.515625,0.46875,0,0.00024414062499999989,0.40746602928581438,0.5252004234002754,0.49967270015841486,0.51182724313668471,3.3982734935824784e-22,2.1239209334890488e-21,2.8743748563100834e-05,-6.2323543070948526e-06,-3.2649365877906973e-06,-1.0164395367051604e-20,0.24615384615384622,1201
1984,0.53125,0.46875,0,0.00024414062499999989,0.13590193920710533,0.20437662225414263,0.18218092846098985,0.18218092846098985,1.1334244441025891e-22,7.0839027756411813e-22,1.671745191578058e-05,-5.4188705549689409e-06,-5.4188705549689409e-06,5.082197683525802e-21,0.24615384615384622,1201
1985,0.546875,0.46875,0,0.00024414062499999989,0.038046825095170198,0.06230183541905028,0.053760339017846187,0.053760339017846187,3.17311157110458e-23,1.9831947319403625e-22,5.9216333798535333e-06,-2.0853262698252164e-06,-2.0853262698252164e-06,-8.4703294725430034e-22,0.24615384615384622,1201
1986,0.5625,0.46875,0,0.00024414062499999989,0.0089327435723476536,0.016103403960171698,0.01340008330012828,0.01340008330012828,7.4499230672271181e-24,4.6562019170169487e-23,1.7506495087461035e-06,-6.5999039551841246e-07,-6.5999039551841246e-07,4.2351647362715017e-22,0.24615384615384622,1201
1987,0.578125,0.46875,0,0.00024414062499999989,0.0017744696605999242,0.0035310319384068553,0.0028344577647985989,0.0028344577647985989,1.4799106623323492e-24,9.2494416395771811e-24,4.2884821235520756e-07,-1.7006205410357809e-07,-1.7006205410357809e-07,-5.2939559203393771e-23,0.24615384615384622,1201
1988,0.59375,0.46875,0,0.00024414062499999989,0.00029990841135639056,0.00066089492170934305,0.00051202395056923727,0.00051202395056923727,2.5012411626098078e-25,1.5632757266311298e-24,8.8131472254138751e-08,-3.6345451938502381e-08,-3.6345451938502381e-08,1.3234889800848443e-23,0.24615384615384622,1201
1989,0.609375,0.46875,0,0.00024414062499999989,4.3286562733533842e-05,0.00010601001007945746,7.9323212150706886e-05,7.9323212150706886e-05,3.6101065657790364e-26,2.2563166036118975e-25,1.5313341637188379e-08,-6.5153315255738683e-09,-6.5153315255738683e-09,-1.6543612251060553e-24,0.24615384615384622,1201
1990,0.625,0.46875,0,0.00024414062499999989,5.3455032100277567e-06,1.4608727911776207e-05,1.0566106799570662e-05,1.0566106799570662e-05,4.4581586102617935e-27,2.7863491314136209e-26,2.2615294682003044e-09,-9.8696804497205622e-10,-9.8696804497205622e-10,-4.1359030627651384e-25,0.24615384615384622,1201
1991,0.640625,0.46875,0,0.00024414062499999989,5.6482794049760168e-07,1.7310957857455945e-06,1.2112625437451873e-06,1.2112625437451873e-06,4.7106744628308697e-28,2.9441715392692934e-27,2.8473336065624812e-10,-1.2691241259775561e-10,-1.2691241259775561e-10,0,0.24615384615384622,1201
1992,0.65625,0.46875,0,0.00024414062499999989,5.0975362454924582e-08,1.7626127836625625e-07,1.1941499912045299e-07,1.1941499912045299e-07,4.2513537474511733e-29,2.657096092156983e-28,3.0587381814289941e-11,-1.3878486143994929e-11,-1.3878486143994929e-11,3.2311742677852644e-27,0.24615384615384622,1201
1993,0.671875,0.46875,0,0.00024414062499999989,3.9145552841513811e-09,1.5384181166437682e-08,1.0100174750332965e-08,1.0100174750332965e-08,3.2647456487627219e-30,2.0404660304767016e-29,2.8002016314175526e-12,-1.290040628931815e-12,-1.290040628931815e-12,0,0.24615384615384622,1201
1994,0.6875,0.46875,0,0.00024414062499999989,2.5423973135503334e-10,1.146081751277818e-09,7.2976526528034015e-10,7.2976526528034015e-10,2.1203636082096785e-31,1.3252272551310489e-30,2.1773486814521102e-13,-1.0163976708922796e-13,-1.0163976708922796e-13,0,0.24615384615384622,-1
1995,0.703125,0.46875,0,0.00024414062499999989,1.3841206661416239e-11,7.240392950515826e-11,4.4750112586547918e-11,4.4750112586547918e-11,1.1543589486252557e-32,7.2147434289078476e-32,1.4297539756772951e-14,-6.7514201461450998e-15,-6.7514201461450998e-15,-3.1554436208840472e-30,0.24615384615384622,-1
1996,0.71875,0.46875,0,0.00024414062499999989,6.2372521219663178e-13,3.8432326426045181e-12,2.3074610243833023e-12,2.3074610243833023e-12,5.2018786930582339e-34,3.2511741831613966e-33,7.8601255625192498e-16,-3.7494424272978883e-16,-3.7494424272978883e-16,0,0.24615384615384622,-1
1997,0.734375,0.46875,0,0.00024414062499999989,2.2854269752682296e-14,1.6920585194852452e-13,9.8762047195936872e-14,9.8762047195936872e-14,1.9060499166483e-35,1.1912811979051875e-34,3.5730366747031778e-17,-1.7198194519674714e-17,-1.7198194519674714e-17,0,0.24615384615384622,-1
1998,0.75,0.46875,0,0.00024414062499999989,6.6369880043656138e-16,6.068492747891309e-15,3.4459912583741932e-15,3.4459912583741932e-15,5.5352590869949483e-37,3.4595369293718424e-36,1.3195297723278186e-18,-6.4025915271413931e-19,-6.4025915271413931e-19,0,0.24615384615384622,-1
1999,0.765625,0.46875,0,0.00024414062499999989,1.4699271855509113e-17,1.7277469954594499e-16,9.5517711915195535e-17,9.5517711915195535e-17,1.2259217292075395e-38,7.6620108075471221e-38,3.8592633713485306e-20,-1.8861569245788431e-20,-1.8861569245788431e-20,-3.009265538105056e-36,0.24615384615384622,-1
2000,0.78125,0.46875,0,0.00024414062499999989,2.3327021477972107e-19,3.7568938488557353e-18,2.0235044128390785e-18,2.0235044128390785e-18,1.9454774895410297e-40,1.2159234309631434e-39,8.6025967628808914e-22,-4.2319078027750397e-22,-4.2319078027750397e-22,-9.4039548065783001e-38,0.24615384615384622,-1
2001,0.796875,0.46875,0,0.00024414062499999989,2.3625936211071331e-21,5.8610906071940113e-20,3.077613267499994e-20,3.077613267499994e-20,1.9704070282344222e-42,1.2315043926465138e-41,1.3732498156941639e-23,-6.7955989738623438e-24,-6.7955989738623438e-24,0,0.24615384615384622,-1
2002,0.8125,0.46875,0,0.00024414062499999989,1.1475247637274431e-23,5.8424908975813964e-22,2.9927450686844853e-22,2.9927450686844853e-22,9.5703757062631469e-45,5.9814848164144658e-44,1.3983736379903929e-25,-6.957387277580346e-26,-6.957387277580346e-26,0,0.24615384615384622,-1
2003,0.828125,0.46875,0,0.00024414062499999989,0,2.795849781432106e-24,1.397924890716053e-24,1.397924890716053e-24,0,0,6.8258051304494748e-28,-3.4129025652247374e-28,-3.4129025652247374e-28,0,0.24615384615384622,-1
2004,0.84375,0.46875,0,0.00024414062499999989,0,0,0,0,0,0,0,0,0,0,0.24615384615384622,-1
2005,0.859375,0.46875,0,0.00024414062499999989,0,0,0,0,0,0,0,0,0,0,0.24615384615384622,-1
2006,0.875,0.46875,0,0.00024414062499999989,0,0,0,0,0,0,0,0,0,0,0.24615384615384622,-1
2007,0.890625,0.46875,0,0.00024414062499999989,0,0,0,0,0,0,0,0,0,0,0.24615384615384622,-1
2008,0.90625,0.46875,0,0.00024414062499999989,0,0,0,0,0,0,0,0,0,0,0.24615384615384622,-1
2009,0.921875,0.46875,0,0.00024414062499999989,0,0,0,0,0,0,0,0,0,0,0.24615384615384622,-1
2010,0.9375,0.46875,0,0.00024414062499999989,0,0,0,0,0,0,0,0,0,0,0.24615384615384622,-1
2011,0.953125,0.46875,0,0.00024414062499999989,0,0,0,0,0,0,0,0,0,0,0.24615384615384622,-1
2012,0.96875,0.46875,0,0.00024414062499999989,0,0,0,0,0,0,0,0,0,0,0.24615384615384622,-1
2013,0.984375,0.46875,0,0.00024414062499999989,0,0,0,0,0,0,0,0,0,0,0.24615384615384622,-1
2014,1,0.46875,0,0.00012207031249999995,0,0,0,0,-0,0,0,0,0,0,0.49230769230769245,-1
2015,0,0.484375,0,0.00012207031249999995,0,0,0,0,0,0,0,0,0,0,0.16410256410256413,-1
2016,0.015625,0.484375,0,0.00024414062499999989,0,0,0,0,0,0,0,0,0,0,0.24615384615384622,-1
2017,0.03125,0.484375,0,0.00024414062499999989,0,0,0,0,0,0,0,0,0,0,0.24615384615384622,-1
2018,0.046875,0.484375,0,0.00024414062499999989,0,0,0,0,0,0,0,0,0,0,0.24615384615384622,-1
2019,0.0625,0.484375,0,0.00024414062499999989,0,0,0,0,0,0,0,0,0,0,0.24615384615384622,-1
2020,0.078125,0.484375,0,0.00024414062499999989,0,0,0,0,0,0,0,0,0,0,0.24615384615384622,-1
2021,0.09375,0.484375,0,0.00024414062499999989,0,0,0,0,0,0,0,0,0,0,0.24615384615384622,-1
2022,0.109375,0.484375,0,0.00024414062499999989,0,0,0,0,0,0,0,0,0,0,0.24615384615384622,-1
2023,0.125,0.484375,0,0.00024414062499999989,0,0,2.0623227521907171e-89,0,0,0,0,5.0349676567156153e-93,0,0,0.24615384615384622,-1
2024,0.140625,0.484375,0,0.00024414062499999989,0,0,1.7668545616118875e-54,0,0,0,0,4.3136097695602702e-58,0,0,0.24615384615384622,-1
2025,0.15625,0.484375,0,0.00024414062499999989,-1.4046493733570107e-53,-1.0588895276075921e-53,2.350412402074541e-53,-1.0588895276075921e-53,-1.1714799247492873e-74,-7.3217495296830456e-74,8.441402484116657e-58,8.3234910392630174e-57,1.2227088291296409e-74,4.2448495682000214e-73,0.24615384615384622,-1
2026,0.171875,0.484375,0,0.00024414062499999989,-3.3198089474561164e-52,-3.355146038688354e-52,-1.0645382271021634e-35,-3.3562124215967241e-52,-2.7687262100528751e-73,-1.7304538812830469e-72,-8.6272195391205503e-58,-2.5989702810111399e-39,-2.6034738973880397e-59,8.6311941220067102e-72,0.24615384615384622,-1
2027,0.1875,0.484375,0,0.00024414062499999989,8.5927609326854703e-35,6.4776197800244306e-35,5.0841319229526828e-35,6.4776197800244306e-35,7.166376977589352e-56,4.4789856109933443e-55,-5.1639188297388639e-39,-3.4020699635540705e-39,-1.5281985475217518e-55,-6.5253044679985245e-55,0.24615384615384622,-1
2028,0.203125,0.484375,0,0.00024414062499999989,2.9240911346421535e-34,2.9888503228020294e-34,5.8732505588562948e-19,2.9888503228020294e-34,2.4386968928650974e-55,1.5241855580406858e-54,1.5810348671844738e-39,1.4338990622207737e-22,0,-4.2414479041990409e-54,0.24615384615384622,-1
2029,0.21875,0.484375,0,0.00024414062499999989,-4.97260488386774e-18,-3.748579066300296e-18,-6.6247606958473935e-19,-5.0463160801017303e-20,-4.1471607830780262e-39,-2.5919754894237662e-38,2.9883442811705159e-22,7.5344311443250856e-22,9.0286032849103445e-22,0,0.24615384615384622,-1
2030,0.234375,0.484375,0,0.00024414062499999989,-3.4751032193709577e-17,-2.7371582073183088e-17,-3.0596458224643563e-17,-3.0619196641072335e-17,-2.8982418923487413e-38,-1.811401182717963e-37,1.8016235645816609e-21,-7.8732327916515534e-22,-7.9287465036358575e-22,1.504632769052528e-36,0.24615384615384622,-1
2031,0.25,0.484375,0,0.00024414062499999989,-3.8525139752444713e-17,-3.6470175990384203e-17,-0.028376438250922207,-4.1234011277445678e-17,-3.2130030934544791e-38,-2.0081269334090495e-37,5.0170013722180396e-22,-6.9278413698540417e-06,-1.1630457243802424e-21,9.4039548065783001e-38,0.24615384615384622,1201
2032,0.265625,0.484375,0,0.00024414062499999989,0.23492188472016479,0.17709495925058574,0.14590841678053595,0.11699495404574645,1.9592524444460916e-22,1.2245327777788073e-21,-1.4117901725971439e-05,-7.6139019702269932e-06,-1.4672852833212712e-05,0,0.24615384615384622,1201
2033,0.28125,0.484375,0,0.00024414062499999989,0.72791634883558975,0.6054898163932888,0.64358798698295716,0.64358798698295716,6.0708345138097138e-22,3.7942715711310707e-21,-2.9889290147046093e-05,9.3013111791182409e-06,9.3013111791182409e-06,-2.0328790734103208e-20,0.24615384615384622,1201
2034,0.296875,0.484375,0,0.00024414062499999989,0.91788965424016611,0.86997452138338272,0.88654858447247786,0.88654858447247786,7.655215055608898e-22,4.7845094097555609e-21,-1.1698030482613098e-05,4.0464021213611159e-06,4.0464021213611159e-06,-3.3881317890172014e-20,0.24615384615384622,1201
2035,0.3125,0.484375,0,0.00024414062499999989,0.97861158933970338,0.96313218294011649,0.96885656129090691,0.96885656129090691,8.1616370090892225e-22,5.1010231306807633e-21,-3.7791519530241487e-06,1.3975533082984408e-06,1.3975533082984408e-06,3.3881317890172014e-21,0.24615384615384622,1201
2036,0.328125,0.484375,0,0.00024414062499999989,0.99520556949511207,0.99094096626479533,0.99260753940419388,0.99260753940419388,8.300031080894418e-22,5.1875194255590108e-21,-1.0411628980265436e-06,4.0687820786097104e-07,4.0687820786097104e-07,-6.8821426964411903e-21,0.24615384615384622,1201
2037,0.34375,0.484375,0,0.00024414062499999989,0.99905987945701424,0.9980571038953745,0.99846662594333369,0.99846662594333369,8.3321760903877011e-22,5.2076100564923132e-21,-2.4481825235344176e-07,9.9980968740046297e-08,9.9980968740046297e-08,-2.8084436157400396e-20,0.24615384615384622,1201
2038,0.359375,0.484375,0,0.00024414062499999989,0.99983139643047014,0.99962418829020938,0.99971187317062649,0.99971187317062649,8.3386105548394726e-22,5.2116315967746704e-21,-5.0587924868338173e-08,2.1407441508091826e-08,2.1407441508091826e-08,-2.7475631226561367e-20,0.24615384615384622,1201
2039,0.375,0.484375,0,0.00024414062499999989,0.99996938211634201,0.99992923600438255,0.99994661030681109,0.99994661030681109,8.3397613577655814e-22,5.2123508486034889e-21,-9.8012968651077151e-09,4.2417730538305308e-09,4.2417730538305308e-09,1.1549095712465372e-20,0.24615384615384622,1201
2040,0.390625,0.484375,0,0.00024414062499999989,0.99999376782876626,0.99998563786399675,0.99998917723912994,0.99998917723912994,8.3399647350147194e-22,5.212477959384199e-21,-1.9848546800612076e-09,8.6410525712229945e-10,8.6410525712229945e-10,5.4306475165637649e-21,0.24615384615384622,1201
2041,0.40625,0.484375,0,0.00024414062499999989,0.99999864661413707,0.99999684055255156,0.99999763071188574,0.99999763071188574,8.340005424166244e-22,5.2125033901039026e-21,-4.4093300428108212e-10,1.9290999369117612e-10,1.9290999369117612e-10,7.1239896280363817e-21,0.24615384615384622,1201
2042,0.421875,0.484375,0,0.00024414062499999989,0.99999971248127928,0.99999930039670237,0.9999994819339344,0.9999994819339344,8.3400143135160217e-22,5.2125089459475144e-21,-1.0060658616891055e-10,4.4320613282954435e-11,4.4320613282954435e-11,8.4269348021266473e-21,0.24615384615384622,1201
2043,0.4375,0.484375,0,0.00024414062499999989,0.99999994049230134,0.99999984774213202,0.99999988852157573,0.99999988852157573,8.3400162151317569e-22,5.212510134457348e-21,-2.2644084319144056e-11,9.9559188723258632e-12,9.9559188723258632e-12,8.1749613703762168e-21,0.24615384615384622,1201
2044,0.453125,0.484375,0,0.00024414062499999989,0.99999998940659296,0.99999997025047482,0.99999997866765777,0.99999997866765777,8.3400166230777671e-22,5.2125103894236036e-21,-4.676786659424891e-12,2.0549763013039542e-12,2.0549763013039542e-12,4.0396980801160999e-21,0.24615384615384622,1201
2045,0.46875,0.484375,0,0.00024414062499999989,0.99999999890496938,0.99999999571774845,0.99999999717660037,0.99999999728889677,8.340016702294385e-22,5.2125104389339903e-21,-7.7813011364739372e-13,3.5616502624673061e-13,3.8358112496375916e-13,5.8140055932392356e-21,0.24615384615384622,1201
2046,0.484375,0.484375,0,0.00024414062499999989,1,0.99999999971414444,1.0020603134204524,1,8.3400167114269576e-22,5.2125104446418485e-21,-6.9788965595006178e-14,5.0300627595408911e-07,6.9788955430610798e-14,4.1178832582575814e-21,0.24615384615384622,1201
2047,0.5,0.484375,0,0.00024414062499999989,0.99999999994424604,0.9999999999579412,1.0532758939192104,0.99999999999885636,8.3400167109619688e-22,5.2125104443512302e-21,3.3435321162124734e-15,1.3006810049138005e-05,9.989045241342247e-15,1.3341313279033765e-20,0.24615384615384622,1201
2048,0.515625,0.484375,0,0.00024414062499999989,0.58218854139116294,0.68091381176811649,0.68073581136050909,0.72358826862208447,4.8554621644035844e-22,3.03466385275224e-21,2.4102849213123389e-05,-4.3457130763529698e-08,1.0418568567863269e-05,2.7105054312137611e-20,0.24615384615384622,1201
2049,0.53125,0.484375,0,0.00024414062499999989,0.18714706101492828,0.28068215035360355,0.25074556317163482,0.25074556317163482,1.5608096163589425e-22,9.7550601022433898e-22,2.2835715170575017e-05,-7.3087371049728257e-06,-7.3087371049728257e-06,-1.6940658945086007e-20,0.24615384615384622,1201
2050,0.546875,0.484375,0,0.00024414062499999989,0.051674591683702219,0.083893371280723147,0.072704765073465016,0.072704765073465016,4.3096695819824102e-23,2.6935434887390062e-22,7.8659129875539343e-06,-2.7315933123188784e-06,-2.7315933123188784e-06,-8.4703294725430034e-22,0.24615384615384622,1201
2051,0.5625,0.484375,0,0.00024414062499999989,0.011985924413877511,0.021440596910167486,0.017905638144494525,0.017905638144494525,9.9962809913638806e-24,6.2476756196024252e-23,2.3082696524145434e-06,-8.6302704240062476e-07,-8.6302704240062476e-07,2.1175823681357508e-22,0.24615384615384622,1201
2052,0.578125,0.484375,0,0.00024414062499999989,0.0023542945494248661,0.004653108199973088,0.0037461450670740063,0.0037461450670740063,1.9634855885824784e-24,1.227178492864049e-23,5.6123380140337427e-07,-2.2142654611793976e-07,-2.2142654611793976e-07,-5.2939559203393771e-23,0.24615384615384622,1201
2053,0.59375,0.484375,0,0.00024414062499999989,0.0003936713226594178,0.00086239404170751369,0.00066972117100442326,0.00066972117100442326,3.2832254097890983e-25,2.0520158811181866e-24,1.1443425758010147e-07,-4.7039275073996659e-08,-4.7039275073996659e-08,1.3234889800848443e-23,0.24615384615384622,1201
2054,0.609375,0.484375,0,0.00024414062499999989,5.6239429083184241e-05,0.00013702715087877046,0.00010272752633347711,0.00010272752633347711,4.6903777839486783e-26,2.9314861149679242e-25,1.9723564891500534e-08,-8.3739317737532556e-09,-8.3739317737532556e-09,-1.6543612251060553e-24,0.24615384615384622,1201
2055,0.625,0.484375,0,0.00024414062499999989,6.8771080028115844e-06,1.8711013968676575e-05,1.3553798093383465e-05,1.3553798093383465e-05,5.7355195669736687e-27,3.5846997293585428e-26,2.8891371986975063e-09,-1.2590859070539816e-09,-1.2590859070539816e-09,0,0.24615384615384622,1201
2056,0.640625,0.484375,0,0.00024414062499999989,7.1986731159403722e-07,2.1977482734474911e-06,1.5396493981552083e-06,1.5396493981552083e-06,6.0037054087042672e-28,3.7523158804401667e-27,3.6081078170250327e-10,-1.6066867072565491e-10,-1.6066867072565491e-10,-2.5849394142282115e-26,0.24615384615384622,1201
2057,0.65625,0.484375,0,0.00024414062499999989,6.4388450345390547e-08,2.2189135567368488e-07,1.5047361165943833e-07,1.5047361165943833e-07,5.3700075190344206e-29,3.3562546993965127e-28,3.8452857746165589e-11,-1.7435972659728155e-11,-1.7435972659728155e-11,3.2311742677852644e-27,0.24615384615384622,1201
2058,0.671875,0.484375,0,0.00024414062499999989,4.9026887250737379e-09,1.9210769239314999e-08,1.262203779097571e-08,1.262203779097571e-08,4.0888505898039501e-30,2.5555316186274686e-29,3.4931837192971814e-12,-1.6085770137547085e-12,-1.6085770137547085e-12,0,0.24615384615384622,1201
2059,0.6875,0.484375,0,0.00024414062499999989,3.1585638191606348e-10,1.4201545192777975e-09,9.0482054352250109e-10,9.0482054352250109e-10,2.6342475035908247e-31,1.6464046897442657e-30,2.6960403744182946e-13,-1.2581395892463286e-13,-1.2581395892463286e-13,0,0.24615384615384622,-1
2060,0.703125,0.484375,0,0.00024414062499999989,1.7064719323225168e-11,8.9062241637589209e-11,5.5071563606933248e-11,5.5071563606933248e-11,1.4232004433150842e-32,8.8950027707192766e-32,1.7577520096280276e-14,-8.2985053785781122e-15,-8.2985053785781122e-15,0,0.24615384615384622,-1
2061,0.71875,0.484375,0,0.00024414062499999989,7.6343951376307465e-13,4.6945933308801959e-12,2.8196215077609128e-12,2.8196215077609128e-12,6.3670983029477141e-34,3.9794364393423207e-33,9.5975434988210915e-16,-4.5775679275373105e-16,-4.5775679275373105e-16,9.8607613152626476e-32,0.24615384615384622,-1
2062,0.734375,0.484375,0,0.00024414062499999989,2.7782627660207991e-14,2.0532386890099307e-13,1.1987574907579728e-13,1.1987574907579728e-13,2.3170757897348748e-35,1.4481723685842968e-34,4.334502959980102e-17,-2.0861357379198177e-17,-2.0861357379198177e-17,3.0814879110195774e-33,0.24615384615384622,-1
2063,0.75,0.484375,0,0.00024414062499999989,8.0160588691034607e-16,7.3176892547967604e-15,4.1561727623984552e-15,4.1561727623984552e-15,6.6854064928105152e-37,4.1783790580065713e-36,1.5908406659878936e-18,-7.7185461240192968e-19,-7.7185461240192968e-19,-1.9259299443872359e-34,0.24615384615384622,-1
2064,0.765625,0.484375,0,0.00024414062499999989,1.7644917616000391e-17,2.0710061770667733e-16,1.1451076484444301e-16,1.1451076484444301e-16,1.471589077891952e-38,9.1974317368246994e-38,4.6253833029950405e-20,-2.2604944546443917e-20,-2.2604944546443917e-20,0,0.24615384615384622,-1
2065,0.78125,0.484375,0,0.00024414062499999989,2.7839297464654529e-19,4.4778545459368001e-18,2.4120480653449607e-18,2.4120480653449607e-18,2.3218020608960491e-40,1.4511262880600306e-39,1.0252591726782842e-21,-5.0434728530074185e-22,-5.0434728530074185e-22,1.88079096131566e-37,0.24615384615384622,-1
2066,0.796875,0.484375,0,0.00024414062499999989,2.8041165915806132e-21,6.9483842545445015e-20,3.6487460777258966e-20,3.6487460777258966e-20,2.3386379234571915e-42,1.4616487021607448e-41,1.6279229969205169e-23,-8.0557572676235441e-24,-8.0557572676235441e-24,1.4693679385278594e-39,0.24615384615384622,-1
2067,0.8125,0.484375,0,0.00024414062499999989,1.3548843067985437e-23,6.8910508811796907e-22,3.5299451550903698e-22,3.5299451550903698e-22,1.1299757760749985e-44,7.0623486004687392e-44,1.6493072388915609e-25,-8.2058245265852528e-26,-8.2058245265852528e-26,0,0.24615384615384622,-1
2068,0.828125,0.484375,0,0.00024414062499999989,0,3.2816665890683442e-24,1.6408332945341721e-24,1.6408332945341721e-24,0,0,8.0118813209676335e-28,-4.0059406604838168e-28,-4.0059406604838168e-28,0,0.24615384615384622,-1
2069,0.84375,0.484375,0,0.00024414062499999989,0,0,0,0,0,0,0,0,0,0,0.24615384615384622,-1
2070,0.859375,0.484375,0,0.00024414062499999989,0,0,0,0,0,0,0,0,0,0,0.24615384615384622,-1
2071,0.875,0.484375,0,0.00024414062499999989,0,0,0,0,0,0,0,0,0,0,0.24615384615384622,-1
2072,0.890625,0.484375,0,0.00024414062499999989,0,0,0,0,0,0,0,0,0,0,0.24615384615384622,-1
2073,0.90625,0.484375,0,0.00024414062499999989,0,0,0,0,0,0,0,0,0,0,0.24615384615384622,-1
2074,0.921875,0.484375,0,0.00024414062499999989,0,0,0,0,0,0,0,0,0,0,0.24615384615384622,-1
2075,0.9375,0.484375,0,0.00024414062499999989,0,0,0,0,0,0,0,0,0,0,0.24615384615384622,-1
2076,0.953125,0.484375,0,0.00024414062499999989,0,0,0,0,0,0,0,0,0,0,0.24615384615384622,-1
2077,0.96875,0.484375,0,0.00024414062499999989,0,0,0,0,0,0,0,0,0,0,0.24615384615384622,-1
2078,0.984375,0.484375,0,0.00024414062499999989,0,0,0,0,0,0,0,0,0,0,0.24615384615384622,-1
2079,1,0.484375,0,0.00012207031249999995,0,0,0,0,-0,0,0,0,0,0,0.49230769230769245,-1
2080,0,0.5,0,0.00012207031249999995,0,0,0,0,0,0,0,0,0,0,0.16410256410256413,-1
2081,0.015625,0.5,0,0.00024414062499999989,0,0,0,0,0,0,0,0,0,0,0.24615384615384622,-1
2082,0.03125,0.5,0,0.00024414062499999989,0,0,0,0,0,0,0,0,0,0,0.24615384615384622,-1
2083,0.046875,0.5,0,0.00024414062499999989,0,0,0,0,0,0,0,0,0,0,0.24615384615384622,-1
2084,0.0625,0.5,0,0.00024414062499999989,0,0,0,0,0,0,0,0,0,0,0.24615384615384622,-1
2085,0.078125,0.5,0,0.00024414062499999989,0,0,0,0,0,0,0,0,0,0,0.24615384615384622,-1
2086,0.09375,0.5,0,0.00024414062499999989,0,0,0,0,0,0,0,0,0,0,0.24615384615384622,-1
2087,0.109375,0.5,0,0.00024414062499999989,0,0,0,0,0,0,0,0,0,0,0.24615384615384622,-1
2088,0.125,0.5,0,0.00024414062499999989,0,0,0,0,0,0,0,0,0,0,0.24615384615384622,-1
2089,0.140625,0.5,0,0.00024414062499999989,0,0,1.3721309483767659e-54,0,0,0,0,3.3499290731854623e-58,0,0,0.24615384615384622,-1
2090,0.15625,0.5,0,0.00024414062499999989,-1.321122249994931e-53,-9.9592292691925601e-54,2.802200735772956e-53,-9.9592292691925601e-54,-1.1018181642795709e-74,-6.8863635267473175e-74,7.9394365985272152e-58,9.2727628483696542e-57,1.9115601835298528e-76,4.2448495682000214e-73,0.24615384615384622,-1
2091,0.171875,0.5,0,0.00024414062499999989,-3.3562124215967241e-52,-3.3836550405642591e-52,-1.0912459358520181e-35,-3.3836550405642591e-52,-2.7990867683215418e-73,-1.7494292302009636e-72,-6.699858146370919e-58,-2.6641746480762149e-39,0,9.3386690500400471e-72,0.24615384615384622,-1
2092,0.1875,0.5,0,0.00024414062499999989,8.9273319682850797e-35,6.729834868399521e-35,5.6341771883205389e-35,6.729834868399521e-35,7.4454097803953677e-56,4.6533811127471042e-55,-5.3649831540174746e-39,-2.6749455080053257e-39,-5.9418419397659743e-55,0,0.24615384615384622,-1
2093,0.203125,0.5,0,0.00024414062499999989,2.6416626254109675e-34,2.2673179835391439e-34,3.9430904671435667e-19,2.9240911346421535e-34,2.2031510441879478e-55,1.3769694026174673e-54,-9.1392734831988019e-39,9.6266857107997129e-23,1.6034500759350812e-38,-1.1745548042397344e-53,0.24615384615384622,-1
2094,0.21875,0.5,0,0.00024414062499999989,-1.9438272778545536e-18,-1.4653467171518942e-18,2.5670115355947962e-18,3.8518598887744717e-34,-1.6211551981434551e-39,-1.0132219988396594e-38,1.1681654314029764e-22,9.8446246404948463e-22,3.5775066336716163e-22,0,0.24615384615384622,-1
2095,0.234375,0.5,0,0.00024414062499999989,-3.6521993130752009e-17,-2.8320582145841763e-17,-3.1911937035158005e-17,-3.0557383661128009e-17,-3.0459403304509228e-38,-1.903712706531827e-37,2.0022976037378519e-21,-8.7679562727447254e-22,-5.4609411994293081e-22,5.64237288394698e-37,0.24615384615384622,-1
2096,0.25,0.5,0,0.00024414062499999989,-4.1234011277445678e-17,-4.0647989652780521e-17,-0.028473581735819865,-4.1234011277445678e-17,-3.4389234313306455e-38,-2.1493271445816536e-37,1.4307168570926696e-22,-6.9515580409716331e-06,-1.4307168570926666e-22,-4.70197740328915e-38,0.24615384615384622,1201
2097,0.265625,0.5,0,0.00024414062499999989,0.22956083504522157,0.17305355257255164,0.13963568254119207,0.1113820413048571,1.9145412005662752e-22,1.1965882503539219e-21,-1.3795723259929177e-05,-8.158659675624895e-06,-1.5056521305589484e-05,3.3881317890172014e-21,0.24615384615384622,1201
2098,0.28125,0.5,0,0.00024414062499999989,0.73200462172506509,0.60876603215668856,0.64720234338402727,0.64720234338402727,6.1049307780288121e-22,3.8155817362680075e-21,-3.0087546281341884e-05,9.38386504573699e-06,9.38386504573699e-06,-3.7269449679189215e-20,0.24615384615384622,1201
2099,0.296875,0.5,0,0.00024414062499999989,0.92160471756661733,0.87459847671212432,0.89095456928493788,0.89095456928493788,7.6861987458355108e-22,4.8038742161471937e-21,-1.1476133021116428e-05,3.9931866632845647e-06,3.9931866632845647e-06,-3.3881317890172014e-20,0.24615384615384622,1201
2100,0.3125,0.5,0,0.00024414062499999989,0.98020568365597494,0.96547600475591144,0.97095475268091291,0.97095475268091291,8.1749317823265169e-22,5.1093323639540732e-21,-3.5961130127108067e-06,1.3375849426273011e-06,1.3375849426273011e-06,-8.4703294725430034e-22,0.24615384615384622,1201
2101,0.328125,0.5,0,0.00024414062499999989,0.99569248119771347,0.99174954893584777,0.99329626672507443,0.99329626672507443,8.3040919326311032e-22,5.1900574578944393e-21,-9.6262994674454524e-07,3.7761664776041819e-07,3.7761664776041819e-07,-2.0964065444543933e-20,0.24615384615384622,1201
2102,0.34375,0.5,0,0.00024414062499999989,0.99918540248260657,0.99828565474457331,0.99865329932330094,0.99865329932330094,8.3332229545188096e-22,5.2082643465742554e-21,-2.1966497510577101e-07,8.9756977228431138e-08,8.9756977228431138e-08,-1.7258296300306369e-20,0.24615384615384622,1201
2103,0.359375,0.5,0,0.00024414062499999989,0.99986457498407189,0.99968709473545747,0.99976211358516165,0.99976211358516165,8.3388872645309722e-22,5.2118045403318577e-21,-4.3330138821883615e-08,1.8315148853556196e-08,1.8315148853556196e-08,1.9686898578762059e-21,0.24615384615384622,1201
2104,0.375,0.5,0,0.00024414062499999989,0.99997939945216141,0.9999484126248489,0.99996188753040904,0.99996188753040904,8.3398449025137197e-22,5.2124030640710747e-21,-7.5651433868323414e-09,3.2897718652584541e-09,3.2897718652584541e-09,-6.0615795287885868e-21,0.24615384615384622,1201
2105,0.390625,0.5,0,0.00024414062499999989,0.99999681583128042,0.99999170678732752,0.99999397123252109,0.99999397123252109,8.3399901554066252e-22,5.2124938471291397e-21,-1.2473251838151746e-09,5.528430648478962e-10,5.528430648478962e-10,-1.3803886664708357e-20,0.24615384615384622,1201
2106,0.40625,0.5,0,0.00024414062499999989,0.9999994357506431,0.99999854075490147,0.99999893961782771,0.99999893961782771,8.3400120055778916e-22,5.2125075034861819e-21,-2.1850481974388584e-10,9.7378644092293358e-11,9.7378644092293358e-11,1.4125970115721192e-20,0.24615384615384622,1201
2107,0.421875,0.5,0,0.00024414062499999989,0.99999989012371304,0.99999971352837225,0.99999979248392834,0.99999979248392834,8.3400157950568888e-22,5.2125098719105553e-21,-4.311409687209999e-11,1.9276258803189394e-11,1.9276258803189394e-11,8.7745768415976639e-22,0.24615384615384622,1201
2108,0.4375,0.5,0,0.00024414062499999989,0.99999997879643743,0.99999994239351575,0.99999995874511927,0.99999995874511927,8.3400165345888921e-22,5.2125103341180569e-21,-8.8874320568394817e-12,3.9920906896924263e-12,3.9920906896924263e-12,1.3100779912864015e-20,0.24615384615384622,1201
2109,0.453125,0.5,0,0.00024414062499999989,0.99999999603649603,0.99999998864988582,0.99999999194686384,0.99999999194686384,8.3400166783712685e-22,5.2125104239820422e-21,-1.8033716321874628e-12,8.0492628176647095e-13,8.0492628176647095e-13,-1.4134590080874076e-20,0.24615384615384622,1201
2110,0.46875,0.5,0,0.00024414062499999989,0.99999999943249529,0.99999999805256501,0.99999999867268341,0.99999999869596568,8.3400167066939594e-22,5.212510441683724e-21,-3.3689704299129809e-13,1.5139610207409009e-13,1.570802430111309e-13,-6.6218132965729733e-21,0.24615384615384622,1201
2111,0.484375,0.5,0,0.00024414062499999989,1,0.99999999981702237,0.99999999991079858,0.99999999991079858,8.3400167114269576e-22,5.2125104446418485e-21,-4.4672275386768885e-14,2.2894570743321339e-14,2.2894570743321339e-14,7.1845769160368546e-21,0.24615384615384622,1201
2112,0.5,0.5,0,0.00024414062499999989,1,1,1.0444985235228803,1,8.3400167114269576e-22,5.2125104446418485e-21,0,1.0863897344453205e-05,0,-6.0465121157845443e-21,0.24615384615384622,1201
2113,0.515625,0.5,0,0.00024414062499999989,0.66657997386931434,0.74865259568152376,0.76467526412177611,0.80571157501708213,5.5592881215726268e-22,3.4745550759828915e-21,2.0037261184621448e-05,3.9117842871709904e-06,1.3930414876845298e-05,-1.3552527156068805e-20,0.24615384615384622,1201
2114,0.53125,0.5,0,0.00024414062499999989,0.21089011951277997,0.31613550458695044,0.28262008480284695,0.28262008480284695,1.7588271210114134e-22,1.0992669506321332e-21,2.5694674090373623e-05,-8.1824755332283822e-06,-8.1824755332283822e-06,1.0164395367051604e-20,0.24615384615384622,1201
2115,0.546875,0.5,0,0.00024414062499999989,0.057627996750354044,0.093405909348460797,0.081028019643687457,0.081028019643687457,4.8061845594401121e-23,3.0038653496500691e-22,8.7348419428971533e-06,-3.0219457287044287e-06,-3.0219457287044287e-06,8.4703294725430034e-22,0.24615384615384622,1201
2116,0.5625,0.5,0,0.00024414062499999989,0.01328290880080441,0.023710138239327248,0.019821792818284476,0.019821792818284476,1.1077968137506899e-23,6.9237300859418118e-23,2.5457103121393634e-06,-9.4930308130927027e-07,-9.4930308130927027e-07,6.3527471044072525e-22,0.24615384615384622,1201
2117,0.578125,0.5,0,0.00024414062499999989,0.0025954963544544529,0.0051198248018081332,0.0041255059343634588,0.0041255059343634588,2.1646482970597887e-24,1.3529051856623678e-23,6.1629112484220679e-07,-2.427536297472349e-07,-2.427536297472349e-07,1.0587911840678754e-22,0.24615384615384622,1201
2118,0.59375,0.5,0,0.00024414062499999989,0.00043204359127245771,0.00094479489256611097,0.00073424290103711294,0.00073424290103711294,3.6032507712772155e-25,2.2520317320482598e-24,1.2518342316739578e-07,-5.140429480688425e-08,-5.140429480688425e-08,-1.3234889800848443e-23,0.24615384615384622,1201
2119,0.609375,0.5,0,0.00024414062499999989,6.1469826868557826e-05,0.00014953949042537093,0.00011217358740248955,0.00011217358740248955,5.1265938333229408e-26,3.2041211458268378e-25,2.1501382704300068e-08,-9.1225349176956489e-09,-9.1225349176956489e-09,0,0.24615384615384622,1201
2120,0.625,0.5,0,0.00024414062499999989,7.4886170934680677e-06,2.034713865571592e-05,1.4745925066536964e-05,1.4745925066536964e-05,6.2455191705001254e-27,3.9034494815625787e-26,3.1392874907831659e-09,-1.3674837864206427e-09,-1.3674837864206427e-09,-4.1359030627651384e-25,0.24615384615384622,1201
2121,0.640625,0.5,0,0.00024414062499999989,7.8116683257576609e-07,2.3820564073056472e-06,1.6693990736959779e-06,1.6693990736959779e-06,6.5149444380943543e-28,4.0718402738089708e-27,3.9084218133053719e-10,-1.7398860683829807e-10,-1.7398860683829807e-10,0,0.24615384615384622,1201
2122,0.65625,0.5,0,0.00024414062499999989,6.9646431048586381e-08,2.3976021021575029e-07,1.6264024018130476e-07,1.6264024018130476e-07,5.8085239883645575e-29,3.6303274927278484e-28,4.1531684366983358e-11,-1.8828117684190795e-11,-1.8828117684190795e-11,0,0.24615384615384622,1201
2123,0.671875,0.5,0,0.00024414062499999989,5.2870952052423136e-09,2.0697969201290426e-08,1.36024236456108e-08,1.36024236456108e-08,4.4094462366626233e-30,2.7559038979141395e-29,3.7624204091914321e-12,-1.7323109266795953e-12,-1.7323109266795953e-12,0,0.24615384615384622,1201
2124,0.6875,0.5,0,0.00024414062499999989,3.3966266333268701e-10,1.5259511675837892e-09,9.7240972226167842e-10,9.7240972226167842e-10,2.8327922884423982e-31,1.7704951802764989e-30,2.8962121685817915e-13,-1.3514195442434343e-13,-1.3514195442434343e-13,0,0.24615384615384622,-1
2125,0.703125,0.5,0,0.00024414062499999989,1.8302427420491338e-11,9.5453149580078091e-11,5.9032056489609755e-11,5.9032056489609755e-11,1.5264255054657676e-32,9.5401594091610459e-32,1.8835625527242854e-14,-8.8918684302901179e-15,-8.8918684302901179e-15,-1.5777218104420236e-30,0.24615384615384622,-1
2126,0.71875,0.5,0,0.00024414062499999989,8.1678025395645265e-13,5.0193840203021754e-12,3.0150359570336748e-12,3.0150359570336748e-12,6.8119609675603701e-34,4.2574756047252309e-33,1.0260263101429983e-15,-4.8934278888391108e-16,-4.8934278888391108e-16,0,0.24615384615384622,-1
2127,0.734375,0.5,0,0.00024414062499999989,2.9654387020179205e-14,2.1903177045529247e-13,1.278899134240526e-13,1.278899134240526e-13,2.4731808331541725e-35,1.5457380207213575e-34,4.6234712752713178e-17,-2.225142993926754e-17,-2.225142993926754e-17,6.1629758220391547e-33,0.24615384615384622,-1
2128,0.75,0.5,0,0.00024414062499999989,8.5372984732830708e-16,7.7895421270067884e-15,4.4244478042634153e-15,4.4244478042634153e-15,7.1201211937620666e-37,4.4500757461012916e-36,1.6933135448433785e-18,-8.2155623113851843e-19,-8.2155623113851843e-19,0,0.24615384615384622,-1
2129,0.765625,0.5,0,0.00024414062499999989,1.8753291328568542e-17,2.2000914425831254e-16,1.2165366411953042e-16,1.2165366411953042e-16,1.564027630745199e-38,9.7751726921574945e-38,4.9134729719175759e-20,-2.401256839325734e-20,-2.401256839325734e-20,-3.009265538105056e-36,0.24615384615384622,-1
2130,0.78125,0.5,0,0.00024414062499999989,2.9530090630902664e-19,4.7478627569109054e-18,2.5575679144508829e-18,2.5575679144508829e-18,2.4628144935168087e-40,1.5392590584480052e-39,1.0870512330570989e-21,-5.3473995177246615e-22,-5.3473995177246615e-22,-9.4039548065783001e-38,0.24615384615384622,-1
2131,0.796875,0.5,0,0.00024414062499999989,2.9689165440716766e-21,7.354024270878009e-20,3.8618253914948897e-20,3.8618253914948897e-20,2.4760813592389754e-42,1.5475508495243596e-41,1.7229327676930757e-23,-8.5258761703689391e-24,-8.5258761703689391e-24,0,0.24615384615384622,-1
2132,0.8125,0.5,0,0.00024414062499999989,1.4320003199324711e-23,7.2808325818402152e-22,3.7296409262389769e-22,3.7296409262389769e-22,1.194290659900556e-44,7.4643166243784738e-44,1.7425860717399817e-25,-8.6699015029327073e-26,-8.6699015029327073e-26,0,0.24615384615384622,-1
2133,0.828125,0.5,0,0.00024414062499999989,0,3.4616491870059368e-24,1.7308245935029684e-24,1.7308245935029684e-24,0,0,8.4512919604637092e-28,-4.2256459802318546e-28,-4.2256459802318546e-28,0,0.24615384615384622,-1
2134,0.84375,0.5,0,0.00024414062499999989,0,0,0,0,0,0,0,0,0,0,0.24615384615384622,-1
2135,0.859375,0.5,0,0.00024414062499999989,0,0,0,0,0,0,0,0,0,0,0.24615384615384622,-1
2136,0.875,0.5,0,0.00024414062499999989,0,0,0,0,0,0,0,0,0,0,0.24615384615384622,-1
2137,0.890625,0.5,0,0.00024414062499999989,0,0,0,0,0,0,0,0,0,0,0.24615384615384622,-1
2138,0.90625,0.5,0,0.00024414062499999989,0,0,0,0,0,0,0,0,0,0,0.24615384615384622,-1
2139,0.921875,0.5,0,0.00024414062499999989,0,0,0,0,0,0,0,0,0,0,0.24615384615384622,-1
2140,0.9375,0.5,0,0.00024414062499999989,0,0,0,0,0,0,0,0,0,0,0.24615384615384622,-1
2141,0.953125,0.5,0,0.00024414062499999989,0,0,0,0,0,0,0,0,0,0,0.24615384615384622,-1
2142,0.96875,0.5,0,0.00024414062499999989,0,0,0,0,0,0,0,0,0,0,0.24615384615384622,-1
2143,0.984375,0.5,0,0.00024414062499999989,0,0,0,0,0,0,0,0,0,0,0.24615384615384622,-1
2144,1,0.5,0,0.00012207031249999995,0,0,0,0,-0,0,0,0,0,0,0.49230769230769245,-1
2145,0,0.515625,0,0.00012207031249999995,0,0,0,0,0,0,0,0,0,0,0.16410256410256413,-1
2146,0.015625,0.515625,0,0.00024414062499999989,0,0,0,0,0,0,0,0,0,0,0.24615384615384622,-1
2147,0.03125,0.515625,0,0.00024414062499999989,0,0,0,0,0,0,0,0,0,0,0.24615384615384622,-1
2148,0.046875,0.515625,0,0.00024414062499999989,0,0,0,0,0,0,0,0,0,0,0.24615384615384622,-1
2149,0.0625,0.515625,0,0.00024414062499999989,0,0,0,0,0,0,0,0,0,0,0.24615384615384622,-1
2150,0.078125,0.515625,0,0.00024414062499999989,0,0,0,0,0,0,0,0,0,0,0.24615384615384622,-1
2151,0.09375,0.515625,0,0.00024414062499999989,0,0,0,0,0,0,0,0,0,0,0.24615384615384622,-1
2152,0.109375,0.515625,0,0.00024414062499999989,0,0,0,0,0,0,0,0,0,0,0.24615384615384622,-1
2153,0.125,0.515625,0,0.00024414062499999989,0,0,0,0,0,0,0,0,0,0,0.24615384615384622,-1
2154,0.140625,0.515625,0,0.00024414062499999989,0,0,2.7099943589639608e-55,0,0,0,0,6.6161971654393549e-59,0,0,0.24615384615384622,-1
2155,0.15625,0.515625,0,0.00024414062499999989,0,0,4.1295850768249336e-53,0,0,0,0,1.0081994816467119e-56,0,0,0.24615384615384622,-1
2156,0.171875,0.515625,0,0.00024414062499999989,-3.3565409217754359e-52,-3.361960910493364e-52,-1.0960533416674985e-35,-3.361960910493364e-52,-2.799360738019558e-73,-1.7496004612622237e-72,-1.3232394330878687e-58,-2.675911478680415e-39,0,-2.7768390925308473e-72,0.24615384615384622,-1
2157,0.1875,0.515625,0,0.00024414062499999989,8.8961505669600851e-35,6.7063288889391407e-35,5.6858167270153292e-35,6.7063288889391407e-35,7.4194044395817524e-56,4.6371277747385951e-55,-5.3462443311058182e-39,-2.4914847703218041e-39,-2.0721447285158142e-55,-1.3050608935997049e-54,0.24615384615384622,-1
2158,0.203125,0.515625,0,0.00024414062499999989,2.5633879160411094e-34,2.6344501271140526e-34,7.376660826680788e-19,2.7551631801552793e-34,2.1378698057652777e-55,1.3361686286032983e-54,1.7349172625230217e-39,1.8009425846388628e-22,2.9470960215143232e-39,1.9575913403995574e-54,0.24615384615384622,-1
2159,0.21875,0.515625,0,0.00024414062499999989,-6.4746520320389164e-18,-4.8808915318447219e-18,-1.7066035521992724e-18,-9.0972330210217554e-19,-5.3998706147879074e-39,-3.3749191342424422e-38,3.891016846177231e-22,7.7497265128062693e-22,9.6952349358948848e-22,0,0.24615384615384622,-1
2160,0.234375,0.515625,0,0.00024414062499999989,-3.9064387438938208e-17,-3.0923870388535725e-17,-3.4783475343797272e-17,-3.4493891567333711e-17,-3.2579764406240202e-38,-2.0362352753900126e-37,1.9874309205084173e-21,-9.4228636603065129e-22,-8.7158720185497626e-22,5.64237288394698e-37,0.24615384615384622,-1
2161,0.25,0.515625,0,0.00024414062499999989,-4.0501615825305069e-17,-4.2565057811545802e-17,-0.028376438250922242,-4.2565057811545802e-17,-3.377841528228388e-38,-2.1111509551427425e-37,-5.0377001617205335e-22,-6.9278413698540494e-06,5.9925543185146189e-56,-1.88079096131566e-37,0.24615384615384622,1201
2162,0.265625,0.515625,0,0.00024414062499999989,0.23492188472016517,0.17709495925058602,0.1459084167805364,0.11699495404574682,1.9592524444460949e-22,1.2245327777788091e-21,-1.4117901725971463e-05,-7.6139019702269585e-06,-1.4672852833212688e-05,-3.3881317890172014e-21,0.24615384615384622,1201
2163,0.28125,0.515625,0,0.00024414062499999989,0.72791634883558909,0.60548981639328847,0.64358798698295661,0.64358798698295661,6.0708345138097081e-22,3.7942715711310677e-21,-2.9889290147046032e-05,9.3013111791181935e-06,9.3013111791181935e-06,-6.7762635780344027e-21,0.24615384615384622,1201
2164,0.296875,0.515625,0,0.00024414062499999989,0.91788965424016633,0.86997452138338283,0.88654858447247809,0.88654858447247809,7.6552150556088998e-22,4.7845094097555616e-21,-1.169803048261314e-05,4.0464021213611404e-06,4.0464021213611404e-06,-1.5246593050577406e-20,0.24615384615384622,1201
2165,0.3125,0.515625,0,0.00024414062499999989,0.9786115893397036,0.96313218294011671,0.96885656129090714,0.96885656129090714,8.1616370090892235e-22,5.101023130680764e-21,-3.7791519530241437e-06,1.3975533082984531e-06,1.3975533082984531e-06,-1.4399560103323106e-20,0.24615384615384622,1201
2166,0.328125,0.515625,0,0.00024414062499999989,0.99520556949511196,0.99094096626479522,0.99260753940419377,0.99260753940419377,8.3000310808944171e-22,5.1875194255590108e-21,-1.0411628980265487e-06,4.0687820786096442e-07,4.0687820786096442e-07,4.7645603283054394e-21,0.24615384615384622,1201
2167,0.34375,0.515625,0,0.00024414062499999989,0.99905987945701413,0.99805710389537439,0.99846662594333357,0.99846662594333357,8.3321760903877002e-22,5.2076100564923124e-21,-2.4481825235344345e-07,9.998096874004631e-08,9.998096874004631e-08,-2.6416840042493492e-20,0.24615384615384622,1201
2168,0.359375,0.515625,0,0.00024414062499999989,0.99983139643047003,0.99962418829020938,0.99971187317062649,0.99971187317062649,8.3386105548394717e-22,5.2116315967746697e-21,-5.0587924868329703e-08,2.1407441508080705e-08,2.1407441508080705e-08,2.2797097681961443e-21,0.24615384615384622,1201
2169,0.375,0.515625,0,0.00024414062499999989,0.99996938211634223,0.99992923600438266,0.9999466103068112,0.9999466103068112,8.3397613577655842e-22,5.2123508486034896e-21,-9.8012968651229617e-09,4.2417730538410947e-09,4.2417730538410947e-09,-1.0873289152009549e-20,0.24615384615384622,1201
2170,0.390625,0.515625,0,0.00024414062499999989,0.99999376782876648,0.99998563786399697,0.99998917723913017,0.99998917723913017,8.3399647350147222e-22,5.2124779593842013e-21,-1.9848546800662898e-09,8.6410525713397542e-10,8.6410525713397542e-10,-1.1630159412495569e-21,0.24615384615384622,1201
2171,0.40625,0.515625,0,0.00024414062499999989,0.99999864661413684,0.99999684055255145,0.99999763071188552,0.99999763071188552,8.3400054241662431e-22,5.2125033901039011e-21,-4.4093300425905927e-10,1.929099936772761e-10,1.929099936772761e-10,-9.9887228844606548e-22,0.24615384615384622,1201
2172,0.421875,0.515625,0,0.00024414062499999989,0.99999971248127895,0.99999930039670204,0.99999948193393395,0.99999948193393395,8.3400143135160198e-22,5.2125089459475122e-21,-1.0060658615705209e-10,4.4320613265718395e-11,4.4320613265718395e-11,-1.3300540799621304e-20,0.24615384615384622,1201
2173,0.4375,0.515625,0,0.00024414062499999989,0.99999994049230134,0.99999984774213191,0.99999988852157562,0.99999988852157562,8.3400162151317569e-22,5.212510134457348e-21,-2.2644084336084715e-11,9.9559188823338827e-12,9.9559188823338827e-12,-1.1997453453863256e-20,0.24615384615384622,1201
2174,0.453125,0.515625,0,0.00024414062499999989,0.99999998940659274,0.99999997025047471,0.99999997866765755,0.99999997866765755,8.3400166230777643e-22,5.2125103894236029e-21,-4.6767866374020344e-12,2.0549762840679199e-12,2.0549762840679199e-12,-7.4712423110081302e-22,0.24615384615384622,1201
2175,0.46875,0.515625,0,0.00024414062499999989,0.99999999890496949,0.99999999571774845,0.99999999717660049,0.99999999728889677,8.3400167022943859e-22,5.2125104389339903e-21,-7.7813013228211856e-13,3.5616503681075175e-13,3.8358113274777515e-13,-1.0440339870952775e-20,0.24615384615384622,1201
2176,0.484375,0.515625,0,0.00024414062499999989,1,0.99999999971414444,1.0020603134204524,1,8.3400167114269576e-22,5.2125104446418485e-21,-6.9788963900940283e-14,5.0300627595408922e-07,6.9788955430610785e-14,2.4238173763707552e-21,0.24615384615384622,1201
2177,0.5,0.515625,0,0.00024414062499999989,0.99999999994424604,0.99999999995794109,1.0532758939192104,0.99999999999885636,8.3400167109619688e-22,5.2125104443512302e-21,3.3435287280806844e-15,1.3006810049138005e-05,9.9890723463965575e-15,-1.0375609242508922e-20,0.24615384615384622,1201
2178,0.515625,0.515625,0,0.00024414062499999989,0.58218854139116294,0.68091381176811649,0.68073581136050909,0.72358826862208436,4.8554621644035844e-22,3.03466385275224e-21,2.4102849213123389e-05,-4.3457130763526733e-08,1.0418568567863252e-05,1.3552527156068805e-20,0.24615384615384622,1201
2179,0.53125,0.515625,0,0.00024414062499999989,0.18714706101492828,0.28068215035360361,0.25074556317163493,0.25074556317163493,1.5608096163589425e-22,9.7550601022433898e-22,2.2835715170575021e-05,-7.3087371049728232e-06,-7.3087371049728232e-06,6.7762635780344027e-21,0.24615384615384622,1201
2180,0.546875,0.515625,0,0.00024414062499999989,0.051674591683702198,0.083893371280723134,0.072704765073464989,0.072704765073464989,4.3096695819824084e-23,2.6935434887390053e-22,7.8659129875539343e-06,-2.7315933123188801e-06,-2.7315933123188801e-06,-8.4703294725430034e-22,0.24615384615384622,1201
2181,0.5625,0.515625,0,0.00024414062499999989,0.011985924413877507,0.021440596910167479,0.017905638144494519,0.017905638144494519,9.9962809913638776e-24,6.247675619602424e-23,2.3082696524145426e-06,-8.6302704240062465e-07,-8.6302704240062465e-07,2.1175823681357508e-22,0.24615384615384622,1201
2182,0.578125,0.515625,0,0.00024414062499999989,0.0023542945494248665,0.004653108199973088,0.0037461450670740067,0.0037461450670740067,1.9634855885824788e-24,1.2271784928640492e-23,5.6123380140337416e-07,-2.2142654611793969e-07,-2.2142654611793969e-07,-5.2939559203393771e-23,0.24615384615384622,1201
2183,0.59375,0.515625,0,0.00024414062499999989,0.0003936713226594178,0.00086239404170751369,0.00066972117100442326,0.00066972117100442326,3.2832254097890983e-25,2.0520158811181866e-24,1.1443425758010147e-07,-4.7039275073996673e-08,-4.7039275073996673e-08,2.6469779601696886e-23,0.24615384615384622,1201
2184,0.609375,0.515625,0,0.00024414062499999989,5.6239429083184234e-05,0.00013702715087877046,0.00010272752633347711,0.00010272752633347711,4.6903777839486783e-26,2.9314861149679237e-25,1.9723564891500534e-08,-8.3739317737532556e-09,-8.3739317737532556e-09,0,0.24615384615384622,1201
2185,0.625,0.515625,0,0.00024414062499999989,6.8771080028115827e-06,1.8711013968676568e-05,1.3553798093383458e-05,1.3553798093383458e-05,5.7355195669736672e-27,3.5846997293585422e-26,2.8891371986975058e-09,-1.2590859070539814e-09,-1.2590859070539814e-09,-1.0339757656912846e-24,0.24615384615384622,1201
2186,0.640625,0.515625,0,0.00024414062499999989,7.1986731159403711e-07,2.1977482734474907e-06,1.5396493981552081e-06,1.5396493981552081e-06,6.0037054087042663e-28,3.7523158804401667e-27,3.6081078170250317e-10,-1.6066867072565489e-10,-1.6066867072565489e-10,2.5849394142282115e-26,0.24615384615384622,1201
2187,0.65625,0.515625,0,0.00024414062499999989,6.4388450345390534e-08,2.2189135567368482e-07,1.5047361165943828e-07,1.5047361165943828e-07,5.3700075190344195e-29,3.3562546993965122e-28,3.8452857746165582e-11,-1.7435972659728155e-11,-1.7435972659728155e-11,0,0.24615384615384622,1201
2188,0.671875,0.515625,0,0.00024414062499999989,4.9026887250737396e-09,1.9210769239314999e-08,1.2622037790975712e-08,1.2622037790975712e-08,4.0888505898039515e-30,2.5555316186274697e-29,3.4931837192971806e-12,-1.6085770137547083e-12,-1.6085770137547083e-12,8.0779356694631609e-28,0.24615384615384622,1201
2189,0.6875,0.515625,0,0.00024414062499999989,3.1585638191606368e-10,1.4201545192777979e-09,9.048205435225015e-10,9.048205435225015e-10,2.6342475035908269e-31,1.6464046897442664e-30,2.6960403744182951e-13,-1.2581395892463286e-13,-1.2581395892463286e-13,0,0.24615384615384622,-1
2190,0.703125,0.515625,0,0.00024414062499999989,1.7064719323225174e-11,8.9062241637589248e-11,5.5071563606933287e-11,5.5071563606933287e-11,1.4232004433150847e-32,8.8950027707192799e-32,1.7577520096280282e-14,-8.2985053785781122e-15,-8.2985053785781122e-15,1.5777218104420236e-30,0.24615384615384622,-1
2191,0.71875,0.515625,0,0.00024414062499999989,7.6343951376307496e-13,4.6945933308801967e-12,2.8196215077609132e-12,2.8196215077609132e-12,6.3670983029477158e-34,3.979436439342322e-33,9.5975434988210934e-16,-4.5775679275373115e-16,-4.5775679275373115e-16,9.8607613152626476e-32,0.24615384615384622,-1
2192,0.734375,0.515625,0,0.00024414062499999989,2.7782627660207997e-14,2.0532386890099312e-13,1.1987574907579733e-13,1.1987574907579733e-13,2.3170757897348756e-35,1.4481723685842972e-34,4.3345029599801032e-17,-2.0861357379198183e-17,-2.0861357379198183e-17,6.1629758220391547e-33,0.24615384615384622,-1
2193,0.75,0.515625,0,0.00024414062499999989,8.0160588691034617e-16,7.3176892547967619e-15,4.1561727623984552e-15,4.1561727623984552e-15,6.6854064928105152e-37,4.1783790580065713e-36,1.590840665987894e-18,-7.7185461240192988e-19,-7.7185461240192988e-19,-3.8518598887744717e-34,0.24615384615384622,-1
2194,0.765625,0.515625,0,0.00024414062499999989,1.7644917616000391e-17,2.0710061770667738e-16,1.1451076484444304e-16,1.1451076484444304e-16,1.471589077891952e-38,9.1974317368246994e-38,4.6253833029950417e-20,-2.2604944546443923e-20,-2.2604944546443923e-20,0,0.24615384615384622,-1
2195,0.78125,0.515625,0,0.00024414062499999989,2.7839297464654538e-19,4.4778545459368008e-18,2.4120480653449607e-18,2.4120480653449607e-18,2.3218020608960496e-40,1.4511262880600313e-39,1.0252591726782844e-21,-5.0434728530074204e-22,-5.0434728530074204e-22,1.88079096131566e-37,0.24615384615384622,-1
2196,0.796875,0.515625,0,0.00024414062499999989,2.8041165915806128e-21,6.9483842545445051e-20,3.6487460777258984e-20,3.6487460777258984e-20,2.3386379234571911e-42,1.4616487021607443e-41,1.6279229969205178e-23,-8.0557572676235485e-24,-8.0557572676235485e-24,1.4693679385278594e-39,0.24615384615384622,-1
2197,0.8125,0.515625,0,0.00024414062499999989,1.3548843067985437e-23,6.8910508811796907e-22,3.5299451550903703e-22,3.5299451550903703e-22,1.1299757760749985e-44,7.0623486004687392e-44,1.6493072388915609e-25,-8.2058245265852516e-26,-8.2058245265852516e-26,0,0.24615384615384622,-1
2198,0.828125,0.515625,0,0.00024414062499999989,0,3.2816665890683445e-24,1.6408332945341723e-24,1.6408332945341723e-24,0,0,8.0118813209676344e-28,-4.0059406604838172e-28,-4.0059406604838172e-28,0,0.24615384615384622,-1
2199,0.84375,0.515625,0,0.00024414062499999989,0,0,0,0,0,0,0,0,0,0,0.24615384615384622,-1
2200,0.859375,0.515625,0,0.00024414062499999989,0,0,0,0,0,0,0,0,0,0,0.24615384615384622,-1
2201,0.875,0.515625,0,0.00024414062499999989,0,0,0,0,0,0,0,0,0,0,0.24615384615384622,-1
2202,0.890625,0.515625,0,0.00024414062499999989,0,0,0,0,0,0,0,0,0,0,0.24615384615384622,-1
2203,0.90625,0.515625,0,0.00024414062499999989,0,0,0,0,0,0,0,0,0,0,0.24615384615384622,-1
2204,0.921875,0.515625,0,0.00024414062499999989,0,0,0,0,0,0,0,0,0,0,0.24615384615384622,-1
2205,0.9375,0.515625,0,0.00024414062499999989,0,0,0,0,0,0,0,0,0,0,0.24615384615384622,-1
2206,0.953125,0.515625,0,0.00024414062499999989,0,0,0,0,0,0,0,0,0,0,0.24615384615384622,-1
2207,0.96875,0.515625,0,0.00024414062499999989,0,0,0,0,0,0,0,0,0,0,0.24615384615384622,-1
2208,0.984375,0.515625,0,0.00024414062499999989,0,0,0,0,0,0,0,0,0,0,0.24615384615384622,-1
2209,1,0.515625,0,0.00012207031249999995,0,0,0,0,-0,0,0,0,0,0,0.49230769230769245,-1
2210,0,0.53125,0,0.00012207031249999995,0,0,0,0,0,0,0,0,0,0,0.16410256410256413,-1
2211,0.015625,0.53125,0,0.00024414062499999989,0,0,0,0,0,0,0,0,0,0,0.24615384615384622,-1
2212,0.03125,0.53125,0,0.00024414062499999989,0,0,0,0,0,0,0,0,0,0,0.24615384615384622,-1
2213,0.046875,0.53125,0,0.00024414062499999989,0,0,0,0,0,0,0,0,0,0,0.24615384615384622,-1
2214,0.0625,0.53125,0,0.00024414062499999989,0,0,0,0,0,0,0,0,0,0,0.24615384615384622,-1
2215,0.078125,0.53125,0,0.00024414062499999989,0,0,0,0,0,0,0,0,0,0,0.24615384615384622,-1
2216,0.09375,0.53125,0,0.00024414062499999989,0,0,0,0,0,0,0,0,0,0,0.24615384615384622,-1
2217,0.109375,0.53125,0,0.00024414062499999989,0,0,0,0,0,0,0,0,0,0,0.24615384615384622,-1
2218,0.125,0.53125,0,0.00024414062499999989,0,0,0,0,0,0,0,0,0,0,0.24615384615384622,-1
2219,0.140625,0.53125,0,0.00024414062499999989,0,0,1.6558624234374863e-56,0,0,0,0,4.0426328697204239e-60,0,0,0.24615384615384622,-1
2220,0.15625,0.53125,0,0.00024414062499999989,0,0,4.1220310508067722e-53,0,0,0,0,1.0063552370133717e-56,0,0,0.24615384615384622,-1
2221,0.171875,0.53125,0,0.00024414062499999989,-3.3493511408230826e-52,-3.34968231330777e-52,-1.0891948684685488e-35,-3.3565409217754359e-52,-2.7933644486901454e-73,-1.745852780431341e-72,-8.0852657394405072e-60,-2.6591671593470417e-39,-1.6744649579262404e-58,4.103354582593354e-72,0.24615384615384622,-1
2222,0.1875,0.53125,0,0.00024414062499999989,8.920666170165127e-35,6.7248098821244802e-35,5.5123004589634931e-35,6.7248098821244802e-35,7.4398504936238276e-56,4.6499065585148922e-55,-5.3609772657242327e-39,-2.9602280838891273e-39,-3.3056618819447973e-56,-6.5253044679985245e-55,0.24615384615384622,-1
2223,0.203125,0.53125,0,0.00024414062499999989,2.7551631801552793e-34,2.9730021538489888e-34,9.5220844756597247e-19,3.0317422054457371e-34,2.2978106965203273e-55,1.4361316853252043e-54,5.3183343186940835e-39,2.3247276551903606e-22,1.4340832909362372e-39,-6.5253044679985245e-54,0.24615384615384622,-1
2224,0.21875,0.53125,0,0.00024414062499999989,-8.1187861240586058e-18,-6.1203156935211038e-18,-3.2411538591594998e-18,-2.241918643890748e-18,-6.7710811951150071e-39,-4.2319257469468798e-38,4.8790781995544491e-22,7.0292036971718819e-22,9.4687427969491069e-22,-1.88079096131566e-37,0.24615384615384622,-1
2225,0.234375,0.53125,0,0.00024414062499999989,-3.9662820505677797e-17,-3.1804081584027508e-17,-3.5496812701312069e-17,-3.5733451044852652e-17,-3.3078858583968061e-38,-2.067428661498004e-37,1.9186374320435254e-21,-9.0154568293080149e-22,-9.593187160217627e-22,1.128474576789396e-36,0.24615384615384622,-1
2226,0.25,0.53125,0,0.00024414062499999989,-4.1415211589523191e-17,-4.1829657402523207e-17,-0.024472045801889712,-4.3350580098272038e-17,-3.4540355676390682e-38,-2.1587722297744176e-37,-1.0118305981445723e-22,-5.9746205571019678e-06,-3.7131901751680418e-22,3.76158192263132e-37,0.24615384615384622,1201
2227,0.265625,0.53125,0,0.00024414062499999989,0.21410299080657486,0.1614007161464949,0.12981809978832687,0.10346696245828689,1.7856225212933269e-22,1.1160140758083291e-21,-1.2866766274433583e-05,-7.7105996968183601e-06,-1.4143982834035152e-05,3.3881317890172014e-21,0.24615384615384622,1201
2228,0.28125,0.53125,0,0.00024414062499999989,0.69573654498948068,0.57342241013431083,0.60972598830101943,0.60972598830101943,5.8024544119627227e-22,3.6265340074767015e-21,-2.9861849329875416e-05,8.8631782633565837e-06,8.8631782633565837e-06,-2.0328790734103208e-20,0.24615384615384622,1201
2229,0.296875,0.53125,0,0.00024414062499999989,0.9011956705210078,0.84793267212156331,0.86592377355966121,0.86592377355966121,7.5159869524108278e-22,4.6974918452567673e-21,-1.3003661718614359e-05,4.3923587495356143e-06,4.3923587495356143e-06,-1.3552527156068805e-20,0.24615384615384622,1201
2230,0.3125,0.53125,0,0.00024414062499999989,0.97263167221691171,0.95417985019037366,0.96091645267862824,0.96091645267862824,8.1117644003521908e-22,5.0698527502201186e-21,-4.5048393619477744e-06,1.6446783418590405e-06,1.6446783418590405e-06,-8.8938459461701536e-21,0.24615384615384622,1201
2231,0.328125,0.53125,0,0.00024414062499999989,0.99340186324895619,0.98798574979301756,0.99009641915513247,0.99009641915513247,8.2849881406589724e-22,5.1781175879118573e-21,-1.3222933242037614e-06,5.153001372350827e-07,5.153001372350827e-07,-7.9409338805090657e-21,0.24615384615384622,1201
2232,0.34375,0.53125,0,0.00024414062499999989,0.99851275985330201,0.99712064763898856,0.99768997775580148,0.99768997775580148,8.3276131037495917e-22,5.2047581898434946e-21,-3.3987114607261281e-07,1.3899661055003307e-07,1.3899661055003307e-07,-1.6437733132653766e-20,0.24615384615384622,1201
2233,0.359375,0.53125,0,0.00024414062499999989,0.99964757051308761,0.99930494037977957,0.99944831325372319,0.99944831325372319,8.3370774436165092e-22,5.2106734022603178e-21,-8.3649934889670478e-08,3.5003143052641253e-08,3.5003143052641253e-08,4.8704394467122269e-21,0.24615384615384622,1201
2234,0.375,0.53125,0,0.00024414062499999989,0.99990751116381138,0.99981763974498883,0.99985523611104454,0.99985523611104454,8.3392453529875241e-22,5.2120283456172026e-21,-2.1941264360964284e-08,9.1788003065706098e-09,9.1788003065706098e-09,-1.5923226791645783e-20,0.24615384615384622,1201
2235,0.390625,0.53125,0,0.00024414062499999989,0.99997596978732983,0.99995101742832182,0.99996156319462626,0.99996156319462626,8.3398162990517098e-22,5.2123851869073184e-21,-6.091884523432085e-09,2.5746499766717556e-09,2.5746499766717556e-09,-1.7016759561440885e-20,0.24615384615384622,1201
2236,0.40625,0.53125,0,0.00024414062499999989,0.99999420811892104,0.99998754601668205,0.99999039775236231,0.99999039775236231,8.3399684070419698e-22,5.2124802544012305e-21,-1.6264898044449425e-09,6.9622453132606246e-10,6.9622453132606246e-10,-1.2361697266722153e-20,0.24615384615384622,1201
2237,0.421875,0.53125,0,0.00024414062499999989,0.99999864211959966,0.99999692206420931,0.99999765615754765,0.99999765615754765,8.3400053866817275e-22,5.212503366676079e-21,-4.1993539804283347e-10,1.7922200642242921e-10,1.7922200642242921e-10,1.2180079423478479e-20,0.24615384615384622,1201
2238,0.4375,0.53125,0,0.00024414062499999989,0.99999972874353615,0.99999932845143236,0.99999950008698602,0.99999950008698602,8.340014449143517e-22,5.2125090307146976e-21,-9.7727564406978546e-11,4.1903211337266943e-11,4.1903211337266943e-11,2.4846760766988347e-21,0.24615384615384622,1201
2239,0.453125,0.53125,0,0.00024414062499999989,0.99999996207843822,0.99999988903420711,0.99999992107726776,0.99999992185501163,8.3400163951604997e-22,5.2125102469753121e-21,-1.7833064233681718e-11,7.8230128571691366e-12,8.0128917324551393e-12,-1.2020087829609091e-20,0.24615384615384622,1201
2240,0.46875,0.53125,0,0.00024414062499999989,0.99999999797989625,0.99999998872732732,0.99999999310595178,0.99999999335361178,8.3400166945792582e-22,5.2125104341120365e-21,-2.2589279706893223e-12,1.06900010734015e-12,1.1294639910987543e-12,-7.5654401285916988e-21,0.24615384615384622,1201
2241,0.484375,0.53125,0,0.00024414062499999989,0.99999999999929412,0.99999999962303932,1.0140600606879029,1,8.3400167114210717e-22,5.212510444638169e-21,-9.1859079885811198e-14,3.4326320959139698e-06,9.2031416598857241e-14,-8.8242415931328385e-21,0.24615384615384622,1201
2242,0.5,0.53125,0,0.00024414062499999989,0.89955971400823376,0.92428347671196309,0.97167290304287246,0.98403478388114529,7.5023430477551252e-22,4.6889644048469521e-21,6.0360748788401799e-06,1.1569684162819677e-05,1.4587721476851126e-05,-3.0493186101154812e-20,0.24615384615384622,1201
2243,0.515625,0.53125,0,0.00024414062499999989,0.40746602928581427,0.52520042340027528,0.49967270015841475,0.5118272431366846,3.3982734935824769e-22,2.1239209334890481e-21,2.8743748563100827e-05,-6.2323543070948526e-06,-3.2649365877907007e-06,-3.3881317890172014e-21,0.24615384615384622,1201
2244,0.53125,0.53125,0,0.00024414062499999989,0.1359019392071053,0.20437662225414255,0.18218092846098977,0.18218092846098977,1.1334244441025888e-22,7.0839027756411785e-22,1.671745191578057e-05,-5.4188705549689375e-06,-5.4188705549689375e-06,-1.6940658945086007e-21,0.24615384615384622,1201
2245,0.546875,0.53125,0,0.00024414062499999989,0.038046825095170191,0.062301835419050274,0.053760339017846187,0.053760339017846187,3.1731115711045794e-23,1.9831947319403621e-22,5.9216333798535325e-06,-2.085326269825216e-06,-2.085326269825216e-06,1.6940658945086007e-21,0.24615384615384622,1201
2246,0.5625,0.53125,0,0.00024414062499999989,0.0089327435723476518,0.016103403960171694,0.013400083300128277,0.013400083300128277,7.4499230672271166e-24,4.6562019170169469e-23,1.7506495087461029e-06,-6.5999039551841235e-07,-6.5999039551841235e-07,6.3527471044072525e-22,0.24615384615384622,1201
2247,0.578125,0.53125,0,0.00024414062499999989,0.0017744696605999242,0.0035310319384068548,0.0028344577647985989,0.0028344577647985989,1.4799106623323492e-24,9.2494416395771811e-24,4.2884821235520745e-07,-1.7006205410357806e-07,-1.7006205410357806e-07,5.2939559203393771e-23,0.24615384615384622,1201
2248,0.59375,0.53125,0,0.00024414062499999989,0.00029990841135639045,0.00066089492170934305,0.00051202395056923716,0.00051202395056923716,2.5012411626098068e-25,1.5632757266311293e-24,8.8131472254138764e-08,-3.6345451938502388e-08,-3.6345451938502388e-08,6.6174449004242214e-24,0.24615384615384622,1201
2249,0.609375,0.53125,0,0.00024414062499999989,4.3286562733533828e-05,0.00010601001007945743,7.9323212150706873e-05,7.9323212150706873e-05,3.6101065657790353e-26,2.256316603611897e-25,1.5313341637188375e-08,-6.5153315255738666e-09,-6.5153315255738666e-09,1.6543612251060553e-24,0.24615384615384622,1201
2250,0.625,0.53125,0,0.00024414062499999989,5.3455032100277567e-06,1.4608727911776204e-05,1.0566106799570662e-05,1.0566106799570662e-05,4.4581586102617935e-27,2.7863491314136209e-26,2.2615294682003036e-09,-9.869680449720558e-10,-9.869680449720558e-10,0,0.24615384615384622,1201
2251,0.640625,0.53125,0,0.00024414062499999989,5.6482794049760158e-07,1.7310957857455945e-06,1.2112625437451873e-06,1.2112625437451873e-06,4.7106744628308688e-28,2.9441715392692926e-27,2.8473336065624812e-10,-1.2691241259775558e-10,-1.2691241259775558e-10,0,0.24615384615384622,1201
2252,0.65625,0.53125,0,0.00024414062499999989,5.0975362454924595e-08,1.7626127836625619e-07,1.1941499912045294e-07,1.1941499912045294e-07,4.251353747451175e-29,2.6570960921569839e-28,3.0587381814289928e-11,-1.3878486143994927e-11,-1.3878486143994927e-11,0,0.24615384615384622,1201
2253,0.671875,0.53125,0,0.00024414062499999989,3.9145552841513828e-09,1.5384181166437682e-08,1.0100174750332963e-08,1.0100174750332963e-08,3.2647456487627233e-30,2.0404660304767022e-29,2.8002016314175526e-12,-1.2900406289318154e-12,-1.2900406289318154e-12,-4.0389678347315804e-28,0.24615384615384622,1201
2254,0.6875,0.53125,0,0.00024414062499999989,2.5423973135503339e-10,1.1460817512778187e-09,7.2976526528034056e-10,7.2976526528034056e-10,2.1203636082096789e-31,1.3252272551310493e-30,2.1773486814521115e-13,-1.01639767089228e-13,-1.01639767089228e-13,0,0.24615384615384622,-1
2255,0.703125,0.53125,0,0.00024414062499999989,1.3841206661416244e-11,7.2403929505158273e-11,4.4750112586547931e-11,4.4750112586547931e-11,1.1543589486252561e-32,7.2147434289078498e-32,1.4297539756772951e-14,-6.7514201461451006e-15,-6.7514201461451006e-15,0,0.24615384615384622,-1
2256,0.71875,0.53125,0,0.00024414062499999989,6.2372521219663189e-13,3.8432326426045189e-12,2.3074610243833031e-12,2.3074610243833031e-12,5.2018786930582348e-34,3.2511741831613966e-33,7.8601255625192527e-16,-3.7494424272978888e-16,-3.7494424272978888e-16,-4.9303806576313238e-32,0.24615384615384622,-1
2257,0.734375,0.53125,0,0.00024414062499999989,2.2854269752682302e-14,1.6920585194852452e-13,9.8762047195936847e-14,9.8762047195936847e-14,1.9060499166483005e-35,1.1912811979051877e-34,3.5730366747031778e-17,-1.719819451967472e-17,-1.719819451967472e-17,0,0.24615384615384622,-1
2258,0.75,0.53125,0,0.00024414062499999989,6.6369880043656138e-16,6.068492747891309e-15,3.4459912583741928e-15,3.4459912583741928e-15,5.5352590869949483e-37,3.4595369293718424e-36,1.3195297723278188e-18,-6.4025915271413941e-19,-6.4025915271413941e-19,-1.9259299443872359e-34,0.24615384615384622,-1
2259,0.765625,0.53125,0,0.00024414062499999989,1.4699271855509123e-17,1.7277469954594504e-16,9.5517711915195584e-17,9.5517711915195584e-17,1.2259217292075403e-38,7.6620108075471274e-38,3.8592633713485312e-20,-1.8861569245788431e-20,-1.8861569245788431e-20,0,0.24615384615384622,-1
2260,0.78125,0.53125,0,0.00024414062499999989,2.3327021477972131e-19,3.7568938488557376e-18,2.0235044128390792e-18,2.0235044128390792e-18,1.9454774895410317e-40,1.2159234309631447e-39,8.6025967628808952e-22,-4.2319078027750426e-22,-4.2319078027750426e-22,0,0.24615384615384622,-1
2261,0.796875,0.53125,0,0.00024414062499999989,2.3625936211071328e-21,5.8610906071940161e-20,3.077613267499997e-20,3.077613267499997e-20,1.9704070282344219e-42,1.2315043926465135e-41,1.3732498156941651e-23,-6.7955989738623483e-24,-6.7955989738623483e-24,0,0.24615384615384622,-1
2262,0.8125,0.53125,0,0.00024414062499999989,1.1475247637274434e-23,5.8424908975813955e-22,2.9927450686844848e-22,2.9927450686844848e-22,9.5703757062631493e-45,5.9814848164144678e-44,1.3983736379903927e-25,-6.9573872775803449e-26,-6.9573872775803449e-26,0,0.24615384615384622,-1
2263,0.828125,0.53125,0,0.00024414062499999989,0,2.7958497814321064e-24,1.3979248907160532e-24,1.3979248907160532e-24,0,0,6.8258051304494757e-28,-3.4129025652247379e-28,-3.4129025652247379e-28,0,0.24615384615384622,-1
2264,0.84375,0.53125,0,0.00024414062499999989,0,0,0,0,0,0,0,0,0,0,0.24615384615384622,-1
2265,0.859375,0.53125,0,0.00024414062499999989,0,0,0,0,0,0,0,0,0,0,0.24615384615384622,-1
2266,0.875,0.53125,0,0.00024414062499999989,0,0,0,0,0,0,0,0,0,0,0.24615384615384622,-1
2267,0.890625,0.53125,0,0.00024414062499999989,0,0,0,0,0,0,0,0,0,0,0.24615384615384622,-1
2268,0.90625,0.53125,0,0.00024414062499999989,0,0,0,0,0,0,0,0,0,0,0.24615384615384622,-1
2269,0.921875,0.53125,0,0.00024414062499999989,0,0,0,0,0,0,0,0,0,0,0.24615384615384622,-1
2270,0.9375,0.53125,0,0.00024414062499999989,0,0,0,0,0,0,0,0,0,0,0.24615384615384622,-1
2271,0.953125,0.53125,0,0.00024414062499999989,0,0,0,0,0,0,0,0,0,0,0.24615384615384622,-1
2272,0.96875,0.53125,0,0.00024414062499999989,0,0,0,0,0,0,0,0,0,0,0.24615384615384622,-1
2273,0.984375,0.53125,0,0.00024414062499999989,0,0,0,0,0,0,0,0,0,0,0.24615384615384622,-1
2274,1,0.53125,0,0.00012207031249999995,0,0,0,0,-0,0,0,0,0,0,0.49230769230769245,-1
2275,0,0.546875,0,0.00012207031249999995,0,0,0,0,0,0,0,0,0,0,0.16410256410256413,-1
2276,0.015625,0.546875,0,0.00024414062499999989,0,0,0,0,0,0,0,0,0,0,0.24615384615384622,-1
2277,0.03125,0.546875,0,0.00024414062499999989,0,0,0,0,0,0,0,0,0,0,0.24615384615384622,-1
2278,0.046875,0.546875,0,0.00024414062499999989,0,0,0,0,0,0,0,0,0,0,0.24615384615384622,-1
2279,0.0625,0.546875,0,0.00024414062499999989,0,0,0,0,0,0,0,0,0,0,0.24615384615384622,-1
2280,0.078125,0.546875,0,0.00024414062499999989,0,0,0,0,0,0,0,0,0,0,0.24615384615384622,-1
2281,0.09375,0.546875,0,0.00024414062499999989,0,0,0,0,0,0,0,0,0,0,0.24615384615384622,-1
2282,0.109375,0.546875,0,0.00024414062499999989,0,0,0,0,0,0,0,0,0,0,0.24615384615384622,-1
2283,0.125,0.546875,0,0.00024414062499999989,0,0,0,0,0,0,0,0,0,0,0.24615384615384622,-1
2284,0.140625,0.546875,0,0.00024414062499999989,0,0,1.2188915076135588e-54,0,0,0,0,2.9758093447596636e-58,0,0,0.24615384615384622,-1
2285,0.15625,0.546875,0,0.00024414062499999989,-8.0723293142577452e-55,-6.0852944061327745e-55,3.5336894331420344e-53,-6.0852944061327738e-55,-6.7323361381051314e-76,-4.2077100863157065e-75,4.8511594436644783e-59,8.7757382255941428e-57,1.3558544884216827e-74,0,0.24615384615384622,-1
2286,0.171875,0.546875,0,0.00024414062499999989,-3.3409558876152446e-52,-3.3653337177675154e-52,-1.0424901722486488e-35,-3.3653337177675154e-52,-2.7863627934851424e-73,-1.741476745928214e-72,-5.9516186895193293e-58,-2.5451420220914267e-39,4.4089091003734735e-95,9.1971740644333797e-72,0.24615384615384622,-1
2287,0.1875,0.546875,0,0.00024414062499999989,8.5194345902211564e-35,6.422342998782102e-35,4.9015278862019747e-35,6.422342998782102e-35,7.1052226854353323e-56,4.4407641783970827e-55,-5.1198525181617512e-39,-3.7129275209475738e-39,-1.9311631065029277e-55,-1.3050608935997049e-54,0.24615384615384622,-1
2288,0.203125,0.546875,0,0.00024414062499999989,3.0317422054457371e-34,3.0920917826349104e-34,8.3771936231110971e-19,3.0920917826349104e-34,2.5284780658155869e-55,1.5802987911347417e-54,1.4733783493450455e-39,2.045213286892356e-22,0,1.3050608935997049e-54,0.24615384615384622,-1
2289,0.21875,0.546875,0,0.00024414062499999989,-7.4703652905677933e-18,-5.6315061421203362e-18,-2.6614172196724755e-18,-1.7419876454487466e-18,-6.2302971363799304e-39,-3.8939357102374557e-38,4.4894022178892978e-22,7.2511936583199694e-22,9.4958947672646192e-22,0,0.24615384615384622,-1
2290,0.234375,0.546875,0,0.00024414062499999989,-4.0068903452182067e-17,-3.1881227480882542e-17,-3.5577147547964831e-17,-3.5650242496328811e-17,-3.3417532439975181e-38,-2.0885957774984486e-37,1.9989443289305465e-21,-9.0232423512751128e-22,-9.2016968150543576e-22,3.76158192263132e-37,0.24615384615384622,-1
2291,0.25,0.546875,0,0.00024414062499999989,-4.3350580098272038e-17,-4.1048530581602484e-17,-0.012734698059265713,-4.4994387260645307e-17,-3.6154456246964166e-38,-2.2596535154352604e-37,5.6202380778065304e-22,-3.1090571433754068e-06,-9.6334391578193895e-22,-9.4039548065783001e-38,0.24615384615384622,1201
2292,0.265625,0.546875,0,0.00024414062499999989,0.10167838489565659,0.076649859382879562,0.029173196394096185,0.016658933637707672,8.479994292206783e-23,5.2999964326292392e-22,-6.110479861517825e-06,-1.1590982174995937e-05,-1.4646222105754849e-05,0,0.24615384615384622,1201
2293,0.28125,0.546875,0,0.00024414062499999989,0.59802590834607749,0.4762889270255744,0.50505759521001525,0.4927903970900957,4.9875460694725726e-22,3.1172162934203575e-21,-2.9720942705200946e-05,7.0236006309670024e-06,4.0286792149710236e-06,0,0.24615384615384622,1201
2294,0.296875,0.546875,0,0.00024414062499999989,0.86335453508040627,0.79584687267911935,0.8182124410452809,0.8182124410452809,7.2003912504568403e-22,4.5002445315355254e-21,-1.6481362890939185e-05,5.4603438393948964e-06,5.4603438393948964e-06,8.4703294725430034e-21,0.24615384615384622,1201
2295,0.3125,0.546875,0,0.00024414062499999989,0.95925513579788202,0.93453681706905922,0.94357380427769655,0.94357380427769655,8.0002038630764717e-22,5.0001274144227948e-21,-6.0347457834039997e-06,2.206295705233712e-06,2.206295705233712e-06,2.541098841762901e-21,0.24615384615384622,1201
2296,0.328125,0.546875,0,0.00024414062499999989,0.98833080140498675,0.98034393844020784,0.98346321283592553,0.98346321283592553,8.2426954001355878e-22,5.1516846250847417e-21,-1.9499177160104872e-06,7.6154160051702633e-07,7.6154160051702633e-07,-6.7762635780344027e-21,0.24615384615384622,1201
2297,0.34375,0.546875,0,0.00024414062499999989,0.99642289470891821,0.99391825221159602,0.99491560993288175,0.99491560993288175,8.3101835935208015e-22,5.1938647459505012e-21,-6.1148498469780241e-07,2.4349553742326643e-07,2.4349553742326643e-07,4.9763185651190145e-21,0.24615384615384622,1201
2298,0.359375,0.546875,0,0.00024414062499999989,0.99883277266624959,0.99799598622143604,0.99832598951988605,0.99832598951988605,8.3302820159574454e-22,5.2064262599734031e-21,-2.0429356562830718e-07,8.0567211535643764e-08,8.0567211535643764e-08,-4.4469229730850768e-21,0.24615384615384622,1201
2299,0.375,0.546875,0,0.00024414062499999989,0.99964817820157181,0.99936418931966942,0.99947889075545315,0.99947889075545315,8.3370825117486234e-22,5.2106765698428886e-21,-6.9333223120695675e-08,2.8003280220644111e-08,2.8003280220644111e-08,-1.7939893125050064e-20,0.24615384615384622,1201
2300,0.390625,0.546875,0,0.00024414062499999989,0.99990521299336466,0.9998180075299884,0.9998541009362103,0.9998541009362103,8.3392261862075928e-22,5.2120163663797456e-21,-2.1290396332105109e-08,8.8118667533977894e-09,8.8118667533977894e-09,9.3140536973470916e-22,0.24615384615384622,1201
2301,0.40625,0.546875,0,0.00024414062499999989,0.99997444727763563,0.9999487209000163,0.99995923023087085,0.99995923023087085,8.3398036012954164e-22,5.2123772508096351e-21,-6.2808539109671509e-09,2.5657546031603399e-09,2.5657546031603399e-09,-4.5408079726098454e-21,0.24615384615384622,1201
2302,0.421875,0.546875,0,0.00024414062499999989,0.9999943343815092,0.99998741545997538,0.99999027935858342,0.99999027935858342,8.3399694600740649e-22,5.2124809125462897e-21,-1.6891898275986036e-09,6.9919399610930168e-10,6.9919399610930168e-10,-4.8294940063908521e-21,0.24615384615384622,1201
2303,0.4375,0.546875,0,0.00024414062499999989,0.99999913655105088,0.9999977669073512,0.99999835242083635,0.99999835242083635,8.340009510248293e-22,5.2125059439051826e-21,-3.3438566885652461e-10,1.4294762820525655e-10,1.4294762820525655e-10,-1.3291732618567321e-20,0.24615384615384622,1201
2304,0.453125,0.546875,0,0.00024414062499999989,0.99999992462766163,0.999999739691388,0.9999998229243674,0.99999983065379505,8.3400160828203961e-22,5.2125100517627475e-21,-4.5150457442352972e-11,2.0320551603237927e-11,2.2207618906537482e-11,9.9253983311605992e-21,0.24615384615384622,1201
2305,0.46875,0.546875,0,0.00024414062499999989,1,0.9999999860754496,1.0000806280610282,1,8.3400167114269576e-22,5.2125104446418485e-21,-3.3995484378934737e-12,1.9687984760402334e-08,3.3995484378934721e-12,-6.0465105436939867e-21,0.24615384615384622,1201
2306,0.484375,0.546875,0,0.00024414062499999989,0.99999999995562983,0.99999999988367572,1.0353373374008088,0.99999999999999933,8.3400167110569101e-22,5.2125104444105684e-21,-1.7566931389363313e-14,8.6272796672688207e-06,2.839932971078084e-14,-4.9373554107678806e-21,0.24615384615384622,1201
2307,0.5,0.546875,0,0.00024414062499999989,0.71633317627769222,0.78599758591657654,0.80484031593479044,0.83938665711951699,5.9742306611055062e-22,3.7338941631909409e-21,1.7007912509493235e-05,4.6002758833530066e-06,1.3034441211655369e-05,6.7762635780344027e-21,0.24615384615384622,1201
2308,0.515625,0.546875,0,0.00024414062499999989,0.27242937597974476,0.38084900845765057,0.34894520183238814,0.34894520183238814,2.2720655483546892e-22,1.4200409677216807e-21,2.6469636835426214e-05,-7.7890152893707025e-06,-7.7890152893707025e-06,-6.7762635780344027e-21,0.24615384615384622,1201
2309,0.53125,0.546875,0,0.00024414062499999989,0.088742009372248562,0.13587611924289175,0.12013414991628808,0.12013414991628808,7.4010984117016084e-23,4.6256865073135047e-22,1.1507351042637494e-05,-3.8432542301278481e-06,-3.8432542301278481e-06,0,0.24615384615384622,1201
2310,0.546875,0.546875,0,0.00024414062499999989,0.024519416322913927,0.040931387164906664,0.035019068260972605,0.035019068260972605,2.0449234188753709e-23,1.2780771367971067e-22,4.0068288188458798e-06,-1.4434372324057751e-06,-1.4434372324057751e-06,1.2705494208814505e-21,0.24615384615384622,1201
2311,0.5625,0.546875,0,0.00024414062499999989,0.0057461247818753631,0.010525709771300599,0.0086990418787030732,0.0086990418787030732,4.7922776706785106e-24,2.9951735441740695e-23,1.1668908665588947e-06,-4.4596384096619276e-07,-4.4596384096619276e-07,4.2351647362715017e-22,0.24615384615384622,1201
2312,0.578125,0.546875,0,0.00024414062499999989,0.0011463234661669964,0.0023123671352416227,0.0018459445075379084,0.0018459445075379084,9.560356864533625e-25,5.9752230403335161e-24,2.8467863014517227e-07,-1.1387271184172707e-07,-1.1387271184172707e-07,2.6469779601696886e-23,0.24615384615384622,1201
2313,0.59375,0.546875,0,0.00024414062499999989,0.00019529843737311125,0.00043540648717425249,0.00033582712675169147,0.00033582712675169147,1.6287922314073191e-25,1.0179951446295743e-24,5.8620129345981708e-08,-2.4311367290664299e-08,-2.4311367290664299e-08,1.3234889800848443e-23,0.24615384615384622,1201
2314,0.609375,0.546875,0,0.00024414062499999989,2.8478441347965431e-05,7.0441879943914092e-05,5.2521209673408011e-05,5.2521209673408011e-05,2.3751067675742418e-26,1.4844417297339011e-25,1.0244980125964027e-08,-4.3751636402602721e-09,-4.3751636402602721e-09,-2.481541837659083e-24,0.24615384615384622,1201
2315,0.625,0.546875,0,0.00024414062499999989,3.5576255279828187e-06,9.8060348723029372e-06,7.0723006052445549e-06,7.0723006052445549e-06,2.9670656356375866e-27,1.8544160222734913e-26,1.5254905625781531e-09,-6.6741559254355004e-10,-6.6741559254355004e-10,1.0339757656912846e-25,0.24615384615384622,1201
2316,0.640625,0.546875,0,0.00024414062499999989,3.8051730148381148e-07,1.1748313195273961e-06,8.2018487996592005e-07,8.2018487996592005e-07,3.1735206533620777e-28,1.9834504083512985e-27,1.9392432081142194e-10,-8.6583603408563457e-11,-8.6583603408563457e-11,0,0.24615384615384622,1201
2317,0.65625,0.546875,0,0.00024414062499999989,3.476956242054794e-08,1.2099329758636941e-07,8.1825277659242942e-08,8.1825277659242942e-08,2.8997873163637259e-29,1.8123670727273284e-28,2.1050716593218122e-11,-9.5625048650211028e-12,-9.5625048650211028e-12,-1.6155871338926322e-27,0.24615384615384622,1201
2318,0.671875,0.546875,0,0.00024414062499999989,2.7031777620688181e-09,1.0682438526788334e-08,7.0034861201368197e-09,7.0034861201368197e-09,2.2544547709611668e-30,1.4090342318507291e-29,1.9480617101365994e-12,-8.9818173990515426e-13,-8.9818173990515426e-13,2.0194839173657902e-28,0.24615384615384622,1201
2319,0.6875,0.546875,0,0.00024414062499999989,1.776983019485121e-10,8.0492338880441791e-10,5.1197002036817667e-10,5.1197002036817667e-10,1.4820068078427845e-31,9.2625425490174021e-31,1.5313112472068007e-13,-7.1521818465879171e-14,-7.1521818465879171e-14,-2.5243548967072378e-29,0.24615384615384622,-1
2320,0.703125,0.546875,0,0.00024414062499999989,9.7882989204818801e-12,5.1420523048198916e-11,3.1753980390476408e-11,3.1753980390476408e-11,8.1634576573261341e-33,5.1021610358288326e-32,1.0164117218680912e-14,-4.8014020160455317e-15,-4.8014020160455317e-15,0,0.24615384615384622,-1
2321,0.71875,0.546875,0,0.00024414062499999989,4.4610507199014626e-13,2.7590650889413843e-12,1.6554498360199215e-12,1.6554498360199215e-12,3.7205237554501459e-34,2.3253273471563412e-33,5.6468750413848556e-16,-2.694373176077789e-16,-2.694373176077789e-16,4.9303806576313238e-32,0.24615384615384622,-1
2322,0.734375,0.546875,0,0.00024414062499999989,1.6524338600891643e-14,1.2274542340726721e-13,7.1608826266101748e-14,7.1608826266101748e-14,1.3781326007671387e-35,8.6133287547946157e-35,2.5932882032806523e-17,-1.248452078641734e-17,-1.248452078641734e-17,-3.0814879110195774e-33,0.24615384615384622,-1
2323,0.75,0.546875,0,0.00024414062499999989,4.8488309243083735e-16,4.4464954050949063e-15,2.5240302191169129e-15,2.5240302191169129e-15,4.0439330939615659e-37,2.5274581837259786e-36,9.6719050602150063e-19,-4.6935185204540835e-19,-4.6935185204540835e-19,1.9259299443872359e-34,0.24615384615384622,-1
2324,0.765625,0.546875,0,0.00024414062499999989,1.0845942331244332e-17,1.2781514962451119e-16,7.0644028658006186e-17,7.0644028658006186e-17,9.0455340293750786e-39,5.6534587683594242e-38,2.855693537433272e-20,-1.395779320471313e-20,-1.395779320471313e-20,-3.009265538105056e-36,0.24615384615384622,-1
2325,0.78125,0.546875,0,0.00024414062499999989,1.7375434395026695e-19,2.8048814726419565e-18,1.510484472362336e-18,1.510484472362336e-18,1.449114132228254e-40,9.0569633264265871e-40,6.4236502165324429e-22,-3.1601489264639159e-22,-3.1601489264639159e-22,-4.70197740328915e-38,0.24615384615384622,-1
2326,0.796875,0.546875,0,0.00024414062499999989,1.7757228115105881e-21,4.414368155345154e-20,2.3177182479870745e-20,2.3177182479870745e-20,1.4809557922860367e-42,9.2559737017877301e-42,1.0343739927231673e-23,-5.1187741878859342e-24,-5.1187741878859342e-24,0,0.24615384615384622,-1
2327,0.8125,0.546875,0,0.00024414062499999989,8.699004805324421e-24,4.4372962816315294e-22,2.2728496322950939e-22,2.2728496322950939e-22,7.2549845449189089e-45,4.5343653405743179e-44,1.0620864828071981e-25,-5.2842935774815299e-26,-5.2842935774815299e-26,0,0.24615384615384622,-1
2328,0.828125,0.546875,0,0.00024414062499999989,0,2.1404049770799172e-24,1.0702024885399586e-24,1.0702024885399586e-24,0,0,5.2255980885740138e-28,-2.6127990442870069e-28,-2.6127990442870069e-28,0,0.24615384615384622,-1
2329,0.84375,0.546875,0,0.00024414062499999989,0,0,0,0,0,0,0,0,0,0,0.24615384615384622,-1
2330,0.859375,0.546875,0,0.00024414062499999989,0,0,0,0,0,0,0,0,0,0,0.24615384615384622,-1
2331,0.875,0.546875,0,0.00024414062499999989,0,0,0,0,0,0,0,0,0,0,0.24615384615384622,-1
2332,0.890625,0.546875,0,0.00024414062499999989,0,0,0,0,0,0,0,0,0,0,0.24615384615384622,-1
2333,0.90625,0.546875,0,0.00024414062499999989,0,0,0,0,0,0,0,0,0,0,0.24615384615384622,-1
2334,0.921875,0.546875,0,0.00024414062499999989,0,0,0,0,0,0,0,0,0,0,0.24615384615384622,-1
2335,0.9375,0.546875,0,0.00024414062499999989,0,0,0,0,0,0,0,0,0,0,0.24615384615384622,-1
2336,0.953125,0.546875,0,0.00024414062499999989,0,0,0,0,0,0,0,0,0,0,0.24615384615384622,-1
2337,0.96875,0.546875,0,0.00024414062499999989,0,0,0,0,0,0,0,0,0,0,0.24615384615384622,-1
2338,0.984375,0.546875,0,0.00024414062499999989,0,0,0,0,0,0,0,0,0,0,0.24615384615384622,-1
2339,1,0.546875,0,0.00012207031249999995,0,0,0,0,-0,0,0,0,0,0,0.49230769230769245,-1
2340,0,0.5625,0,0.00012207031249999995,0,0,0,0,0,0,0,0,0,0,0.16410256410256413,-1
2341,0.015625,0.5625,0,0.00024414062499999989,0,0,0,0,0,0,0,0,0,0,0.24615384615384622,-1
2342,0.03125,0.5625,0,0.00024414062499999989,0,0,0,0,0,0,0,0,0,0,0.24615384615384622,-1
2343,0.046875,0.5625,0,0.00024414062499999989,0,0,0,0,0,0,0,0,0,0,0.24615384615384622,-1
2344,0.0625,0.5625,0,0.00024414062499999989,0,0,0,0,0,0,0,0,0,0,0.24615384615384622,-1
2345,0.078125,0.5625,0,0.00024414062499999989,0,0,0,0,0,0,0,0,0,0,0.24615384615384622,-1
2346,0.09375,0.5625,0,0.00024414062499999989,0,0,0,0,0,0,0,0,0,0,0.24615384615384622,-1
2347,0.109375,0.5625,0,0.00024414062499999989,0,0,0,0,0,0,0,0,0,0,0.24615384615384622,-1
2348,0.125,0.5625,0,0.00024414062499999989,0,0,0,0,0,0,0,0,0,0,0.24615384615384622,-1
2349,0.140625,0.5625,0,0.00024414062499999989,0,0,5.6444296574682025e-54,0,0,0,0,1.3780345843428223e-57,0,0,0.24615384615384622,-1
2350,0.15625,0.5625,0,0.00024414062499999989,-5.6192029270457894e-53,-4.2360145142345178e-53,-3.9874439105954332e-53,-4.2360145142345178e-53,-4.6864246316461161e-74,-2.9290153947788223e-73,3.3769248359650163e-57,6.0686182529073341e-58,1.3177753793153674e-74,1.131959884853339e-72,0.24615384615384622,-1
2351,0.171875,0.5625,0,0.00024414062499999989,-9.0708734935342395e-53,-1.0199759425027879e-52,-8.2454098540482382e-36,-3.3409558876152446e-52,-7.5651236523315381e-74,-4.7282022827072118e-73,-2.7560691686856452e-57,-2.0130395151484947e-39,-5.6664549441222059e-56,0,0.24615384615384622,-1
2352,0.1875,0.5625,0,0.00024414062499999989,7.822991366071872e-35,5.8973319528849493e-35,4.4505467378730033e-35,5.8973319528849483e-35,6.5243878726388223e-56,4.0777424203992638e-55,-4.7013169267258834e-39,-3.5321904663377582e-39,-2.1767360741303371e-54,-1.3050608935997049e-54,0.24615384615384622,-1
2353,0.203125,0.5625,0,0.00024414062499999989,2.7551631801552793e-34,2.2144452125979032e-34,3.8614670350594886e-19,3.0317422054457371e-34,2.2978106965203273e-55,1.4361316853252043e-54,-1.3201122254818743e-38,9.4274097535631939e-23,1.9953539864449059e-38,-2.6101217871994098e-54,0.24615384615384622,-1
2354,0.21875,0.5625,0,0.00024414062499999989,-2.8385716263367986e-18,-2.1398463029308177e-18,1.2343899325670917e-18,3.8518598887744717e-34,-2.3673734800231299e-39,-1.4796084250144561e-38,1.7058723715966323e-22,8.2378814343210642e-22,5.2242341380146908e-22,0,0.24615384615384622,-1
2355,0.234375,0.5625,0,0.00024414062499999989,-3.4497784141740682e-17,-2.677831529847795e-17,-2.937774963961382e-17,-2.8608091537987574e-17,-2.8771209624931718e-38,-1.7982006015582324e-37,1.8846359480621899e-21,-6.3462752469137464e-22,-4.467227147240285e-22,-5.64237288394698e-37,0.24615384615384622,-1
2356,0.25,0.5625,0,0.00024414062499999989,-4.4994387260645307e-17,-4.2042528735473899e-17,-0.0020857104593981295,-4.5098204633746197e-17,-3.7525394167419812e-38,-2.3453371354637379e-37,7.2066858524692582e-22,-5.0920665512648598e-07,-7.4601462360163486e-22,-8.2284604557560126e-38,0.24615384615384622,1201
2357,0.265625,0.5625,0,0.00024414062499999989,-2.7755575615628914e-17,-2.4890150219080072e-17,-0.05435299926038057,-4.4742458397477119e-17,-2.3148196446961971e-38,-1.4467622779351232e-37,6.9956674720430708e-22,-1.3269775210053838e-05,-4.8467549263664652e-21,0,0.24615384615384622,1201
2358,0.28125,0.5625,0,0.00024414062499999989,0.44678776107727841,0.34098065619243678,0.35243864450817308,0.30661425875665738,3.726217393845537e-22,2.3288858711534604e-21,-2.5831812716025775e-05,2.797360428646556e-06,-8.3902337489695848e-06,0,0.24615384615384622,1201
2359,0.296875,0.5625,0,0.00024414062499999989,0.79840798492960396,0.71058278716000101,0.74029836420645001,0.74029836420645001,6.6587359368496194e-22,4.1617099605310117e-21,-2.1441698674219465e-05,7.2547795523557207e-06,7.2547795523557207e-06,-1.0164395367051604e-20,0.24615384615384622,1201
2360,0.3125,0.5625,0,0.00024414062499999989,0.92565280825499296,0.89066946335692454,0.90340071219867879,0.90340071219867879,7.7199598898259359e-22,4.8249749311412085e-21,-8.5408556880049763e-06,3.1082150492564109e-06,3.1082150492564109e-06,-1.4399560103323106e-20,0.24615384615384622,1201
2361,0.328125,0.5625,0,0.00024414062499999989,0.97076163851237651,0.95673016746101425,0.96187427179835505,0.96187427179835505,8.0961682880054356e-22,5.0601051800033975e-21,-3.425652112148977e-06,1.2558848479836042e-06,1.2558848479836042e-06,-2.7952087259391911e-20,0.24615384615384622,1201
2362,0.34375,0.5625,0,0.00024414062499999989,0.98839562771619349,0.98247208860184243,0.98458883391585295,0.98458883391585295,8.243236052654392e-22,5.1520225329089948e-21,-1.4461765415896079e-06,5.1678352392835607e-07,5.1678352392835607e-07,-1.9905274260476058e-20,0.24615384615384622,1201
2363,0.359375,0.5625,0,0.00024414062499999989,0.99598817903497494,0.99352183143686201,0.99445262405770851,0.99445262405770851,8.3065580575353963e-22,5.1915987859596222e-21,-6.0213564407052888e-07,2.2724429219884373e-07,2.2724429219884373e-07,-7.4644778476785217e-21,0.24615384615384622,1201
2364,0.375,0.5625,0,0.00024414062499999989,0.99880542082029078,0.99793305869638127,0.99828022252071091,0.99828022252071091,8.33005390110506e-22,5.2062836881906624e-21,-2.1297903415758824e-07,8.4756793049232585e-08,8.4756793049232585e-08,-1.5908337540619828e-20,0.24615384615384622,1201
2365,0.390625,0.5625,0,0.00024414062499999989,0.99962278145055417,0.9993328724431394,0.99944315440576781,0.99944315440576781,8.33687070242072e-22,5.2105441890129497e-21,-7.0778566263372813e-08,2.6924307282319455e-08,2.6924307282319455e-08,3.1829909971040505e-21,0.24615384615384622,1201
2366,0.40625,0.5625,0,0.00024414062499999989,0.99990536034720445,0.99981264047736806,0.99984884280672859,0.99984884280672859,8.3392274151410801e-22,5.2120171344631739e-21,-2.2636686971774529e-08,8.838459316545305e-09,8.838459316545305e-09,-1.7155725904349794e-20,0.24615384615384622,1201
2367,0.421875,0.5625,0,0.00024414062499999989,0.99998545459548938,0.99996552628812496,0.99997381928356399,0.99997411731740959,8.3398954025102659e-22,5.2124346265689148e-21,-4.8653094151452405e-09,2.0246570896160674e-09,2.0974192589317368e-09,1.0784367236160098e-20,0.24615384615384622,1201
2368,0.4375,0.5625,0,0.00024414062499999989,0.9999987649965596,0.99999608829398745,0.99999727619094936,0.99999730152414401,8.3400064114776273e-22,5.2125040071735164e-21,-6.5349183891477865e-10,2.9001390671924919e-10,2.961987687039419e-10,-6.6294390193062403e-21,0.24615384615384622,1201
2369,0.453125,0.5625,0,0.00024414062499999989,1,0.99999976190922213,0.99999988542196672,0.99999988542196672,8.3400167114269576e-22,5.2125104446418485e-21,-5.8127631317846031e-11,3.0154478660320958e-11,3.0154478660320958e-11,-5.6034248670107786e-21,0.24615384615384622,1201
2370,0.46875,0.5625,0,0.00024414062499999989,0.99999999999999989,0.99999999690780139,1.0068381131735646,1,8.3400167114269567e-22,5.2125104446418478e-21,-7.5493127374426372e-13,1.6694619789461282e-06,7.5493129862530876e-13,-3.8225028877260088e-21,0.24615384615384622,1201
2371,0.484375,0.5625,0,0.00024414062499999989,0.9960690427921447,0.99703665409321318,1.0560364593581506,0.9999929354361039,8.3072324626215414e-22,5.1920202891384626e-21,2.3623322779990901e-07,1.4404249332260128e-05,7.2174837472918667e-07,4.2351647362715017e-22,0.24615384615384622,1201
2372,0.5,0.5625,0,0.00024414062499999989,0.51241237840842024,0.61875771736086549,0.60566068772079307,0.65337013032724955,4.2735277990682593e-22,2.670954874417662e-21,2.5963217517686821e-05,-3.1975170019708137e-06,8.4502961343711097e-06,-1.3552527156068805e-20,0.24615384615384622,1201
2373,0.515625,0.5625,0,0.00024414062499999989,0.18416245112562632,0.26504915955105662,0.24015020715963811,0.24015020715963811,1.535917920005074e-22,9.5994870000317122e-22,1.974773154917731e-05,-6.0788457986861548e-06,-6.0788457986861548e-06,-1.6940658945086007e-21,0.24615384615384622,1201
2374,0.53125,0.5625,0,0.00024414062499999989,0.056288310514956842,0.088413724477970593,0.077382932270323654,0.077382932270323654,4.6944545035272979e-23,2.9340340647045614e-22,7.8431186433139006e-06,-2.6930645038200518e-06,-2.6930645038200518e-06,-8.4703294725430034e-22,0.24615384615384622,1201
2375,0.546875,0.5625,0,0.00024414062499999989,0.014854642421666371,0.02544160707543246,0.021542585316008868,0.021542585316008868,1.2388796603896934e-23,7.7429978774355855e-23,2.5847081674233603e-06,-9.5190960923427467e-07,-9.5190960923427467e-07,-2.1175823681357508e-22,0.24615384615384622,1201
2376,0.5625,0.5625,0,0.00024414062499999989,0.0033830125308468824,0.0063420255638309891,0.0051935020439124544,0.0051935020439124544,2.8214381042229804e-24,1.7633988151393628e-23,7.2241529125588521e-07,-2.804012499801108e-07,-2.804012499801108e-07,-2.1175823681357508e-22,0.24615384615384622,1201
2377,0.578125,0.5625,0,0.00024414062499999989,0.00066466081287357387,0.001368658227811354,0.0010839960877401834,0.0010839960877401834,5.5432822867962323e-25,3.4645514292476453e-24,1.718743688812939e-07,-6.9497592790813114e-08,-6.9497592790813114e-08,2.6469779601696886e-23,0.24615384615384622,1201
2378,0.59375,0.5625,0,0.00024414062499999989,0.00011262730301520602,0.00025567921210365742,0.00019590471129931556,0.00019590471129931556,9.3931358930976599e-26,5.8707099331860376e-25,3.4924782492297686e-08,-1.4593383985435016e-08,-1.4593383985435016e-08,3.3087224502121107e-24,0.24615384615384622,1201
2379,0.609375,0.5625,0,0.00024414062499999989,1.6450402810304219e-05,4.1336753568901119e-05,3.0653433434447194e-05,3.0653433434447194e-05,1.3719663434764219e-26,8.5747896467276353e-26,6.0757692281730671e-09,-2.6082324547006637e-09,-2.6082324547006637e-09,8.2718061255302767e-25,0.24615384615384622,1201
2380,0.625,0.5625,0,0.00024414062499999989,2.0685026767562146e-06,5.7800691264531279e-06,4.1503391494955781e-06,4.1503391494955781e-06,1.7251346891778225e-27,1.0782091807361391e-26,9.0614415275803504e-10,-3.9788329515565158e-10,-3.9788329515565158e-10,0,0.24615384615384622,1201
2381,0.640625,0.5625,0,0.00024414062499999989,2.234237727573384e-07,6.9804658461829364e-07,4.8560217748788358e-07,4.8560217748788358e-07,1.8633579985262614e-28,1.1645987490789134e-27,1.1587470992699099e-10,-5.1866310334572754e-11,-5.1866310334572754e-11,0,0.24615384615384622,1201
2382,0.65625,0.5625,0,0.00024414062499999989,2.0659935575334748e-08,7.2637806853430007e-08,4.8984900126700677e-08,4.8984900126700677e-08,1.7230420795529612e-29,1.0769012997206008e-28,1.2689909980003723e-11,-5.7746354313304014e-12,-5.7746354313304014e-12,-2.4233807008389483e-27,0.24615384615384622,1201
2383,0.671875,0.5625,0,0.00024414062499999989,1.6275349713771222e-09,6.4895343647093171e-09,4.2451030168883785e-09,4.2451030168883785e-09,1.3573668859716996e-30,8.4835430373231215e-30,1.1870115706377424e-12,-5.4795687202659623e-13,-5.4795687202659623e-13,1.0097419586828951e-28,0.24615384615384622,-1
2384,0.6875,0.5625,0,0.00024414062499999989,1.0848231748691219e-10,4.9524375632056212e-10,3.1444879440743872e-10,3.1444879440743872e-10,9.0474434073517257e-32,5.6546521295948275e-31,9.4424179402746538e-14,-4.4139394998321124e-14,-4.4139394998321124e-14,-1.8932661725304283e-29,0.24615384615384622,-1
2385,0.703125,0.5625,0,0.00024414062499999989,6.060628501783536e-12,3.2056076750011318e-11,1.9768956195666192e-11,1.9768956195666192e-11,5.0545742986625219e-33,3.1591089366640763e-32,6.3465449824774838e-15,-2.9997852915881646e-15,-2.9997852915881646e-15,-3.944304526105059e-31,0.24615384615384622,-1
2386,0.71875,0.5625,0,0.00024414062499999989,2.8013947360353743e-13,1.7430067463993509e-12,1.0447280881319198e-12,1.0447280881319198e-12,2.3363678913838536e-34,1.4602299321149083e-33,3.5714533027241521e-16,-1.7047818805357194e-16,-1.7047818805357194e-16,0,0.24615384615384622,-1
2387,0.734375,0.5625,0,0.00024414062499999989,1.0521974519522801e-14,7.8571826308516343e-14,4.5802618380847334e-14,4.5802618380847334e-14,8.7753443330028804e-36,5.4845902081267992e-35,1.6613733346922245e-17,-8.0002949042160635e-18,-8.0002949042160635e-18,0,0.24615384615384622,-1
2388,0.75,0.5625,0,0.00024414062499999989,3.129689116009356e-16,2.8833830363572981e-15,1.6358062936165217e-15,1.6358062936165217e-15,2.6101659529089093e-37,1.6313537205680684e-36,6.2754251092684605e-19,-3.0458416570819721e-19,-3.0458416570819721e-19,-4.8148248609680896e-35,0.24615384615384622,-1
2389,0.765625,0.5625,0,0.00024414062499999989,7.0932086450750733e-18,8.3935751513297059e-17,4.6373092094273706e-17,4.6373092094273706e-17,5.9157478637564282e-39,3.6973424148477673e-38,1.8760386442436999e-20,-9.1705711472224937e-21,-9.1705711472224937e-21,0,0.24615384615384622,-1
2390,0.78125,0.5625,0,0.00024414062499999989,1.1508574062308519e-19,1.8646189852742858e-18,1.0038680401806972e-18,1.0038680401806972e-18,9.5981700004347882e-41,5.998856250271742e-40,4.2713213980742179e-22,-2.1014427370448931e-22,-2.1014427370448931e-22,4.70197740328915e-38,0.24615384615384622,-1
2391,0.796875,0.5625,0,0.00024414062499999989,1.1905806060295304e-21,2.9694073992356258e-20,1.5588124203770486e-20,1.5588124203770486e-20,9.9294621505871193e-43,6.2059138441169491e-42,6.9588606900211706e-24,-3.4438353976039469e-24,-3.4438353976039469e-24,0,0.24615384615384622,-1
2392,0.8125,0.5625,0,0.00024414062499999989,5.9011044577508549e-24,3.0189175271236115e-22,1.5462271836447151e-22,1.5462271836447151e-22,4.9215309793518252e-45,3.0759568620948905e-44,7.2263341859035678e-26,-3.5954354088840227e-26,-3.5954354088840227e-26,5.7397185098744507e-42,0.24615384615384622,-1
2393,0.828125,0.5625,0,0.00024414062499999989,0,1.4721861751641121e-24,7.3609308758205605e-25,7.3609308758205605e-25,0,0,3.5942045292092562e-28,-1.7971022646046281e-28,-1.7971022646046281e-28,0,0.24615384615384622,-1
2394,0.84375,0.5625,0,0.00024414062499999989,0,0,0,0,0,0,0,0,0,0,0.24615384615384622,-1
2395,0.859375,0.5625,0,0.00024414062499999989,0,0,0,0,0,0,0,0,0,0,0.24615384615384622,-1
2396,0.875,0.5625,0,0.00024414062499999989,0,0,0,0,0,0,0,0,0,0,0.24615384615384622,-1
2397,0.890625,0.5625,0,0.00024414062499999989,0,0,0,0,0,0,0,0,0,0,0.24615384615384622,-1
2398,0.90625,0.5625,0,0.00024414062499999989,0,0,0,0,0,0,0,0,0,0,0.24615384615384622,-1
2399,0.921875,0.5625,0,0.00024414062499999989,0,0,0,0,0,0,0,0,0,0,0.24615384615384622,-1
2400,0.9375,0.5625,0,0.00024414062499999989,0,0,0,0,0,0,0,0,0,0,0.24615384615384622,-1
2401,0.953125,0.5625,0,0.00024414062499999989,0,0,0,0,0,0,0,0,0,0,0.24615384615384622,-1
2402,0.96875,0.5625,0,0.00024414062499999989,0,0,0,0,0,0,0,0,0,0,0.24615384615384622,-1
2403,0.984375,0.5625,0,0.00024414062499999989,0,0,0,0,0,0,0,0,0,0,0.24615384615384622,-1
2404,1,0.5625,0,0.00012207031249999995,0,0,0,0,-0,0,0,0,0,0,0.49230769230769245,-1
2405,0,0.578125,0,0.00012207031249999995,0,0,0,0,0,0,0,0,0,0,0.16410256410256413,-1
2406,0.015625,0.578125,0,0.00024414062499999989,0,0,0,0,0,0,0,0,0,0,0.24615384615384622,-1
2407,0.03125,0.578125,0,0.00024414062499999989,0,0,0,0,0,0,0,0,0,0,0.24615384615384622,-1
2408,0.046875,0.578125,0,0.00024414062499999989,0,0,0,0,0,0,0,0,0,0,0.24615384615384622,-1
2409,0.0625,0.578125,0,0.00024414062499999989,0,0,0,0,0,0,0,0,0,0,0.24615384615384622,-1
2410,0.078125,0.578125,0,0.00024414062499999989,0,0,0,0,0,0,0,0,0,0,0.24615384615384622,-1
2411,0.09375,0.578125,0,0.00024414062499999989,0,0,0,0,0,0,0,0,0,0,0.24615384615384622,-1
2412,0.109375,0.578125,0,0.00024414062499999989,0,0,0,0,0,0,0,0,0,0,0.24615384615384622,-1
2413,0.125,0.578125,0,0.00024414062499999989,0,0,0,0,0,0,0,0,0,0,0.24615384615384622,-1
2414,0.140625,0.578125,0,0.00024414062499999989,0,0,5.2421446836407033e-54,0,0,0,0,1.279820479404468e-57,0,0,0.24615384615384622,-1
2415,0.15625,0.578125,0,0.00024414062499999989,-4.9590595788317539e-53,-3.7383679901962453e-53,-3.7775075291378059e-53,-3.7383679901962453e-53,-4.1358639760418762e-74,-2.5849149850261724e-73,2.9802040738171591e-57,-9.5555514994044228e-59,6.2844846435413385e-74,0,0.24615384615384622,-1
2416,0.171875,0.578125,0,0.00024414062499999989,-9.8551992016654372e-53,-1.0502070940362902e-52,-1.923294144283669e-36,-1.0502070940362902e-52,-8.2192526036331352e-74,-5.13703287727071e-73,-1.5792767058043507e-57,-4.6955423444425487e-40,0,-5.0938194818400257e-72,0.24615384615384622,-1
2417,0.1875,0.578125,0,0.00024414062499999989,3.849729839765122e-36,2.9021040330537022e-36,-2.4492474981841876e-35,2.5880780436793581e-36,3.2106811198120145e-57,2.0066756998825088e-56,-2.3135395671665507e-40,-6.6881296423084879e-39,-7.6666501312095664e-41,-1.2234945877497233e-55,0.24615384615384622,-1
2418,0.203125,0.578125,0,0.00024414062499999989,2.3882726364026307e-34,1.7886879827656696e-34,5.8227110283831981e-20,2.7914082906465365e-34,1.991823369904166e-55,1.2448896061901037e-54,-1.463829720793362e-38,1.4215603096638617e-23,2.4480476266622717e-38,3.9151826807991147e-54,0.24615384615384622,-1
2419,0.21875,0.578125,0,0.00024414062499999989,2.4189729129344694e-34,2.9858170093666093e-34,2.6738632670646309e-18,2.9858170093666093e-34,2.017427451836262e-55,1.2608921573976638e-54,1.3838967198050286e-38,6.5279864918570053e-22,-3.5642346221987981e-56,-2.6101217871994098e-54,0.24615384615384622,-1
2420,0.234375,0.578125,0,0.00024414062499999989,-2.0496835977419847e-17,-1.5567915188161087e-17,-1.5050170413468162e-17,-1.3296479791658295e-17,-1.7094395458305883e-38,-1.0683997161441178e-37,1.2033498020651266e-21,1.2640253288401465e-22,5.5454965734931391e-22,3.76158192263132e-37,0.24615384615384622,-1
2421,0.25,0.578125,0,0.00024414062499999989,-4.5098204633746197e-17,-3.9344834642645628e-17,-4.2579246897032016e-17,-4.2606455309235781e-17,-3.7611978030079596e-38,-2.350748626879975e-37,1.4046313454835373e-21,-7.8965142929355119e-22,-7.9629410805423667e-22,9.4039548065783001e-38,0.24615384615384622,-1
2422,0.265625,0.578125,0,0.00024414062499999989,-4.4742458397477119e-17,-4.2173914663178365e-17,-0.030872297577446011,-4.6395425293909079e-17,-3.7315285074528464e-38,-2.3322053171580286e-37,6.2708587263153224e-22,-7.5371820257436415e-06,-1.0306422438307405e-21,-1.88079096131566e-37,0.24615384615384622,1201
2423,0.28125,0.578125,0,0.00024414062499999989,0.2645317612883602,0.19941625081737921,0.18987285270938425,0.15731509747389377,2.2061993098481309e-22,1.3788745686550818e-21,-1.5897341423579337e-05,-2.3299311787097062e-06,-1.0278601890499371e-05,0,0.24615384615384622,1201
2424,0.296875,0.578125,0,0.00024414062499999989,0.64421134284071813,0.54738083821943317,0.57710141384874081,0.56392038421242863,5.3727333649823906e-22,3.3579583531139936e-21,-2.3640259917305856e-05,7.2559999094989287e-06,4.0379750959461639e-06,-4.4045713257223618e-20,0.24615384615384622,1201
2425,0.3125,0.578125,0,0.00024414062499999989,0.82068635537945167,0.76798906967476932,0.78405250895727741,0.78405250895727741,6.844537918704711e-22,4.2778361991904432e-21,-1.2865548267744718e-05,3.9217381060810729e-06,3.9217381060810729e-06,3.3881317890172014e-21,0.24615384615384622,1201
2426,0.328125,0.578125,0,0.00024414062499999989,0.91461014493036219,0.88543979316327326,0.89412598900473006,0.89412598900473006,7.6278638931598533e-22,4.767414933224908e-21,-7.1216679118869402e-06,2.1206532816056719e-06,2.1206532816056719e-06,-1.6940658945086007e-20,0.24615384615384622,1201
2427,0.34375,0.578125,0,0.00024414062499999989,0.96580644593215426,0.95065498462807829,0.95568809193829241,0.95568809193829241,8.0548418990780428e-22,5.0342761869237765e-21,-3.6990872324404192e-06,1.2287859644077292e-06,1.2287859644077292e-06,7.1997800516615529e-21,0.24615384615384622,1201
2428,0.359375,0.578125,0,0.00024414062499999989,0.98878320934530339,0.98232318434272392,0.98478471786935717,0.98478471786935717,8.2464684899182107e-22,5.1540428061988809e-21,-1.5771545416453858e-06,6.0096033365068334e-07,6.0096033365068334e-07,1.4399560103323106e-20,0.24615384615384622,1201
2429,0.375,0.578125,0,0.00024414062499999989,0.9958002951648528,0.99350244049891334,0.99426613938518515,0.99426613938518515,8.3049911029187703e-22,5.1906194393242308e-21,-5.6099967430163065e-07,1.8644992340620679e-07,1.8644992340620679e-07,-3.22931311140702e-21,0.24615384615384622,1201
2430,0.390625,0.578125,0,0.00024414062499999989,0.99877577646038451,0.99785302558137001,0.99817952825692247,0.99819251210139082,8.3298066666480428e-22,5.2061291666550264e-21,-2.252809763219062e-07,7.9712567273546959e-08,8.2882451176965295e-08,-1.0376153603865179e-20,0.24615384615384622,1201
2431,0.40625,0.578125,0,0.00024414062499999989,0.99983108641447527,0.99960934853873329,0.99970044913872924,0.99970305348791211,8.3386079693008952e-22,5.211629980813059e-21,-5.4135223569824067e-08,2.2241357420876532e-08,2.2877184858117852e-08,-8.7217923787591238e-21,0.24615384615384622,1201
2432,0.421875,0.578125,0,0.00024414062499999989,0.99999119259069313,0.99996175876344995,0.99997542463921707,0.99997637290491848,8.3399432574861545e-22,5.2124645359288456e-21,-7.185992979300232e-09,3.3363954509636579e-09,3.567905631961972e-09,3.4720906211913337e-21,0.24615384615384622,1201
2433,0.4375,0.578125,0,0.00024414062499999989,1,0.99999795794700563,1.0018252925735924,1,8.3400167114269576e-22,5.2125104446418485e-21,-4.9854809433454725e-10,4.4612661781902506e-07,4.9854809432777078e-10,7.2998689057804692e-22,0.24615384615384622,1201
2434,0.453125,0.578125,0,0.00024414062499999989,1,0.99999993409803334,1.0079798110933162,1,8.3400167114269576e-22,5.2125104446418485e-21,-1.6089347324401066e-11,1.9482121570515028e-06,1.6089347329483257e-11,-1.1128703784355171e-20,0.24615384615384622,1201
2435,0.46875,0.578125,0,0.00024414062499999989,0.99999978221641228,0.99634720862450099,1.038121075741776,0.99999999553249674,8.3400148951081977e-22,5.2125093094426225e-21,-8.917415995877156e-07,1.0198698026678472e-05,8.9179367870990882e-07,-1.5881893610412274e-20,0.24615384615384622,1201
2436,0.484375,0.578125,0,0.00024414062499999989,0.68236573629216546,0.74459294388549468,0.75843407287783038,0.78873298797981917,5.6909416439818209e-22,3.5568385274886375e-21,1.5192189353840135e-05,3.3791818828944523e-06,1.0776377952715943e-05,-1.0164395367051604e-20,0.24615384615384622,1201
2437,0.5,0.578125,0,0.00024414062499999989,0.31060553471224794,0.40040741960909582,0.37966866078333278,0.39302897229898986,2.5904553501618541e-22,1.6190345938511587e-21,2.1924288304894493e-05,-5.0631735414460506e-06,-1.8013787378188319e-06,-1.0164395367051604e-20,0.24615384615384622,1201
2438,0.515625,0.578125,0,0.00024414062499999989,0.11170764795595126,0.16226786566071111,0.14650788236279091,0.14650788236279091,9.316436507468329e-23,5.8227728171677054e-22,1.2343803150576131e-05,-3.8476521723437973e-06,-3.8476521723437973e-06,1.6940658945086007e-21,0.24615384615384622,1201
2439,0.53125,0.578125,0,0.00024414062499999989,0.033289866533470699,0.053227817609078694,0.046267219606607415,0.046267219606607415,2.7763804321031865e-23,1.7352377700644917e-22,4.8676638368183563e-06,-1.6993647466970891e-06,-1.6993647466970891e-06,0,0.24615384615384622,1201
2440,0.546875,0.578125,0,0.00024414062499999989,0.0084860318544894876,0.014854178555160616,0.012472493019708396,0.012472493019708396,7.0773647480143831e-24,4.4233529675089884e-23,1.5547233155935364e-06,-5.8146619517876476e-07,-5.8146619517876476e-07,4.2351647362715017e-22,0.24615384615384622,1201
2441,0.5625,0.578125,0,0.00024414062499999989,0.0018697269610869376,0.0035871600928544254,0.0029119472867462073,0.0029119472867462073,1.5593554101270603e-24,9.7459713132941251e-24,4.192951981854216e-07,-1.6484687649126412e-07,-1.6484687649126412e-07,5.2939559203393771e-23,0.24615384615384622,1201
2442,0.578125,0.578125,0,0.00024414062499999989,0.00035768738446094629,0.00075373500885513327,0.0005919464034040699,0.0005919464034040699,2.9831187638708915e-25,1.864449227419307e-24,9.6691314549362014e-08,-3.9499171252700991e-08,-3.9499171252700991e-08,-1.3234889800848443e-23,0.24615384615384622,1201
2443,0.59375,0.578125,0,0.00024414062499999989,5.9499567168689212e-05,0.00013808648304366823,0.00010498799723126302,0.00010498799723126302,4.9622738450953881e-26,3.1014211531846175e-25,1.9186258758539792e-08,-8.0806850127942393e-09,-8.0806850127942393e-09,1.6543612251060553e-24,0.24615384615384622,1201
2444,0.609375,0.578125,0,0.00024414062499999989,8.6003956827172472e-06,2.2059087120682444e-05,1.6246842203108682e-05,1.6246842203108682e-05,7.1727443718746106e-27,4.4829652324216316e-26,3.2858133393469697e-09,-1.4190051068295308e-09,-1.4190051068295308e-09,4.1359030627651384e-25,0.24615384615384622,1201
2445,0.625,0.578125,0,0.00024414062499999989,1.0778374406471393e-06,3.0686266619966132e-06,2.1905943208411736e-06,2.1905943208411736e-06,8.9891822671988027e-28,5.6182389169992521e-27,4.8603252474352366e-10,-2.143633645399021e-10,-2.143633645399021e-10,0,0.24615384615384622,1201
2446,0.640625,0.578125,0,0.00024414062499999989,1.1670783334241542e-07,3.7079862421700873e-07,2.5669609623360405e-07,2.5669609623360405e-07,9.7334528043017699e-29,6.0834080026886052e-28,6.2033884490867481e-11,-2.7857062495948394e-11,-2.7857062495948394e-11,0,0.24615384615384622,1201
2447,0.65625,0.578125,0,0.00024414062499999989,1.0867140318848062e-08,3.8781444437986408e-08,2.6048986267929028e-08,2.6048986267929028e-08,9.0632131864614521e-30,5.6645082415384071e-29,6.815015654086507e-12,-3.1085102954241643e-12,-3.1085102954241643e-12,8.0779356694631609e-28,0.24615384615384622,1201
2448,0.671875,0.578125,0,0.00024414062499999989,8.6488632891438427e-10,3.4943383782998754e-09,2.2784699044209212e-09,2.2784699044209212e-09,7.2131664366306776e-31,4.5082290228941734e-30,6.4195606674450442e-13,-2.9684288913060389e-13,-2.9684288913060389e-13,-5.0487097934144756e-29,0.24615384615384622,-1
2449,0.6875,0.578125,0,0.00024414062499999989,5.8375250165092656e-11,2.6960656497117029e-10,1.707469165959194e-10,1.707469165959194e-10,4.8685056191060207e-32,3.0428160119412622e-31,5.1570145216327528e-14,-2.4135656341613976e-14,-2.4135656341613976e-14,-3.1554436208840472e-30,0.24615384615384622,-1
2450,0.703125,0.578125,0,0.00024414062499999989,3.307413688403146e-12,1.7673275808753609e-11,1.0877365281383699e-11,1.0877365281383699e-11,2.7583885432884511e-33,1.723992839555282e-32,3.5072905567261864e-15,-1.6591578435961685e-15,-1.6591578435961685e-15,-7.8886090522101181e-31,0.24615384615384622,-1
2451,0.71875,0.578125,0,0.00024414062499999989,1.551840180695585e-13,9.7425916791476534e-13,5.8305898892657794e-13,5.8305898892657794e-13,1.2942373040465009e-34,8.0889831502906294e-34,1.9996951900517736e-16,-9.5507856198287889e-17,-9.5507856198287889e-17,0,0.24615384615384622,-1
2452,0.734375,0.578125,0,0.00024414062499999989,5.9194210815591024e-15,4.4553867426995282e-14,2.5942232960246651e-14,2.5942232960246651e-14,4.9368070742175952e-36,3.0855044213859966e-35,9.4322378773037515e-18,-4.5438560709835501e-18,-4.5438560709835501e-18,-1.5407439555097887e-33,0.24615384615384622,-1
2453,0.75,0.578125,0,0.00024414062499999989,1.7883749544878129e-16,1.6591669987051862e-15,9.40486169739564e-16,9.40486169739564e-16,1.4915077006725785e-37,9.321923129203616e-37,3.6140857013095807e-19,-1.7545918675918504e-19,-1.7545918675918504e-19,2.4074124304840448e-35,0.24615384615384622,-1
2454,0.765625,0.578125,0,0.00024414062499999989,4.1166103705668916e-18,4.9014145185748067e-17,2.7063382148457502e-17,2.7063382148457502e-17,3.43325992849614e-39,2.1457874553100873e-38,1.0961312210737585e-20,-5.3590730071510144e-21,-5.3590730071510144e-21,1.504632769052528e-36,0.24615384615384622,-1
2455,0.78125,0.578125,0,0.00024414062499999989,6.7818828485283322e-20,1.1048169790899924e-18,5.9457418702935788e-19,5.9457418702935788e-19,5.6561016291666159e-41,3.5350635182291345e-40,2.5317337661247766e-22,-1.2457099415542831e-22,-1.2457099415542831e-22,4.70197740328915e-38,0.24615384615384622,-1
2456,0.796875,0.578125,0,0.00024414062499999989,7.1213344232391931e-22,1.7847574288328996e-20,9.3670463124685082e-21,9.3670463124685082e-21,5.9392048097474923e-43,3.7120030060921827e-42,4.1834572377942061e-24,-2.0704414003565634e-24,-2.0704414003565634e-24,0,0.24615384615384622,-1
2457,0.8125,0.578125,0,0.00024414062499999989,3.5811153832973844e-24,1.8399859991886198e-22,9.4230610313639369e-23,9.4230610313639369e-23,2.9866562142248342e-45,1.8666601338905213e-44,4.404723743544056e-26,-2.1916013087212544e-26,-2.1916013087212544e-26,0,0.24615384615384622,-1
2458,0.828125,0.578125,0,0.00024414062499999989,0,9.0949151871171978e-25,4.5474575935585989e-25,4.5474575935585989e-25,0,0,2.2204382781047837e-28,-1.1102191390523919e-28,-1.1102191390523919e-28,0,0.24615384615384622,-1
2459,0.84375,0.578125,0,0.00024414062499999989,0,0,0,0,0,0,0,0,0,0,0.24615384615384622,-1
2460,0.859375,0.578125,0,0.00024414062499999989,0,0,0,0,0,0,0,0,0,0,0.24615384615384622,-1
2461,0.875,0.578125,0,0.00024414062499999989,0,0,0,0,0,0,0,0,0,0,0.24615384615384622,-1
2462,0.890625,0.578125,0,0.00024414062499999989,0,0,0,0,0,0,0,0,0,0,0.24615384615384622,-1
2463,0.90625,0.578125,0,0.00024414062499999989,0,0,0,0,0,0,0,0,0,0,0.24615384615384622,-1
2464,0.921875,0.578125,0,0.00024414062499999989,0,0,0,0,0,0,0,0,0,0,0.24615384615384622,-1
2465,0.9375,0.578125,0,0.00024414062499999989,0,0,0,0,0,0,0,0,0,0,0.24615384615384622,-1
2466,0.953125,0.578125,0,0.00024414062499999989,0,0,0,0,0,0,0,0,0,0,0.24615384615384622,-1
2467,0.96875,0.578125,0,0.00024414062499999989,0,0,0,0,0,0,0,0,0,0,0.24615384615384622,-1
2468,0.984375,0.578125,0,0.00024414062499999989,0,0,0,0,0,0,0,0,0,0,0.24615384615384622,-1
2469,1,0.578125,0,0.00012207031249999995,0,0,0,0,-0,0,0,0,0,0,0.49230769230769245,-1
2470,0,0.59375,0,0.00012207031249999995,0,0,0,0,0,0,0,0,0,0,0.16410256410256413,-1
2471,0.015625,0.59375,0,0.00024414062499999989,0,0,0,0,0,0,0,0,0,0,0.24615384615384622,-1
2472,0.03125,0.59375,0,0.00024414062499999989,0,0,0,0,0,0,0,0,0,0,0.24615384615384622,-1
2473,0.046875,0.59375,0,0.00024414062499999989,0,0,0,0,0,0,0,0,0,0,0.24615384615384622,-1
2474,0.0625,0.59375,0,0.00024414062499999989,0,0,0,0,0,0,0,0,0,0,0.24615384615384622,-1
2475,0.078125,0.59375,0,0.00024414062499999989,0,0,0,0,0,0,0,0,0,0,0.24615384615384622,-1
2476,0.09375,0.59375,0,0.00024414062499999989,0,0,0,0,0,0,0,0,0,0,0.24615384615384622,-1
2477,0.109375,0.59375,0,0.00024414062499999989,0,0,0,0,0,0,0,0,0,0,0.24615384615384622,-1
2478,0.125,0.59375,0,0.00024414062499999989,0,0,0,0,0,0,0,0,0,0,0.24615384615384622,-1
2479,0.140625,0.59375,0,0.00024414062499999989,0,0,1.099305833914718e-54,0,0,0,0,2.6838521335808534e-58,0,0,0.24615384615384622,-1
2480,0.15625,0.59375,0,0.00024414062499999989,-1.0001409037562401e-54,-7.539523736008593e-55,1.0208073029931659e-53,-7.5395237360083989e-55,-8.3411918511087037e-76,-5.2132449069429396e-75,6.0104621619965981e-59,2.6762757332843053e-57,4.7385125936085838e-72,1.7686873200833423e-74,0.24615384615384622,-1
2481,0.171875,0.59375,0,0.00024414062499999989,-9.1089921223839832e-53,-7.5095451353381664e-53,-8.9779608122331933e-38,-9.8551992016654372e-53,-7.5969146524938924e-74,-4.7480716578086838e-73,3.9048998707173249e-57,-2.1918849639241167e-41,-5.7266944978693112e-57,2.8298997121333476e-73,0.24615384615384622,-1
2482,0.1875,0.59375,0,0.00024414062499999989,1.3175651404963879e-37,9.932414136049587e-38,-1.7484358318323917e-35,2.763212450164028e-38,1.0988515290133483e-58,6.8678220563334266e-58,-7.9180597385602804e-42,-4.2928912255088881e-39,-1.7502933803431533e-41,-5.0978941156238473e-57,0.24615384615384622,-1
2483,0.203125,0.59375,0,0.00024414062499999989,1.5085711247676078e-34,1.1390309733595624e-34,-8.74479058720873e-24,3.838197086296219e-37,1.2581508390938012e-55,7.863442744336256e-55,-9.0219763527354756e-39,-2.1349586394830635e-27,-2.7714667389484027e-38,-5.2202435743988196e-54,0.24615384615384622,-1
2484,0.21875,0.59375,0,0.00024414062499999989,2.7914102164112183e-34,3.1437325130586894e-34,1.8306253865462122e-18,4.2630854113242583e-22,2.3280407853317499e-55,1.4550254908323438e-54,8.6016185704948964e-39,4.4693002601225855e-22,1.0407923367483185e-25,0,0.24615384615384622,-1
2485,0.234375,0.59375,0,0.00024414062499999989,-1.3865706217980663e-17,-1.0452591813204247e-17,-8.5738608337390139e-18,-6.8678598044666596e-18,-1.1564022157369543e-38,-7.2275138483559637e-38,8.3327988397861658e-22,4.586745555335041e-22,8.751787130706998e-22,0,0.24615384615384622,-1
2486,0.25,0.59375,0,0.00024414062499999989,-4.2976312073351324e-17,-3.6058778336080349e-17,-3.9119199840122125e-17,-3.9517545204715738e-17,-3.584231608872502e-38,-2.2401447555453137e-37,1.6888510100759223e-21,-7.4717321876019932e-22,-8.444255050379369e-22,-7.5231638452626401e-37,0.24615384615384622,-1
2487,0.265625,0.59375,0,0.00024414062499999989,-4.6424614728679876e-17,-4.535003888495566e-17,-0.0054352936198450892,-4.683751916255562e-17,-3.8718206265874831e-38,-2.4198878916171769e-37,2.6234761809673249e-22,-1.3269759814074808e-06,-3.6315436464842752e-22,0,0.24615384615384622,1201
2488,0.28125,0.59375,0,0.00024414062499999989,0.00010970066977136067,8.2697427981478732e-05,-0.034796691026868082,4.0584598531780321e-10,9.1490541914787818e-26,5.718158869674238e-25,-6.5925883276078918e-09,-8.515475696984752e-06,-2.0189702669798187e-08,0,0.24615384615384622,1201
2489,0.296875,0.59375,0,0.00024414062499999989,0.26436843693260048,0.21016371661965041,0.20155563246979091,0.1745013077565489,2.2048371819917119e-22,1.3780232387448198e-21,-1.3233574295153815e-05,-2.1015830443992903e-06,-8.7066427888431396e-06,-3.3881317890172014e-21,0.24615384615384622,1201
2490,0.3125,0.59375,0,0.00024414062499999989,0.56823531548658046,0.49817479045239338,0.50622223549291667,0.49456828878102521,4.739092027181051e-22,2.9619325169881565e-21,-1.7104620369674581e-05,1.964708261846494e-06,-8.8049357211136774e-07,3.3881317890172014e-21,0.24615384615384622,1201
2491,0.328125,0.59375,0,0.00024414062499999989,0.79631958807224879,0.73679865486592744,0.75250665213318757,0.75250665213318757,6.6413186721591861e-22,4.1508241700994909e-21,-1.4531477833574534e-05,3.8349602703271671e-06,3.8349602703271671e-06,0,0.24615384615384622,1201
2492,0.34375,0.59375,0,0.00024414062499999989,0.92361473518913495,0.89010235913856983,0.90210680495461393,0.90210680495461393,7.70296232639757e-22,4.8143514539984806e-21,-8.1817324342199944e-06,2.9307729043076283e-06,2.9307729043076283e-06,4.2351647362715017e-21,0.24615384615384622,1201
2493,0.359375,0.59375,0,0.00024414062499999989,0.96767054709065303,0.95359678815792381,0.95884097121872758,0.95884097121872758,8.0703885338917141e-22,5.0439928336823202e-21,-3.4359763019358326e-06,1.2803181300790438e-06,1.2803181300790438e-06,-1.6940658945086007e-20,0.24615384615384622,1201
2494,0.375,0.59375,0,0.00024414062499999989,0.98815600460662478,0.98177240732233506,0.98423842236525272,0.98423842236525272,8.2412375919161449e-22,5.1507734949475903e-21,-1.558495430734797e-06,6.020544538373074e-07,6.020544538373074e-07,7.6232965252887031e-21,0.24615384615384622,1201
2495,0.390625,0.59375,0,0.00024414062499999989,0.99885577047354845,0.99476480060580352,0.99744848151638044,0.99749702329891221,8.3304738180546437e-22,5.2065461362841521e-21,-9.9877194036742334e-07,6.5519553480880909e-07,6.6704655593475139e-07,-1.0640851399882148e-20,0.24615384615384622,1201
2496,0.40625,0.59375,0,0.00024414062499999989,1,0.9985361221785467,1.0015671242555075,1,8.3400167114269576e-22,5.2125104446418485e-21,-3.5739204625323269e-07,7.3999074144552354e-07,3.5739204625324613e-07,-1.9481757786848908e-20,0.24615384615384622,1201
2497,0.421875,0.59375,0,0.00024414062499999989,1,0.99844195154777238,1.0047152708848366,1,8.3400167114269576e-22,5.2125104446418485e-21,-3.8038292290713786e-07,1.5315721037754362e-06,3.8038292290713436e-07,-2.541098841762901e-21,0.24615384615384622,1201
2498,0.4375,0.59375,0,0.00024414062499999989,0.99999962864300407,0.9954015937214884,1.0152739208488242,0.99999999243229565,8.340013614303406e-22,5.212508508939628e-21,-1.1225671195106634e-06,4.8516423650721906e-06,1.1226559352556835e-06,-1.1646741798837843e-20,0.24615384615384622,1201
2499,0.453125,0.59375,0,0.00024414062499999989,0.91096721199563513,0.9218943849748088,0.95242230555791663,0.96152800811549588,7.5974817716056217e-22,4.748426107253513e-21,2.6677668406185772e-06,7.453105611110304e-06,9.6761775245818083e-06,-1.6940658945086007e-20,0.24615384615384622,1201
2500,0.46875,0.59375,0,0.00024414062499999989,0.61098347397474317,0.67159467732915945,0.67296998955669929,0.68094974983002932,5.0956123833550564e-22,3.1847577395969099e-21,1.4797657068949251e-05,3.3576958680170973e-07,2.2839532472826922e-06,1.3552527156068805e-20,0.24615384615384622,1201
2501,0.484375,0.59375,0,0.00024414062499999989,0.32702216467334744,0.39877946986882895,0.38348623337357618,0.39608379493020024,2.7273703183827363e-22,1.70460644898921e-21,1.7518873338740604e-05,-3.7337003162238244e-06,-6.5812376431365197e-07,-6.7762635780344027e-21,0.24615384615384622,1201
2502,0.5,0.59375,0,0.00024414062499999989,0.14781667703181703,0.19846513770058002,0.18411354963072482,0.18411354963072482,1.2327935566729554e-22,7.7049597292059703e-22,1.2365346842959706e-05,-3.5038056811169888e-06,-3.5038056811169888e-06,0,0.24615384615384622,1201
2503,0.515625,0.59375,0,0.00024414062499999989,0.054733713719337745,0.080587730979964217,0.07220598046455122,0.07220598046455122,4.564800870977358e-23,2.8530005443608488e-22,6.3120159327701322e-06,-2.0463258094270005e-06,-2.0463258094270005e-06,0,0.24615384615384622,1201
2504,0.53125,0.59375,0,0.00024414062499999989,0.016691990306956027,0.027023551740946138,0.023349852949102835,0.023349852949102835,1.3921147810699008e-23,8.7007173816868791e-23,2.522353865720241e-06,-8.9689911910236819e-07,-8.9689911910236819e-07,-2.1175823681357508e-22,0.24615384615384622,1201
2505,0.546875,0.59375,0,0.00024414062499999989,0.0042820245137298119,0.0076103856268482139,0.006349621156742119,0.006349621156742119,3.5712156003246527e-24,2.2320097502029076e-23,8.1258816238242193e-07,-3.0780382570949565e-07,-3.0780382570949565e-07,0,0.24615384615384622,1201
2506,0.5625,0.59375,0,0.00024414062499999989,0.00093786477617935197,0.0018316395180670232,0.00147671890925612,0.00147671890925612,7.8218079063944996e-25,4.8886299414965611e-24,2.1820672409366961e-07,-8.6650539260474392e-08,-8.6650539260474392e-08,5.2939559203393771e-23,0.24615384615384622,1201
2507,0.578125,0.59375,0,0.00024414062499999989,0.00017714312674738987,0.00038074329525223597,0.00029688060721235474,0.00029688060721235474,1.4773766373876553e-25,9.2336039836728442e-25,4.9707072388878424e-08,-2.0474289072236625e-08,-2.0474289072236625e-08,3.3087224502121107e-24,0.24615384615384622,1201
2508,0.59375,0.59375,0,0.00024414062499999989,2.9032406206742219e-05,6.881146531875071e-05,5.1941647760011885e-05,5.1941647760011885e-05,2.4213075293716586e-26,1.5133172058572865e-25,9.7116843535176954e-09,-4.1186078024264692e-09,-4.1186078024264692e-09,-1.6543612251060553e-24,0.24615384615384622,1201
2509,0.609375,0.59375,0,0.00024414062499999989,4.1405263731030469e-06,1.0850989424766928e-05,7.9364745870207544e-06,7.9364745870207544e-06,3.4532059145783464e-27,2.1582536966114665e-26,1.6382966434726266e-09,-7.1155147405912397e-10,-7.1155147405912397e-10,-2.0679515313825692e-25,0.24615384615384622,1201
2510,0.625,0.59375,0,0.00024414062499999989,5.1385758827793285e-07,1.494384022907529e-06,1.059934077751201e-06,1.059934077751201e-06,4.2855808735315129e-28,2.6784880459571956e-27,2.3938633657949114e-10,-1.0606688114168161e-10,-1.0606688114168161e-10,0,0.24615384615384622,1201
2511,0.640625,0.59375,0,0.00024414062499999989,5.5358898690085425e-08,1.7950520852789468e-07,1.2355381903266053e-07,1.2355381903266053e-07,4.6169414020150441e-29,2.8855883762594022e-28,3.0309157675246386e-11,-1.366000720098489e-11,-1.366000720098489e-11,-3.2311742677852644e-27,0.24615384615384622,1201
2512,0.65625,0.59375,0,0.00024414062499999989,5.1537148265306612e-09,1.8746585513012783e-08,1.2529251451855213e-08,1.2529251451855213e-08,4.2982067779194597e-30,2.6863792361996626e-29,3.3185719449419222e-12,-1.5179038235247967e-12,-1.5179038235247967e-12,6.0584517520973707e-28,0.24615384615384622,1201
2513,0.671875,0.59375,0,0.00024414062499999989,4.1193451235403854e-10,1.693810231839215e-09,1.0998250299033548e-09,1.0998250299033548e-09,3.4355407170461962e-31,2.1472129481538722e-30,3.1295793932743552e-13,-1.4501591844137203e-13,-1.4501591844137203e-13,-2.5243548967072378e-29,0.24615384615384622,-1
2514,0.6875,0.59375,0,0.00024414062499999989,2.8029053166678598e-11,1.3153375628929345e-10,8.3017141553477856e-11,8.3017141553477856e-11,2.3376277181557421e-32,1.4610173238473389e-31,2.5269702910794633e-14,-1.1844876644486223e-14,-1.1844876644486223e-14,-3.1554436208840472e-30,0.24615384615384622,-1
2515,0.703125,0.59375,0,0.00024414062499999989,1.6057776304981478e-12,8.7044582566830438e-12,5.3426130237348544e-12,5.3426130237348544e-12,1.3392212273190136e-33,8.3701326707438349e-33,1.7330763247521711e-15,-8.2076299632524106e-16,-8.2076299632524106e-16,0,0.24615384615384622,-1
2516,0.71875,0.59375,0,0.00024414062499999989,7.6355610277590116e-14,4.8554597317723884e-13,2.8995733516774385e-13,2.8995733516774385e-13,6.3680706572630553e-35,3.9800441607894094e-34,9.9899990942297022e-17,-4.7751132326536844e-17,-4.7751132326536844e-17,-1.2325951644078309e-32,0.24615384615384622,-1
2517,0.734375,0.59375,0,0.00024414062499999989,2.9563977688083456e-15,2.2506848613666664e-14,1.3083529288781816e-14,1.3083529288781816e-14,2.4656406797486975e-36,1.541025424842936e-35,4.773059288295486e-18,-2.3006150695519639e-18,-2.3006150695519639e-18,-3.8518598887744717e-34,0.24615384615384622,-1
2518,0.75,0.59375,0,0.00024414062499999989,9.0758179947381513e-17,8.5055796947758873e-16,4.8154953989058833e-16,4.8154953989058833e-16,7.5692473745985695e-38,4.730779609124105e-37,1.8549799549077316e-19,-9.0089948629638744e-20,-9.0089948629638744e-20,1.2037062152420224e-35,0.24615384615384622,-1
2519,0.765625,0.59375,0,0.00024414062499999989,2.124092764558838e-18,2.5517725625176033e-17,1.4077683192502547e-17,1.4077683192502547e-17,1.7714969153041797e-39,1.1071855720651121e-38,5.7113361476116169e-21,-2.7929791095394239e-21,-2.7929791095394239e-21,7.5231638452626401e-37,0.24615384615384622,-1
2520,0.78125,0.59375,0,0.00024414062499999989,3.5588116711098714e-20,5.8437267266985746e-19,3.1431096617465599e-19,3.1431096617465599e-19,2.9680548809877627e-41,1.8550343006173514e-40,1.3398060448211877e-22,-6.5933033812305023e-23,-6.5933033812305023e-23,0,0.24615384615384622,-1
2521,0.796875,0.59375,0,0.00024414062499999989,3.800485025289636e-22,9.5921064153993021e-21,5.0326004196169206e-21,5.0326004196169206e-21,3.1696108622443467e-43,1.9810067889027165e-42,2.249037576384359e-24,-1.1131606435015574e-24,-1.1131606435015574e-24,-1.8367099231598242e-40,0.24615384615384622,-1
2522,0.8125,0.59375,0,0.00024414062499999989,1.9432897776577819e-24,1.0047377897773357e-22,5.144770850417663e-23,5.144770850417663e-23,1.6207069220811077e-45,1.0129418263006922e-44,2.4055295214862243e-26,-1.1969255486708232e-26,-1.1969255486708232e-26,-1.4349296274686127e-42,0.24615384615384622,-1
2523,0.828125,0.59375,0,0.00024414062499999989,0,5.0447931693691308e-25,2.5223965846845654e-25,2.5223965846845654e-25,0,0,1.23163895736551e-28,-6.15819478682755e-29,-6.15819478682755e-29,0,0.24615384615384622,-1
2524,0.84375,0.59375,0,0.00024414062499999989,0,0,0,0,0,0,0,0,0,0,0.24615384615384622,-1
2525,0.859375,0.59375,0,0.00024414062499999989,0,0,0,0,0,0,0,0,0,0,0.24615384615384622,-1
2526,0.875,0.59375,0,0.00024414062499999989,0,0,0,0,0,0,0,0,0,0,0.24615384615384622,-1
2527,0.890625,0.59375,0,0.00024414062499999989,0,0,0,0,0,0,0,0,0,0,0.24615384615384622,-1
2528,0.90625,0.59375,0,0.00024414062499999989,0,0,0,0,0,0,0,0,0,0,0.24615384615384622,-1
2529,0.921875,0.59375,0,0.00024414062499999989,0,0,0,0,0,0,0,0,0,0,0.24615384615384622,-1
2530,0.9375,0.59375,0,0.00024414062499999989,0,0,0,0,0,0,0,0,0,0,0.24615384615384622,-1
2531,0.953125,0.59375,0,0.00024414062499999989,0,0,0,0,0,0,0,0,0,0,0.24615384615384622,-1
2532,0.96875,0.59375,0,0.00024414062499999989,0,0,0,0,0,0,0,0,0,0,0.24615384615384622,-1
2533,0.984375,0.59375,0,0.00024414062499999989,0,0,0,0,0,0,0,0,0,0,0.24615384615384622,-1
2534,1,0.59375,0,0.00012207031249999995,0,0,0,0,-0,0,0,0,0,0,0.49230769230769245,-1
2535,0,0.609375,0,0.00012207031249999995,0,0,0,0,0,0,0,0,0,0,0.16410256410256413,-1
2536,0.015625,0.609375,0,0.00024414062499999989,0,0,0,0,0,0,0,0,0,0,0.24615384615384622,-1
2537,0.03125,0.609375,0,0.00024414062499999989,0,0,0,0,0,0,0,0,0,0,0.24615384615384622,-1
2538,0.046875,0.609375,0,0.00024414062499999989,0,0,0,0,0,0,0,0,0,0,0.24615384615384622,-1
2539,0.0625,0.609375,0,0.00024414062499999989,0,0,0,0,0,0,0,0,0,0,0.24615384615384622,-1
2540,0.078125,0.609375,0,0.00024414062499999989,0,0,0,0,0,0,0,0,0,0,0.24615384615384622,-1
2541,0.09375,0.609375,0,0.00024414062499999989,0,0,0,0,0,0,0,0,0,0,0.24615384615384622,-1
2542,0.109375,0.609375,0,0.00024414062499999989,0,0,0,0,0,0,0,0,0,0,0.24615384615384622,-1
2543,0.125,0.609375,0,0.00024414062499999989,0,0,0,0,0,0,0,0,0,0,0.24615384615384622,-1
2544,0.140625,0.609375,0,0.00024414062499999989,0,0,2.0515710846281851e-56,0,0,0,0,5.0087184683305279e-60,0,0,0.24615384615384622,-1
2545,0.15625,0.609375,0,0.00024414062499999989,0,0,1.0396315328996911e-53,0,0,0,0,2.5381629221183853e-57,0,0,0.24615384615384622,-1
2546,0.171875,0.609375,0,0.00024414062499999989,-8.3488752355271444e-53,-6.3191428273688538e-53,-2.7026977240952301e-39,-9.1089200304145184e-53,-6.9629758985915064e-74,-4.3518599366196917e-73,4.9554013871052001e-57,-6.5983831154667126e-43,-6.8109794996232013e-57,-2.8298997121333476e-73,0.24615384615384622,-1
2547,0.1875,0.609375,0,0.00024414062499999989,-8.3523897190381114e-53,-1.0110407026412951e-52,-4.452626925603351e-36,-1.0110407026412951e-52,-6.9659069837128561e-74,-4.353691864820535e-73,-4.2920344418331029e-57,-1.0870671205086301e-39,9.8996401062972567e-75,5.6597994242666952e-73,0.24615384615384622,-1
2548,0.203125,0.609375,0,0.00024414062499999989,1.6529884530904647e-35,1.2471717087024457e-35,-5.71633902690662e-23,3.4097285210794699e-37,1.3785951322570271e-56,8.6162195766064204e-56,-9.9076353610356161e-40,-1.3955905827411779e-26,-2.9616074792276623e-39,0,0.24615384615384622,-1
2549,0.21875,0.609375,0,0.00024414062499999989,4.2630854113242573e-22,3.2137105408435251e-22,1.3747295813005331e-18,1.728562506557033e-21,3.5554203572684771e-43,2.222137723292798e-42,-2.5619503673845993e-26,3.3554887945469927e-22,3.4355260070133791e-25,-4.5917748078995606e-41,0.24615384615384622,-1
2550,0.234375,0.609375,0,0.00024414062499999989,-1.3283326744785335e-17,-1.0013470450057636e-17,-8.9196980937045697e-18,-7.2871765361192437e-18,-1.1078316703485436e-38,-6.9239479396783963e-38,7.9830475945500393e-22,2.6703426668776023e-22,6.6559910008261502e-22,5.64237288394698e-37,0.24615384615384622,-1
2551,0.25,0.609375,0,0.00024414062499999989,-4.097358324608772e-17,-3.3636384684877235e-17,-3.6816581053787366e-17,-3.6570140880246104e-17,-3.417203689994152e-38,-2.135752306246345e-37,1.7913082424830277e-21,-7.7641512912844934e-22,-7.1624907113497719e-22,1.88079096131566e-37,0.24615384615384622,-1
2552,0.265625,0.609375,0,0.00024414062499999989,-4.683629165185477e-17,-4.4034658835934671e-17,-2.2502701492025128e-06,-4.6837519162555614e-17,-3.9061545507773572e-38,-2.4413465942358482e-37,6.8399238669924353e-22,-5.4938236063439385e-10,-6.8429207192894157e-22,1.8821684937580299e-37,0.24615384615384622,1201
2553,0.28125,0.609375,0,0.00024414062499999989,-4.683751916255562e-17,-4.6157390423423176e-17,-0.0054230657536986967,-4.6837533833827423e-17,-3.9062569253749427e-38,-2.4414105783593387e-37,1.6604705545225659e-22,-1.323990662524084e-06,-1.6605063730572429e-22,3.2913985315986797e-37,0.24615384615384622,1201
2554,0.296875,0.609375,0,0.00024414062499999989,1.5046400521114001e-06,5.6348074145089684e-06,-0.030808634265206539,1.4857909790466552e-13,1.2548723179291406e-27,7.8429519870571283e-27,1.0083416412103434e-09,-7.5230149103078693e-06,-1.3756853676586592e-09,-5.169878828456423e-26,0.24615384615384622,1201
2555,0.3125,0.609375,0,0.00024414062499999989,0.23346716420363739,0.18684445529167779,0.17127868987930608,0.14470174366631289,1.9471200510277976e-22,1.2169500318923734e-21,-1.1382497292958884e-05,-3.8002356963798099e-06,-1.0288747955411344e-05,-3.3881317890172014e-21,0.24615384615384622,1201
2556,0.328125,0.609375,0,0.00024414062499999989,0.62493574768292792,0.53273018814256123,0.57092829893534291,0.55586787713084951,5.2119745792437199e-22,3.2574841120273246e-21,-2.2511122934659826e-05,9.3257106427689719e-06,5.6488498506563271e-06,-1.6940658945086007e-20,0.24615384615384622,1201
2557,0.34375,0.609375,0,0.00024414062499999989,0.80271002186995155,0.74034294279648494,0.77548766796644841,0.76510751812331779,6.6946149968252957e-22,4.1841343730158095e-21,-1.522633766442055e-05,8.5802551684481192e-06,6.0460388981525427e-06,-3.3881317890172014e-21,0.24615384615384622,1201
2558,0.359375,0.609375,0,0.00024414062499999989,0.91387044612727109,0.85855739677269749,0.90088251470467895,0.89553402938576343,7.6216947927806514e-22,4.7635592454879065e-21,-1.3504162440081429e-05,1.0333280745112647e-05,9.0274981965493053e-06,-2.2022856628611809e-20,0.24615384615384622,1201
2559,0.375,0.609375,0,0.00024414062499999989,0.94499291872365532,0.90204706515474475,0.93886020661549563,0.93730659533595417,7.8812567343354226e-22,4.9257854589596383e-21,-1.0484827531472295e-05,8.9875833644411283e-06,8.608283735646831e-06,-1.4399560103323106e-20,0.24615384615384622,1201
2560,0.390625,0.609375,0,0.00024414062499999989,0.97011911974749887,0.92693610588543818,0.96502331982321232,0.96314271279262609,8.0908096707689517e-22,5.0567560442305941e-21,-1.0542727993667172e-05,9.2986362152768908e-06,8.8395036394501768e-06,2.541098841762901e-21,0.24615384615384622,1201
2561,0.40625,0.609375,0,0.00024414062499999989,0.96219148256247589,0.92727756057263655,0.96454657105244901,0.96512951162049587,8.0246930441637298e-22,5.0154331526023306e-21,-8.5239067358006073e-06,9.098879511672967e-06,9.2411989862937629e-06,-3.1763735522036263e-22,0.24615384615384622,1201
2562,0.421875,0.609375,0,0.00024414062499999989,0.88792947805538747,0.87516936045841964,0.9049553140376082,0.90791083130517281,7.4053466855505483e-22,4.6283416784690915e-21,-3.1152630851972319e-06,7.2719613230440783e-06,7.9935231559455861e-06,1.1011428314305904e-20,0.24615384615384622,1201
2563,0.4375,0.609375,0,0.00024414062499999989,0.73215459876915334,0.74915496350233945,0.76731448649917289,0.77144418956410354,6.1061815890828382e-22,3.8163634931767734e-21,4.150479671188004e-06,4.4334772941487957e-06,5.4417055814853784e-06,-1.6940658945086007e-21,0.24615384615384622,1201
2564,0.453125,0.609375,0,0.00024414062499999989,0.49943007762981223,0.54824890971162155,0.54876877763218912,0.55666086468627463,4.1652551936218968e-22,2.6032844960136855e-21,1.1918660176222966e-05,1.2692087904481571e-07,2.0536999449836726e-06,-8.4703294725430034e-21,0.24615384615384622,1201
2565,0.46875,0.609375,0,0.00024414062499999989,0.26728362406456097,0.32839399172653072,0.31232939514600022,0.31232939514600022,2.2291498913891992e-22,1.3932186821182492e-21,1.4919523354973071e-05,-3.9220206495435797e-06,-3.9220206495435797e-06,8.4703294725430034e-21,0.24615384615384622,1201
2566,0.484375,0.609375,0,0.00024414062499999989,0.13100189600644455,0.17183334202155989,0.15946770652466152,0.15946770652466152,1.0925580019223641e-22,6.8284875120147742e-22,9.9686147497840152e-06,-3.0189539787349514e-06,-3.0189539787349514e-06,0,0.24615384615384622,1201
2567,0.5,0.609375,0,0.00024414062499999989,0.056721710204280622,0.079571160653594764,0.072111862037697469,0.072111862037697469,4.7306001100441737e-23,2.9566250687776083e-22,5.5784791136020829e-06,-1.8211178261467987e-06,-1.8211178261467987e-06,-8.4703294725430034e-22,0.24615384615384622,1201
2568,0.515625,0.609375,0,0.00024414062499999989,0.0213412489619429,0.032234463982347777,0.028471369978943215,0.028471369978943215,1.77986372985327e-23,1.1124148311582937e-22,2.6594763233410327e-06,-9.1872412192494159e-07,-9.1872412192494159e-07,4.2351647362715017e-22,0.24615384615384622,1201
2569,0.53125,0.609375,0,0.00024414062499999989,0.0067631214533450867,0.011129767005286581,0.0095307294859186473,0.0095307294859186473,5.6404545942308201e-24,3.5252841213942619e-23,1.0660755742044655e-06,-3.9039001937693666e-07,-3.9039001937693666e-07,3.1763735522036263e-22,0.24615384615384622,1201
2570,0.546875,0.609375,0,0.00024414062499999989,0.0017988180811793599,0.0032422355920792532,0.0026865234554942622,0.0026865234554942622,1.5002172857852835e-24,9.3763580361580204e-24,3.5239685324704417e-07,-1.3567190834594505e-07,-1.3567190834594505e-07,-2.6469779601696886e-23,0.24615384615384622,1201
2571,0.5625,0.609375,0,0.00024414062499999989,0.00040442680198561783,0.00080107343373001579,0.00064193642825041729,0.00064193642825041729,3.372926287109014e-25,2.1080789294431339e-24,9.6837556578222132e-08,-3.8851807978417582e-08,-3.8851807978417582e-08,-1.9852334701272664e-23,0.24615384615384622,1201
2572,0.578125,0.609375,0,0.00024414062499999989,7.7549111645154709e-05,0.00016925285103135538,0.00013120062870800961,0.00013120062870800961,6.4676088707690524e-26,4.0422555442306574e-25,2.2388608248584136e-08,-9.2900933406605866e-09,-9.2900933406605866e-09,3.3087224502121107e-24,0.24615384615384622,1201
2573,0.59375,0.609375,0,0.00024414062499999989,1.2781503127267298e-05,3.081387898412176e-05,2.3121834484119925e-05,2.3121834484119925e-05,1.0659794967856518e-26,6.6623718549103236e-26,4.4024355119273565e-09,-1.8779405517582597e-09,-1.8779405517582597e-09,4.1359030627651384e-25,0.24615384615384622,1201
2574,0.609375,0.609375,0,0.00024414062499999989,1.820976198634569e-06,4.862453261345809e-06,3.5350103499960135e-06,3.5350103499960135e-06,1.5186971927723041e-27,9.4918574548269002e-27,7.4254811101348582e-10,-3.2408274202875851e-10,-3.2408274202875851e-10,1.5509636485369269e-25,0.24615384615384622,1201
2575,0.625,0.609375,0,0.00024414062499999989,2.2495190067824249e-07,6.6750842268013942e-07,4.7060649903255471e-07,4.7060649903255471e-07,1.8761026109237996e-28,1.1725641318273747e-27,1.0804602587936933e-10,-4.807175870302359e-11,-4.807175870302359e-11,-1.2924697071141057e-26,0.24615384615384622,1201
2576,0.640625,0.609375,0,0.00024414062499999989,2.410508383942853e-08,7.9820579777352925e-08,5.4622236679767849e-08,5.4622236679767849e-08,2.0103680205118185e-29,1.2564800128198863e-28,1.3602416000469815e-11,-6.1519392328088541e-12,-6.1519392328088541e-12,1.6155871338926322e-27,0.24615384615384622,1201
2577,0.65625,0.609375,0,0.00024414062499999989,2.2353281116046915e-09,8.3051943443572076e-09,5.520828988572659e-09,5.520828988572659e-09,1.8642673806305591e-30,1.1651671128940995e-29,1.4819009357305939e-12,-6.7977669818958686e-13,-6.7977669818958686e-13,2.0194839173657902e-28,0.24615384615384622,-1
2578,0.671875,0.609375,0,0.00024414062499999989,1.7847707928327052e-10,7.4929361594940221e-10,4.8417874362298341e-10,4.8417874362298341e-10,1.4885018238291502e-31,9.3031363989321896e-31,1.3935950602200475e-13,-6.4725310626567066e-14,-6.4725310626567066e-14,-1.2621774483536189e-29,0.24615384615384622,-1
2579,0.6875,0.609375,0,0.00024414062499999989,1.2173543214438654e-11,5.8276069634774813e-11,3.6626855351761949e-11,3.6626855351761949e-11,1.0152755384569662e-32,6.3454721153560385e-32,1.1255499614339877e-14,-5.285452705813685e-15,-5.285452705813685e-15,0,0.24615384615384622,-1
2580,0.703125,0.609375,0,0.00024414062499999989,7.0162454694874094e-13,3.8749444687492689e-12,2.3700331151092875e-12,2.3700331151092875e-12,5.8515604466998677e-34,3.6572252791874173e-33,7.7473630903333174e-16,-3.6740999844726096e-16,-3.6740999844726096e-16,-4.9303806576313238e-32,0.24615384615384622,-1
2581,0.71875,0.609375,0,0.00024414062499999989,3.3674166776352642e-14,2.1785177035202427e-13,1.2972766659667518e-13,1.2972766659667518e-13,2.8084311365815951e-35,1.7552694603634968e-34,4.496523524796668e-17,-2.1514673768395765e-17,-2.1514673768395765e-17,6.1629758220391547e-33,0.24615384615384622,-1
2582,0.734375,0.609375,0,0.00024414062499999989,1.319656792690605e-15,1.0205184464384597e-14,5.9192637238441862e-15,5.9192637238441862e-15,1.1005959704387747e-36,6.8787248152423413e-36,2.1693182792221651e-18,-1.0463673682959983e-18,-1.0463673682959983e-18,0,0.24615384615384622,-1
2583,0.75,0.609375,0,0.00024414062499999989,4.1094142326589717e-17,3.9060826419036934e-16,2.2077693956701966e-16,2.2077693956701966e-16,3.4272583374551613e-38,2.1420364609094756e-37,8.5330596158149273e-20,-4.1462725738122463e-20,-4.1462725738122463e-20,1.2037062152420224e-35,0.24615384615384622,-1
2584,0.765625,0.609375,0,0.00024414062499999989,9.7717082295909208e-19,1.1889040977207709e-17,6.5511338321479817e-18,6.5511338321479817e-18,8.149620993397662e-40,5.0935131208735379e-39,2.6640307993771027e-21,-1.3031999865868469e-21,-1.3031999865868469e-21,0,0.24615384615384622,-1
2585,0.78125,0.609375,0,0.00024414062499999989,1.6652907311710109e-20,2.7656230113071909e-19,1.486329654606375e-19,1.486329654606375e-19,1.3888552527350648e-41,8.6803453295941554e-41,6.3454441850343958e-23,-3.1232747966328502e-23,-3.1232747966328502e-23,5.8774717541114375e-39,0.24615384615384622,-1
2586,0.796875,0.609375,0,0.00024414062499999989,1.8101296047802003e-22,4.6149482155858874e-21,2.4201335462942802e-21,2.4201335462942802e-21,1.5096511153715546e-43,9.4353194710722151e-43,1.0825037243915686e-24,-5.3584342512002102e-25,-5.3584342512002102e-25,0,0.24615384615384622,-1
2587,0.8125,0.609375,0,0.00024414062499999989,9.424088564087468e-25,4.9165136866969094e-23,2.5169761644016147e-23,2.5169761644016147e-23,7.8597056114457174e-46,4.9123160071535732e-45,1.1773126955703203e-26,-5.8582459040412437e-27,-5.8582459040412437e-27,7.1746481373430634e-43,0.24615384615384622,-1
2588,0.828125,0.609375,0,0.00024414062499999989,0,2.5111990070566822e-25,1.2555995035283411e-25,1.2555995035283411e-25,0,0,6.1308569508219759e-29,-3.0654284754109879e-29,-3.0654284754109879e-29,0,0.24615384615384622,-1
2589,0.84375,0.609375,0,0.00024414062499999989,0,0,0,0,0,0,0,0,0,0,0.24615384615384622,-1
2590,0.859375,0.609375,0,0.00024414062499999989,0,0,0,0,0,0,0,0,0,0,0.24615384615384622,-1
2591,0.875,0.609375,0,0.00024414062499999989,0,0,0,0,0,0,0,0,0,0,0.24615384615384622,-1
2592,0.890625,0.609375,0,0.00024414062499999989,0,0,0,0,0,0,0,0,0,0,0.24615384615384622,-1
2593,0.90625,0.609375,0,0.00024414062499999989,0,0,0,0,0,0,0,0,0,0,0.24615384615384622,-1
2594,0.921875,0.609375,0,0.00024414062499999989,0,0,0,0,0,0,0,0,0,0,0.24615384615384622,-1
2595,0.9375,0.609375,0,0.00024414062499999989,0,0,0,0,0,0,0,0,0,0,0.24615384615384622,-1
2596,0.953125,0.609375,0,0.00024414062499999989,0,0,0,0,0,0,0,0,0,0,0.24615384615384622,-1
2597,0.96875,0.609375,0,0.00024414062499999989,0,0,0,0,0,0,0,0,0,0,0.24615384615384622,-1
2598,0.984375,0.609375,0,0.00024414062499999989,0,0,0,0,0,0,0,0,0,0,0.24615384615384622,-1
2599,1,0.609375,0,0.00012207031249999995,0,0,0,0,-0,0,0,0,0,0,0.49230769230769245,-1
2600,0,0.625,0,0.00012207031249999995,0,0,0,0,0,0,0,0,0,0,0.16410256410256413,-1
2601,0.015625,0.625,0,0.00024414062499999989,0,0,0,0,0,0,0,0,0,0,0.24615384615384622,-1
2602,0.03125,0.625,0,0.00024414062499999989,0,0,0,0,0,0,0,0,0,0,0.24615384615384622,-1
2603,0.046875,0.625,0,0.00024414062499999989,0,0,0,0,0,0,0,0,0,0,0.24615384615384622,-1
2604,0.0625,0.625,0,0.00024414062499999989,0,0,0,0,0,0,0,0,0,0,0.24615384615384622,-1
2605,0.078125,0.625,0,0.00024414062499999989,0,0,0,0,0,0,0,0,0,0,0.24615384615384622,-1
2606,0.09375,0.625,0,0.00024414062499999989,0,0,0,0,0,0,0,0,0,0,0.24615384615384622,-1
2607,0.109375,0.625,0,0.00024414062499999989,0,0,0,0,0,0,0,0,0,0,0.24615384615384622,-1
2608,0.125,0.625,0,0.00024414062499999989,0,0,0,0,0,0,0,0,0,0,0.24615384615384622,-1
2609,0.140625,0.625,0,0.00024414062499999989,0,0,0,0,0,0,0,0,0,0,0.24615384615384622,-1
2610,0.15625,0.625,0,0.00024414062499999989,0,0,8.4231402204402454e-54,0,0,0,0,2.0564307178809184e-57,0,0,0.24615384615384622,-1
2611,0.171875,0.625,0,0.00024414062499999989,-8.1775441643673852e-53,-6.1646102162154136e-53,-7.3192916828242588e-53,-6.1502639142960364e-53,-6.8200854989255987e-74,-4.2625534368284989e-73,4.9143895218553982e-57,-2.8190465493380005e-57,3.5025151170355308e-59,-1.131959884853339e-72,0.24615384615384622,-1
2612,0.1875,0.625,0,0.00024414062499999989,-8.3523897190381114e-53,-8.7520347294279885e-53,1.2718464732035589e-27,1.6183514630965354e-35,-6.9659069837128561e-74,-4.353691864820535e-73,-9.7569582614716189e-58,3.1050939287196248e-31,3.951053376700524e-39,0,0.24615384615384622,-1
2613,0.203125,0.625,0,0.00024414062499999989,8.8912022783972744e-38,6.7210588614945871e-38,-1.1037022383884692e-22,-6.2002515585549912e-26,7.4152775586510721e-59,4.6345484741569192e-58,-5.298201701422574e-42,-2.6945855429405991e-26,-1.51373329066448e-29,0,0.24615384615384622,-1
2614,0.21875,0.625,0,0.00024414062499999989,1.0814811110878016e-21,8.1526783235784549e-22,2.7337623134523168e-19,2.0421051591195356e-21,9.0195705395648595e-43,5.637231587228037e-42,-6.4993476252430636e-26,6.6543203982635174e-23,2.9952083172892811e-25,0,0.24615384615384622,-1
2615,0.234375,0.625,0,0.00024414062499999989,1.7286501012119257e-21,1.5238766778221711e-21,1.3225364834863615e-18,3.4417007953897769e-21,1.4416970732317362e-42,9.0106067076983508e-42,-4.9993511569764291e-26,3.225128434591159e-22,4.6821877870302848e-25,9.1835496157991212e-41,0.24615384615384622,-1
2616,0.25,0.625,0,0.00024414062499999989,-5.8534649672094009e-18,-4.9572015552159902e-18,-2.141273004767316e-18,-2.3838563395977268e-18,-4.8817995646278652e-39,-3.0511247278924155e-38,2.1881430956870372e-22,6.8748255626188307e-22,6.2825810928180232e-22,0,0.24615384615384622,-1
2617,0.265625,0.625,0,0.00024414062499999989,-3.5881360085564056e-17,-2.969042022159398e-17,-3.2381654030373307e-17,-3.2652486246316377e-17,-2.9925114274233245e-38,-1.8703196421395777e-37,1.5114599277270671e-21,-6.5703950409651554e-22,-7.2316065056699188e-22,2.256949153578792e-36,0.24615384615384622,-1
2618,0.28125,0.625,0,0.00024414062499999989,-4.683751916255562e-17,-4.3277257316120811e-17,-3.0864411371986383e-08,-4.6837533833827423e-17,-3.9062569253749427e-38,-2.4414105783593387e-37,8.6920455235224868e-22,-7.5352566720481236e-12,-8.6920813420571558e-22,-3.7615675733350453e-37,0.24615384615384622,1201
2619,0.296875,0.625,0,0.00024414062499999989,-4.6837533833827423e-17,-4.4735597344441626e-17,-0.0047890700349464549,-4.6837533851373785e-17,-3.9062581489614626e-38,-2.441411343100914e-37,5.1316808822895464e-22,-1.1692065515005879e-06,-5.1316809251273384e-22,-2.8211864209540131e-37,0.24615384615384622,1201
2620,0.3125,0.625,0,0.00024414062499999989,-4.6837533851373792e-17,6.1728822605098909e-08,-0.012819163959853911,-4.6837547086263592e-17,-3.9062581504248326e-38,-2.4414113440155203e-37,1.5070513342757914e-11,-3.129693771649539e-06,-1.5070513342757918e-11,1.4349296274686127e-42,0.24615384615384622,1201
2621,0.328125,0.625,0,0.00024414062499999989,-4.6837533851373792e-17,0.0095781400698927693,-0.011718809476392542,-5.5511151231257827e-17,-3.9062581504248326e-38,-2.4414113440155203e-37,2.338413103001175e-06,-5.1994505728235598e-06,-2.3384131030011771e-06,7.5231638452626401e-37,0.24615384615384622,1201
2622,0.34375,0.625,0,0.00024414062499999989,0.00051227607695484775,0.026024566998850179,-0.005422237999837775,6.0427826952813568e-05,4.2723910426676727e-25,2.6702444016672953e-24,6.2285866508533497e-06,-7.6774426266327978e-06,-6.3389011650140026e-06,5.2939559203393771e-23,0.24615384615384622,1201
2623,0.359375,0.625,0,0.00024414062499999989,-5.5511151231257827e-17,0.03301575902267774,-0.0028766789113836774,-5.5511151231257827e-17,-4.6296392893923941e-38,-2.8935245558702463e-37,8.0604880426459429e-06,-8.7628022299954599e-06,-8.0604880426459429e-06,0,0.24615384615384622,1201
2624,0.375,0.625,0,0.00024414062499999989,1.0760960167180422e-06,0.037508229012958985,-0.0046560521184826134,8.1222104632294734e-08,8.9746587625284556e-28,5.6091617265802847e-27,9.1570197551128548e-06,-1.0294013948105854e-05,-9.1572626442515476e-06,1.0339757656912846e-25,0.24615384615384622,1201
2625,0.390625,0.625,0,0.00024414062499999989,0.042789797408977863,0.071026041046059085,0.0286702785150275,0.026805000531968264,3.5686762546944933e-23,2.2304226591840582e-22,6.8936141692092828e-06,-1.0340762336677628e-05,-1.0796152469260449e-05,-3.3881317890172014e-21,0.24615384615384622,1201
2626,0.40625,0.625,0,0.00024414062499999989,0.16778307165632961,0.17330429747973197,0.15177757429395611,0.14833643933270732,1.3993136215083358e-22,8.7457101344270971e-22,1.3479555232915917e-06,-5.2555476527773073e-06,-6.0956684929259353e-06,-3.3881317890172014e-21,0.24615384615384622,1201
2627,0.421875,0.625,0,0.00024414062499999989,0.25559357076478068,0.25968638490218038,0.25205987569248395,0.24812373037239438,2.1316546515115597e-22,1.3322841571947247e-21,9.992222015135968e-07,-1.8619407250235398e-06,-2.8229137035610356e-06,2.7528570785764761e-21,0.24615384615384622,1201
2628,0.4375,0.625,0,0.00024414062499999989,0.25792147405335702,0.273265780165315,0.27102525397839156,0.27102525397839156,2.1510694038408721e-22,1.3444183774005451e-21,3.7461684843647403e-06,-5.4700346360435566e-07,-5.4700346360435566e-07,-3.8116482626443515e-21,0.24615384615384622,1201
2629,0.453125,0.625,0,0.00024414062499999989,0.18457943363299364,0.21322004090127281,0.20724133882984411,0.20724133882984411,1.53939556108489e-22,9.6212222567805626e-22,6.9923357588572188e-06,-1.4596440604073995e-06,-1.4596440604073995e-06,-2.541098841762901e-21,0.24615384615384622,1201
2630,0.46875,0.625,0,0.00024414062499999989,0.10115990242411661,0.12888411247166467,0.12070508072734076,0.12070508072734076,8.4367527674345296e-23,5.2729704796465809e-22,6.7686059686396627e-06,-1.9968339219540791e-06,-1.9968339219540791e-06,-3.3881317890172014e-21,0.24615384615384622,1201
2631,0.484375,0.625,0,0.00024414062499999989,0.046255867228590396,0.06362154198732943,0.057806373580662533,0.057806373580662533,3.8577470568799047e-23,2.4110919105499406e-22,4.2396666891452704e-06,-1.4197188492839102e-06,-1.4197188492839102e-06,4.2351647362715017e-22,0.24615384615384622,1201
2632,0.5,0.625,0,0.00024414062499999989,0.018866092045086658,0.027756883425639929,0.024587922472340245,0.024587922472340245,1.5734352293534193e-23,9.8339701834588696e-23,2.1706033643928873e-06,-7.7367210773918028e-07,-7.7367210773918028e-07,2.1175823681357508e-22,0.24615384615384622,1201
2633,0.515625,0.625,0,0.00024414062499999989,0.0069170044815350185,0.010865078904635716,0.0094077213822037643,0.0094077213822037643,5.7687932969017218e-24,3.605495810563576e-23,9.6388535720231819e-07,-3.5580017637498794e-07,-3.5580017637498794e-07,-1.0587911840678754e-22,0.24615384615384622,1201
2634,0.53125,0.625,0,0.00024414062499999989,0.0022317341949246875,0.0037734758840875767,0.0031861026862299497,0.0031861026862299497,1.8612700481134881e-24,1.16329378007093e-23,3.7640177958078323e-07,-1.4340165963320963e-07,-1.4340165963320963e-07,7.9409338805090657e-23,0.24615384615384622,1201
2635,0.546875,0.625,0,0.00024414062499999989,0.0006175256222361586,0.0011348071939806218,0.00093109346950322224,0.00093109346950322224,5.1501740091838936e-25,3.2188587557399335e-24,1.2628944622667558e-07,-4.9734796014990097e-08,-4.9734796014990097e-08,-6.6174449004242214e-23,0.24615384615384622,1201
2636,0.5625,0.625,0,0.00024414062499999989,0.00014500133328774605,0.00029166335962766559,0.00023203312762109054,0.00023203312762109054,1.2093135427989921e-25,7.5582096424936997e-25,3.5806158774394407e-08,-1.4558162110980234e-08,-1.4558162110980234e-08,0,0.24615384615384622,1201
2637,0.578125,0.625,0,0.00024414062499999989,2.8888606946422577e-05,6.39297494588472e-05,4.9267406707450671e-05,4.9267406707450671e-05,2.4093146470300921e-26,1.5058216543938073e-25,8.5549664336974129e-09,-3.5796735232901666e-09,-3.5796735232901666e-09,8.2718061255302767e-25,0.24615384615384622,1201
2638,0.59375,0.625,0,0.00024414062499999989,4.9034418795824634e-06,1.1987514360976387e-05,8.9482031111430504e-06,8.9482031111430504e-06,4.0894787219228556e-27,2.5559242012017847e-26,1.7295098831528128e-09,-7.4201934810384167e-10,-7.4201934810384167e-10,0,0.24615384615384622,1201
2639,0.609375,0.625,0,0.00024414062499999989,7.1259546022437014e-07,1.931772047195448e-06,1.3973304835393634e-06,1.3973304835393634e-06,5.9430580467582308e-28,3.7144112792238945e-27,2.9765053392848565e-10,-1.3047889737697376e-10,-1.3047889737697376e-10,5.169878828456423e-26,0.24615384615384622,1201
2640,0.625,0.625,0,0.00024414062499999989,8.9030525532575283e-08,2.6866641557145046e-07,1.8845493316894196e-07,1.8845493316894196e-07,7.4251607076880231e-29,4.6407254423050147e-28,4.3856418466522238e-11,-1.958288144592492e-11,-1.958288144592492e-11,6.4623485355705287e-27,0.24615384615384622,1201
2641,0.640625,0.625,0,0.00024414062499999989,9.5857240451711689e-09,3.2340814830373502e-08,2.2017617899178829e-08,2.2017617899178829e-08,7.9945098727854778e-30,4.9965686704909229e-29,5.5554420862310371e-12,-2.5203117507799485e-12,-2.5203117507799485e-12,-8.0779356694631609e-28,0.24615384615384622,1201
2642,0.65625,0.625,0,0.00024414062499999989,8.8948828398715509e-10,3.3728183728583895e-09,2.2306166954848744e-09,2.2306166954848744e-09,7.4183471530713611e-31,4.6364669706696007e-30,6.0628175997832842e-13,-2.7885783139001824e-13,-2.7885783139001824e-13,5.0487097934144756e-29,0.24615384615384622,-1
2643,0.671875,0.625,0,0.00024414062499999989,7.0947511295205085e-11,3.0434942759014187e-10,1.9569774332953943e-10,1.9569774332953943e-10,5.9170342983616329e-32,3.6981464364760207e-31,5.6982889720443521e-14,-2.6526290102686132e-14,-2.6526290102686132e-14,6.3108872417680944e-30,0.24615384615384622,-1
2644,0.6875,0.625,0,0.00024414062499999989,4.8361943511470894e-12,2.3669974598884284e-11,1.4808925762389915e-11,1.4808925762389915e-11,4.0333941708275378e-33,2.520871356767211e-32,4.5980908807952116e-15,-2.1633420010972572e-15,-2.1633420010972572e-15,0,0.24615384615384622,-1
2645,0.703125,0.625,0,0.00024414062499999989,2.7909826952199892e-13,1.5758521636505854e-12,9.5993062702793716e-13,9.5993062702793716e-13,2.3276842319438161e-34,1.4548026449648851e-33,3.165903061837368e-16,-1.5037146890201367e-16,-1.5037146890201367e-16,0,0.24615384615384622,-1
2646,0.71875,0.625,0,0.00024414062499999989,1.3450400370684019e-14,8.8904798121039699e-14,5.275841200109089e-14,5.275841200109089e-14,1.1217656386688807e-35,7.0110352416805047e-35,1.8421483825770423e-17,-8.8248012988156226e-18,-8.8248012988156226e-18,-3.0814879110195774e-33,0.24615384615384622,-1
2647,0.734375,0.625,0,0.00024414062499999989,5.3094663481839909e-16,4.1905436929881331e-15,2.4237527819240738e-15,2.4237527819240738e-15,4.4281038072613552e-37,2.7675648795383464e-36,8.9345631302971986e-19,-4.3134543727149865e-19,-4.3134543727149865e-19,0,0.24615384615384622,-1
2648,0.75,0.625,0,0.00024414062499999989,1.6705110693824278e-17,1.6183535654102346e-16,9.1270122337445872e-17,9.1270122337445872e-17,1.3932090235273166e-38,8.7075563970457284e-38,3.5432188927538849e-20,-1.7227840381732802e-20,-1.7227840381732802e-20,-3.009265538105056e-36,0.24615384615384622,-1
2649,0.765625,0.625,0,0.00024414062499999989,4.024328618133964e-19,4.9826926864336427e-18,2.7411264672251145e-18,2.7411264672251145e-18,3.356296792751102e-40,2.0976854954694384e-39,1.1182274962451769e-21,-5.4725737773645681e-22,-5.4725737773645681e-22,-9.4039548065783001e-38,0.24615384615384622,-1
2650,0.78125,0.625,0,0.00024414062499999989,6.9635036481832249e-21,1.1749921810906488e-19,6.3077777609504737e-20,6.3077777609504737e-20,5.8075736795930689e-42,3.6297335497456674e-41,2.6986258413301178e-23,-1.328648449696292e-23,-1.328648449696292e-23,-2.9387358770557188e-39,0.24615384615384622,-1
2651,0.796875,0.625,0,0.00024414062499999989,7.698310395481719e-23,1.9910439677032927e-21,1.0434323266689144e-21,1.0434323266689144e-21,6.4204037348069419e-44,4.0127523342543381e-43,4.6730001556359246e-25,-2.3135049829940866e-25,-2.3135049829940866e-25,0,0.24615384615384622,-1
2652,0.8125,0.625,0,0.00024414062499999989,4.0812237640789335e-25,2.156740542900943e-23,1.1037994349035787e-23,1.1037994349035787e-23,3.4037474395491139e-46,2.127342149718196e-45,5.1658405890140449e-27,-2.570657001946689e-27,-2.570657001946689e-27,0,0.24615384615384622,-1
2653,0.828125,0.625,0,0.00024414062499999989,0,1.1210544762102446e-25,5.6052723810512228e-26,5.6052723810512228e-26,0,0,2.7369494048101663e-29,-1.3684747024050831e-29,-1.3684747024050831e-29,0,0.24615384615384622,-1
2654,0.84375,0.625,0,0.00024414062499999989,0,0,0,0,0,0,0,0,0,0,0.24615384615384622,-1
2655,0.859375,0.625,0,0.00024414062499999989,0,0,0,0,0,0,0,0,0,0,0.24615384615384622,-1
2656,0.875,0.625,0,0.00024414062499999989,0,0,0,0,0,0,0,0,0,0,0.24615384615384622,-1
2657,0.890625,0.625,0,0.00024414062499999989,0,0,0,0,0,0,0,0,0,0,0.24615384615384622,-1
2658,0.90625,0.625,0,0.00024414062499999989,0,0,0,0,0,0,0,0,0,0,0.24615384615384622,-1
2659,0.921875,0.625,0,0.00024414062499999989,0,0,0,0,0,0,0,0,0,0,0.24615384615384622,-1
2660,0.9375,0.625,0,0.00024414062499999989,0,0,0,0,0,0,0,0,0,0,0.24615384615384622,-1
2661,0.953125,0.625,0,0.00024414062499999989,0,0,0,0,0,0,0,0,0,0,0.24615384615384622,-1
2662,0.96875,0.625,0,0.00024414062499999989,0,0,0,0,0,0,0,0,0,0,0.24615384615384622,-1
2663,0.984375,0.625,0,0.00024414062499999989,0,0,0,0,0,0,0,0,0,0,0.24615384615384622,-1
2664,1,0.625,0,0.00012207031249999995,0,0,0,0,-0,0,0,0,0,0,0.49230769230769245,-1
2665,0,0.640625,0,0.00012207031249999995,0,0,0,0,0,0,0,0,0,0,0.16410256410256413,-1
2666,0.015625,0.640625,0,0.00024414062499999989,0,0,0,0,0,0,0,0,0,0,0.24615384615384622,-1
2667,0.03125,0.640625,0,0.00024414062499999989,0,0,0,0,0,0,0,0,0,0,0.24615384615384622,-1
2668,0.046875,0.640625,0,0.00024414062499999989,0,0,0,0,0,0,0,0,0,0,0.24615384615384622,-1
2669,0.0625,0.640625,0,0.00024414062499999989,0,0,0,0,0,0,0,0,0,0,0.24615384615384622,-1
2670,0.078125,0.640625,0,0.00024414062499999989,0,0,0,0,0,0,0,0,0,0,0.24615384615384622,-1
2671,0.09375,0.640625,0,0.00024414062499999989,0,0,0,0,0,0,0,0,0,0,0.24615384615384622,-1
2672,0.109375,0.640625,0,0.00024414062499999989,0,0,0,0,0,0,0,0,0,0,0.24615384615384622,-1
2673,0.125,0.640625,0,0.00024414062499999989,0,0,0,0,0,0,0,0,0,0,0.24615384615384622,-1
2674,0.140625,0.640625,0,0.00024414062499999989,0,0,0,0,0,0,0,0,0,0,0.24615384615384622,-1
2675,0.15625,0.640625,0,0.00024414062499999989,0,0,1.6805273622493213e-54,0,0,0,0,4.1028500054915051e-58,0,0,0.24615384615384622,-1
2676,0.171875,0.640625,0,0.00024414062499999989,-3.7566816495138123e-56,-2.8319600127104178e-56,1.7552876864124208e-54,0,-3.1330787736456186e-77,-1.9581742335285116e-76,2.2576211836020363e-60,4.3545099769031347e-58,6.91396487478129e-60,0,0.24615384615384622,-1
2677,0.1875,0.640625,0,0.00024414062499999989,-7.7859880036855588e-55,-4.1396535248671986e-54,6.3590351649599216e-27,8.7088186419173306e-38,-6.4935270065707374e-76,-4.0584543791067112e-75,-8.2057000109830101e-58,1.5524988195702927e-30,2.1261764262493473e-41,0,0.24615384615384622,-1
2678,0.203125,0.640625,0,0.00024414062499999989,-6.2002515585559026e-26,-4.6740357902957712e-26,-7.3798609064127368e-23,-8.3244656358319615e-26,-5.1710201613407272e-47,-3.2318876008379543e-46,3.7261127154788364e-30,-1.8005827320855559e-26,-8.9121822400785854e-30,-1.4012984643248171e-45,0.24615384615384622,-1
2679,0.21875,0.640625,0,0.00024414062499999989,6.2831542666015904e-22,4.7364044971963611e-22,4.1978052712047819e-22,4.7704594686607926e-22,5.2401611583930853e-43,3.2751007239956785e-42,-3.7762445542119833e-26,-1.314939516581003e-26,8.3142020176835623e-28,-2.2958874039497803e-41,0.24615384615384622,-1
2680,0.234375,0.640625,0,0.00024414062499999989,2.0430084634618106e-21,1.6875872855529177e-21,1.2183508590199979e-19,3.4398903125250319e-21,1.7038724726858213e-42,1.0649202954286383e-41,-8.6772748512913322e-26,2.9332885404405962e-23,4.2780835619436359e-25,9.1835496157991212e-41,0.24615384615384622,-1
2681,0.25,0.640625,0,0.00024414062499999989,3.4417858114382971e-21,3.0116340773240874e-21,1.0580867673024216e-18,5.5549377743511806e-21,2.870455118454759e-42,1.7940344490342244e-41,-1.0501751321147693e-25,2.575867024475335e-22,6.209237541570049e-25,0,0.24615384615384622,-1
2682,0.265625,0.640625,0,0.00024414062499999989,-3.8819953108576539e-18,-3.1658639160028258e-18,-2.9748979877017098e-18,-3.369885299820012e-18,-3.2375905766233926e-39,-2.0234941103896199e-38,1.7483676632197946e-22,4.662254108913959e-23,-4.9809908158492673e-23,-2.350988701644575e-38,0.24615384615384622,-1
2683,0.28125,0.640625,0,0.00024414062499999989,-8.0707570688439009e-19,-2.7172838233984216e-18,5.173904998970537e-19,-7.8069903989327002e-19,-6.7310248828025386e-40,-4.2068905517515857e-39,-4.663594034458083e-22,7.8971541096080903e-22,4.7279901941043722e-22,-2.9387358770557188e-39,0.24615384615384622,-1
2684,0.296875,0.640625,0,0.00024414062499999989,-1.728657364471014e-17,-1.5085048383218897e-17,-1.5170515368241634e-17,-1.5939201701617111e-17,-1.4417031308019539e-38,-9.0106445675122109e-38,5.3748175329376069e-22,-2.0865963140316757e-23,-2.0853352499956357e-22,-5.172175143618065e-37,0.24615384615384622,-1
2685,0.3125,0.640625,0,0.00024414062499999989,-2.5860058257115335e-17,-2.425231077482771e-17,-2.3334000673879753e-17,-2.5218020007003447e-17,-2.1567331802281661e-38,-1.3479582376426038e-37,3.9251647516787618e-22,2.2419680198924733e-22,-2.3576885551165441e-22,8.6986581960849276e-37,0.24615384615384622,-1
2686,0.328125,0.640625,0,0.00024414062499999989,-4.6837533851305413e-17,-4.1593208628684554e-17,-1.0508227219631101e-05,-5.5343473287463364e-17,-3.90625815041913e-38,-2.4414113440119563e-37,1.2803528375539211e-21,-2.5654851610325935e-09,-3.3569982077096693e-21,-3.76158192263132e-37,0.24615384615384622,1201
2687,0.34375,0.640625,0,0.00024414062499999989,-5.5343473287463457e-17,-5.1530112638247246e-17,-3.0593870711623479e-05,-5.550798735384827e-17,-4.6156549208585671e-38,-2.8847843255366038e-37,9.309962522500523e-22,-7.4692067166923661e-09,-9.7116081923853098e-22,-7.3468396926392969e-37,0.24615384615384622,1201
2688,0.359375,0.640625,0,0.00024414062499999989,0.00037286279929720233,0.00030209764160166858,0.00038308646662774218,0.00031546894202191925,3.1096819772081032e-25,1.9435512357550645e-24,-1.7276649828011159e-08,1.9772662359881243e-08,3.2644776416627539e-09,0,0.24615384615384622,1201
2689,0.375,0.640625,0,0.00024414062499999989,-5.5104575416575763e-17,6.1187741423084909e-05,-0.00084715719979975765,-5.5484046176945689e-17,-4.5957307985032898e-38,-2.8723317490645562e-37,1.4938413433383786e-08,-2.2176390166573294e-07,-1.4938413433383879e-08,4.70197740328915e-38,0.24615384615384622,1201
2690,0.390625,0.640625,0,0.00024414062499999989,-3.4701245783114176e-17,5.6911977805596235e-07,-0.0034414194740875789,-5.4991814155472534e-17,-2.8940896973850649e-38,-1.8088060608656655e-37,1.3894525832291586e-10,-8.4032924654922688e-07,-1.3894525832786962e-10,2.256949153578792e-36,0.24615384615384622,1201
2691,0.40625,0.640625,0,0.00024414062499999989,7.2320621713473088e-15,0.0017555021410279835,-0.0052876591757012349,-3.4911309954033243e-17,6.0315519367115284e-36,3.7697199604447053e-35,4.2858938989764418e-07,-1.7195218058420935e-06,-4.2858938989941834e-07,7.7037197775489434e-34,0.24615384615384622,1201
2692,0.421875,0.640625,0,0.00024414062499999989,0.011242544684607815,0.015358557137888293,0.0059676334792291355,0.0048832750900227422,9.3763010548593494e-24,5.8601881592870931e-23,1.0048858528516785e-06,-2.2927059713523325e-06,-2.5574419062171742e-06,0,0.24615384615384622,1201
2693,0.4375,0.640625,0,0.00024414062499999989,0.041750908979685405,0.043804582646356151,0.040336089618689487,0.039479660858376092,3.4820327860784213e-23,2.1762704912990135e-22,5.0138517252703806e-07,-8.4680005558268177e-07,-1.0558891083935692e-06,-4.2351647362715017e-22,0.24615384615384622,1201
2694,0.453125,0.640625,0,0.00024414062499999989,0.044989222291897155,0.051348182667986839,0.04914881803360345,0.048502920907790785,3.7521086574852451e-23,2.3450679109282783e-22,1.5524805605687709e-06,-5.3695425644125692e-07,-6.946439844228636e-07,-2.1175823681357508e-21,0.24615384615384622,1201
2695,0.46875,0.640625,0,0.00024414062499999989,0.028900291854778975,0.036946833074187752,0.034326934410250844,0.034326934410250844,2.4102891703397304e-23,1.5064307314623315e-22,1.9644876023947209e-06,-6.3962369725022113e-07,-6.3962369725022113e-07,-1.0587911840678754e-21,0.24615384615384622,1201
2696,0.484375,0.640625,0,0.00024414062499999989,0.013884227250699785,0.019580610307363917,0.017570547140601838,0.017570547140601838,1.1579468729608577e-23,7.2371679560053607e-23,1.3907185196933912e-06,-4.9073807782277315e-07,-4.9073807782277315e-07,1.0587911840678754e-22,0.24615384615384622,1201
2697,0.5,0.640625,0,0.00024414062499999989,0.0055502625676623445,0.0084912181929560869,0.007390975022636791,0.007390975022636791,4.6289282567111454e-24,2.8930801604444657e-23,7.1800674445647988e-07,-2.6861405525373413e-07,-2.6861405525373413e-07,-2.1175823681357508e-22,0.24615384615384622,1201
2698,0.515625,0.640625,0,0.00024414062499999989,0.0019610919548105651,0.0032197608429663988,0.0027316769991561326,0.0027316769991561326,1.6355539675765075e-24,1.0222212297353171e-23,3.0729220902242018e-07,-1.191610946802407e-07,-1.191610946802407e-07,-2.6469779601696886e-23,0.24615384615384622,1201
2699,0.53125,0.640625,0,0.00024414062499999989,0.00062383381164440659,0.0010960239130859775,0.00090871871116427632,0.00090871871116427632,5.2027844142675278e-25,3.2517402589172049e-24,1.1528078648475849e-07,-4.5728809062915312e-08,-4.5728809062915312e-08,-1.3234889800848443e-23,0.24615384615384622,1201
2700,0.546875,0.640625,0,0.00024414062499999989,0.00017597432163802073,0.00033288669234519188,0.00026936340572579427,0.00026936340572579427,1.4676287832431155e-25,9.172679895269472e-25,3.8308684254680428e-08,-1.5508614897313858e-08,-1.5508614897313858e-08,6.6174449004242214e-24,0.24615384615384622,1201
2701,0.5625,0.640625,0,0.00024414062499999989,4.3027355282283472e-05,8.8415400788637494e-05,6.9638659573335063e-05,6.9638659573335063e-05,3.5884886210274912e-26,2.242805388142182e-25,1.1081065797449707e-08,-4.5841653357671942e-09,-4.5841653357671942e-09,1.6543612251060553e-24,0.24615384615384622,1201
2702,0.578125,0.640625,0,0.00024414062499999989,8.9913785806266721e-06,2.0229074787916981e-05,1.547619821057498e-05,1.547619821057498e-05,7.4988247621192845e-27,4.6867654763245522e-26,2.7435781756079839e-09,-1.1603702581401362e-09,-1.1603702581401362e-09,2.0679515313825692e-25,0.24615384615384622,1201
2703,0.59375,0.640625,0,0.00024414062499999989,1.5977314231690889e-06,3.9612296050480903e-06,2.9402678880874769e-06,2.9402678880874769e-06,1.3325106769602178e-27,8.328191731001361e-27,5.7702592331030282e-10,-2.4925823167983715e-10,-2.4925823167983715e-10,0,0.24615384615384622,1201
2704,0.609375,0.640625,0,0.00024414062499999989,2.4144993336098342e-07,6.6333547085084321e-07,4.7753938664207355e-07,4.7753938664207355e-07,2.013696479203527e-28,1.2585602995022046e-27,1.0299939880123523e-10,-4.5360372121281635e-11,-4.5360372121281635e-11,1.9387045606711586e-26,0.24615384615384622,1201
2705,0.625,0.640625,0,0.00024414062499999989,3.1095679351790435e-08,9.5154345256735263e-08,6.6452920410937089e-08,6.6452920410937089e-08,2.5933848544710643e-29,1.6208655340444151e-28,1.5639322730699416e-11,-7.0071838002436925e-12,-7.0071838002436925e-12,-1.6155871338926322e-27,0.24615384615384622,1201
2706,0.640625,0.640625,0,0.00024414062499999989,3.4201206000460547e-09,1.1718705438110247e-08,7.943589933679029e-09,7.943589933679029e-09,2.8523862959479694e-30,1.7827414349674804e-29,2.0260216889805148e-12,-9.2165905869902733e-13,-9.2165905869902733e-13,0,0.24615384615384622,1201
2707,0.65625,0.640625,0,0.00024414062499999989,3.2157552990700208e-10,1.2409233342529179e-09,8.1707929110775384e-10,8.1707929110775384e-10,2.6819452934103767e-31,1.6762158083814855e-30,2.2445014754538947e-13,-1.0347754959598729e-13,-1.0347754959598729e-13,5.0487097934144756e-29,0.24615384615384622,-1
2708,0.671875,0.640625,0,0.00024414062499999989,2.5823435181385712e-11,1.1298890810016272e-10,7.2328375420283784e-11,7.2328375420283784e-11,2.1536788095920767e-32,1.346049255995048e-31,2.1280633036810785e-14,-9.9268878612985647e-15,-9.9268878612985647e-15,0,0.24615384615384622,-1
2709,0.6875,0.640625,0,0.00024414062499999989,1.7646451674892776e-12,8.8276064323970309e-12,5.498527045875519e-12,5.498527045875519e-12,1.4717170186599398e-33,9.1982313666246235e-33,1.7243557775653688e-15,-8.1276352209997798e-16,-8.1276352209997798e-16,-1.9721522630525295e-31,0.24615384615384622,-1
2710,0.703125,0.640625,0,0.00024414062499999989,1.0188572235228719e-13,5.8893649171059873e-13,3.5723805407034424e-13,3.5723805407034424e-13,8.4972862707388243e-35,5.3108039192117644e-34,1.1890887923786898e-16,-5.6567001377015232e-17,-5.6567001377015232e-17,0,0.24615384615384622,-1
2711,0.71875,0.640625,0,0.00024414062499999989,4.912589842708959e-15,3.3275040167902008e-14,1.9670266559904973e-14,1.9670266559904973e-14,4.0971081384579045e-36,2.5606925865361908e-35,6.9244263489240825e-18,-3.3214779316398993e-18,-3.3214779316398993e-18,-2.311115933264683e-33,0.24615384615384622,-1
2712,0.734375,0.640625,0,0.00024414062499999989,1.9433707472422407e-16,1.5721686037063631e-15,9.0628218576287919e-16,9.0628218576287919e-16,1.6207744508498584e-37,1.0129840317811612e-36,3.3638465063040487e-19,-1.6256992625573328e-19,-1.6256992625573328e-19,0,0.24615384615384622,-1
2713,0.75,0.640625,0,0.00024414062499999989,6.1438452941120559e-18,6.0981289304935528e-17,3.4297208668264465e-17,3.4297208668264465e-17,5.1239772425316423e-39,3.202485776582276e-38,1.3388047854204945e-20,-6.5146681241872675e-21,-6.5146681241872675e-21,-3.009265538105056e-36,0.24615384615384622,-1
2714,0.765625,0.640625,0,0.00024414062499999989,1.4918679166041269e-19,1.8905891875814479e-18,1.0378743585268718e-18,1.0378743585268718e-18,1.2442203355720137e-40,7.7763770973250853e-40,4.2514706931665883e-22,-2.081823313121523e-22,-2.081823313121523e-22,-4.70197740328915e-38,0.24615384615384622,-1
2715,0.78125,0.640625,0,0.00024414062499999989,2.6102102731549805e-21,4.5016108813681853e-20,2.413023195415153e-20,2.413023195415153e-20,2.1769197298450861e-42,1.3605748311531789e-41,1.0353002573370814e-23,-5.099091030158768e-24,-5.099091030158768e-24,0,0.24615384615384622,-1
2716,0.796875,0.640625,0,0.00024414062499999989,2.9260882368320884e-23,7.7222295431181659e-22,4.0432083553835875e-22,4.0432083553835875e-22,2.4403624794289462e-44,1.5252265496430911e-43,1.8138722459557991e-25,-8.9819853216176196e-26,-8.9819853216176196e-26,1.1479437019748901e-41,0.24615384615384622,-1
2717,0.8125,0.640625,0,0.00024414062499999989,1.5767192372215112e-25,8.4873369144367093e-24,4.3419101943067721e-24,4.3419101943067721e-24,1.314986478765577e-46,8.2186654922848557e-46,2.0336096168736705e-27,-1.0120670703442224e-27,-1.0120670703442224e-27,-1.7936620343357659e-43,0.24615384615384622,-1
2718,0.828125,0.640625,0,0.00024414062499999989,0,4.4844340237446171e-26,2.2422170118723085e-26,2.2422170118723085e-26,0,0,1.0948325253282752e-29,-5.4741626266413761e-30,-5.4741626266413761e-30,0,0.24615384615384622,-1
2719,0.84375,0.640625,0,0.00024414062499999989,0,0,0,0,0,0,0,0,0,0,0.24615384615384622,-1
2720,0.859375,0.640625,0,0.00024414062499999989,0,0,0,0,0,0,0,0,0,0,0.24615384615384622,-1
2721,0.875,0.640625,0,0.00024414062499999989,0,0,0,0,0,0,0,0,0,0,0.24615384615384622,-1
2722,0.890625,0.640625,0,0.00024414062499999989,0,0,0,0,0,0,0,0,0,0,0.24615384615384622,-1
2723,0.90625,0.640625,0,0.00024414062499999989,0,0,0,0,0,0,0,0,0,0,0.24615384615384622,-1
2724,0.921875,0.640625,0,0.00024414062499999989,0,0,0,0,0,0,0,0,0,0,0.24615384615384622,-1
2725,0.9375,0.640625,0,0.00024414062499999989,0,0,0,0,0,0,0,0,0,0,0.24615384615384622,-1
2726,0.953125,0.640625,0,0.00024414062499999989,0,0,0,0,0,0,0,0,0,0,0.24615384615384622,-1
2727,0.96875,0.640625,0,0.00024414062499999989,0,0,0,0,0,0,0,0,0,0,0.24615384615384622,-1
2728,0.984375,0.640625,0,0.00024414062499999989,0,0,0,0,0,0,0,0,0,0,0.24615384615384622,-1
2729,1,0.640625,0,0.00012207031249999995,0,0,0,0,-0,0,0,0,0,0,0.49230769230769245,-1
2730,0,0.65625,0,0.00012207031249999995,0,0,0,0,0,0,0,0,0,0,0.16410256410256413,-1
2731,0.015625,0.65625,0,0.00024414062499999989,0,0,0,0,0,0,0,0,0,0,0.24615384615384622,-1
2732,0.03125,0.65625,0,0.00024414062499999989,0,0,0,0,0,0,0,0,0,0,0.24615384615384622,-1
2733,0.046875,0.65625,0,0.00024414062499999989,0,0,0,0,0,0,0,0,0,0,0.24615384615384622,-1
2734,0.0625,0.65625,0,0.00024414062499999989,0,0,0,0,0,0,0,0,0,0,0.24615384615384622,-1
2735,0.078125,0.65625,0,0.00024414062499999989,0,0,0,0,0,0,0,0,0,0,0.24615384615384622,-1
2736,0.09375,0.65625,0,0.00024414062499999989,0,0,0,0,0,0,0,0,0,0,0.24615384615384622,-1
2737,0.109375,0.65625,0,0.00024414062499999989,0,0,0,0,0,0,0,0,0,0,0.24615384615384622,-1
2738,0.125,0.65625,0,0.00024414062499999989,0,0,0,0,0,0,0,0,0,0,0.24615384615384622,-1
2739,0.140625,0.65625,0,0.00024414062499999989,0,0,0,0,0,0,0,0,0,0,0.24615384615384622,-1
2740,0.15625,0.65625,0,0.00024414062499999989,0,0,7.7060136400283325e-58,0,0,0,0,1.8813509863350414e-61,0,0,0.24615384615384622,-1
2741,0.171875,0.65625,0,0.00024414062499999989,0,0,7.8606303588124355e-56,0,0,0,0,1.9190992086944414e-59,0,0,0.24615384615384622,-1
2742,0.1875,0.65625,0,0.00024414062499999989,-7.6336462488812648e-55,-7.6490582761613218e-55,6.3584435564749105e-27,6.0029492045668051e-36,-6.3664737284791457e-76,-3.9790460802994662e-75,-3.7627019726700877e-61,1.5523543839050068e-30,1.465563770646192e-39,0,0.24615384615384622,-1
2743,0.203125,0.65625,0,0.00024414062499999989,-6.1992901949648943e-26,-4.6733110700503893e-26,-1.2941976851003649e-23,-8.322523597276906e-26,-5.1702183824992501e-47,-3.2313864890620313e-46,3.7255349729358033e-30,-3.1482528662849463e-27,-8.9092102715491089e-30,-1.4012984643248171e-45,0.24615384615384622,-1
2744,0.21875,0.65625,0,0.00024414062499999989,-8.3248487024678278e-26,-7.5473438870012903e-26,-6.3746115492865106e-23,-8.3248985837337138e-26,-6.9429377298682712e-47,-4.3393360811676689e-46,1.8982051158851006e-30,-1.5544590345213639e-26,-1.8983268963193926e-30,3.5038876243424648e-46,0.24615384615384622,-1
2745,0.234375,0.65625,0,0.00024414062499999989,2.6508239453597941e-22,2.2559131147138474e-22,-7.418108431075313e-23,2.1195339416129142e-22,2.2107916003351425e-43,1.381744750209464e-42,-9.6413777013170463e-27,-7.3186620063998469e-26,-3.3295696557845011e-27,-8.6095777648116761e-42,0.24615384615384622,-1
2746,0.25,0.65625,0,0.00024414062499999989,3.4287084041643528e-21,2.7120316602638356e-21,8.2665454044284703e-20,5.5242784739021722e-21,2.8595485389340757e-42,1.7872178368337974e-41,-1.7496990817883713e-25,1.9519878511723837e-23,6.8658369473592166e-25,9.1835496157991212e-41,0.24615384615384622,-1
2747,0.265625,0.65625,0,0.00024414062499999989,5.5642476588223879e-21,4.8988736222422944e-21,2.1766841634320906e-20,8.4587249402266528e-21,4.6405918461097047e-42,2.9003699038185652e-41,-1.6244483314943682e-25,4.1181562529488782e-24,8.6910432567977446e-25,1.8367099231598242e-40,0.24615384615384622,-1
2748,0.28125,0.65625,0,0.00024414062499999989,8.5583706814277734e-21,-1.5189448344173213e-19,2.8271877946119316e-19,1.2299382242107632e-20,7.1376954505694158e-42,4.4610596566058844e-41,-3.9173060088662068e-23,1.0610675363840944e-22,4.0086392989218674e-23,-3.6734198463196485e-40,0.24615384615384622,-1
2749,0.296875,0.65625,0,0.00024414062499999989,1.2323750736744864e-20,-2.2410688931551559e-20,7.6760126409102227e-19,1.6919798884760318e-20,1.0278028709191246e-41,6.4237679432445279e-41,-8.4800878096426776e-24,1.9287401196840172e-22,9.6021698770292623e-24,1.8367099231598242e-40,0.24615384615384622,-1
2750,0.3125,0.65625,0,0.00024414062499999989,-2.9373377174163247e-18,-2.9209677366441839e-18,-1.9157455784720736e-18,-2.5071574928760024e-18,-2.4497445650356865e-39,-1.5310903531473037e-38,3.9965773369484483e-24,2.4541556595998778e-22,1.0102789154496611e-22,2.350988701644575e-38,0.24615384615384622,-1
2751,0.328125,0.65625,0,0.00024414062499999989,-4.9291425880702614e-18,-5.2580711095100022e-18,-7.1468376674933392e-19,-5.0041645359538313e-18,-4.1109131557512305e-39,-2.5693207223445191e-38,-8.0304814804624296e-23,1.1092254254786782e-21,6.198890955961201e-23,1.2636564271339591e-37,0.24615384615384622,-1
2752,0.34375,0.65625,0,0.00024414062499999989,-4.6837533622407678e-17,-3.8057311839538465e-17,-7.6484676779347382e-06,-5.5343473287463457e-17,-3.9062581313290208e-38,-2.4414113320806382e-37,2.1436088337083033e-21,-1.8673016791739936e-09,-4.2202542597473118e-21,1.128474576789396e-36,0.24615384615384622,1201
2753,0.359375,0.65625,0,0.00024414062499999989,-4.6837456398826661e-17,-4.5279449347511082e-17,-1.0499444984507862e-06,-5.533204994515763e-17,-3.9062516908694587e-38,-2.4414073067934114e-37,3.8037281526259258e-22,-2.5633410605603183e-10,-2.4542481927848015e-21,7.5231638452626401e-37,0.24615384615384622,1201
2754,0.375,0.65625,0,0.00024414062499999989,1.2796198574262774e-05,2.4943300434832684e-05,2.039520368681535e-05,1.8820330340314455e-05,1.0672050995208935e-26,6.670031872005584e-26,2.965601040178199e-09,-1.1103751826214192e-09,-1.4948657457319883e-09,0,0.24615384615384622,1201
2755,0.390625,0.65625,0,0.00024414062499999989,5.6727844647288305e-07,2.5275296718313286e-06,1.6171519607234351e-06,1.5394007936644707e-06,4.7311117236161671e-28,2.9569448272601044e-27,4.785769593160265e-10,-2.2226018337595046e-10,-2.4124240189620544e-10,5.169878828456423e-26,0.24615384615384622,1201
2756,0.40625,0.65625,0,0.00024414062499999989,-3.468515381147757e-17,9.8925130641737217e-08,-0.00023056683865742159,-3.4701259018003977e-17,-2.8927476242613736e-38,-1.8079672651633585e-37,2.415164323154842e-11,-5.6314883737320122e-08,-2.4151643231552353e-11,4.0389678347462741e-28,0.24615384615384622,1201
2757,0.421875,0.65625,0,0.00024414062499999989,-3.4656832232978308e-17,1.4196827060724239e-10,-0.00085723973959162306,-3.4685152803351198e-17,-2.8903855998815956e-38,-1.8064909999259971e-37,3.4660230777361955e-14,-2.092870804589583e-07,-3.4660230784276156e-14,2.9387358770557188e-39,0.24615384615384622,1201
2758,0.4375,0.65625,0,0.00024414062499999989,9.8829464704461908e-06,0.00046868282363085497,-0.0010926085972647842,1.4260752260065318e-09,8.2423938721659299e-27,5.1514961701037059e-26,1.1201168875986537e-07,-3.8117466330459923e-07,-1.1442416932510468e-07,1.2407709188295415e-24,0.24615384615384622,1201
2759,0.453125,0.65625,0,0.00024414062499999989,0.0049998705511805673,0.0054836128058875925,0.0048124100623602199,0.0044232264727571951,4.1699003951817447e-24,2.6061877469885902e-23,1.1810113640308238e-07,-1.6386785730648739e-07,-2.5888338211191337e-07,-1.0587911840678754e-22,0.24615384615384622,1201
2760,0.46875,0.65625,0,0.00024414062499999989,0.0053936306671544462,0.0067321834236169454,0.0061698115168456538,0.0060596526877356865,4.4982969899333015e-24,2.811435618708313e-23,3.2679510655822735e-07,-1.3729782880158487e-07,-1.6419207418976031e-07,-2.9116757561866574e-22,0.24615384615384622,1201
2761,0.484375,0.65625,0,0.00024414062499999989,0.0031945925411195186,0.004497631899020727,0.0040068055704032112,0.0040068055704032112,2.6642955179136697e-24,1.6651846986960437e-23,3.1812484323759966e-07,-1.1983064663513553e-07,-1.1983064663513553e-07,-1.852884572118782e-22,0.24615384615384622,1201
2762,0.5,0.65625,0,0.00024414062499999989,0.0013794635619257985,0.0021537572910621649,0.0018537199002342469,0.0018537199002342469,1.1504749159265717e-24,7.190468224541072e-24,1.8903655496493318e-07,-7.3251316120097116e-08,-7.3251316120097116e-08,-6.6174449004242214e-23,0.24615384615384622,1201
2763,0.515625,0.65625,0,0.00024414062499999989,0.00049126429172745116,0.00083531223706547397,0.00069767440755161584,0.00069767440755161584,4.0971524027342709e-25,2.5607202517089193e-24,8.3996080404790698e-08,-3.3602985721156749e-08,-3.3602985721156749e-08,-1.3234889800848443e-23,0.24615384615384622,1201
2764,0.53125,0.65625,0,0.00024414062499999989,0.00015351552431310631,0.00028106840147569957,0.00022885077048460299,0.00022885077048460299,1.2803220382347783e-25,8.0020127389673628e-25,3.114083915102373e-08,-1.2748445066185684e-08,-1.2748445066185684e-08,3.3087224502121107e-24,0.24615384615384622,1201
2765,0.546875,0.65625,0,0.00024414062499999989,4.3074832122838518e-05,8.4626105099821084e-05,6.7338941822450607e-05,6.7338941822450607e-05,3.5924481974638403e-26,2.2452801234148997e-25,1.0144353754146131e-08,-4.2204988470142735e-09,-4.2204988470142735e-09,-2.481541837659083e-24,0.24615384615384622,1201
2766,0.5625,0.65625,0,0.00024414062499999989,1.0756362119581317e-05,2.2779463786818144e-05,1.770446122944379e-05,1.770446122944379e-05,8.9708239831468083e-27,5.606764989466754e-26,2.9353275554777394e-09,-1.2390142962339722e-09,-1.2390142962339722e-09,-2.0679515313825692e-25,0.24615384615384622,1201
2767,0.578125,0.65625,0,0.00024414062499999989,2.3425354533859304e-06,5.3920005190095529e-06,4.0848056495575187e-06,4.0848056495575187e-06,1.9536784828348786e-27,1.2210490517717991e-26,7.444983070370168e-10,-3.1913937242481284e-10,-3.1913937242481284e-10,0,0.24615384615384622,1201
2768,0.59375,0.65625,0,0.00024414062499999989,4.3779200422241033e-07,1.1046511724380182e-06,8.1409101675511059e-07,8.1409101675511059e-07,3.6511926313440036e-28,2.2819953945900021e-27,1.6280741411513858e-10,-7.0937538008522342e-11,-7.0937538008522342e-11,0,0.24615384615384622,1201
2769,0.609375,0.65625,0,0.00024414062499999989,6.960886387546888e-08,1.9402315918926015e-07,1.3892571054185745e-07,1.3892571054185745e-07,5.8053908798485468e-29,3.6283692999053423e-28,3.037458381684356e-11,-1.3451525548682296e-11,-1.3451525548682296e-11,0,0.24615384615384622,1201
2770,0.625,0.65625,0,0.00024414062499999989,9.3854860883539856e-09,2.9100541394636829e-08,2.0234044664169663e-08,2.0234044664169663e-08,7.8275110821737473e-30,4.8921944263585916e-29,4.8132459243854577e-12,-2.1646720533367095e-12,-2.1646720533367095e-12,0,0.24615384615384622,1201
2771,0.640625,0.65625,0,0.00024414062499999989,1.0723494650183242e-09,3.7234780701433565e-09,2.5141781503974404e-09,2.5141781503974404e-09,8.9434124587425832e-31,5.589632786714114e-30,6.4724819461060323e-13,-2.9523923821921772e-13,-2.9523923821921772e-13,1.0097419586828951e-28,0.24615384615384622,-1
2772,0.65625,0.65625,0,0.00024414062499999989,1.038086098683407e-10,4.064673746086033e-10,2.6663558684182713e-10,2.6663558684182713e-10,8.6576554109196278e-32,5.4110346318247675e-31,7.3891299985415648e-14,-3.413862006024808e-14,-3.413862006024808e-14,0,0.24615384615384622,-1
2773,0.671875,0.65625,0,0.00024414062499999989,8.506299816314218e-12,3.7846621002070212e-11,2.4135279431705745e-11,2.4135279431705745e-11,7.0942682620468635e-33,4.4339176637792898e-32,7.1631643519912058e-15,-3.3474955005772613e-15,-3.3474955005772613e-15,0,0.24615384615384622,-1
2774,0.6875,0.65625,0,0.00024414062499999989,5.8840181611836713e-13,3.001263822262774e-12,1.8621434134389852e-12,1.8621434134389852e-12,4.9072809794611533e-34,3.0670506121632209e-33,5.8907763821884914e-16,-2.7810556856049516e-16,-2.7810556856049516e-16,-9.8607613152626476e-32,0.24615384615384622,-1
2775,0.703125,0.65625,0,0.00024414062499999989,3.4169106801686664e-14,2.0197862103925938e-13,1.2203270081180333e-13,1.2203270081180333e-13,2.8497092174059932e-35,1.7810682608787457e-34,4.0969119686907376e-17,-1.9518046930531255e-17,-1.9518046930531255e-17,9.2444637330587321e-33,0.24615384615384622,-1
2776,0.71875,0.65625,0,0.00024414062499999989,1.6499062257651252e-15,1.1459957087113647e-14,6.7482447986501763e-15,6.7482447986501763e-15,1.3760245495168524e-36,8.6001534344803272e-36,2.3950319485714156e-18,-1.1503203829256515e-18,-1.1503203829256515e-18,-1.9259299443872359e-34,0.24615384615384622,-1
2777,0.734375,0.65625,0,0.00024414062499999989,6.5230835813199063e-17,5.4235729090607419e-16,3.115142805111779e-16,3.115142805111779e-16,5.440262607824283e-38,3.4001641298901769e-37,1.1648595095040892e-19,-5.6358156834691454e-20,-5.6358156834691454e-20,0,0.24615384615384622,-1
2778,0.75,0.65625,0,0.00024414062499999989,2.06131228026521e-18,2.1058391178032932e-17,1.1806063178774749e-17,1.1806063178774749e-17,1.7191378864881461e-39,1.0744611790550913e-38,4.6379587152753208e-21,-2.2588691404438911e-21,-2.2588691404438911e-21,-3.76158192263132e-37,0.24615384615384622,-1
2779,0.765625,0.65625,0,0.00024414062499999989,5.0125010109225077e-20,6.541733662487844e-19,3.5818707429493261e-19,3.5818707429493261e-19,4.1804342197138237e-41,2.6127713873211397e-40,1.4747274319813455e-22,-7.2262278309045813e-23,-7.2262278309045813e-23,-1.1754943508222875e-38,0.24615384615384622,-1
2780,0.78125,0.65625,0,0.00024414062499999989,8.8092105702948543e-22,1.5641125610759659e-20,8.3679650108739573e-21,8.3679650108739573e-21,7.3468963370738082e-43,4.5918102106711296e-42,3.6035655648755293e-24,-1.7756739745814695e-24,-1.7756739745814695e-24,0,0.24615384615384622,-1
2781,0.796875,0.65625,0,0.00024414062499999989,9.9549822628994752e-24,2.7019632012095844e-22,1.412928516815303e-22,1.412928516815303e-22,8.3024718434540582e-45,5.189044902158786e-44,6.3535482875502644e-26,-3.1470573349469748e-26,-3.1470573349469748e-26,1.1479437019748901e-41,0.24615384615384622,-1
2782,0.8125,0.65625,0,0.00024414062499999989,5.4270721991252516e-26,2.9996641619899708e-24,1.5336469154664578e-24,1.5336469154664578e-24,4.5261872834825247e-47,2.8288670521765778e-46,7.1909019531218672e-28,-3.5791436682702935e-28,-3.5791436682702935e-28,0,0.24615384615384622,-1
2783,0.828125,0.65625,0,0.00024414062499999989,0,1.6056193203491849e-26,8.0280966017459246e-27,8.0280966017459246e-27,0,0,3.9199690438212508e-30,-1.9599845219106254e-30,-1.9599845219106254e-30,0,0.24615384615384622,-1
2784,0.84375,0.65625,0,0.00024414062499999989,0,0,0,0,0,0,0,0,0,0,0.24615384615384622,-1
2785,0.859375,0.65625,0,0.00024414062499999989,0,0,0,0,0,0,0,0,0,0,0.24615384615384622,-1
2786,0.875,0.65625,0,0.00024414062499999989,0,0,0,0,0,0,0,0,0,0,0.24615384615384622,-1
2787,0.890625,0.65625,0,0.00024414062499999989,0,0,0,0,0,0,0,0,0,0,0.24615384615384622,-1
2788,0.90625,0.65625,0,0.00024414062499999989,0,0,0,0,0,0,0,0,0,0,0.24615384615384622,-1
2789,0.921875,0.65625,0,0.00024414062499999989,0,0,0,0,0,0,0,0,0,0,0.24615384615384622,-1
2790,0.9375,0.65625,0,0.00024414062499999989,0,0,0,0,0,0,0,0,0,0,0.24615384615384622,-1
2791,0.953125,0.65625,0,0.00024414062499999989,0,0,0,0,0,0,0,0,0,0,0.24615384615384622,-1
2792,0.96875,0.65625,0,0.00024414062499999989,0,0,0,0,0,0,0,0,0,0,0.24615384615384622,-1
2793,0.984375,0.65625,0,0.00024414062499999989,0,0,0,0,0,0,0,0,0,0,0.24615384615384622,-1
2794,1,0.65625,0,0.00012207031249999995,0,0,0,0,-0,0,0,0,0,0,0.49230769230769245,-1
2795,0,0.671875,0,0.00012207031249999995,0,0,0,0,0,0,0,0,0,0,0.16410256410256413,-1
2796,0.015625,0.671875,0,0.00024414062499999989,0,0,0,0,0,0,0,0,0,0,0.24615384615384622,-1
2797,0.03125,0.671875,0,0.00024414062499999989,0,0,0,0,0,0,0,0,0,0,0.24615384615384622,-1
2798,0.046875,0.671875,0,0.00024414062499999989,0,0,0,0,0,0,0,0,0,0,0.24615384615384622,-1
2799,0.0625,0.671875,0,0.00024414062499999989,0,0,0,0,0,0,0,0,0,0,0.24615384615384622,-1
2800,0.078125,0.671875,0,0.00024414062499999989,0,0,0,0,0,0,0,0,0,0,0.24615384615384622,-1
2801,0.09375,0.671875,0,0.00024414062499999989,0,0,0,0,0,0,0,0,0,0,0.24615384615384622,-1
2802,0.109375,0.671875,0,0.00024414062499999989,0,0,0,0,0,0,0,0,0,0,0.24615384615384622,-1
2803,0.125,0.671875,0,0.00024414062499999989,0,0,0,0,0,0,0,0,0,0,0.24615384615384622,-1
2804,0.140625,0.671875,0,0.00024414062499999989,0,0,0,0,0,0,0,0,0,0,0.24615384615384622,-1
2805,0.15625,0.671875,0,0.00024414062499999989,0,0,0,0,0,0,0,0,0,0,0.24615384615384622,-1
2806,0.171875,0.671875,0,0.00024414062499999989,0,0,1.5658761536166699e-56,0,0,0,0,3.8229398281656963e-60,0,0,0.24615384615384622,-1
2807,0.1875,0.671875,0,0.00024414062499999989,0,0,1.2716492701463427e-27,6.0029492043958958e-36,0,0,0,3.1046124759432183e-31,1.4655637706044661e-39,0,0.24615384615384622,-1
2808,0.203125,0.671875,0,0.00024414062499999989,6.0029492045881672e-36,4.5252994397415751e-36,8.5355747696936904e-27,6.0061017681723829e-36,5.0064696684112482e-57,3.1290435427570294e-56,-3.6075433712074981e-40,2.0838805579024383e-30,3.6152400596455248e-40,-4.1101771307217269e-56,0.24615384615384622,-1
2809,0.21875,0.671875,0,0.00024414062499999989,-8.3215195677812857e-26,-6.5274753743567022e-26,-5.5135461096187007e-24,-8.322103673042403e-26,-6.9401612259762365e-47,-4.3376007662351471e-46,4.3799907066029869e-30,-1.3301443739929519e-27,-4.3814167448381339e-30,-2.101263468721442e-45,0.24615384615384622,-1
2810,0.234375,0.671875,0,0.00024414062499999989,-8.3249194385290411e-26,-7.9828234525548452e-26,-7.1273789818449991e-23,-8.3249112329360004e-26,-6.9429967238615337e-47,-4.3393729524134587e-46,8.3519527825731554e-31,-1.7381338277325296e-26,-8.351752450711786e-31,-1.9267934067407537e-45,0.24615384615384622,-1
2811,0.25,0.671875,0,0.00024414062499999989,1.0374383198878751e-23,1.8678807402342394e-23,-1.0245429897940648e-22,1.4795947402034765e-25,8.6522529249395844e-45,5.4076580780872403e-44,2.0274473152987399e-27,-2.9573512300231648e-26,-4.5241327950004975e-27,0,0.24615384615384622,-1
2812,0.265625,0.671875,0,0.00024414062499999989,5.0225058908682913e-23,1.8022597758360906e-22,-6.4767741222281192e-23,1.0717265415038433e-22,4.1887783063081892e-44,2.6179864414426183e-43,3.1738505535870632e-26,-5.9812919630344276e-26,-1.7835284041314624e-26,-2.8698592549372254e-42,0.24615384615384622,-1
2813,0.28125,0.671875,0,0.00024414062499999989,1.3276166442134889e-22,3.3659735298815946e-22,-1.008320493486504e-21,1.9073266149851671e-22,1.1072344999109077e-43,6.9202156244431716e-43,4.976457240400647e-26,-3.2834908361197823e-25,-3.5611496945713545e-26,-5.7397185098744507e-42,0.24615384615384622,-1
2814,0.296875,0.671875,0,0.00024414062499999989,1.227061858614863e-20,9.6225082368418117e-21,7.0992234158486929e-20,1.6864104476150207e-20,1.023371640680258e-41,6.3960727542516123e-41,-6.4651131574873483e-25,1.4982843242589134e-23,1.7679678318624008e-24,-5.5101297694794727e-40,0.24615384615384622,-1
2815,0.3125,0.671875,0,0.00024414062499999989,1.692088826535769e-20,1.527442633720203e-20,1.577974190684637e-19,1.6918238421914972e-20,1.4112049090527144e-41,8.8200306815794648e-41,-4.0196824417862773e-25,3.4795652522280662e-23,4.0132130974437029e-25,2.6904930515036488e-43,0.24615384615384622,-1
2816,0.328125,0.671875,0,0.00024414062499999989,-4.7352059312279292e-19,-4.7403255942688298e-19,4.5918683486596438e-19,-4.5521543799605269e-19,-3.9491696598488986e-40,-2.4682310374055612e-39,-1.2499177345948341e-25,2.2783676618477709e-22,4.5940237868237897e-24,8.8162076311671563e-39,0.24615384615384622,-1
2817,0.34375,0.671875,0,0.00024414062499999989,-3.5374800081625337e-19,-5.4590595165360861e-19,4.3108064632095959e-18,-5.344171784878847e-19,-2.9502642384414303e-40,-1.8439151490258937e-39,-4.691356221615116e-23,1.1857208044099614e-21,2.8048762611630551e-24,5.8774717541114375e-39,0.24615384615384622,-1
2818,0.359375,0.671875,0,0.00024414062499999989,-4.6837456398826673e-17,-3.7290731953439967e-17,-2.6248612464331039e-07,-4.6837533622407678e-17,-3.9062516908694597e-38,-2.4414073067934118e-37,2.3307432727994892e-21,-6.4083526515141493e-11,-2.330762126212819e-21,-1.1284659672116312e-36,0.24615384615384622,1201
2819,0.375,0.671875,0,0.00024414062499999989,-4.6602094805764782e-17,-4.4739155218604572e-17,-2.3303047090728679e-08,-4.6837456398825928e-17,-3.8866224946758175e-38,-2.4291390591723857e-37,4.5481923514653616e-22,-5.6892204702122836e-12,-5.1228056157747846e-22,-1.0109251417071673e-36,0.24615384615384622,1201
2820,0.390625,0.671875,0,0.00024414062499999989,1.4218627417338575e-07,6.3215882510628505e-07,4.0437956819869031e-07,3.8688096992875913e-07,1.1858359027415725e-28,7.4114743921348283e-28,1.196222048176023e-10,-5.5610170143455727e-11,-5.9882288861700637e-11,1.2924697071141057e-26,0.24615384615384622,1201
2821,0.40625,0.671875,0,0.00024414062499999989,3.4604701416808946e-09,4.9214756185450336e-08,2.6763517184869254e-08,2.6338432284164006e-08,2.8860378811012672e-30,1.8037736756882921e-29,1.1170479991154644e-11,-5.4812595216262382e-12,-5.5850400149624805e-12,0,0.24615384615384622,1201
2822,0.421875,0.671875,0,0.00024414062499999989,-3.4656833043937857e-17,5.8566111422866041e-10,-2.0243427654703335e-07,-3.4685153604682417e-17,-2.8903856675157578e-38,-1.8064910421973484e-37,1.4298367892712234e-13,-4.9565414468081526e-11,-1.4298367893403655e-13,8.6615539549388281e-30,0.24615384615384622,1201
2823,0.4375,0.671875,0,0.00024414062499999989,-3.4338559960180879e-17,-3.360892731370897e-17,-0.00010258630423600233,-3.4656757708513068e-17,-2.8638416391424514e-38,-1.789901024464032e-37,1.7813297033005607e-22,-2.504548443260954e-08,-2.5581796748146928e-22,1.5281426560689738e-37,0.24615384615384622,1201
2824,0.453125,0.671875,0,0.00024414062499999989,3.0294508067601545e-07,6.33828198059325e-07,-0.00014741129399039604,1.2783324601549432e-11,2.5265670354825568e-28,1.579104397176598e-27,8.0782011079909507e-11,-3.6143828659290848e-08,-1.5474009148796952e-10,1.2924697071141057e-26,0.24615384615384622,1201
2825,0.46875,0.671875,0,0.00024414062499999989,0.00045432507216231399,0.00054766381671736484,0.00045066794360991338,0.00040425480999726885,3.7890786942539572e-25,2.3681741839087235e-24,2.2787779432385469e-08,-2.3680633082873877e-08,-3.5011964531273429e-08,-1.1580528575742387e-23,0.24615384615384622,1201
2826,0.484375,0.671875,0,0.00024414062499999989,0.00048759360407587291,0.00066340449542889033,0.00058470643266116389,0.00057472706420700606,4.0665388063776796e-25,2.5415867539860496e-24,4.2922580896732756e-08,-1.9213394230401959e-08,-2.1649763481905339e-08,3.3087224502121107e-24,0.24615384615384622,1201
2827,0.5,0.671875,0,0.00024414062499999989,0.00026563760261347604,0.00041273675062381113,0.00035291265864289021,0.00035291265864289021,2.2154220449797836e-25,1.3846387781123646e-24,3.5912877932210709e-08,-1.4605491206279519e-08,-1.4605491206279519e-08,-3.3087224502121107e-24,0.24615384615384622,1201
2828,0.515625,0.671875,0,0.00024414062499999989,0.00010404540499647841,0.00018004250356768784,0.00014883664959735571,0.00014883664959735571,8.6774041641781587e-26,5.4233776026113491e-25,1.8553979143361671e-08,-7.618616691975614e-09,-7.618616691975614e-09,-3.3087224502121107e-24,0.24615384615384622,1201
2829,0.53125,0.671875,0,0.00024414062499999989,3.3365362654149539e-05,6.3089103826413564e-05,5.064818146404045e-05,5.064818146404045e-05,2.7826768211842808e-26,1.7391730132401753e-25,7.2567727471347667e-09,-3.0373345611262477e-09,-3.0373345611262477e-09,2.481541837659083e-24,0.24615384615384622,1201
2830,0.546875,0.671875,0,0.00024414062499999989,9.3276257270107252e-06,1.9057380762796039e-05,1.4919220625822716e-05,1.4919220625822716e-05,7.7792554441205483e-27,4.8620346525753422e-26,2.3754284755335235e-09,-1.0102930021907522e-09,-1.0102930021907522e-09,-6.2038545941477076e-25,0.24615384615384622,1201
2831,0.5625,0.671875,0,0.00024414062499999989,2.3331199342826137e-06,5.1299293870397739e-06,3.9258965354002483e-06,3.9258965354002483e-06,1.9458259241680365e-27,1.2161412026050228e-26,6.8281480780204066e-10,-2.9395333291980586e-10,-2.9395333291980586e-10,5.169878828456423e-26,0.24615384615384622,1201
2832,0.578125,0.671875,0,0.00024414062499999989,5.1992385641950982e-07,1.2345387858032926e-06,9.2351207412645979e-07,9.2351207412645979e-07,4.3361736512082625e-28,2.7101085320051638e-27,1.7446653549408748e-10,-7.59342557804767e-11,-7.59342557804767e-11,1.2924697071141057e-26,0.24615384615384622,1201
2833,0.59375,0.671875,0,0.00024414062499999989,1.0135219146774525e-07,2.6196665560560309e-07,1.9123994128651608e-07,1.9123994128651608e-07,8.4527897058074009e-29,5.2829935661296255e-28,3.9212515658656687e-11,-1.7267264238058347e-11,-1.7267264238058347e-11,-3.2311742677852644e-27,0.24615384615384622,1201
2834,0.609375,0.671875,0,0.00024414062499999989,1.6982000757909195e-08,4.8221566890647654e-08,3.4290105522918644e-08,3.4290105522918644e-08,1.4163017011442797e-29,8.8518856321517478e-29,7.6268472003755961e-12,-3.4012356854807133e-12,-3.4012356854807133e-12,8.0779356694631609e-28,0.24615384615384622,1201
2835,0.625,0.671875,0,0.00024414062499999989,2.4177328348262247e-09,7.6097948447839959e-09,5.2641029641071788e-09,5.2641029641071788e-09,2.0163932246216386e-30,1.2602457653885241e-29,1.267593264149846e-12,-5.7267868180586324e-13,-5.7267868180586324e-13,-1.0097419586828951e-28,0.24615384615384622,-1
2836,0.640625,0.671875,0,0.00024414062499999989,2.9064058963459481e-10,1.022639695314056e-09,6.8772191025985838e-10,6.8772191025985838e-10,2.4239473745715053e-31,1.5149671091071906e-30,1.7871071916002462e-13,-8.1767037366747429e-14,-8.1767037366747429e-14,1.2621774483536189e-29,0.24615384615384622,-1
2837,0.65625,0.671875,0,0.00024414062499999989,2.9398158420322684e-11,1.1661767631609759e-10,7.6233753443271996e-11,7.6233753443271996e-11,2.4518113251066833e-32,1.5323820781916769e-31,2.1293827611273165e-14,-9.8593561701234339e-15,-9.8593561701234339e-15,-1.5777218104420236e-30,0.24615384615384622,-1
2838,0.671875,0.671875,0,0.00024414062499999989,2.4952878498375466e-12,1.1259826564250517e-11,7.1570940904091208e-12,7.1570940904091208e-12,2.0810742367465778e-33,1.3006713979666113e-32,2.1397799595734781e-15,-1.0016436703714343e-15,-1.0016436703714343e-15,1.9721522630525295e-31,0.24615384615384622,-1
2839,0.6875,0.671875,0,0.00024414062499999989,1.771191183882082e-13,9.1831818104835941e-13,5.6789979458112599e-13,5.6789979458112599e-13,1.4771764072708661e-34,9.2323525454429136e-34,1.8095680240726338e-16,-8.5551363883601871e-17,-8.5551363883601871e-17,2.4651903288156619e-32,0.24615384615384622,-1
2840,0.703125,0.671875,0,0.00024414062499999989,1.0457277540927132e-14,6.3034113222227893e-14,3.7954186847136511e-14,3.7954186847136511e-14,8.7213869447362088e-36,5.4508668404601305e-35,1.2836141523755064e-17,-6.1230289001687913e-18,-6.1230289001687913e-18,-1.5407439555097887e-33,0.24615384615384622,-1
2841,0.71875,0.671875,0,0.00024414062499999989,5.0912761199856795e-16,3.620066385073575e-15,2.1241490392403682e-15,2.1241490392403682e-15,4.246132792316957e-37,2.6538329951980983e-36,7.5950653639526516e-19,-3.6521419576006012e-19,-3.6521419576006012e-19,-9.6296497219361793e-35,0.24615384615384622,-1
2842,0.734375,0.671875,0,0.00024414062499999989,2.0161253837659148e-17,1.7231463954168206e-16,9.862121570189634e-17,9.862121570189634e-17,1.6814519392939818e-38,1.0509074620587387e-37,3.71468226816462e-20,-1.7991558554635175e-20,-1.7991558554635175e-20,0,0.24615384615384622,-1
2843,0.75,0.671875,0,0.00024414062499999989,6.3533432638421281e-19,6.6985828063288674e-18,3.7427745492605694e-18,3.7427745492605694e-18,5.2986988993875241e-40,3.3116868121172022e-39,1.4802852734239872e-21,-7.2163287526081457e-22,-7.2163287526081457e-22,0,0.24615384615384622,-1
2844,0.765625,0.671875,0,0.00024414062499999989,1.537868024203689e-20,2.0782530992397133e-19,1.1345305722548735e-19,1.1345305722548735e-19,1.2825845021827922e-41,8.0161531386424515e-41,4.6984040449691002e-23,-2.3040100756465808e-23,-2.3040100756465808e-23,5.8774717541114375e-39,0.24615384615384622,-1
2845,0.78125,0.671875,0,0.00024414062499999989,2.6921800259465934e-22,4.9609711807805394e-21,2.6477584405297527e-21,2.6477584405297527e-21,2.245282640656445e-43,1.403301650410278e-42,1.1454475532680366e-24,-5.6474920416278946e-25,-5.6474920416278946e-25,-9.1835496157991212e-41,0.24615384615384622,-1
2846,0.796875,0.671875,0,0.00024414062499999989,3.0387780119974883e-24,8.5687776497864314e-23,4.4734711574813969e-23,4.4734711574813969e-23,2.5343459402375843e-45,1.58396621264849e-44,2.0177978145963573e-26,-9.9983068659790838e-27,-9.9983068659790838e-27,-1.4349296274686127e-42,0.24615384615384622,-1
2847,0.8125,0.671875,0,0.00024414062499999989,1.6614897647952652e-26,9.5387418491301522e-25,4.8728945176023185e-25,4.8728945176023185e-25,1.3856852404257357e-47,8.6605327526608483e-47,2.2882306817994684e-28,-1.1391228836737871e-28,-1.1391228836737871e-28,-2.2420775429197073e-44,0.24615384615384622,-1
2848,0.828125,0.671875,0,0.00024414062499999989,0,5.1382554947809856e-27,2.5691277473904928e-27,2.5691277473904928e-27,0,0,1.2544569079055135e-30,-6.2722845395275677e-31,-6.2722845395275677e-31,0,0.24615384615384622,-1
2849,0.84375,0.671875,0,0.00024414062499999989,0,0,0,0,0,0,0,0,0,0,0.24615384615384622,-1
2850,0.859375,0.671875,0,0.00024414062499999989,0,0,0,0,0,0,0,0,0,0,0.24615384615384622,-1
2851,0.875,0.671875,0,0.00024414062499999989,0,0,0,0,0,0,0,0,0,0,0.24615384615384622,-1
2852,0.890625,0.671875,0,0.00024414062499999989,0,0,0,0,0,0,0,0,0,0,0.24615384615384622,-1
2853,0.90625,0.671875,0,0.00024414062499999989,0,0,0,0,0,0,0,0,0,0,0.24615384615384622,-1
2854,0.921875,0.671875,0,0.00024414062499999989,0,0,0,0,0,0,0,0,0,0,0.24615384615384622,-1
2855,0.9375,0.671875,0,0.00024414062499999989,0,0,0,0,0,0,0,0,0,0,0.24615384615384622,-1
2856,0.953125,0.671875,0,0.00024414062499999989,0,0,0,0,0,0,0,0,0,0,0.24615384615384622,-1
2857,0.96875,0.671875,0,0.00024414062499999989,0,0,0,0,0,0,0,0,0,0,0.24615384615384622,-1
2858,0.984375,0.671875,0,0.00024414062499999989,0,0,0,0,0,0,0,0,0,0,0.24615384615384622,-1
2859,1,0.671875,0,0.00012207031249999995,0,0,0,0,-0,0,0,0,0,0,0.49230769230769245,-1
2860,0,0.6875,0,0.00012207031249999995,0,0,0,0,0,0,0,0,0,0,0.16410256410256413,-1
2861,0.015625,0.6875,0,0.00024414062499999989,0,0,0,0,0,0,0,0,0,0,0.24615384615384622,-1
2862,0.03125,0.6875,0,0.00024414062499999989,0,0,0,0,0,0,0,0,0,0,0.24615384615384622,-1
2863,0.046875,0.6875,0,0.00024414062499999989,0,0,0,0,0,0,0,0,0,0,0.24615384615384622,-1
2864,0.0625,0.6875,0,0.00024414062499999989,0,0,0,0,0,0,0,0,0,0,0.24615384615384622,-1
2865,0.078125,0.6875,0,0.00024414062499999989,0,0,0,0,0,0,0,0,0,0,0.24615384615384622,-1
2866,0.09375,0.6875,0,0.00024414062499999989,0,0,0,0,0,0,0,0,0,0,0.24615384615384622,-1
2867,0.109375,0.6875,0,0.00024414062499999989,0,0,0,0,0,0,0,0,0,0,0.24615384615384622,-1
2868,0.125,0.6875,0,0.00024414062499999989,0,0,0,0,0,0,0,0,0,0,0.24615384615384622,-1
2869,0.140625,0.6875,0,0.00024414062499999989,0,0,0,0,0,0,0,0,0,0,0.24615384615384622,-1
2870,0.15625,0.6875,0,0.00024414062499999989,0,0,0,0,0,0,0,0,0,0,0.24615384615384622,-1
2871,0.171875,0.6875,0,0.00024414062499999989,0,0,0,0,0,0,0,0,0,0,0.24615384615384622,-1
2872,0.1875,0.6875,0,0.00024414062499999989,0,0,-6.1568709788018998e-37,-2.0010864139505534e-54,0,0,0,-1.503142328809057e-40,-4.8854648778089662e-58,0,0.24615384615384622,-1
2873,0.203125,0.6875,0,0.00024414062499999989,6.0029492042677735e-36,4.5253000233837379e-36,1.7069783783883532e-27,6.0061017676596317e-36,5.0064696681440389e-57,3.1290435425900246e-56,-3.6075419455176638e-40,4.1674276705640931e-31,3.6152386334860672e-40,-3.1861838222649046e-58,0.24615384615384622,-1
2874,0.21875,0.6875,0,0.00024414062499999989,6.006101768193747e-36,5.7590509240739771e-36,8.4981254904775328e-27,6.0070249634168711e-36,5.0090989117266852e-57,3.1306868198291779e-56,-6.0315147490178211e-41,2.074737667167597e-30,6.0540536948948752e-41,-6.1294211280821101e-56,0.24615384615384622,-1
2875,0.234375,0.6875,0,0.00024414062499999989,-8.2758605739671013e-26,-6.580121337929205e-26,-2.904475322783026e-25,-8.2589917274999092e-26,-6.9020815488325122e-47,-4.3138009680203195e-46,4.1399883692331438e-30,-5.4845292699953729e-29,-4.0988046620378513e-30,1.3848769979460106e-45,0.24615384615384622,-1
2876,0.25,0.6875,0,0.00024414062499999989,-8.3190806445064076e-26,-7.9709320441683087e-26,-1.1150952888257237e-24,-8.3243360069583128e-26,-6.9381271598891984e-47,-4.3363294749307493e-46,8.499721687941873e-31,-2.5277977743750979e-28,-8.6280264353028199e-31,-1.3958246421985483e-45,0.24615384615384622,-1
2877,0.265625,0.6875,0,0.00024414062499999989,-8.299911301575012e-26,3.4939533421292688e-25,-1.5012046603974205e-24,-2.5687963302805945e-24,-6.9221398958497083e-47,-4.3263374349060673e-46,1.0556505059293868e-28,-4.5180663930916668e-28,-7.1244913683923828e-28,-8.9683101716788293e-44,0.24615384615384622,-1
2878,0.28125,0.6875,0,0.00024414062499999989,-1.3395586575248916e-23,-8.051398704470965e-24,-2.6270259813194651e-22,-1.3404101970714201e-23,-1.1171941589694257e-44,-6.9824634935589103e-44,1.3047333668891474e-27,-6.2170702985223502e-26,-1.3068123208601644e-27,1.804171772818202e-43,0.24615384615384622,-1
2879,0.296875,0.6875,0,0.00024414062499999989,-1.3404987987469953e-23,-6.8569236456125037e-24,-1.6756411272922863e-21,-1.3404851761746533e-23,-1.1179782383197703e-44,-6.9873639894985651e-44,1.5986485209612904e-27,-4.0741801846842602e-25,-1.5986152627280333e-27,-1.7938262489995539e-43,0.24615384615384622,-1
2880,0.3125,0.6875,0,0.00024414062499999989,1.6051426955939341e-20,1.2600967310304542e-20,2.4528163657914694e-20,1.6331622533141778e-20,1.3386916905478326e-41,8.3668230659239534e-41,-8.4239737442255873e-25,2.9119131708032585e-24,9.1080449776299653e-25,5.1657466588870057e-40,0.24615384615384622,-1
2881,0.328125,0.6875,0,0.00024414062499999989,1.6886904003368425e-20,1.6057848286909233e-20,3.1523483053757186e-20,1.6903293358772764e-20,1.4083706159235547e-41,8.8023163495222159e-41,-2.0240618077616992e-25,3.7757897379999865e-24,2.0640748824793251e-25,-2.7694141810144225e-40,0.24615384615384622,-1
2882,0.34375,0.6875,0,0.00024414062499999989,-7.0564226178170299e-20,-6.9647383071667232e-20,8.8358097650609531e-19,-7.0924082544849888e-20,-5.8850682555485186e-41,-3.6781676597178241e-40,2.2383864904859999e-25,2.3272176747503961e-22,-3.1169420731998515e-25,1.5497239976661017e-39,0.24615384615384622,-1
2883,0.359375,0.6875,0,0.00024414062499999989,-1.6086183684822307e-20,-3.8071945148042831e-20,4.7531674722481221e-18,-3.8849084403621819e-20,-1.3415904075450172e-41,-8.3849400471563569e-41,-5.3676175447315702e-24,1.169736185887735e-21,-1.897312635690883e-25,-1.4693679385278594e-39,0.24615384615384622,-1
2884,0.375,0.6875,0,0.00024414062499999989,-4.6634710441075029e-17,-3.7080139829044889e-17,-2.9166415691470665e-09,-4.6837456398826525e-17,-3.8893426441112299e-38,-2.4308391525695187e-37,2.3326588408276716e-21,-7.120706865397767e-13,-2.3821573656693428e-21,-2.2334392665623463e-36,0.24615384615384622,-1
2885,0.390625,0.6875,0,0.00024414062499999989,5.3924205581462065e-19,-9.1579471936197321e-18,-1.0656224420439375e-10,-4.6613129772800156e-17,4.4972877569981647e-40,2.8108048481238525e-39,-2.3674778441001824e-21,-2.6016170665636355e-14,-9.1443316843702159e-21,-3.009265538105056e-36,0.24615384615384622,-1
2886,0.40625,0.6875,0,0.00024414062499999989,4.3360976410469119e-10,6.1601580960404289e-09,3.3502512876120659e-09,3.2969096471677276e-09,3.6163126788710255e-31,2.2601954242943909e-30,1.3980830888514978e-12,-6.860124044014555e-13,-6.9903526583806152e-13,0,0.24615384615384622,-1
2887,0.421875,0.6875,0,0.00024414062499999989,-1.518277811116566e-17,2.1312446847733903e-10,1.0656222856482977e-10,1.0656222660013421e-10,-1.2662462317300903e-38,-7.914038948313064e-38,5.203234464358326e-14,-2.6016171853639942e-14,-2.6016172333301943e-14,0,0.24615384615384622,-1
2888,0.4375,0.6875,0,0.00024414062499999989,-3.4338559939615491e-17,-2.9800772004882393e-17,-6.2142580992654609e-09,-3.4656814210350751e-17,-2.8638416374272945e-38,-1.7899010233920592e-37,1.1078583825031968e-21,-1.5171528489904019e-12,-1.1855571790694219e-21,-3.4089336173846338e-37,0.24615384615384622,-1
2889,0.453125,0.6875,0,0.00024414062499999989,-2.1250362580713221e-17,-2.3592179997305381e-17,-9.3212236654124436e-06,-3.4338559959341685e-17,-1.7722837904703036e-38,-1.1076773690439398e-37,-5.717327677226955e-22,-2.2756893714328244e-09,-2.6236279204190191e-21,1.504632769052528e-36,0.24615384615384622,1201
2890,0.46875,0.6875,0,0.00024414062499999989,2.1145381335849279e-08,2.8368880517578896e-08,-1.2797222870897515e-05,1.3597524914142449e-12,1.7635283371047868e-29,1.1022052106904916e-28,1.7635496049144566e-12,-3.1312479861853245e-09,-6.9256642492889327e-12,0,0.24615384615384622,1201
2891,0.484375,0.6875,0,0.00024414062499999989,3.4400391009764276e-05,4.4575049784289429e-05,3.5381255973755103e-05,3.1860983966779369e-05,2.8689983590105578e-26,1.7931239743815985e-25,2.4840475523743028e-09,-2.2445785670249806e-09,-3.1040199749780402e-09,3.1019272970738538e-25,0.24615384615384622,1201
2892,0.5,0.6875,0,0.00024414062499999989,3.4687735272398104e-05,5.1798380841323539e-05,4.3920777550908919e-05,4.3211932914297399e-05,2.8929629185335456e-26,1.8081018240834658e-25,4.1774037033509356e-09,-1.9232429908238809e-09,-2.0963007634341151e-09,-1.2407709188295415e-24,0.24615384615384622,1201
2893,0.515625,0.6875,0,0.00024414062499999989,1.7262455285467616e-05,2.969395292568413e-05,2.4395218763363008e-05,2.4395218763363008e-05,1.4396916556106053e-26,8.9980728475662844e-26,3.0350336035684831e-09,-1.2936362700979297e-09,-1.2936362700979297e-09,4.1359030627651384e-25,0.24615384615384622,1201
2894,0.53125,0.6875,0,0.00024414062499999989,6.1515584296269877e-06,1.1820409125905221e-05,9.3992748745846832e-06,9.3992748745846832e-06,5.1304100104408454e-27,3.2065062565255284e-26,1.3839967520210524e-09,-5.9109722932630277e-10,-5.9109722932630277e-10,-1.0339757656912846e-25,0.24615384615384622,1201
2895,0.546875,0.6875,0,0.00024414062499999989,1.7856149857700384e-06,3.7612694362751743e-06,2.9069010962965206e-06,2.9069010962965206e-06,1.489205882149653e-27,9.3075367634353323e-27,4.8233751233035523e-10,-2.0858602050260091e-10,-2.0858602050260091e-10,0,0.24615384615384622,1201
2896,0.5625,0.6875,0,0.00024414062499999989,4.494401855349855e-07,1.0264563289050892e-06,7.7396558127741187e-07,7.7396558127741187e-07,3.7483386581486116e-28,2.3427116613428824e-27,1.4087308187746669e-10,-6.1643248932538382e-11,-6.1643248932538382e-11,-3.8774091213423172e-26,0.24615384615384622,1201
2897,0.578125,0.6875,0,0.00024414062499999989,1.0085983310278658e-07,2.4865102321151265e-07,1.8336388154675094e-07,1.8336388154675094e-07,8.4117269358897398e-29,5.2573293349310873e-28,3.608183352263819e-11,-1.5939243570498453e-11,-1.5939243570498453e-11,-9.6935228033557931e-27,0.24615384615384622,1201
2898,0.59375,0.6875,0,0.00024414062499999989,2.0155658939563553e-08,5.379104814061063e-08,3.880340636083633e-08,3.880340636083633e-08,1.6809853238578217e-29,1.0506158274111387e-28,8.2117649416618798e-12,-3.6590922313902081e-12,-3.6590922313902081e-12,0,0.24615384615384622,1201
2899,0.609375,0.6875,0,0.00024414062499999989,3.5260415945723734e-09,1.0268221955853178e-08,7.2359934879691748e-09,7.2359934879691748e-09,2.9407245823920151e-30,1.8379528639950096e-29,1.6460401272658206e-12,-7.402901532919926e-13,-7.402901532919926e-13,1.0097419586828951e-28,0.24615384615384622,1201
2900,0.625,0.6875,0,0.00024414062499999989,5.2990431108554652e-10,1.7007536550585718e-09,1.1687771180974331e-09,1.1687771180974331e-09,4.4194108099106473e-31,2.7621317561941546e-30,2.8585189061841423e-13,-1.2987708421902799e-13,-1.2987708421902799e-13,5.0487097934144756e-29,0.24615384615384622,-1
2901,0.640625,0.6875,0,0.00024414062499999989,6.7452875674746369e-11,2.4107436558290335e-10,1.6134008411058919e-10,1.6134008411058919e-10,5.6255811036118975e-32,3.5159881897574354e-31,4.238805905960862e-14,-1.946637731257669e-14,-1.946637731257669e-14,0,0.24615384615384622,-1
2902,0.65625,0.6875,0,0.00024414062499999989,7.2061147132099804e-12,2.8974016077191286e-11,1.8870172826245447e-11,1.8870172826245447e-11,6.0099117132630914e-33,3.7561948207894323e-32,5.314429043940746e-15,-2.4667586061879477e-15,-2.4667586061879477e-15,0,0.24615384615384622,-1
2903,0.671875,0.6875,0,0.00024414062499999989,6.4199064700602618e-13,2.934819997998047e-12,1.8596664121253795e-12,1.8596664121253795e-12,5.3542127246100634e-34,3.3463829528812899e-33,5.5977279076953609e-16,-2.6248866842594412e-16,-2.6248866842594412e-16,0,0.24615384615384622,-1
2904,0.6875,0.6875,0,0.00024414062499999989,4.7425745306068914e-14,2.4934970608509457e-13,1.5375893019113867e-13,1.5375893019113867e-13,3.9553150840449341e-35,2.4720719275280834e-34,4.9297841987066796e-17,-2.3337591770985315e-17,-2.3337591770985315e-17,-9.2444637330587321e-33,0.24615384615384622,-1
2905,0.703125,0.6875,0,0.00024414062499999989,2.8856813002995109e-15,1.7681647458100174e-14,1.0615878656392369e-14,1.0615878656392369e-14,2.4066630268350193e-36,1.5041643917718873e-35,3.612296425244301e-18,-1.725041211354444e-18,-1.725041211354444e-18,0,0.24615384615384622,-1
2906,0.71875,0.6875,0,0.00024414062499999989,1.4328962580211591e-16,1.0396389559846988e-15,6.0818594215379732e-16,6.0818594215379732e-16,1.1950378737637622e-37,7.4689867110235128e-37,2.1883528568910709e-19,-1.0533520845480989e-19,-1.0533520845480989e-19,-2.4074124304840448e-35,0.24615384615384622,-1
2907,0.734375,0.6875,0,0.00024414062499999989,5.7278364931205747e-18,5.0210903968105703e-17,2.8645523279200268e-17,2.8645523279200268e-17,4.7770252072946777e-39,2.9856407545591733e-38,1.0860123895260035e-20,-5.2649855197523005e-21,-5.2649855197523005e-21,7.5231638452626401e-37,0.24615384615384622,-1
2908,0.75,0.6875,0,0.00024414062499999989,1.8050909414731146e-19,1.9640660707133758e-18,1.0938096181604679e-18,1.0938096181604679e-18,1.5054488617531198e-40,9.4090553859569985e-40,4.3543871498194916e-22,-2.1246495423654969e-22,-2.1246495423654969e-22,-4.70197740328915e-38,0.24615384615384622,-1
2909,0.765625,0.6875,0,0.00024414062499999989,4.3370606564761452e-21,6.0892362242613762e-20,3.3136433058345191e-20,3.3136433058345191e-20,3.6171158353483425e-42,2.260697397092714e-41,1.3807446676303124e-23,-6.7763498985030662e-24,-6.7763498985030662e-24,-1.4693679385278594e-39,0.24615384615384622,-1
2910,0.78125,0.6875,0,0.00024414062499999989,7.5008938756865735e-23,1.4454815298448037e-21,7.6934197043872515e-22,7.6934197043872515e-22,6.2557580273866152e-44,3.9098487671166336e-43,3.345880349335785e-25,-1.6507313462062458e-25,-1.6507313462062458e-25,-2.2958874039497803e-41,0.24615384615384622,-1
2911,0.796875,0.6875,0,0.00024414062499999989,8.3529020208418947e-25,2.4770624299840422e-23,1.2905028672090975e-23,1.2905028672090975e-23,6.9663342442733419e-46,4.3539589026708381e-45,5.8435874262100149e-27,-2.8968739325560159e-27,-2.8968739325560159e-27,0,0.24615384615384622,-1
2912,0.8125,0.6875,0,0.00024414062499999989,4.5146651022233987e-27,2.7366985806312524e-25,1.3964791267217877e-25,1.3964791267217877e-25,3.7652382399039237e-48,2.3532738999399522e-47,6.5711717031470142e-29,-3.2720201511461523e-29,-3.2720201511461523e-29,0,0.24615384615384622,-1
2913,0.828125,0.6875,0,0.00024414062499999989,0,1.4670536403045503e-27,7.3352682015227515e-28,7.3352682015227515e-28,0,0,3.5816739265247793e-31,-1.7908369632623896e-31,-1.7908369632623896e-31,0,0.24615384615384622,-1
2914,0.84375,0.6875,0,0.00024414062499999989,0,0,0,0,0,0,0,0,0,0,0.24615384615384622,-1
2915,0.859375,0.6875,0,0.00024414062499999989,0,0,0,0,0,0,0,0,0,0,0.24615384615384622,-1
2916,0.875,0.6875,0,0.00024414062499999989,0,0,0,0,0,0,0,0,0,0,0.24615384615384622,-1
2917,0.890625,0.6875,0,0.00024414062499999989,0,0,0,0,0,0,0,0,0,0,0.24615384615384622,-1
2918,0.90625,0.6875,0,0.00024414062499999989,0,0,0,0,0,0,0,0,0,0,0.24615384615384622,-1
2919,0.921875,0.6875,0,0.00024414062499999989,0,0,0,0,0,0,0,0,0,0,0.24615384615384622,-1
2920,0.9375,0.6875,0,0.00024414062499999989,0,0,0,0,0,0,0,0,0,0,0.24615384615384622,-1
2921,0.953125,0.6875,0,0.00024414062499999989,0,0,0,0,0,0,0,0,0,0,0.24615384615384622,-1
2922,0.96875,0.6875,0,0.00024414062499999989,0,0,0,0,0,0,0,0,0,0,0.24615384615384622,-1
2923,0.984375,0.6875,0,0.00024414062499999989,0,0,0,0,0,0,0,0,0,0,0.24615384615384622,-1
2924,1,0.6875,0,0.00012207031249999995,0,0,0,0,-0,0,0,0,0,0,0.49230769230769245,-1
2925,0,0.703125,0,0.00012207031249999995,0,0,0,0,0,0,0,0,0,0,0.16410256410256413,-1
2926,0.015625,0.703125,0,0.00024414062499999989,0,0,0,0,0,0,0,0,0,0,0.24615384615384622,-1
2927,0.03125,0.703125,0,0.00024414062499999989,0,0,0,0,0,0,0,0,0,0,0.24615384615384622,-1
2928,0.046875,0.703125,0,0.00024414062499999989,0,0,0,0,0,0,0,0,0,0,0.24615384615384622,-1
2929,0.0625,0.703125,0,0.00024414062499999989,0,0,0,0,0,0,0,0,0,0,0.24615384615384622,-1
2930,0.078125,0.703125,0,0.00024414062499999989,0,0,0,0,0,0,0,0,0,0,0.24615384615384622,-1
2931,0.09375,0.703125,0,0.00024414062499999989,0,0,0,0,0,0,0,0,0,0,0.24615384615384622,-1
2932,0.109375,0.703125,0,0.00024414062499999989,0,0,0,0,0,0,0,0,0,0,0.24615384615384622,-1
2933,0.125,0.703125,0,0.00024414062499999989,0,0,0,0,0,0,0,0,0,0,0.24615384615384622,-1
2934,0.140625,0.703125,0,0.00024414062499999989,0,0,0,0,0,0,0,0,0,0,0.24615384615384622,-1
2935,0.15625,0.703125,0,0.00024414062499999989,0,0,0,0,0,0,0,0,0,0,0.24615384615384622,-1
2936,0.171875,0.703125,0,0.00024414062499999989,0,0,0,0,0,0,0,0,0,0,0.24615384615384622,-1
2937,0.1875,0.703125,0,0.00024414062499999989,0,0,-1.2313741957472358e-37,-2.0010864139505534e-54,0,0,0,-3.0062846575860234e-41,-4.8854648778089662e-58,0,0.24615384615384622,-1
2938,0.203125,0.703125,0,0.00024414062499999989,-2.0010864139505534e-54,-1.5906071495504398e-54,-1.2320208755269227e-37,-2.0636198678602937e-54,-1.6689094133357059e-75,-1.0430683833348161e-74,1.0021466416018391e-58,-3.0078634656418995e-41,-1.154816206811166e-58,2.4319450651145956e-74,0.24615384615384622,-1
2939,0.21875,0.703125,0,0.00024414062499999989,-2.0692094503326726e-54,2.4627483914944716e-37,1.6976124250594026e-27,6.0070249629577469e-36,-1.7257241395217081e-75,-1.0785775872010675e-74,6.0125693151720468e-41,4.1445615840164235e-31,1.4064331356953849e-39,1.6313261169996311e-55,0.24615384615384622,-1
2940,0.234375,0.703125,0,0.00024414062499999989,6.00702496342048e-36,4.7747770111287046e-36,1.706478086561735e-27,6.0070249643606744e-36,5.0098688580885717e-57,3.131168036305357e-56,-3.008417852274841e-40,4.1662062543626883e-31,3.0084178545702379e-40,-8.156630596392837e-56,0.24615384615384622,-1
2941,0.25,0.703125,0,0.00024414062499999989,6.0070249645369071e-36,-3.3952248453441572e-27,1.692459321009358e-28,-1.4851824752901045e-27,5.0098688590196738e-57,3.1311680368872958e-56,-8.289123172244094e-31,8.7023212339968057e-31,4.6631893800147754e-31,4.3790577010150533e-47,0.24615384615384622,-1
2942,0.265625,0.703125,0,0.00024414062499999989,-2.0025579007444899e-27,-4.9225767321934566e-27,2.7108680863035307e-25,-1.8090966819161615e-28,-1.6701366357809133e-48,-1.0438353973630707e-47,-7.1289522252172002e-31,6.7385103848277932e-29,1.1576335605473238e-30,0,0.24615384615384622,-1
2943,0.28125,0.703125,0,0.00024414062499999989,-1.7771239228374155e-28,-3.8676845054744706e-27,1.3716586422117521e-24,-1.4608730833867638e-35,-1.4821243214740678e-49,-9.2632770092129222e-49,-9.0087209794695499e-31,3.3582185710869778e-28,9.4425890890276815e-31,-2.1895288505075267e-47,0.24615384615384622,-1
2944,0.296875,0.703125,0,0.00024414062499999989,-1.339076091102388e-23,-1.0644165299071797e-23,-3.4155164587228271e-22,-1.3396861838382332e-23,-1.1167916977666203e-44,-6.9799481110413771e-44,6.705555693242384e-28,-8.0787959124319036e-26,-6.720450535426111e-28,5.3879925953289216e-43,0.24615384615384622,-1
2945,0.3125,0.703125,0,0.00024414062499999989,-1.3405157597317587e-23,-1.2852832922349527e-23,-7.6581302994350149e-22,-1.6647413918406281e-23,-1.1179923838094073e-44,-6.987452398808795e-44,1.3484489134962418e-28,-1.8382817310086709e-25,-9.2641137599041809e-28,0,0.24615384615384622,-1
2946,0.328125,0.703125,0,0.00024414062499999989,4.935670761308669e-21,4.3765085982967534e-21,6.3912393205136977e-21,6.0375745776989943e-21,4.1163576631415714e-42,2.5727235394634821e-41,-1.3651419995408105e-25,4.918776177287459e-25,4.0553368637750008e-25,4.5917748078995606e-41,0.24615384615384622,-1
2947,0.34375,0.703125,0,0.00024414062499999989,3.5848677540005719e-21,4.2045071066668887e-21,5.792646750239036e-21,6.0012119215294495e-21,2.9897856976620391e-42,1.8686160610387745e-41,1.5127913883454996e-25,3.8772940516898109e-25,4.3864863644105479e-25,-1.8367099231598242e-40,0.24615384615384622,-1
2948,0.359375,0.703125,0,0.00024414062499999989,-1.3814803639994237e-20,-1.2669601530326165e-20,9.4123916749417128e-19,-1.6226583323028818e-20,-1.1521569322263391e-41,-7.2009808264146182e-41,2.7959035880568159e-25,2.3288788306262137e-22,-8.6840375798404604e-25,2.7550648847397363e-40,0.24615384615384622,-1
2949,0.375,0.703125,0,0.00024414062499999989,7.4008055589329039e-21,2.6655791517543348e-21,-6.8692497481031453e-21,-6.8692497481033048e-21,6.1722842039521949e-42,3.8576776274701213e-41,-1.1560611345650799e-24,-2.3278390868792664e-24,-2.3278390868793053e-24,0,0.24615384615384622,-1
2950,0.390625,0.703125,0,0.00024414062499999989,1.9026328623182361e-20,-1.8980203834156476e-18,-8.8945602027927202e-12,-4.6633186810894037e-17,1.5867989867444195e-41,9.9174936671526216e-41,-4.6802898243135482e-22,-2.171523023626058e-15,-1.0921671491083587e-20,0,0.24615384615384622,-1
2951,0.40625,0.703125,0,0.00024414062499999989,1.9026363177031318e-20,3.9969571662547093e-20,3.4574898556842821e-19,3.4574898273325485e-19,1.5868018685411971e-41,9.9175116783824822e-41,5.1130880091591224e-24,7.4653177223115469e-23,7.4653176530934472e-23,0,0.24615384615384622,-1
2952,0.421875,0.703125,0,0.00024414062499999989,-3.483181773069339e-20,1.7789118505016953e-11,8.8945609925680881e-12,8.8945602894075792e-12,-2.9049794196336065e-41,-1.8156121372710042e-40,4.3430465185177644e-15,-2.1715228301877104e-15,-2.1715230018577565e-15,3.944304526105059e-31,0.24615384615384622,-1
2953,0.4375,0.703125,0,0.00024414062499999989,-1.288439861791546e-17,-1.0340672969521686e-17,-1.076245740486106e-17,-1.135623299475985e-17,-1.0745609979010134e-38,-6.7160062368813337e-38,6.2102676962738612e-22,-1.0297471565902703e-22,-2.4793945928666122e-22,1.410593220986745e-37,0.24615384615384622,-1
2954,0.453125,0.703125,0,0.00024414062499999989,-2.1250362580713221e-17,-1.9543029133366339e-17,-4.337514328500313e-10,-3.4338559939405697e-17,-1.7722837904703036e-38,-1.1076773690439398e-37,4.1682945491867241e-22,-1.0589634113940478e-13,-3.6121901381932011e-21,3.76158192263132e-37,0.24615384615384622,-1
2955,0.46875,0.703125,0,0.00024414062499999989,-2.125027031236032e-17,-2.0891149173172099e-17,-7.0591401146588548e-07,-2.1250362580712963e-17,-1.7722760952742523e-38,-1.1076725595464078e-37,8.7676059372123916e-23,-1.72342287950438e-10,-8.7698585825406243e-23,5.8775578498890857e-37,0.24615384615384622,1201
2956,0.484375,0.703125,0,0.00024414062499999989,3.2292620160437366e-09,3.301869570231849e-09,-8.8872523600870498e-07,5.1066829473937174e-13,2.6932099179381075e-30,1.6832561987113171e-29,1.7726453659207064e-14,-2.1778005507298252e-10,-8.0599582566823926e-13,0,0.24615384615384622,1201
2957,0.5,0.703125,0,0.00024414062499999989,2.2039429900147249e-06,3.0732619692031912e-06,2.389832695553379e-06,2.1647203258457397e-06,1.8380921367755102e-27,1.148807585484694e-26,2.1223607890343408e-10,-1.6685285001216113e-10,-2.2181192464781521e-10,-4.6852026882886333e-26,0.24615384615384622,1201
2958,0.515625,0.703125,0,0.00024414062499999989,1.9923601611949726e-06,3.2867095434623057e-06,2.6829028551461065e-06,2.6424046420970725e-06,1.6616317039547379e-27,1.0385198149717112e-26,3.1600326715511058e-10,-1.4741374226469703e-10,-1.5730100130987128e-10,-1.2924697071141057e-25,0.24615384615384622,1201
2959,0.53125,0.703125,0,0.00024414062499999989,8.9867077302541833e-07,1.7175081176262519e-06,1.3573821357253137e-06,1.3573821357253137e-06,7.4949292651029713e-28,4.6843307906893576e-27,1.9991146108418777e-10,-8.79213823000337e-11,-8.79213823000337e-11,1.2924697071141057e-26,0.24615384615384622,1201
2960,0.546875,0.703125,0,0.00024414062499999989,2.9132393776531198e-07,6.2330454097460128e-07,4.7742780366838399e-07,4.7742780366838399e-07,2.429646509401409e-28,1.5185290683758806e-27,8.1049951955392856e-11,-3.5614437818900692e-11,-3.5614437818900692e-11,6.4623485355705287e-27,0.24615384615384622,1201
2961,0.5625,0.703125,0,0.00024414062499999989,7.6688581094362483e-08,1.8043727830920378e-07,1.3444727690315318e-07,1.3444727690315318e-07,6.3958404790260451e-29,3.9974002993912781e-28,2.5329271780967105e-11,-1.1228027687024069e-11,-1.1228027687024069e-11,-1.6155871338926322e-27,0.24615384615384622,1201
2962,0.578125,0.703125,0,0.00024414062499999989,1.743337658224773e-08,4.4625463045839712e-08,3.2461345943091747e-08,3.2461345943091747e-08,1.4539465203254545e-29,9.087165752034091e-29,6.6386929842753838e-12,-2.9697551520380766e-12,-2.9697551520380766e-12,0,0.24615384615384622,1201
2963,0.59375,0.703125,0,0.00024414062499999989,3.5220686476543776e-09,9.7635926933347604e-09,6.9500180463493667e-09,6.9500180463493667e-09,2.9374111380230458e-30,1.8358819612644033e-29,1.5238095814649366e-12,-6.8690787279916798e-13,-6.8690787279916798e-13,-2.0194839173657902e-28,0.24615384615384622,-1
2964,0.609375,0.703125,0,0.00024414062499999989,6.3271148965708359e-10,1.904407562044883e-09,1.3270748624582112e-09,1.3270748624582112e-09,5.2768243972519224e-31,3.2980152482824513e-30,3.104726739228025e-13,-1.4095036611002726e-13,-1.4095036611002726e-13,-2.5243548967072378e-29,0.24615384615384622,-1
2965,0.625,0.703125,0,0.00024414062499999989,9.9390991391393524e-11,3.2752150891576203e-10,2.2316097162416899e-10,2.2316097162416899e-10,8.2892252916951493e-32,5.1807658073094678e-31,5.5695927129972748e-14,-2.5478646799705316e-14,-2.5478646799705316e-14,6.3108872417680944e-30,0.24615384615384622,-1
2966,0.640625,0.703125,0,0.00024414062499999989,1.3377191692723857e-11,4.8798037977187555e-11,3.2456129328768109e-11,3.2456129328768109e-11,1.1156600226927884e-32,6.9728751418299271e-32,8.6476675499178922e-15,-3.9897237911180263e-15,-3.9897237911180263e-15,-1.5777218104420236e-30,0.24615384615384622,-1
2967,0.65625,0.703125,0,0.00024414062499999989,1.5170420393040592e-12,6.1996481694052322e-12,4.0195750457999223e-12,4.0195750457999223e-12,1.2652155959733087e-33,7.9075974748331787e-33,1.1432143872317312e-15,-5.3224441494270231e-16,-5.3224441494270231e-16,-9.8607613152626476e-32,0.24615384615384622,-1
2968,0.671875,0.703125,0,0.00024414062499999989,1.4320057796351315e-13,6.6376940320278897e-13,4.1917584748055585e-13,4.1917584748055585e-13,1.1942952133016986e-34,7.464345083135616e-34,1.2709199834943253e-16,-5.9715223564998297e-17,-5.9715223564998297e-17,0,0.24615384615384622,-1
2969,0.6875,0.703125,0,0.00024414062499999989,1.1143663285704339e-14,5.9366457568899213e-14,3.6506149887577008e-14,3.6506149887577008e-14,9.2938338029289237e-36,5.8086461268305766e-35,1.1773143135545618e-17,-5.5811298050103016e-18,-5.5811298050103016e-18,0,0.24615384615384622,-1
2970,0.703125,0.703125,0,0.00024414062499999989,7.082499358879818e-16,4.4015707324937969e-15,2.6359888578253778e-15,2.6359888578253778e-15,5.9068163011728395e-37,3.6917601882330243e-36,9.0168964760884122e-19,-4.3105026237021937e-19,-4.3105026237021937e-19,0,0.24615384615384622,-1
2971,0.71875,0.703125,0,0.00024414062499999989,3.6355673454454294e-17,2.6828324207320032e-16,1.5654756849675733e-16,1.5654756849675733e-16,3.032069241653303e-38,1.895043276033314e-37,5.6622941557311015e-20,-2.7279217181748765e-20,-2.7279217181748765e-20,0,0.24615384615384622,-1
2972,0.734375,0.703125,0,0.00024414062499999989,1.4846560585402424e-18,1.3300600747579942e-17,7.5675496342588387e-18,7.5675496342588387e-18,1.2382056338946902e-39,7.7387852118418133e-39,2.8847521213475814e-21,-1.3996706819631594e-21,-1.3996706819631594e-21,1.88079096131566e-37,0.24615384615384622,-1
2973,0.75,0.703125,0,0.00024414062499999989,4.7187137127502737e-20,5.2843922630176139e-19,2.9343372765177124e-19,2.9343372765177124e-19,3.9354151220776829e-41,2.4596344512985519e-40,1.174931858335592e-22,-5.7374389318845226e-23,-5.7374389318845226e-23,0,0.24615384615384622,-1
2974,0.765625,0.703125,0,0.00024414062499999989,1.1284001723682142e-21,1.6461976757741165e-20,8.930863147427377e-21,8.930863147427377e-21,9.4108762947279658e-43,5.8817976842049787e-42,3.7435489710383163e-24,-1.8386507837680138e-24,-1.8386507837680138e-24,3.6734198463196485e-40,0.24615384615384622,-1
2975,0.78125,0.703125,0,0.00024414062499999989,1.9181752223190965e-23,3.886635087829557e-22,2.0624831057522497e-22,2.0624831057522497e-22,1.5997613409586383e-44,9.9985083809914914e-44,9.0205506972598774e-26,-4.4534960499934243e-26,-4.4534960499934243e-26,0,0.24615384615384622,-1
2976,0.796875,0.703125,0,0.00024414062499999989,2.0780699870107445e-25,6.5673321904355997e-24,3.4129594084382995e-24,3.4129594084382995e-24,1.7331138419184412e-46,1.0831961511990256e-45,1.5526184550133111e-27,-7.7011054247980918e-28,-7.7011054247980918e-28,-8.9683101716788293e-44,0.24615384615384622,-1
2977,0.8125,0.703125,0,0.00024414062499999989,1.0858744255771599e-27,7.1120523664519285e-26,3.6236845128196187e-26,3.6236845128196187e-26,9.0562108558246629e-49,5.6601317848904137e-48,1.7098303036851098e-29,-8.5165230801570022e-30,-8.5165230801570022e-30,-1.4012984643248171e-45,0.24615384615384622,-1
2978,0.828125,0.703125,0,0.00024414062499999989,0,3.7286424803099002e-28,1.8643212401549501e-28,1.8643212401549501e-28,0,0,9.1031310554440879e-32,-4.5515655277220439e-32,-4.5515655277220439e-32,0,0.24615384615384622,-1
2979,0.84375,0.703125,0,0.00024414062499999989,0,0,0,0,0,0,0,0,0,0,0.24615384615384622,-1
2980,0.859375,0.703125,0,0.00024414062499999989,0,0,0,0,0,0,0,0,0,0,0.24615384615384622,-1
2981,0.875,0.703125,0,0.00024414062499999989,0,0,0,0,0,0,0,0,0,0,0.24615384615384622,-1
2982,0.890625,0.703125,0,0.00024414062499999989,0,0,0,0,0,0,0,0,0,0,0.24615384615384622,-1
2983,0.90625,0.703125,0,0.00024414062499999989,0,0,0,0,0,0,0,0,0,0,0.24615384615384622,-1
2984,0.921875,0.703125,0,0.00024414062499999989,0,0,0,0,0,0,0,0,0,0,0.24615384615384622,-1
2985,0.9375,0.703125,0,0.00024414062499999989,0,0,0,0,0,0,0,0,0,0,0.24615384615384622,-1
2986,0.953125,0.703125,0,0.00024414062499999989,0,0,0,0,0,0,0,0,0,0,0.24615384615384622,-1
2987,0.96875,0.703125,0,0.00024414062499999989,0,0,0,0,0,0,0,0,0,0,0.24615384615384622,-1
2988,0.984375,0.703125,0,0.00024414062499999989,0,0,0,0,0,0,0,0,0,0,0.24615384615384622,-1
2989,1,0.703125,0,0.00012207031249999995,0,0,0,0,-0,0,0,0,0,0,0.49230769230769245,-1
2990,0,0.71875,0,0.00012207031249999995,0,0,0,0,0,0,0,0,0,0,0.16410256410256413,-1
2991,0.015625,0.71875,0,0.00024414062499999989,0,0,0,0,0,0,0,0,0,0,0.24615384615384622,-1
2992,0.03125,0.71875,0,0.00024414062499999989,0,0,0,0,0,0,0,0,0,0,0.24615384615384622,-1
2993,0.046875,0.71875,0,0.00024414062499999989,0,0,0,0,0,0,0,0,0,0,0.24615384615384622,-1
2994,0.0625,0.71875,0,0.00024414062499999989,0,0,0,0,0,0,0,0,0,0,0.24615384615384622,-1
2995,0.078125,0.71875,0,0.00024414062499999989,0,0,0,0,0,0,0,0,0,0,0.24615384615384622,-1
2996,0.09375,0.71875,0,0.00024414062499999989,0,0,0,0,0,0,0,0,0,0,0.24615384615384622,-1
2997,0.109375,0.71875,0,0.00024414062499999989,0,0,0,0,0,0,0,0,0,0,0.24615384615384622,-1
2998,0.125,0.71875,0,0.00024414062499999989,0,0,0,0,0,0,0,0,0,0,0.24615384615384622,-1
2999,0.140625,0.71875,0,0.00024414062499999989,0,0,0,0,0,0,0,0,0,0,0.24615384615384622,-1
3000,0.15625,0.71875,0,0.00024414062499999989,0,0,0,0,0,0,0,0,0,0,0.24615384615384622,-1
3001,0.171875,0.71875,0,0.00024414062499999989,0,0,0,0,0,0,0,0,0,0,0.24615384615384622,-1
3002,0.1875,0.71875,0,0.00024414062499999989,0,0,4.1047926440011359e-56,0,0,0,0,1.0021466416018394e-59,0,0,0.24615384615384622,-1
3003,0.203125,0.71875,0,0.00024414062499999989,0,0,4.2445322058106115e-56,0,0,0,0,1.0362627455592309e-59,0,0,0.24615384615384622,-1
3004,0.21875,0.71875,0,0.00024414062499999989,0,-8.2095852880022717e-56,-1.2322102489067652e-37,-2.4115656783506665e-54,0,0,-2.0042932832036787e-59,-3.0083258029950306e-41,-5.6871821910904361e-58,0,0.24615384615384622,-1
3005,0.234375,0.71875,0,0.00024414062499999989,-2.4115656783506665e-54,-2.001776183318024e-54,-1.2322102491357762e-37,-2.7574477588409763e-54,-2.0112498058148245e-75,-1.2570311286342655e-74,1.0004626343570367e-58,-3.0083258035541396e-41,-1.8449013074290815e-58,-3.5373746401666845e-74,0.24615384615384622,-1
3006,0.25,0.71875,0,0.00024414062499999989,-2.788364592851283e-54,2.4644204978135304e-37,4.1078110414839286e-29,6.0070247978914988e-36,-2.3255007301930923e-75,-1.4534379563706828e-74,6.0166516059900613e-41,1.0028835490331352e-32,1.406392272487828e-39,0,0.24615384615384622,-1
3007,0.265625,0.71875,0,0.00024414062499999989,6.0070249645848626e-36,4.7748147156020128e-36,3.6453880431822371e-30,6.0070249231172729e-36,5.0098688590596682e-57,3.1311680369122926e-56,-3.0083258031807843e-40,8.8998614950378909e-34,3.0083257019415518e-40,-4.0783148063260092e-56,0.24615384615384622,-1
3008,0.28125,0.71875,0,0.00024414062499999989,6.0070249647683739e-36,-8.2156216054823504e-29,2.7464119699302511e-25,6.0069881099231845e-36,5.0098688592127171e-57,3.1311680370079478e-56,-2.0057671401818467e-32,6.70711311545605e-29,2.0057671401809468e-32,1.1986367666478402e-48,0.24615384615384622,-1
3009,0.296875,0.71875,0,0.00024414062499999989,6.0070145552278032e-36,-7.2907592973080502e-30,1.3711364992678429e-24,6.0070249640727963e-36,5.0098601776384859e-57,3.1311626110240532e-56,-1.7799719981256354e-33,3.3475190186209462e-28,1.7799719981281766e-33,-1.2446030555722283e-60,0.24615384615384622,-1
3010,0.3125,0.71875,0,0.00024414062499999989,-1.3359481113517789e-23,-1.0620358005000342e-23,-1.1318086505715481e-22,-1.6443592519088847e-23,-1.1141829574273119e-44,-6.9636434839206986e-44,6.6873122766539184e-28,-2.5039186292029885e-26,-1.421688113791138e-27,8.9683101716788293e-44,0.24615384615384622,-1
3011,0.328125,0.71875,0,0.00024414062499999989,-1.6671303358202463e-23,-1.5309878205470895e-23,-1.9261796923702551e-22,-7.4961826985056646e-23,-1.390389486086769e-44,-8.6899342880423063e-44,3.3237918767860467e-28,-4.328810816200062e-26,-1.4563464057516048e-26,2.8698592549372254e-42,0.24615384615384622,-1
3012,0.34375,0.71875,0,0.00024414062499999989,1.2502347453594557e-21,1.1415780575311307e-21,1.5857563961434395e-21,1.5167098806277422e-21,1.0426978669504489e-42,6.5168616684403046e-42,-2.6527511676837178e-26,1.0844197720027067e-25,9.1584917748196129e-26,1.1479437019748901e-41,0.24615384615384622,-1
3013,0.359375,0.71875,0,0.00024414062499999989,3.2908792341905567e-22,5.9723271681503128e-22,1.0836168376005335e-21,1.0765182431537945e-21,2.7445987808437191e-43,1.7153742380273245e-42,6.5465037450189322e-26,1.1874612323864795e-25,1.1701306795379959e-25,-4.5917748078995606e-41,0.24615384615384622,-1
3014,0.375,0.71875,0,0.00024414062499999989,-8.7483943680759119e-21,-7.0668933449342671e-21,-9.996032437032557e-21,-9.996032437032557e-21,-7.2961755227906583e-42,-4.5601097017441617e-41,4.1052271072794031e-25,-7.1512184865680869e-25,-7.1512184865680869e-25,1.3775324423698682e-40,0.24615384615384622,-1
3015,0.390625,0.71875,0,0.00024414062499999989,9.3015155892848471e-21,5.8520049750278246e-21,6.5886921032100682e-21,6.5886921032100682e-21,7.7574795456233981e-42,4.8484247160146241e-41,-8.4216567730884282e-25,1.7985525590386794e-25,1.7985525590386794e-25,-1.8367099231598242e-40,0.24615384615384622,-1
3016,0.40625,0.71875,0,0.00024414062499999989,1.9026370820856399e-20,1.6366282704635685e-20,1.8801111481909495e-20,1.8801110616320537e-20,1.5868025060374859e-41,9.9175156627342876e-41,-6.494355752491972e-25,5.9444061945161381e-25,5.9444040812618412e-25,-1.6071211827648462e-40,0.24615384615384622,-1
3017,0.421875,0.71875,0,0.00024414062499999989,1.902635419393924e-20,1.8608684126070707e-20,2.8586579032651908e-19,1.9026369272327973e-20,1.5868011193498165e-41,9.9175069959363515e-41,-1.0197023141321609e-25,6.5248316943468823e-23,1.0197391266046569e-25,-2.9846676381193576e-40,0.24615384615384622,-1
3018,0.4375,0.71875,0,0.00024414062499999989,-9.7681905268361852e-21,-4.8898679411156955e-21,1.4532980927662517e-18,1.1300341140748029e-20,-8.1466872234216291e-42,-5.0916795146385178e-41,1.1909967250294159e-24,3.5600292009457196e-22,3.9526877641268841e-24,0,0.24615384615384622,-1
3019,0.453125,0.71875,0,0.00024414062499999989,-1.2495900260730391e-17,-9.9493994824666603e-18,-1.0318645370000291e-17,-9.9524465187723958e-18,-1.0421601699881595e-38,-6.5135010624259962e-38,6.2170429156829322e-22,-9.0147921761140498e-23,-7.4390534807989896e-25,1.88079096131566e-37,0.24615384615384622,-1
3020,0.46875,0.71875,0,0.00024414062499999989,-2.1250270312360357e-17,-1.8943093261694456e-17,-6.6241292658365682e-11,-2.1250362580713157e-17,-1.7722760952742554e-38,-1.1076725595464097e-37,5.632756471352298e-22,-1.6172185965642674e-14,-5.6329817358854966e-22,-2.8211003461958419e-37,0.24615384615384622,-1
3021,0.484375,0.71875,0,0.00024414062499999989,-2.1232653732496556e-17,-2.0890084846177207e-17,-4.5243542585933133e-08,-2.1250270312310009e-17,-1.7708068695696326e-38,-1.1067542934810201e-37,8.3634982011559847e-23,-1.1045786759043709e-11,-8.793590481757869e-23,1.7852820453113492e-37,0.24615384615384622,1201
3022,0.5,0.71875,0,0.00024414062499999989,4.1992747908215559e-10,4.4904325489291941e-10,-5.0174121027980184e-08,3.1778132902410104e-13,3.5022021931325718e-31,2.1888763707078576e-30,7.1083437037997576e-15,-1.2359170967498311e-11,-1.0955211756931033e-13,0,0.24615384615384622,1201
3023,0.515625,0.71875,0,0.00024414062499999989,1.1928898255031674e-07,1.8041262581629426e-07,1.3829682013653249e-07,1.2618294143497229e-07,9.9487210795876048e-29,6.2179506747422527e-28,1.4922764469232789e-11,-1.0282179121035583e-11,-1.3239669038408678e-11,-4.0389678347315804e-27,0.24615384615384622,1201
3024,0.53125,0.71875,0,0.00024414062499999989,9.3729308089635366e-08,1.7197805796005001e-07,1.3521341976269215e-07,1.3341474258882117e-07,7.8170399581804492e-29,4.8856499738627802e-28,1.9103698698831695e-11,-8.9757417474018161e-12,-9.414871916803915e-12,0,0.24615384615384622,1201
3025,0.546875,0.71875,0,0.00024414062499999989,3.8095244346644888e-08,8.1189363382633178e-08,6.181055742628842e-08,6.181055742628842e-08,3.1771497447691167e-29,1.9857185904806981e-28,1.0521025155270574e-11,-4.7311537979357278e-12,-4.7311537979357278e-12,-1.6155871338926322e-27,0.24615384615384622,1201
3026,0.5625,0.71875,0,0.00024414062499999989,1.1212857131105558e-08,2.6805125429813969e-08,1.9804576307645299e-08,1.9804576307645299e-08,9.3515415856263293e-30,5.8447134910164554e-29,3.8067061276143563e-12,-1.70911843802946e-12,-1.70911843802946e-12,8.0779356694631609e-28,0.24615384615384622,1201
3027,0.578125,0.71875,0,0.00024414062499999989,2.6762210676080911e-09,7.0582427514568163e-09,5.0776740704449843e-09,5.0776740704449843e-09,2.2319728427324374e-30,1.3949830267077734e-29,1.0698295126583797e-12,-4.8353727563765409e-13,-4.8353727563765409e-13,0,0.24615384615384622,-1
3028,0.59375,0.71875,0,0.00024414062499999989,5.4992717221405085e-10,1.5834783384931975e-09,1.1128996195757228e-09,1.1128996195757228e-09,4.5864018063329547e-31,2.8665011289580969e-30,2.5233182770486969e-13,-1.1488738254821154e-13,-1.1488738254821154e-13,0,0.24615384615384622,-1
3029,0.609375,0.71875,0,0.00024414062499999989,1.0013975980413404e-10,3.133677599000475e-10,2.1566467547234639e-10,2.1566467547234639e-10,8.3516727024475947e-32,5.2197954390297466e-31,5.205761721091634e-14,-2.3853292096606706e-14,-2.3853292096606706e-14,9.4663308626521417e-30,0.24615384615384622,-1
3030,0.625,0.71875,0,0.00024414062499999989,1.6178001689025261e-11,5.5168684450988407e-11,3.7196142061379665e-11,3.7196142061379665e-11,1.3492480444396422e-32,8.4328002777477637e-32,9.5192096586824039e-15,-4.3878277318380709e-15,-4.3878277318380709e-15,1.5777218104420236e-30,0.24615384615384622,-1
3031,0.640625,0.71875,0,0.00024414062499999989,2.2791342113986545e-12,8.5460723475608947e-12,5.6386560081208786e-12,5.6386560081208786e-12,1.9008017410649679e-33,1.1880010881656048e-32,1.5300141933989837e-15,-7.0981844224609747e-16,-7.0981844224609747e-16,9.8607613152626476e-32,0.24615384615384622,-1
3032,0.65625,0.71875,0,0.00024414062499999989,2.7378571256221034e-13,1.1430716624843965e-12,7.3683850151305436e-13,7.3683850151305436e-13,2.283377418118772e-34,1.4271108863242324e-33,2.1222801511772111e-16,-9.9178017815269041e-17,-9.9178017815269041e-17,4.9303806576313238e-32,0.24615384615384622,-1
3033,0.671875,0.71875,0,0.00024414062499999989,2.749963150702214e-14,1.2964268619814096e-13,8.1532365119302228e-14,8.1532365119302228e-14,2.2934738632664794e-35,1.4334211645415496e-34,2.4937269211698921e-17,-1.1745683857138357e-17,-1.1745683857138357e-17,-1.5407439555097887e-33,0.24615384615384622,-1
3034,0.6875,0.71875,0,0.00024414062499999989,2.2737955837083653e-15,1.2287870245068725e-14,7.5330410955082501e-15,7.5330410955082501e-15,1.8963493166496583e-36,1.1852183229060363e-35,2.444842446621181e-18,-1.1608469603419123e-18,-1.1608469603419123e-18,-3.8518598887744717e-34,0.24615384615384622,-1
3035,0.703125,0.71875,0,0.00024414062499999989,1.526874819572218e-16,9.6183040083955036e-16,5.7459847007708314e-16,5.7459847007708314e-16,1.2734161511489321e-37,7.9588509446808241e-37,1.9754465793025591e-19,-9.4539045596305427e-20,-9.4539045596305427e-20,0,0.24615384615384622,-1
3036,0.71875,0.71875,0,0.00024414062499999989,8.2092685266509638e-18,6.1475691562738743e-17,3.5792426430041064e-17,3.5792426430041064e-17,6.8465436700860403e-39,4.2790897938037749e-38,1.3004497811544862e-20,-6.2703284015375163e-21,-6.2703284015375163e-21,0,0.24615384615384622,-1
3037,0.734375,0.71875,0,0.00024414062499999989,3.4718176910602467e-19,3.1672752272479721e-18,1.798016123142451e-18,1.798016123142451e-18,2.8955017562470213e-40,1.8096885976543882e-39,6.8849937942918601e-22,-3.3429177346326186e-22,-3.3429177346326186e-22,9.4039548065783001e-38,0.24615384615384622,-1
3038,0.75,0.71875,0,0.00024414062499999989,1.1268687645352471e-20,1.2934510809278986e-19,7.164724932122985e-20,7.164724932122985e-20,9.398104327809012e-42,5.8738152048806314e-41,2.8827251085800131e-23,-1.4086391301650387e-23,-1.4086391301650387e-23,0,0.24615384615384622,-1
3039,0.765625,0.71875,0,0.00024414062499999989,2.705469835344099e-22,4.0888286520116712e-21,2.2122009998476099e-21,2.2122009998476099e-21,2.2563663639031328e-43,1.4102289774394578e-42,9.3219767296808107e-25,-4.5816104789161635e-25,-4.5816104789161635e-25,-9.1835496157991212e-41,0.24615384615384622,-1
3040,0.78125,0.71875,0,0.00024414062499999989,4.5243208911058856e-24,9.6538542594995777e-23,5.1079943839532005e-23,5.1079943839532005e-23,3.773291183968119e-45,2.3583069899800746e-44,2.2464409595676232e-26,-1.1098290711783143e-26,-1.1098290711783143e-26,1.4349296274686127e-42,0.24615384615384622,-1
3041,0.796875,0.71875,0,0.00024414062499999989,4.7091624864189712e-26,1.605316253458656e-24,8.3195777131307114e-25,8.3195777131307114e-25,3.9274493833559149e-47,2.4546558645974467e-46,3.804259347154457e-28,-1.8880822318007433e-28,-1.8880822318007433e-28,-2.2420775429197073e-44,0.24615384615384622,-1
3042,0.8125,0.71875,0,0.00024414062499999989,2.3040324122334124e-28,1.6828484214809945e-26,8.5578010500133613e-27,8.5578010500133613e-27,1.9215668821696025e-49,1.2009793013560015e-48,4.0522658626920399e-30,-2.0192097570304149e-30,-2.0192097570304149e-30,0,0.24615384615384622,-1
3043,0.828125,0.71875,0,0.00024414062499999989,0,8.4120278657687721e-29,4.2060139328843861e-29,4.2060139328843861e-29,0,0,2.0537177406662033e-32,-1.0268588703331017e-32,-1.0268588703331017e-32,0,0.24615384615384622,-1
3044,0.84375,0.71875,0,0.00024414062499999989,0,0,0,0,0,0,0,0,0,0,0.24615384615384622,-1
3045,0.859375,0.71875,0,0.00024414062499999989,0,0,0,0,0,0,0,0,0,0,0.24615384615384622,-1
3046,0.875,0.71875,0,0.00024414062499999989,0,0,0,0,0,0,0,0,0,0,0.24615384615384622,-1
3047,0.890625,0.71875,0,0.00024414062499999989,0,0,0,0,0,0,0,0,0,0,0.24615384615384622,-1
3048,0.90625,0.71875,0,0.00024414062499999989,0,0,0,0,0,0,0,0,0,0,0.24615384615384622,-1
3049,0.921875,0.71875,0,0.00024414062499999989,0,0,0,0,0,0,0,0,0,0,0.24615384615384622,-1
3050,0.9375,0.71875,0,0.00024414062499999989,0,0,0,0,0,0,0,0,0,0,0.24615384615384622,-1
3051,0.953125,0.71875,0,0.00024414062499999989,0,0,0,0,0,0,0,0,0,0,0.24615384615384622,-1
3052,0.96875,0.71875,0,0.00024414062499999989,0,0,0,0,0,0,0,0,0,0,0.24615384615384622,-1
3053,0.984375,0.71875,0,0.00024414062499999989,0,0,0,0,0,0,0,0,0,0,0.24615384615384622,-1
3054,1,0.71875,0,0.00012207031249999995,0,0,0,0,-0,0,0,0,0,0,0.49230769230769245,-1
3055,0,0.734375,0,0.00012207031249999995,0,0,0,0,0,0,0,0,0,0,0.16410256410256413,-1
3056,0.015625,0.734375,0,0.00024414062499999989,0,0,0,0,0,0,0,0,0,0,0.24615384615384622,-1
3057,0.03125,0.734375,0,0.00024414062499999989,0,0,0,0,0,0,0,0,0,0,0.24615384615384622,-1
3058,0.046875,0.734375,0,0.00024414062499999989,0,0,0,0,0,0,0,0,0,0,0.24615384615384622,-1
3059,0.0625,0.734375,0,0.00024414062499999989,0,0,0,0,0,0,0,0,0,0,0.24615384615384622,-1
3060,0.078125,0.734375,0,0.00024414062499999989,0,0,0,0,0,0,0,0,0,0,0.24615384615384622,-1
3061,0.09375,0.734375,0,0.00024414062499999989,0,0,0,0,0,0,0,0,0,0,0.24615384615384622,-1
3062,0.109375,0.734375,0,0.00024414062499999989,0,0,0,0,0,0,0,0,0,0,0.24615384615384622,-1
3063,0.125,0.734375,0,0.00024414062499999989,0,0,0,0,0,0,0,0,0,0,0.24615384615384622,-1
3064,0.140625,0.734375,0,0.00024414062499999989,0,0,0,0,0,0,0,0,0,0,0.24615384615384622,-1
3065,0.15625,0.734375,0,0.00024414062499999989,0,0,0,0,0,0,0,0,0,0,0.24615384615384622,-1
3066,0.171875,0.734375,0,0.00024414062499999989,0,0,0,0,0,0,0,0,0,0,0.24615384615384622,-1
3067,0.1875,0.734375,0,0.00024414062499999989,0,0,0,0,0,0,0,0,0,0,0.24615384615384622,-1
3068,0.203125,0.734375,0,0.00024414062499999989,0,0,0,0,0,0,0,0,0,0,0.24615384615384622,-1
3069,0.21875,0.734375,0,0.00024414062499999989,0,0,4.946801391488546e-56,0,0,0,0,1.2077151834688829e-59,0,0,0.24615384615384622,-1
3070,0.234375,0.734375,0,0.00024414062499999989,0,0,5.7197222417462225e-56,0,0,0,0,1.3964165629263232e-59,0,0,0.24615384615384622,-1
3071,0.25,0.734375,0,0.00024414062499999989,0,-9.893602782977092e-56,-1.232210249145613e-37,-3.3167250818996345e-54,0,0,-2.4154303669377657e-59,-3.0083258035781553e-41,-7.8559303077877497e-58,1.4149498560666738e-73,0.24615384615384622,-1
3072,0.265625,0.734375,0,0.00024414062499999989,-3.3167250818996345e-54,-2.7507656637807872e-54,-1.2322102491832564e-37,-3.8802800872502154e-54,-2.7661542610251896e-75,-1.7288464131407435e-74,1.3817368606417151e-58,-3.0083258036700581e-41,-2.757603572923408e-58,2.1224247841000107e-73,0.24615384615384622,-1
3073,0.28125,0.734375,0,0.00024414062499999989,-3.8956060957972301e-54,2.4644204982912261e-37,-5.1732413460317214e-37,2.3855529432244286e-37,-3.2489419940085624e-75,-2.0305887462553517e-74,6.0166516071563106e-41,-1.8646635362116563e-40,-1.9254774186229813e-42,0,0.24615384615384622,-1
3074,0.296875,0.734375,0,0.00024414062499999989,6.0070249647715371e-36,4.7748550649634573e-36,2.7404063823152015e-25,6.0070249647709832e-36,5.0098688592153551e-57,3.1311680370095968e-56,-3.0082272944533183e-40,6.6904452692076456e-29,3.0082272944519659e-40,-4.078315292493514e-56,0.24615384615384622,-1
3075,0.3125,0.734375,0,0.00024414062499999989,6.0070249320745714e-36,5.8094386481407837e-36,1.661817122907902e-24,6.0070249647715371e-36,5.0098688319460312e-57,3.1311680199662695e-56,-4.8238838851022312e-41,4.0571707102101849e-28,4.8238846833680011e-41,-9.1762097727527266e-56,0.24615384615384622,-1
3076,0.328125,0.734375,0,0.00024414062499999989,-1.608384153455012e-23,-1.267282335634241e-23,-3.5489710232271903e-23,-3.7994983294672738e-23,-1.3413950718209102e-44,-8.3837191988806881e-44,8.3276810991399167e-28,-5.5705290224437224e-27,-6.182167953693924e-27,-1.4349296274686127e-42,0.24615384615384622,-1
3077,0.34375,0.734375,0,0.00024414062499999989,-7.5249855897154827e-23,-6.0050448691350007e-23,-1.6549927280034627e-22,-7.5030141887629206e-23,-6.275850557147417e-44,-3.9224065982171358e-43,3.7107927748546911e-27,-2.5744341823485404e-26,-3.65715165924785e-27,6.9504403830510927e-43,0.24615384615384622,-1
3078,0.359375,0.734375,0,0.00024414062499999989,9.9467317694011627e-22,7.8809420488923439e-22,1.2340307836324617e-21,1.1588960810362236e-21,8.2955909180887132e-43,5.184744323805446e-42,-5.043431934835984e-26,1.0887123504473319e-25,9.0527801793698513e-26,1.7219155529623352e-41,0.24615384615384622,-1
3079,0.375,0.734375,0,0.00024414062499999989,-6.7995577343505246e-22,-3.3540684502892069e-22,-1.9282679438984645e-22,-1.9282679438984645e-22,-5.6708425134795803e-43,-3.5442765709247375e-42,8.4118390724153229e-26,3.4809582675555218e-26,3.4809582675555218e-26,0,0.24615384615384622,-1
3080,0.390625,0.734375,0,0.00024414062499999989,-6.9138138880632165e-21,-5.6524035651902755e-21,-8.1372017653704541e-21,-8.1372017653704541e-21,-5.7661323366143014e-42,-3.6038327103839382e-41,3.0796150460765134e-25,-6.0664018559086355e-25,-6.0664018559086355e-25,9.1835496157991212e-41,0.24615384615384622,-1
3081,0.40625,0.734375,0,0.00024414062499999989,8.8455707988827026e-21,5.8711167667817433e-21,6.2920095930340557e-21,6.5005197921776571e-21,7.3772208284792049e-42,4.6107630177995031e-41,-7.2618506643089772e-25,1.0275703765925586e-25,1.5366284799704927e-25,-3.6734198463196485e-40,0.24615384615384622,-1
3082,0.421875,0.734375,0,0.00024414062499999989,1.9026370820856399e-20,1.6349280662302062e-20,1.8278490384771605e-20,1.8278490384771605e-20,1.5868025060374859e-41,9.9175156627342876e-41,-6.5358646449080419e-25,4.7099846739979069e-25,4.7099846739979069e-25,-7.3468396926392969e-40,0.24615384615384622,-1
3083,0.4375,0.734375,0,0.00024414062499999989,1.9026285818874754e-20,1.8652932039703805e-20,2.7959658313809338e-19,1.9026363842318501e-20,1.5867954168580118e-41,9.9174713553625743e-41,-9.1150824992907014e-26,6.3706946068942741e-23,9.1169873685228702e-26,-7.6913068811396235e-40,0.24615384615384622,-1
3084,0.453125,0.734375,0,0.00024414062499999989,-3.0217717037329803e-20,-1.9277424697084177e-20,1.4589566178855817e-18,6.7661898074017815e-21,-2.5201626507250164e-41,-1.5751016567031354e-40,2.670969809630279e-24,3.6089698305240854e-22,6.3583043223842644e-24,-1.4693679385278594e-39,0.24615384615384622,-1
3085,0.46875,0.734375,0,0.00024414062499999989,-1.2794269455494477e-17,-1.0161741375281106e-17,-1.0563835812794855e-17,-1.0146562908632792e-17,-1.0670442106932343e-38,-6.6690263168327141e-38,6.4270705083334239e-22,-9.816758728363001e-23,3.7056803340611763e-24,-1.88079096131566e-37,0.24615384615384622,-1
3086,0.484375,0.734375,0,0.00024414062499999989,-2.1232653732502561e-17,-1.8981000937492408e-17,-8.613917578068506e-12,-2.1250270312347769e-17,-1.7708068695701335e-38,-1.1067542934813333e-37,5.4971992065677603e-22,-2.1030025871746986e-15,-5.5402084347054707e-22,-2.7991459228955721e-37,0.24615384615384622,-1
3087,0.5,0.734375,0,0.00024414062499999989,-2.0951014175205996e-17,-2.0771539363663406e-17,-2.461151273954109e-09,-2.1232653726414648e-17,-1.747318083425611e-38,-1.0920738021410069e-37,4.3817092661764983e-23,-6.0086700517152554e-13,-1.1257674871856439e-22,-1.1754943508222875e-37,0.24615384615384622,-1
3088,0.515625,0.734375,0,0.00024414062499999989,1.7303523292953138e-10,1.4766973453978385e-10,-2.1851541828419863e-09,1.1621259517439876e-12,1.4431167342979479e-31,9.0194795893621748e-31,-6.1927486303094596e-15,-5.6953708920453343e-13,-3.5768459127939401e-14,0,0.24615384615384622,-1
3089,0.53125,0.734375,0,0.00024414062499999989,5.4026121981239768e-09,8.9950409273065657e-09,6.7800132151998865e-09,6.2670230034965866e-09,4.5057876017713103e-30,2.8161172511070689e-29,8.7705779521059279e-13,-5.4077825002604452e-13,-6.6602000093017038e-13,-2.0194839173657902e-28,0.24615384615384622,-1
3090,0.546875,0.734375,0,0.00024414062499999989,3.6337674157593317e-09,7.4729082116006694e-09,5.6591018163277386e-09,5.6172554296021507e-09,3.0305680972871575e-30,1.8941050608044736e-29,9.372902333597012e-13,-4.4282382697093029e-13,-4.530402299801069e-13,0,0.24615384615384622,-1
3091,0.5625,0.734375,0,0.00024414062499999989,1.3290953306765175e-09,3.1694338700020452e-09,2.3281054896852351e-09,2.3281054896852351e-09,1.1084677268921695e-30,6.9279232930760599e-30,4.4930140120252125e-13,-2.0540243660078362e-13,-2.0540243660078362e-13,0,0.24615384615384622,-1
3092,0.578125,0.734375,0,0.00024414062499999989,3.5411185865840372e-10,9.4988368280315657e-10,6.7783452579903499e-10,6.7783452579903499e-10,2.9532988189255482e-31,1.8458117618284675e-30,1.4545210550409001e-13,-6.6418251221709347e-14,-6.6418251221709347e-14,-2.5243548967072378e-29,0.24615384615384622,-1
3093,0.59375,0.734375,0,0.00024414062499999989,7.6493724652111419e-11,2.2714464898159595e-10,1.5797800794387897e-10,1.5797800794387897e-10,6.3795894191790156e-32,3.9872433869868844e-31,3.678001082262804e-14,-1.6886386972098865e-14,-1.6886386972098865e-14,3.1554436208840472e-30,0.24615384615384622,-1
3094,0.609375,0.734375,0,0.00024414062499999989,1.4195373583383278e-11,4.619361361918636e-11,3.1412541364912276e-11,3.1412541364912276e-11,1.1838965291036531e-32,7.3993533068978322e-32,7.8120703212409838e-15,-3.608660218328633e-15,-3.608660218328633e-15,7.8886090522101181e-31,0.24615384615384622,-1
3095,0.625,0.734375,0,0.00024414062499999989,2.3284241898519163e-12,8.266855895742164e-12,5.5088350230281429e-12,5.5088350230281429e-12,1.9419096654655758e-33,1.2136935409159849e-32,1.4498124281958609e-15,-6.7334493962744625e-16,-6.7334493962744625e-16,-1.9721522630525295e-31,0.24615384615384622,-1
3096,0.640625,0.734375,0,0.00024414062499999989,3.3783076640806753e-13,1.3128227017932086e-12,8.5768038710675312e-13,8.5768038710675312e-13,2.8175142374774604e-34,1.7609463984234126e-33,2.3803514047488786e-16,-1.1111872917149787e-16,-1.1111872917149787e-16,0,0.24615384615384622,-1
3097,0.65625,0.734375,0,0.00024414062499999989,4.2549857585253457e-14,1.8283665583484012e-13,1.1698058820735078e-13,1.1698058820735078e-13,3.5486652332985098e-35,2.2179157708115683e-34,3.4249706603902982e-17,-1.6078141510617508e-17,-1.6078141510617508e-17,-3.0814879110195774e-33,0.24615384615384622,-1
3098,0.671875,0.734375,0,0.00024414062499999989,4.5367393813073008e-15,2.1871040021818506e-14,1.3681541660918122e-14,1.3681541660918122e-14,3.7836482255491686e-36,2.3647801409682305e-35,4.2320069923123039e-18,-1.9993892482666944e-18,-1.9993892482666944e-18,0,0.24615384615384622,-1
3099,0.6875,0.734375,0,0.00024414062499999989,4.0013791896228953e-16,2.2007905345182919e-15,1.3441361747095257e-15,1.3441361747095257e-15,3.3371569310211003e-37,2.0857230818881875e-36,4.3961245496972702e-19,-2.0914413081268695e-19,-2.0914413081268695e-19,-9.6296497219361793e-35,0.24615384615384622,-1
3100,0.703125,0.734375,0,0.00024414062499999989,2.8624808947676162e-17,1.8301063112576249e-16,1.0903284398286601e-16,1.0903284398286601e-16,2.3873138498502308e-38,1.4920711561563942e-37,3.7691851117696843e-20,-1.8060983189183703e-20,-1.8060983189183703e-20,-3.009265538105056e-36,0.24615384615384622,-1
3101,0.71875,0.734375,0,0.00024414062499999989,1.630121095787957e-18,1.2380452324456489e-17,7.1925873165472508e-18,7.1925873165472508e-18,1.3595237180521186e-39,8.4970232378257416e-39,2.6245925851241522e-21,-1.2665686054465908e-21,-1.2665686054465908e-21,0,0.24615384615384622,-1
3102,0.734375,0.734375,0,0.00024414062499999989,7.2341739314059678e-20,6.7039346754058896e-19,3.7983088830038374e-19,3.7983088830038374e-19,6.0333131481295021e-41,3.7708207175809388e-40,1.4600872271155493e-22,-7.0938129697315693e-23,-7.0938129697315693e-23,0,0.24615384615384622,-1
3103,0.75,0.734375,0,0.00024414062499999989,2.432009861427092e-21,2.8492725854823381e-20,1.5751025720482492e-20,1.5751025720482492e-20,2.0283002886657107e-42,1.2676876804160692e-41,6.3624794905752636e-24,-3.1107666343605669e-24,-3.1107666343605669e-24,-7.3468396926392969e-40,0.24615384615384622,-1
3104,0.765625,0.734375,0,0.00024414062499999989,5.9404472873097091e-23,9.2540945689240989e-22,4.9954059138999573e-22,4.9954059138999573e-22,4.9543429649513908e-44,3.0964643530946196e-43,2.1142699805158995e-25,-1.0397189099180029e-25,-1.0397189099180029e-25,0,0.24615384615384622,-1
3105,0.78125,0.734375,0,0.00024414062499999989,9.8523928356074565e-25,2.2075575404378972e-23,1.1649860058560953e-23,1.1649860058560953e-23,8.2169120896509419e-46,5.1355700560318387e-45,5.1490078419966354e-27,-2.5453406606001012e-27,-2.5453406606001012e-27,0,0.24615384615384622,-1
3106,0.796875,0.734375,0,0.00024414062499999989,9.7871450206801411e-27,3.6276446360119864e-25,1.8747198267846887e-25,1.8747198267846887e-25,8.1624953029631514e-48,5.1015595643519693e-47,8.6176103169071853e-29,-4.2796015850275806e-29,-4.2796015850275806e-29,1.1210387714598537e-44,0.24615384615384622,-1
3107,0.8125,0.734375,0,0.00024414062499999989,4.2944401810613099e-29,3.6473833202852563e-27,1.8504493258861642e-27,1.8504493258861642e-27,3.581570287627474e-50,2.2384814297671708e-49,8.7998997033072318e-31,-4.3870458847634068e-31,-4.3870458847634068e-31,-8.7581154020301067e-47,0.24615384615384622,-1
3108,0.828125,0.734375,0,0.00024414062499999989,0,1.6786654646982889e-29,8.3933273234914446e-30,8.3933273234914446e-30,0,0,4.0983043571735549e-33,-2.0491521785867774e-33,-2.0491521785867774e-33,0,0.24615384615384622,-1
3109,0.84375,0.734375,0,0.00024414062499999989,0,0,0,0,0,0,0,0,0,0,0.24615384615384622,-1
3110,0.859375,0.734375,0,0.00024414062499999989,0,0,0,0,0,0,0,0,0,0,0.24615384615384622,-1
3111,0.875,0.734375,0,0.00024414062499999989,0,0,0,0,0,0,0,0,0,0,0.24615384615384622,-1
3112,0.890625,0.734375,0,0.00024414062499999989,0,0,0,0,0,0,0,0,0,0,0.24615384615384622,-1
3113,0.90625,0.734375,0,0.00024414062499999989,0,0,0,0,0,0,0,0,0,0,0.24615384615384622,-1
3114,0.921875,0.734375,0,0.00024414062499999989,0,0,0,0,0,0,0,0,0,0,0.24615384615384622,-1
3115,0.9375,0.734375,0,0.00024414062499999989,0,0,0,0,0,0,0,0,0,0,0.24615384615384622,-1
3116,0.953125,0.734375,0,0.00024414062499999989,0,0,0,0,0,0,0,0,0,0,0.24615384615384622,-1
3117,0.96875,0.734375,0,0.00024414062499999989,0,0,0,0,0,0,0,0,0,0,0.24615384615384622,-1
3118,0.984375,0.734375,0,0.00024414062499999989,0,0,0,0,0,0,0,0,0,0,0.24615384615384622,-1
3119,1,0.734375,0,0.00012207031249999995,0,0,0,0,-0,0,0,0,0,0,0.49230769230769245,-1
3120,0,0.75,0,0.00012207031249999995,0,0,0,0,0,0,0,0,0,0,0.16410256410256413,-1
3121,0.015625,0.75,0,0.00024414062499999989,0,0,0,0,0,0,0,0,0,0,0.24615384615384622,-1
3122,0.03125,0.75,0,0.00024414062499999989,0,0,0,0,0,0,0,0,0,0,0.24615384615384622,-1
3123,0.046875,0.75,0,0.00024414062499999989,0,0,0,0,0,0,0,0,0,0,0.24615384615384622,-1
3124,0.0625,0.75,0,0.00024414062499999989,0,0,0,0,0,0,0,0,0,0,0.24615384615384622,-1
3125,0.078125,0.75,0,0.00024414062499999989,0,0,0,0,0,0,0,0,0,0,0.24615384615384622,-1
3126,0.09375,0.75,0,0.00024414062499999989,0,0,0,0,0,0,0,0,0,0,0.24615384615384622,-1
3127,0.109375,0.75,0,0.00024414062499999989,0,0,0,0,0,0,0,0,0,0,0.24615384615384622,-1
3128,0.125,0.75,0,0.00024414062499999989,0,0,0,0,0,0,0,0,0,0,0.24615384615384622,-1
3129,0.140625,0.75,0,0.00024414062499999989,0,0,0,0,0,0,0,0,0,0,0.24615384615384622,-1
3130,0.15625,0.75,0,0.00024414062499999989,0,0,0,0,0,0,0,0,0,0,0.24615384615384622,-1
3131,0.171875,0.75,0,0.00024414062499999989,0,0,0,0,0,0,0,0,0,0,0.24615384615384622,-1
3132,0.1875,0.75,0,0.00024414062499999989,0,0,0,0,0,0,0,0,0,0,0.24615384615384622,-1
3133,0.203125,0.75,0,0.00024414062499999989,0,0,0,0,0,0,0,0,0,0,0.24615384615384622,-1
3134,0.21875,0.75,0,0.00024414062499999989,0,0,0,0,0,0,0,0,0,0,0.24615384615384622,-1
3135,0.234375,0.75,0,0.00024414062499999989,0,0,0,0,0,0,0,0,0,0,0.24615384615384622,-1
3136,0.25,0.75,0,0.00024414062499999989,0,0,6.8035386295377118e-56,0,0,0,0,1.6610201732269798e-59,0,0,0.24615384615384622,-1
3137,0.265625,0.75,0,0.00024414062499999989,0,0,4.0993951520300623e-55,0,0,0,0,1.0008288945385889e-58,0,0,0.24615384615384622,-1
3138,0.28125,0.75,0,0.00024414062499999989,-3.3167250818996345e-54,-3.3167250818996345e-54,-2.2098201873792274e-37,-3.8956060957972301e-54,-2.7661542610251896e-75,-1.7288464131407435e-74,0,-5.3950688168438149e-41,-1.413283725335926e-58,1.7686873200833423e-74,0.24615384615384622,-1
3139,0.296875,0.75,0,0.00024414062499999989,1.1914621121755492e-36,8.9817913071695252e-37,5.3286409653012543e-37,9.0606518880910408e-37,9.9368139265761401e-58,6.2105087041100878e-57,-7.1602290395165155e-41,-8.9188240768268283e-41,1.9253071514041999e-42,-3.0587364693743084e-56,0.24615384615384622,-1
3140,0.3125,0.75,0,0.00024414062499999989,6.0070249645352086e-36,4.9703205613348682e-36,3.304923592817326e-25,6.0070249647711509e-36,5.0098688590182566e-57,3.1311680368864101e-56,-2.5310166093758287e-40,8.0686611151553258e-29,2.5310166099518601e-40,-8.156630587846826e-56,0.24615384615384622,-1
3141,0.328125,0.75,0,0.00024414062499999989,-6.9152450331995491e-27,-5.2130308698642463e-27,2.9109127703628454e-24,1.6086967354958067e-36,-5.7673259140496516e-48,-3.6045786962810315e-47,4.1557962972053274e-31,7.1194477569157918e-28,1.2727126151056985e-30,0,0.24615384615384622,-1
3142,0.34375,0.75,0,0.00024414062499999989,-1.6558703870387256e-23,-1.3143699943919864e-23,-3.7914289660147915e-23,-3.6218955562437834e-23,-1.3809986699859995e-44,-8.6312416874124974e-44,8.3374119298520231e-28,-6.0475072549384864e-27,-5.6336073287397368e-27,1.4349296274686127e-42,0.24615384615384622,-1
3143,0.359375,0.75,0,0.00024414062499999989,1.0864858109625323e-23,2.3547754672344704e-24,-3.915630528832823e-23,-4.0668143810231424e-23,9.0613098201557899e-45,5.6633186375973676e-44,-2.0776568951149534e-27,-1.0134541200088545e-26,-1.0503642401725067e-26,0,0.24615384615384622,-1
3144,0.375,0.75,0,0.00024414062499999989,7.322107534647417e-22,5.9402444716516026e-22,9.7343635330548079e-22,9.6223591476340897e-22,6.1066499201824703e-43,3.8166562001140439e-42,-3.3736891186421249e-26,9.2629859897539169e-26,8.9895377831603666e-26,0,0.24615384615384622,-1
3145,0.390625,0.75,0,0.00024414062499999989,-1.0751522761966215e-21,-7.1629273744464439e-22,-7.3262853481909822e-22,-7.3262853481909822e-22,-8.9667879508085566e-43,-5.6042424692553477e-42,8.761219207811933e-26,-3.9882317808725233e-27,-3.9882317808725233e-27,6.8876622118493409e-41,0.24615384615384622,-1
3146,0.40625,0.75,0,0.00024414062499999989,-5.5045017060107339e-21,-4.5899484527362919e-21,-6.8527391047278509e-21,-6.8527391047278509e-21,-4.5907636216207721e-42,-2.8692272635129823e-41,2.2327960285020555e-25,-5.5243912402137634e-25,-5.5243912402137634e-25,-1.8367099231598242e-40,0.24615384615384622,-1
3147,0.421875,0.75,0,0.00024414062499999989,9.9253790685920126e-21,6.8913680243332791e-21,7.4731554979142007e-21,7.6595735976502188e-21,8.2777827299304724e-42,5.1736142062065449e-41,-7.4072535260222949e-25,1.4203795741721705e-25,1.8755018879808105e-25,-2.7550648847397363e-40,0.24615384615384622,-1
3148,0.4375,0.75,0,0.00024414062499999989,1.9026370820847248e-20,1.6599030249560109e-20,1.8822837287849737e-20,1.8822837287849737e-20,1.586802506036723e-41,9.917515662729518e-41,-5.9261244416189844e-25,5.4292164020742845e-25,5.4292164020742845e-25,-4.3621860675045825e-40,0.24615384615384622,-1
3149,0.453125,0.75,0,0.00024414062499999989,1.9026351113762303e-20,1.8656547938201891e-20,2.9017582232520915e-19,1.9026369203407905e-20,1.5868008624625453e-41,9.917505390390907e-41,-9.0283978408303823e-26,6.6288885348390412e-23,9.0288394825687249e-26,-2.4107027936242342e-40,0.24615384615384622,-1
3150,0.46875,0.75,0,0.00024414062499999989,-8.45373695841644e-20,-6.1065030066684252e-20,1.6015007652747868e-18,-3.2762235279003977e-21,-7.0504307507200812e-41,-4.4065192192000509e-40,5.7305516400097987e-24,4.0589985237828863e-22,1.4108595346382771e-23,0,0.24615384615384622,-1
3151,0.484375,0.75,0,0.00024414062499999989,-1.516811619686573e-17,-1.197241139219231e-17,-1.3064064538525983e-17,-1.2167667133356835e-17,-1.265023425627261e-38,-7.9063964101703815e-38,7.802013683284716e-22,-2.6651688142911935e-22,-4.7669858682745498e-23,0,0.24615384615384622,-1
3152,0.5,0.75,0,0.00024414062499999989,-2.0951014175567941e-17,-1.9163254584513204e-17,-3.5494613217138243e-12,-2.1232653730980593e-17,-1.7473180834557973e-38,-1.0920738021598733e-37,4.3646474390984832e-22,-8.6656302696758749e-16,-5.0522440099301491e-22,-1.5281426560689738e-37,0.24615384615384622,-1
3153,0.515625,0.75,0,0.00024414062499999989,-1.9465387055810812e-17,-1.9419995815366864e-17,-1.1426115475291331e-10,-2.095101410449337e-17,-1.6234165333985617e-38,-1.014635333374101e-37,1.1081845811511061e-23,-2.7895784993388047e-14,-3.7378376199377614e-22,4.70197740328915e-38,0.24615384615384622,-1
3154,0.53125,0.75,0,0.00024414062499999989,4.1904511057306315e-11,3.8688431861340151e-11,-4.5756143365623093e-11,8.0448430383531367e-13,3.4948432250211041e-32,2.1842770156381898e-31,-7.8517558495267641e-16,-2.0616351373770314e-14,-9.2490106341564496e-15,0,0.24615384615384622,-1
3155,0.546875,0.75,0,0.00024414062499999989,2.0250987043663711e-10,3.8118355277350564e-10,2.7974604256252078e-10,2.6810757755123214e-10,1.6889357036704616e-31,1.0555848147940385e-30,4.3621504476774532e-14,-2.4765017141353719e-14,-2.7606439263250355e-14,-6.3108872417680944e-30,0.24615384615384622,-1
3156,0.5625,0.75,0,0.00024414062499999989,1.1737091166714587e-10,2.7089979655153955e-10,1.9810059115521897e-10,1.9810059115521897e-10,9.7887536473941381e-32,6.117971029621336e-31,3.7482637911228908e-14,-1.777324350496107e-14,-1.777324350496107e-14,0,0.24615384615384622,-1
3157,0.578125,0.75,0,0.00024414062499999989,3.8410126202147737e-11,1.0300524748343089e-10,7.3089956908264336e-11,7.3089956908264336e-11,3.2034109441393062e-32,2.0021318400870662e-31,1.5770293281563263e-14,-7.3035377380777684e-15,-7.3035377380777684e-15,0,0.24615384615384622,-1
3158,0.59375,0.75,0,0.00024414062499999989,9.2272715505033331e-12,2.7916770410539679e-11,1.9264844634142457e-11,1.9264844634142457e-11,7.6955598932072334e-33,4.8097249332545206e-32,4.5628659326260595e-15,-2.1122865665032274e-15,-2.1122865665032274e-15,-3.944304526105059e-31,0.24615384615384622,-1
3159,0.609375,0.75,0,0.00024414062499999989,1.7985638325191424e-12,6.0461005925545851e-12,4.070542941407967e-12,4.070542941407967e-12,1.5000052419777763e-33,9.3750327623611018e-33,1.0369962793055277e-15,-4.8231387967446702e-16,-4.8231387967446702e-16,-9.8607613152626476e-32,0.24615384615384622,-1
3160,0.625,0.75,0,0.00024414062499999989,3.0071457502828883e-13,1.1123736002110176e-12,7.3288048888827088e-13,7.3288048888827088e-13,2.5079645811055845e-34,1.5674778631909904e-33,1.9815894169500205e-16,-9.2649685381529933e-17,-9.2649685381529933e-17,1.2325951644078309e-32,0.24615384615384622,-1
3161,0.640625,0.75,0,0.00024414062499999989,4.4332575814271335e-14,1.7972188895326237e-13,1.1612405564994962e-13,1.1612405564994962e-13,3.6973442315162556e-35,2.3108401446976595e-34,3.3054031528073972e-17,-1.5526814771316582e-17,-1.5526814771316582e-17,-6.1629758220391547e-33,0.24615384615384622,-1
3162,0.65625,0.75,0,0.00024414062499999989,5.758871497080213e-15,2.5690549829065818e-14,1.6285860496329266e-14,1.6285860496329266e-14,4.8029084524609365e-36,3.0018177827880851e-35,4.8661324052699203e-18,-2.2960667316251335e-18,-2.2960667316251335e-18,3.8518598887744717e-34,0.24615384615384622,-1
3163,0.671875,0.75,0,0.00024414062499999989,6.4514598569995557e-16,3.2053283342135115e-15,1.9913011101142772e-15,1.9913011101142772e-15,5.3805283020476471e-37,3.3628301887797791e-36,6.2504451868006704e-19,-2.9639336525860202e-19,-2.9639336525860202e-19,4.8148248609680896e-35,0.24615384615384622,-1
3164,0.6875,0.75,0,0.00024414062499999989,6.0556009719387306e-17,3.4091861701878206e-16,2.072097841363328e-16,2.072097841363328e-16,5.0503813303702336e-38,3.1564883314813962e-37,6.844790217270376e-20,-3.26437580279417e-20,-3.26437580279417e-20,6.018531076210112e-36,0.24615384615384622,-1
3165,0.703125,0.75,0,0.00024414062499999989,4.6333325255967431e-18,3.0170085299583194e-17,1.7914540886665625e-17,1.7914540886665625e-17,3.8642070693074912e-39,2.4151294183171816e-38,6.2345587827115331e-21,-2.9920762726849522e-21,-2.9920762726849522e-21,0,0.24615384615384622,-1
3166,0.71875,0.75,0,0.00024414062499999989,2.8180840160321773e-19,2.1735933453308082e-18,1.2597684297895895e-18,1.2597684297895895e-18,2.3502867787913552e-40,1.468929236744597e-39,4.618615585272435e-22,-2.2310178602080525e-22,-2.2310178602080525e-22,9.4039548065783001e-38,0.24615384615384622,-1
3167,0.734375,0.75,0,0.00024414062499999989,1.3273285145333661e-20,1.2485468848975815e-19,7.0607654374171091e-20,7.0607654374171091e-20,1.1069941992761793e-41,6.9187137454761208e-41,2.7241553550884878e-23,-1.3243904813375741e-23,-1.3243904813375741e-23,-2.9387358770557188e-39,0.24615384615384622,-1
3168,0.75,0.75,0,0.00024414062499999989,4.6857123164849421e-22,5.5863399087283488e-21,3.0828939673439026e-21,3.0828939673439026e-21,3.9078919024423536e-43,2.4424324390264712e-42,1.2494552434276984e-24,-6.111928567833118e-25,-6.111928567833118e-25,-9.1835496157991212e-41,0.24615384615384622,-1
3169,0.765625,0.75,0,0.00024414062499999989,1.1823503619510415e-23,1.8884817909875633e-22,1.0175390749826409e-22,1.0175390749826409e-22,9.8608217774333999e-45,6.1630136108958741e-44,4.3218914911925249e-26,-2.1263249902463918e-26,-2.1263249902463918e-26,5.7397185098744507e-42,0.24615384615384622,-1
3170,0.78125,0.75,0,0.00024414062499999989,1.97266985175349e-25,4.6125255144151647e-24,2.4288137910870419e-24,2.4288137910870419e-24,1.6452099529752246e-46,1.0282562206095154e-45,1.0779439768651888e-27,-5.331327449531547e-28,-5.331327449531547e-28,8.9683101716788293e-44,0.24615384615384622,-1
3171,0.796875,0.75,0,0.00024414062499999989,1.8756601017728367e-27,7.568257184865151e-26,3.9008491405342736e-26,3.9008491405342736e-26,1.5643036593742248e-48,9.7768978710889035e-48,1.8019265563202792e-29,-8.9536329207296769e-30,-8.9536329207296769e-30,0,0.24615384615384622,-1
3172,0.8125,0.75,0,0.00024414062499999989,6.9938585544142442e-30,7.2821682989034837e-28,3.6846612681369386e-28,3.6846612681369386e-28,5.8328897221171177e-51,3.6455560763231985e-50,1.7607982698631195e-31,-8.7829761493323812e-32,-8.7829761493323812e-32,0,0.24615384615384622,-1
3173,0.828125,0.75,0,0.00024414062499999989,0,2.9500878675495478e-30,1.4750439337747739e-30,1.4750439337747739e-30,0,0,7.2023629578846348e-34,-3.6011814789423174e-34,-3.6011814789423174e-34,0,0.24615384615384622,-1
3174,0.84375,0.75,0,0.00024414062499999989,0,0,0,0,0,0,0,0,0,0,0.24615384615384622,-1
3175,0.859375,0.75,0,0.00024414062499999989,0,0,0,0,0,0,0,0,0,0,0.24615384615384622,-1
3176,0.875,0.75,0,0.00024414062499999989,0,0,0,0,0,0,0,0,0,0,0.24615384615384622,-1
3177,0.890625,0.75,0,0.00024414062499999989,0,0,0,0,0,0,0,0,0,0,0.24615384615384622,-1
3178,0.90625,0.75,0,0.00024414062499999989,0,0,0,0,0,0,0,0,0,0,0.24615384615384622,-1
3179,0.921875,0.75,0,0.00024414062499999989,0,0,0,0,0,0,0,0,0,0,0.24615384615384622,-1
3180,0.9375,0.75,0,0.00024414062499999989,0,0,0,0,0,0,0,0,0,0,0.24615384615384622,-1
3181,0.953125,0.75,0,0.00024414062499999989,0,0,0,0,0,0,0,0,0,0,0.24615384615384622,-1
3182,0.96875,0.75,0,0.00024414062499999989,0,0,0,0,0,0,0,0,0,0,0.24615384615384622,-1
3183,0.984375,0.75,0,0.00024414062499999989,0,0,0,0,0,0,0,0,0,0,0.24615384615384622,-1
3184,1,0.75,0,0.00012207031249999995,0,0,0,0,-0,0,0,0,0,0,0.49230769230769245,-1
3185,0,0.765625,0,0.00012207031249999995,0,0,0,0,0,0,0,0,0,0,0.16410256410256413,-1
3186,0.015625,0.765625,0,0.00024414062499999989,0,0,0,0,0,0,0,0,0,0,0.24615384615384622,-1
3187,0.03125,0.765625,0,0.00024414062499999989,0,0,0,0,0,0,0,0,0,0,0.24615384615384622,-1
3188,0.046875,0.765625,0,0.00024414062499999989,0,0,0,0,0,0,0,0,0,0,0.24615384615384622,-1
3189,0.0625,0.765625,0,0.00024414062499999989,0,0,0,0,0,0,0,0,0,0,0.24615384615384622,-1
3190,0.078125,0.765625,0,0.00024414062499999989,0,0,0,0,0,0,0,0,0,0,0.24615384615384622,-1
3191,0.09375,0.765625,0,0.00024414062499999989,0,0,0,0,0,0,0,0,0,0,0.24615384615384622,-1
3192,0.109375,0.765625,0,0.00024414062499999989,0,0,0,0,0,0,0,0,0,0,0.24615384615384622,-1
3193,0.125,0.765625,0,0.00024414062499999989,0,0,0,0,0,0,0,0,0,0,0.24615384615384622,-1
3194,0.140625,0.765625,0,0.00024414062499999989,0,0,0,0,0,0,0,0,0,0,0.24615384615384622,-1
3195,0.15625,0.765625,0,0.00024414062499999989,0,0,0,0,0,0,0,0,0,0,0.24615384615384622,-1
3196,0.171875,0.765625,0,0.00024414062499999989,0,0,0,0,0,0,0,0,0,0,0.24615384615384622,-1
3197,0.1875,0.765625,0,0.00024414062499999989,0,0,0,0,0,0,0,0,0,0,0.24615384615384622,-1
3198,0.203125,0.765625,0,0.00024414062499999989,0,0,0,0,0,0,0,0,0,0,0.24615384615384622,-1
3199,0.21875,0.765625,0,0.00024414062499999989,0,0,0,0,0,0,0,0,0,0,0.24615384615384622,-1
3200,0.234375,0.765625,0,0.00024414062499999989,0,0,0,0,0,0,0,0,0,0,0.24615384615384622,-1
3201,0.25,0.765625,0,0.00024414062499999989,0,0,0,0,0,0,0,0,0,0,0.24615384615384622,-1
3202,0.265625,0.765625,0,0.00024414062499999989,0,0,2.995877918544155e-55,0,0,0,0,7.3141550745706874e-59,0,0,0.24615384615384622,-1
3203,0.28125,0.765625,0,0.00024414062499999989,-2.8220449427507798e-54,-2.2431639288531839e-54,-2.444024845488306e-38,-3.3167250818996345e-54,-2.3535901982939435e-75,-1.4709938739337147e-74,1.4132837253359269e-58,-5.9668575329304321e-42,-2.6209989088048101e-58,1.7686873200833423e-74,0.24615384615384622,-1
3204,0.296875,0.765625,0,0.00024414062499999989,-2.824149964619498e-54,-3.3074629856772727e-54,-2.9319259188781968e-37,-3.3167250818996345e-54,-2.3553457900502463e-75,-1.4720911187814038e-74,-1.1799634303168321e-58,-7.1580222628862195e-41,-2.2612539605375394e-60,-1.7686873200833423e-74,0.24615384615384622,-1
3205,0.3125,0.765625,0,0.00024414062499999989,2.0715284724990002e-36,1.6104942475814051e-36,1.4185118205170013e-28,6.0070249579500923e-36,1.727658207883842e-57,1.0797863799274013e-56,-1.1255718381777217e-40,3.4631635849903762e-32,1.0733717554611049e-39,-1.6313261169996311e-55,0.24615384615384622,-1
3206,0.328125,0.765625,0,0.00024414062499999989,2.071528472512653e-36,2.1479909035396977e-36,4.0197910477508418e-25,6.0070249645345471e-36,1.7276582078952284e-57,1.0797863799345178e-56,1.8667585699962107e-41,9.8139429876205081e-29,9.4214698754757007e-40,1.6313261169996311e-55,0.24615384615384622,-1
3207,0.34375,0.765625,0,0.00024414062499999989,-7.5944437182122238e-25,-5.7278792111744819e-25,9.7286801641510399e-26,-5.5472756910456898e-25,-6.333778752388143e-46,-3.9586117202425889e-45,4.5570422535101092e-29,1.6359246161107381e-28,4.4092656281443462e-30,5.6051938572992683e-45,0.24615384615384622,-1
3208,0.359375,0.765625,0,0.00024414062499999989,-1.3159304642466181e-23,-1.0724049401558404e-23,-3.2470247683156153e-23,-1.6416778830992226e-23,-1.097488206289263e-44,-6.8593012893078945e-44,5.9454473654974966e-28,-5.3091304398431985e-27,-1.3898265208578658e-27,8.9683101716788293e-44,0.24615384615384622,-1
3209,0.375,0.765625,0,0.00024414062499999989,4.7400359475795915e-23,3.4018832632468468e-23,2.8289753878959944e-23,2.4649710715393272e-23,3.9531979015578312e-44,2.4707486884736442e-43,-3.2669743269842395e-27,-1.3987008675557909e-27,-2.2873832805359353e-27,7.1746481373430634e-43,0.24615384615384622,-1
3210,0.390625,0.765625,0,0.00024414062499999989,4.7964830534982267e-22,3.9939895805862394e-22,7.0692998158584351e-22,7.0618802771101154e-22,4.0002748822251414e-43,2.5001718013907133e-42,-1.9592125803515317e-26,7.5080816290825044e-26,7.4899675208102395e-26,2.2958874039497803e-41,0.24615384615384622,-1
3211,0.40625,0.765625,0,0.00024414062499999989,-1.2293087670943086e-21,-8.9020222081901525e-22,-1.085472427156514e-21,-1.085472427156514e-21,-1.0252455661070203e-42,-6.4077847881688769e-42,8.2789684149241493e-26,-4.7673390219115899e-26,-4.7673390219115899e-26,2.2958874039497803e-41,0.24615384615384622,-1
3212,0.421875,0.765625,0,0.00024414062499999989,-3.7360885952649175e-21,-3.2331814425691449e-21,-5.1138404631449637e-21,-5.1138404631449637e-21,-3.1159041319881077e-42,-1.9474400824925673e-41,1.2278006657611634e-25,-4.5914526869526799e-25,-4.5914526869526799e-25,-9.1835496157991212e-41,0.24615384615384622,-1
3213,0.4375,0.765625,0,0.00024414062499999989,1.0012385176025035e-20,7.2966328410415168e-21,7.7796218725957719e-21,8.1778633909003603e-21,8.3503459689292332e-42,5.2189662305807708e-41,-6.6302547240808543e-25,1.1791724403180045e-25,2.1514417721163173e-25,-9.1835496157991212e-41,0.24615384615384622,-1
3214,0.453125,0.765625,0,0.00024414062499999989,1.9026370815868683e-20,1.6681714772353197e-20,1.9978427592929488e-20,1.9026370820745125e-20,1.5868025056215097e-41,9.917515660134435e-41,-5.7242579187389713e-25,8.0486152846100786e-25,5.7242579306443505e-25,-2.7550648898714446e-40,0.24615384615384622,-1
3215,0.46875,0.765625,0,0.00024414062499999989,1.9026366551390335e-20,1.8557314638560089e-20,3.5029039005142664e-19,1.9026370567011998e-20,1.5868021499633027e-41,9.9175134372706425e-41,-1.1451462715582179e-25,8.0989520364469335e-23,1.1451560753220434e-25,9.183514583337513e-41,0.24615384615384622,-1
3216,0.484375,0.765625,0,0.00024414062499999989,-2.243264961747789e-19,-1.6867302159010269e-19,1.1244781396903363e-18,-4.3669861348275212e-20,-1.8708867269135115e-40,-1.1693042043209447e-39,1.3587274068524455e-23,3.1571073273448201e-22,3.0518349668414901e-23,0,0.24615384615384622,-1
3217,0.5,0.765625,0,0.00024414062499999989,-1.0930840033864683e-17,-8.8984854034443999e-18,-9.1665448493243956e-18,-9.0362309007631609e-18,-9.1163388552366265e-39,-5.6977117845228921e-38,4.96180329692452e-22,-6.5444200654295822e-23,-3.3629271806338181e-23,-1.88079096131566e-37,0.24615384615384622,-1
3218,0.515625,0.765625,0,0.00024414062499999989,-1.912582032561884e-17,-1.7115100718477942e-17,-8.5959888243041072e-13,-2.095101415373971e-17,-1.595096611354105e-38,-9.9693538209631569e-38,4.9089834158713239e-22,-2.0985882991447556e-16,-9.3650230353070447e-22,4.70197740328915e-37,0.24615384615384622,-1
3219,0.53125,0.765625,0,0.00024414062499999989,-1.277220804043737e-17,-1.3815183962182576e-17,-4.3743826506054301e-12,-1.9465384727553584e-17,-1.0652042849906944e-38,-6.6575267811918394e-38,-2.5463279339482562e-22,-1.0679611414603189e-15,-1.3794435462331555e-21,0,0.24615384615384622,-1
3220,0.546875,0.765625,0,0.00024414062499999989,2.6851415540910678e-12,3.7433404491295789e-12,6.1062730543624699e-13,3.3523494826189846e-13,2.2394125433666458e-33,1.3996328396041537e-32,2.5834933960901137e-16,-7.6482254484700458e-16,-8.3205700704777316e-16,0,0.24615384615384622,-1
3221,0.5625,0.765625,0,0.00024414062499999989,6.3878610990620293e-12,1.3564200090722097e-11,9.7109324420413253e-12,9.579903482786163e-12,5.32748683164515e-33,3.3296792697782188e-32,1.7520358866357582e-15,-9.4073917204120356e-16,-9.7272866404685859e-16,-1.9721522630525295e-31,0.24615384615384622,-1
3222,0.578125,0.765625,0,0.00024414062499999989,3.1678005494112435e-12,8.2562195736805826e-12,5.8354756902263328e-12,5.8354756902263328e-12,2.6419509520557271e-33,1.6512193450348292e-32,1.242289800847006e-15,-5.9100192467144751e-16,-5.9100192467144751e-16,9.8607613152626476e-32,0.24615384615384622,-1
3223,0.59375,0.765625,0,0.00024414062499999989,9.222806668540291e-13,2.7978506174067031e-12,1.9199902930970138e-12,1.9199902930970138e-12,7.691836174188602e-34,4.8073976088678764e-33,4.5790281995914873e-16,-2.143213682396701e-16,-2.143213682396701e-16,-4.9303806576313238e-32,0.24615384615384622,-1
3224,0.609375,0.765625,0,0.00024414062499999989,1.9884727553889486e-13,6.8273528559278645e-13,4.5616600050492407e-13,4.5616600050492407e-13,1.6583896010161042e-34,1.036493500635065e-33,1.1813672120456332e-16,-5.5314766867153864e-17,-5.5314766867153864e-17,-1.2325951644078309e-32,0.24615384615384622,-1
3225,0.625,0.765625,0,0.00024414062499999989,3.4827472683462698e-14,1.3342818777676743e-13,8.7064663600809917e-14,8.7064663600809917e-14,2.9046170419684478e-35,1.8153856512302797e-34,2.4072440208326342e-17,-1.1319219769520871e-17,-1.1319219769520871e-17,-3.0814879110195774e-33,0.24615384615384622,-1
3226,0.640625,0.765625,0,0.00024414062499999989,5.226818659477443e-15,2.2137798936244043e-14,1.4149341297668651e-14,1.4149341297668651e-14,4.3591754967640126e-36,2.7244846854775078e-35,4.1286572941324689e-18,-1.9503070406678196e-18,-1.9503070406678196e-18,0,0.24615384615384622,-1
3227,0.65625,0.765625,0,0.00024414062499999989,6.8997708564333693e-16,3.2193861837168577e-15,2.019637043463816e-15,2.019637043463816e-15,5.7544204247670997e-37,3.5965127654794367e-36,6.1753151808435537e-19,-2.9290750494459012e-19,-2.9290750494459012e-19,0,0.24615384615384622,-1
3228,0.671875,0.765625,0,0.00024414062499999989,7.9851287131946439e-17,4.1273210224732664e-16,2.5421111871793516e-16,2.5421111871793516e-16,6.6596106910938568e-38,4.1622566819336609e-37,8.1269730252778327e-20,-3.8701411994480323e-20,-3.8701411994480323e-20,6.018531076210112e-36,0.24615384615384622,-1
3229,0.6875,0.765625,0,0.00024414062499999989,7.8963861796613792e-18,4.5882356172513386e-17,2.771168679049525e-17,2.771168679049525e-17,6.5855992698256773e-39,4.1159995436410483e-38,9.2739184552861304e-21,-4.4361985795942692e-21,-4.4361985795942692e-21,0,0.24615384615384622,-1
3230,0.703125,0.765625,0,0.00024414062499999989,6.4496936291618278e-19,4.3030610648493943e-18,2.5440517694798079e-18,2.5440517694798079e-18,5.3790552650793626e-40,3.3619095406746012e-39,8.9308879441728763e-22,-4.2944562875234023e-22,-4.2944562875234023e-22,0,0.24615384615384622,-1
3231,0.71875,0.765625,0,0.00024414062499999989,4.2081715191521293e-20,3.3081773916835969e-19,1.9117660584231432e-19,1.9117660584231432e-19,3.5096220794279728e-41,2.1935137996424831e-40,7.049219335372028e-23,-3.4092073565929027e-23,-3.4092073565929027e-23,-5.8774717541114375e-39,0.24615384615384622,-1
3232,0.734375,0.765625,0,0.00024414062499999989,2.1221589983180867e-21,2.0288359537907434e-20,1.1450061171282515e-20,1.1450061171282515e-20,1.7698841510277937e-42,1.106177594392371e-41,4.4351075536106788e-24,-2.1577876871642856e-24,-2.1577876871642856e-24,-7.3468396926392969e-40,0.24615384615384622,-1
3233,0.75,0.765625,0,0.00024414062499999989,7.9622698502611641e-23,9.6484198742103661e-22,5.3160983220815234e-22,5.3160983220815234e-22,6.6405463612069135e-44,4.1503414757543208e-43,2.1611799045859977e-25,-1.0576956914377053e-25,-1.0576956914377053e-25,-2.2958874039497803e-41,0.24615384615384622,-1
3234,0.765625,0.765625,0,0.00024414062499999989,2.107041210133805e-24,3.4362178158726763e-23,1.8486817059647094e-23,1.8486817059647094e-23,1.7572758904181216e-45,1.0982974315113258e-44,7.8747892940900731e-27,-3.875820580829996e-27,-3.875820580829996e-27,1.4349296274686127e-42,0.24615384615384622,-1
3235,0.78125,0.765625,0,0.00024414062499999989,3.5990210178663301e-26,8.715860664288228e-25,4.5815087895419664e-25,4.5815087895419664e-25,3.0015895433782051e-47,1.8759934646113784e-46,2.0400289459232399e-28,-1.0093632506704736e-28,-1.0093632506704736e-28,2.2420775429197073e-44,0.24615384615384622,-1
3236,0.796875,0.765625,0,0.00024414062499999989,3.319876498683874e-28,1.4491815058463959e-26,7.4525343300834753e-27,7.4525343300834753e-27,2.7687825478897126e-49,1.7304890924310703e-48,3.4569891134266521e-30,-1.7185743965772659e-30,-1.7185743965772659e-30,-3.5032461608120427e-46,0.24615384615384622,-1
3237,0.8125,0.765625,0,0.00024414062499999989,9.8855574325014046e-31,1.3439257740114227e-28,6.7812234971365451e-29,6.7812234971365451e-29,8.2445714188832701e-52,5.1528571368020426e-51,3.2569341225071302e-32,-1.6254966413519722e-32,-1.6254966413519722e-32,0,0.24615384615384622,-1
3238,0.828125,0.765625,0,0.00024414062499999989,0,4.5408505607819117e-31,2.2704252803909558e-31,2.2704252803909558e-31,0,0,1.108606093940896e-34,-5.5430304697044799e-35,-5.5430304697044799e-35,0,0.24615384615384622,-1
3239,0.84375,0.765625,0,0.00024414062499999989,0,0,0,0,0,0,0,0,0,0,0.24615384615384622,-1
3240,0.859375,0.765625,0,0.00024414062499999989,0,0,0,0,0,0,0,0,0,0,0.24615384615384622,-1
3241,0.875,0.765625,0,0.00024414062499999989,0,0,0,0,0,0,0,0,0,0,0.24615384615384622,-1
3242,0.890625,0.765625,0,0.00024414062499999989,0,0,0,0,0,0,0,0,0,0,0.24615384615384622,-1
3243,0.90625,0.765625,0,0.00024414062499999989,0,0,0,0,0,0,0,0,0,0,0.24615384615384622,-1
3244,0.921875,0.765625,0,0.00024414062499999989,0,0,0,0,0,0,0,0,0,0,0.24615384615384622,-1
3245,0.9375,0.765625,0,0.00024414062499999989,0,0,0,0,0,0,0,0,0,0,0.24615384615384622,-1
3246,0.953125,0.765625,0,0.00024414062499999989,0,0,0,0,0,0,0,0,0,0,0.24615384615384622,-1
3247,0.96875,0.765625,0,0.00024414062499999989,0,0,0,0,0,0,0,0,0,0,0.24615384615384622,-1
3248,0.984375,0.765625,0,0.00024414062499999989,0,0,0,0,0,0,0,0,0,0,0.24615384615384622,-1
3249,1,0.765625,0,0.00012207031249999995,0,0,0,0,-0,0,0,0,0,0,0.49230769230769245,-1
3250,0,0.78125,0,0.00012207031249999995,0,0,0,0,0,0,0,0,0,0,0.16410256410256413,-1
3251,0.015625,0.78125,0,0.00024414062499999989,0,0,0,0,0,0,0,0,0,0,0.24615384615384622,-1
3252,0.03125,0.78125,0,0.00024414062499999989,0,0,0,0,0,0,0,0,0,0,0.24615384615384622,-1
3253,0.046875,0.78125,0,0.00024414062499999989,0,0,0,0,0,0,0,0,0,0,0.24615384615384622,-1
3254,0.0625,0.78125,0,0.00024414062499999989,0,0,0,0,0,0,0,0,0,0,0.24615384615384622,-1
3255,0.078125,0.78125,0,0.00024414062499999989,0,0,0,0,0,0,0,0,0,0,0.24615384615384622,-1
3256,0.09375,0.78125,0,0.00024414062499999989,0,0,0,0,0,0,0,0,0,0,0.24615384615384622,-1
3257,0.109375,0.78125,0,0.00024414062499999989,0,0,0,0,0,0,0,0,0,0,0.24615384615384622,-1
3258,0.125,0.78125,0,0.00024414062499999989,0,0,0,0,0,0,0,0,0,0,0.24615384615384622,-1
3259,0.140625,0.78125,0,0.00024414062499999989,0,0,0,0,0,0,0,0,0,0,0.24615384615384622,-1
3260,0.15625,0.78125,0,0.00024414062499999989,0,0,0,0,0,0,0,0,0,0,0.24615384615384622,-1
3261,0.171875,0.78125,0,0.00024414062499999989,0,0,0,0,0,0,0,0,0,0,0.24615384615384622,-1
3262,0.1875,0.78125,0,0.00024414062499999989,0,0,0,0,0,0,0,0,0,0,0.24615384615384622,-1
3263,0.203125,0.78125,0,0.00024414062499999989,0,0,0,0,0,0,0,0,0,0,0.24615384615384622,-1
3264,0.21875,0.78125,0,0.00024414062499999989,0,0,0,0,0,0,0,0,0,0,0.24615384615384622,-1
3265,0.234375,0.78125,0,0.00024414062499999989,0,0,0,0,0,0,0,0,0,0,0.24615384615384622,-1
3266,0.25,0.78125,0,0.00024414062499999989,0,0,0,0,0,0,0,0,0,0,0.24615384615384622,-1
3267,0.265625,0.78125,0,0.00024414062499999989,0,0,5.7888101389759589e-56,0,0,0,0,1.4132837253359268e-59,0,0,0.24615384615384622,-1
3268,0.28125,0.78125,0,0.00024414062499999989,0,0,2.5580333698507002e-55,0,0,0,0,6.2451986568620583e-59,0,0,0.24615384615384622,-1
3269,0.296875,0.78125,0,0.00024414062499999989,-2.4115656783506665e-54,-2.0326617419813309e-54,-4.2492891743569242e-38,-2.824149964619498e-54,-2.0112498058148245e-75,-1.2570311286342655e-74,9.2505843840169746e-59,-1.0374241148332329e-41,-1.9323442935502119e-58,7.074749280333369e-74,0.24615384615384622,-1
3270,0.3125,0.78125,0,0.00024414062499999989,-2.4115656783506665e-54,-2.8242363244910353e-54,-2.1246445689451303e-37,-2.8242363244910353e-54,-2.0112498058148245e-75,-1.2570311286342655e-74,-1.0074966946786352e-58,-5.1871205296511951e-41,6.5273125859627615e-80,1.0612123920500054e-73,0.24615384615384622,-1
3271,0.328125,0.78125,0,0.00024414062499999989,2.0715284502737141e-36,1.6466003995261412e-36,1.5578346090542013e-26,2.0715284725068574e-36,1.7276581893479163e-57,1.0797863683424478e-56,-1.0374219988954407e-40,3.8033071506092306e-30,1.0374220531755766e-40,-1.0195788474334229e-55,0.24615384615384622,-1
3272,0.34375,0.78125,0,0.00024414062499999989,2.071528472159681e-36,1.9865311838645274e-36,2.6995082270650449e-25,2.0715284725126396e-36,1.7276582076008492e-57,1.0797863797505308e-56,-2.0751291087683989e-41,6.590596257434517e-29,2.07512911738555e-41,1.5293682308889271e-56,0.24615384615384622,-1
3273,0.359375,0.78125,0,0.00024414062499999989,-1.9949109165952935e-28,-3.1307077769030045e-26,-9.8807244266054039e-25,-9.8805198204133593e-25,-1.6637590382212819e-49,-1.039849398888301e-48,-7.5946256536549081e-30,-2.335852941629663e-28,-2.3358029889460584e-28,0,0.24615384615384622,-1
3274,0.375,0.78125,0,0.00024414062499999989,-1.9949195935073082e-28,-5.4005203165472243e-25,-1.3918605219789409e-23,-1.308710818017079e-23,-1.6637662747804024e-49,-1.0398539217377515e-48,-1.3179993644906529e-28,-3.2662483369469432e-27,-3.0632461300088041e-27,0,0.24615384615384622,-1
3275,0.390625,0.78125,0,0.00024414062499999989,4.6428517691753043e-23,3.6944548701667045e-23,5.0338676501253622e-23,4.90990567245569e-23,3.8721461343600255e-44,2.4200913339750156e-43,-2.3154221167202138e-27,3.2700507323209404e-27,2.9674091852758417e-27,4.4841550858394146e-43,0.24615384615384622,-1
3276,0.40625,0.78125,0,0.00024414062499999989,2.6356704975792328e-22,2.2598591655084006e-22,4.4206842526854261e-22,4.3666192311082071e-22,2.1981535995625808e-43,1.3738459997266129e-42,-9.1750813493855596e-27,5.2754518729907838e-26,5.1434571914057748e-26,1.7219155529623352e-41,0.24615384615384622,-1
3277,0.421875,0.78125,0,0.00024414062499999989,-1.1031767966054023e-21,-8.3750131354134354e-22,-1.1260693943532806e-21,-1.1260693943532806e-21,-9.2005129193475145e-43,-5.7503205745921959e-42,6.4862178482436187e-26,-7.0451191604476801e-26,-7.0451191604476801e-26,3.6590705500449623e-41,0.24615384615384622,-1
3278,0.4375,0.78125,0,0.00024414062499999989,-2.0686776904252073e-21,-1.8891705616853737e-21,-3.23013599872085e-21,-3.1051712161544339e-21,-1.7252806508702353e-42,-1.0783004067938971e-41,4.3824982602498412e-26,-3.2738413990123915e-25,-2.9687515978248524e-25,-4.5917748078995606e-41,0.24615384615384622,-1
3279,0.453125,0.78125,0,0.00024414062499999989,7.5932245558665333e-21,5.7640325938178727e-21,5.609815205431783e-21,6.383865564824676e-21,6.3327619689544424e-42,3.9579762305965267e-41,-4.4658006885953618e-25,-3.7650729586447668e-26,1.5132640893720772e-25,1.3775324423698682e-40,0.24615384615384622,-1
3280,0.46875,0.78125,0,0.00024414062499999989,1.9026369331410969e-20,1.6336166117520873e-20,2.2673149515409059e-20,1.9026370794212034e-20,1.5868023818174885e-41,9.9175148863593022e-41,-6.5678789401613577e-25,1.5471150873750448e-24,6.5678825114530316e-25,-1.1938616252161938e-39,0.24615384615384622,-1
3281,0.484375,0.78125,0,0.00024414062499999989,1.9026094871184247e-20,1.8349476609311465e-20,3.3259546787841767e-19,1.9026359763318617e-20,1.5867794917887136e-41,9.9173718236794604e-41,-1.651900053400351e-25,7.6720212712184096e-23,1.6525467627127761e-25,9.1801864994847416e-41,0.24615384615384622,-1
3282,0.5,0.78125,0,0.00024414062499999989,-1.0692572214448831e-18,-8.113557934510663e-19,-1.4877549645506907e-19,-3.9611186910407322e-19,-8.9176230956642797e-40,-5.573514434790175e-39,6.296421581880294e-23,1.6176276782128832e-22,1.0137791121752756e-22,-2.350988701644575e-38,0.24615384615384622,-1
3283,0.515625,0.78125,0,0.00024414062499999989,-6.0871179747465589e-18,-5.2118824911169918e-18,-4.9723687290904136e-18,-5.5170850892072131e-18,-5.076666563381372e-39,-3.1729166021133569e-38,2.1368053799549951e-22,5.8475039557270126e-23,-7.4512353049370499e-23,3.0562853121379475e-37,0.24615384615384622,-1
3284,0.53125,0.78125,0,0.00024414062499999989,-1.2577364038143075e-17,-1.1327661305244184e-17,-5.5092594869202452e-14,-1.9125819726178593e-17,-1.0489542626381369e-38,-6.5559641414883552e-38,3.0510320627414282e-22,-1.3447575001928023e-17,-1.9038472707359388e-21,3.76158192263132e-37,0.24615384615384622,-1
3285,0.546875,0.78125,0,0.00024414062499999989,-7.1369150209893066e-18,-8.2327664480725006e-18,-1.4044954342810142e-13,-1.2772144692561279e-17,-5.952199054308489e-39,-3.7201244089428056e-38,-2.675418523152331e-22,-3.4287429360755199e-17,-1.1082466417208926e-21,1.88079096131566e-37,0.24615384615384622,-1
3286,0.5625,0.78125,0,0.00024414062499999989,1.1466094963860823e-13,1.9659490462794141e-13,9.0786227676588241e-14,7.9031307306623333e-14,9.5627423613407754e-35,5.9767139758379846e-34,2.0003406979817663e-17,-2.5832196521326444e-17,-2.8702050127274908e-17,-1.5407439555097887e-33,0.24615384615384622,-1
3287,0.578125,0.78125,0,0.00024414062499999989,1.6937314605289659e-13,4.0856325511245065e-13,2.8495490078141882e-13,2.8148050213747268e-13,1.4125748685481165e-34,8.828592928425728e-34,5.8396022719617654e-17,-3.0177820881599556e-17,-3.1026062738031724e-17,1.8488927466117464e-32,0.24615384615384622,-1
3288,0.59375,0.78125,0,0.00024414062499999989,7.1459680377524608e-14,2.1177723787824136e-13,1.447968942781947e-13,1.447968942781947e-13,5.959749285417843e-35,3.7248433033861514e-34,3.4257216186698408e-17,-1.6352622949230135e-17,-1.6352622949230135e-17,3.0814879110195774e-33,0.24615384615384622,-1
3289,0.609375,0.78125,0,0.00024414062499999989,1.8404331825356847e-14,6.3592485699260895e-14,4.2252310224811257e-14,4.2252310224811257e-14,1.5349243498612314e-35,9.5932771866326947e-35,1.1032264129371101e-17,-5.2100037779418047e-18,-5.2100037779418047e-18,7.7037197775489434e-34,0.24615384615384622,-1
3290,0.625,0.78125,0,0.00024414062499999989,3.5415904409109434e-15,1.3903019201607814e-14,9.0044247295713011e-15,9.0044247295713011e-15,2.9536923462227238e-36,1.846057716389202e-35,2.5296456935295084e-18,-1.1959459160245385e-18,-1.1959459160245385e-18,-3.8518598887744717e-34,0.24615384615384622,-1
3291,0.640625,0.78125,0,0.00024414062499999989,5.5435882722097912e-16,2.4403954094496571e-15,1.5452082590409199e-15,1.5452082590409199e-15,4.6233618831500159e-37,2.8896011769687597e-36,4.6045814995817315e-19,-2.1855155039275801e-19,-2.1855155039275801e-19,0,0.24615384615384622,-1
3292,0.65625,0.78125,0,0.00024414062499999989,7.4297751575511316e-17,3.6354536617269228e-16,2.2569358654310257e-16,2.2569358654310257e-16,6.1964448976121305e-38,3.8727780610075807e-37,7.0617093407514856e-20,-3.3655219636130288e-20,-3.3655219636130288e-20,-6.018531076210112e-36,0.24615384615384622,-1
3293,0.671875,0.78125,0,0.00024414062499999989,8.735201425994704e-18,4.7380274056632994e-17,2.8895658431505524e-17,2.8895658431505524e-17,7.2851725870476427e-39,4.5532328669047762e-38,9.4348321852144232e-21,-4.5128456116033848e-21,-4.5128456116033848e-21,-7.5231638452626401e-37,0.24615384615384622,-1
3294,0.6875,0.78125,0,0.00024414062499999989,8.9424697408630406e-19,5.4187466148970846e-18,3.2468276947964659e-18,3.2468276947964659e-18,7.4580347080227658e-40,4.6612716925142286e-39,1.1046141701198191e-21,-5.3025364260268984e-22,-5.3025364260268984e-22,-1.88079096131566e-37,0.24615384615384622,-1
3295,0.703125,0.78125,0,0.00024414062499999989,7.7220898323089762e-20,5.3257472475121844e-19,3.1308354520667244e-19,3.1308354520667244e-19,6.4402358248597056e-41,4.0251473905373158e-40,1.1117036778030482e-22,-5.3586713755992652e-23,-5.3586713755992652e-23,-1.1754943508222875e-38,0.24615384615384622,-1
3296,0.71875,0.78125,0,0.00024414062499999989,5.398829773096063e-21,4.3530418532956321e-20,2.5060808401055325e-20,2.5060808401055325e-20,4.5026330529770581e-42,2.8141456581106608e-41,9.3094699120752545e-24,-4.5091821611086393e-24,-4.5091821611086393e-24,-7.3468396926392969e-40,0.24615384615384622,-1
3297,0.734375,0.78125,0,0.00024414062499999989,2.930352197962713e-22,2.85765726003176e-21,1.6087797310467303e-21,1.6087797310467303e-21,2.4439186301375743e-43,1.5274491438359839e-42,6.2612842779186708e-25,-3.0490174047486064e-25,-3.0490174047486064e-25,0,0.24615384615384622,-1
3298,0.75,0.78125,0,0.00024414062499999989,1.1799184723815161e-23,1.4546898734179181e-22,8.0014901099644817e-23,8.0014901099644817e-23,9.8405397777832111e-45,6.1503373611145073e-44,3.2634229154779439e-26,-1.5980001523961662e-26,-1.5980001523961662e-26,0,0.24615384615384622,-1
3299,0.765625,0.78125,0,0.00024414062499999989,3.3192179712397746e-25,5.5149821161006088e-24,2.9630630255709042e-24,2.9630630255709042e-24,2.7682333349008403e-46,1.7301458343130254e-45,1.2653955856876537e-27,-6.2302712171135338e-28,-6.2302712171135338e-28,-8.9683101716788293e-44,0.24615384615384622,-1
3300,0.78125,0.78125,0,0.00024414062499999989,5.9098930937251623e-27,1.4723971774250769e-25,7.7290768221852437e-26,7.7290768221852437e-26,4.9288607164414624e-48,3.0805379477759138e-47,3.4504351720894153e-29,-1.7077380254066215e-29,-1.7077380254066215e-29,0,0.24615384615384622,-1
3301,0.796875,0.78125,0,0.00024414062499999989,5.4043661124234853e-29,2.5224296732201867e-27,1.2948577952873938e-27,1.2948577952873938e-27,4.5072503692281414e-50,2.8170314807675879e-49,6.0263330373436299e-31,-2.9970016551093564e-31,-2.9970016551093564e-31,0,0.24615384615384622,-1
3302,0.8125,0.78125,0,0.00024414062499999989,1.2024171449110363e-31,2.2907951660472168e-29,1.1528895667726695e-29,1.1528895667726695e-29,1.0028179082664333e-52,6.2676119266652082e-52,5.5634057485305306e-33,-2.7780898419788739e-33,-2.7780898419788739e-33,0,0.24615384615384622,-1
3303,0.828125,0.78125,0,0.00024414062499999989,0,6.0798815599149426e-32,3.0399407799574713e-32,3.0399407799574713e-32,0,0,1.4843460839636085e-35,-7.4217304198180425e-36,-7.4217304198180425e-36,0,0.24615384615384622,-1
3304,0.84375,0.78125,0,0.00024414062499999989,0,0,0,0,0,0,0,0,0,0,0.24615384615384622,-1
3305,0.859375,0.78125,0,0.00024414062499999989,0,0,0,0,0,0,0,0,0,0,0.24615384615384622,-1
3306,0.875,0.78125,0,0.00024414062499999989,0,0,0,0,0,0,0,0,0,0,0.24615384615384622,-1
3307,0.890625,0.78125,0,0.00024414062499999989,0,0,0,0,0,0,0,0,0,0,0.24615384615384622,-1
3308,0.90625,0.78125,0,0.00024414062499999989,0,0,0,0,0,0,0,0,0,0,0.24615384615384622,-1
3309,0.921875,0.78125,0,0.00024414062499999989,0,0,0,0,0,0,0,0,0,0,0.24615384615384622,-1
3310,0.9375,0.78125,0,0.00024414062499999989,0,0,0,0,0,0,0,0,0,0,0.24615384615384622,-1
3311,0.953125,0.78125,0,0.00024414062499999989,0,0,0,0,0,0,0,0,0,0,0.24615384615384622,-1
3312,0.96875,0.78125,0,0.00024414062499999989,0,0,0,0,0,0,0,0,0,0,0.24615384615384622,-1
3313,0.984375,0.78125,0,0.00024414062499999989,0,0,0,0,0,0,0,0,0,0,0.24615384615384622,-1
3314,1,0.78125,0,0.00012207031249999995,0,0,0,0,-0,0,0,0,0,0,0.49230769230769245,-1
3315,0,0.796875,0,0.00012207031249999995,0,0,0,0,0,0,0,0,0,0,0.16410256410256413,-1
3316,0.015625,0.796875,0,0.00024414062499999989,0,0,0,0,0,0,0,0,0,0,0.24615384615384622,-1
3317,0.03125,0.796875,0,0.00024414062499999989,0,0,0,0,0,0,0,0,0,0,0.24615384615384622,-1
3318,0.046875,0.796875,0,0.00024414062499999989,0,0,0,0,0,0,0,0,0,0,0.24615384615384622,-1
3319,0.0625,0.796875,0,0.00024414062499999989,0,0,0,0,0,0,0,0,0,0,0.24615384615384622,-1
3320,0.078125,0.796875,0,0.00024414062499999989,0,0,0,0,0,0,0,0,0,0,0.24615384615384622,-1
3321,0.09375,0.796875,0,0.00024414062499999989,0,0,0,0,0,0,0,0,0,0,0.24615384615384622,-1
3322,0.109375,0.796875,0,0.00024414062499999989,0,0,0,0,0,0,0,0,0,0,0.24615384615384622,-1
3323,0.125,0.796875,0,0.00024414062499999989,0,0,0,0,0,0,0,0,0,0,0.24615384615384622,-1
3324,0.140625,0.796875,0,0.00024414062499999989,0,0,0,0,0,0,0,0,0,0,0.24615384615384622,-1
3325,0.15625,0.796875,0,0.00024414062499999989,0,0,0,0,0,0,0,0,0,0,0.24615384615384622,-1
3326,0.171875,0.796875,0,0.00024414062499999989,0,0,0,0,0,0,0,0,0,0,0.24615384615384622,-1
3327,0.1875,0.796875,0,0.00024414062499999989,0,0,0,0,0,0,0,0,0,0,0.24615384615384622,-1
3328,0.203125,0.796875,0,0.00024414062499999989,0,0,0,0,0,0,0,0,0,0,0.24615384615384622,-1
3329,0.21875,0.796875,0,0.00024414062499999989,0,0,0,0,0,0,0,0,0,0,0.24615384615384622,-1
3330,0.234375,0.796875,0,0.00024414062499999989,0,0,0,0,0,0,0,0,0,0,0.24615384615384622,-1
3331,0.25,0.796875,0,0.00024414062499999989,0,0,0,0,0,0,0,0,0,0,0.24615384615384622,-1
3332,0.265625,0.796875,0,0.00024414062499999989,0,0,0,0,0,0,0,0,0,0,0.24615384615384622,-1
3333,0.28125,0.796875,0,0.00024414062499999989,0,0,4.946801391488546e-56,0,0,0,0,1.2077151834688829e-59,0,0,0.24615384615384622,-1
3334,0.296875,0.796875,0,0.00024414062499999989,0,0,2.1365971967493093e-55,0,0,0,0,5.2163017498762408e-59,0,0,0.24615384615384622,-1
3335,0.3125,0.796875,0,0.00024414062499999989,-2.0010864139505534e-54,-1.6895431773802109e-54,-4.2492891287665935e-38,-2.4115656783506665e-54,-1.6689094133357059e-75,-1.0430683833348161e-74,7.6060360490806284e-59,-1.0374241037027811e-41,-1.7627502465099006e-58,-1.7686873200833423e-74,0.24615384615384622,-1
3336,0.328125,0.796875,0,0.00024414062499999989,-2.0010864139505534e-54,-2.3463100004203928e-54,-2.124644568872718e-37,-2.4115656783506665e-54,-1.6689094133357059e-75,-1.0430683833348161e-74,-8.4283102165488015e-59,-5.1871205294744072e-41,-1.5931561994695714e-59,-5.3060619602500268e-74,0.24615384615384622,-1
3337,0.34375,0.796875,0,0.00024414062499999989,2.0715284502737047e-36,1.6465995380014856e-36,4.0921268586754342e-30,2.0715284500972348e-36,1.7276581893479086e-57,1.0797863683424428e-56,-1.0374241022270965e-40,9.990540068544664e-34,1.0374241017962625e-40,-1.0195788229348581e-55,0.24615384615384622,-1
3338,0.359375,0.796875,0,0.00024414062499999989,2.0715284721596817e-36,1.9865426839831656e-36,2.0460619782499793e-29,2.071528471983182e-36,1.7276582076008501e-57,1.0797863797505313e-56,-2.0748483441532213e-41,4.9952680165910887e-33,2.0748483398441485e-41,-3.0587364674751948e-56,0.24615384615384622,-1
3339,0.375,0.796875,0,0.00024414062499999989,-1.994907864432518e-28,-1.585696115772774e-28,-9.5256297229070543e-25,-1.9949107444286819e-28,-1.6637564927124265e-49,-1.0398478079452665e-48,9.9905212075132745e-33,-2.3252060612283393e-28,-9.9905915199196196e-33,3.1321461446392918e-53,0.24615384615384622,-1
3340,0.390625,0.796875,0,0.00024414062499999989,-1.9949195025545078e-28,-1.9130747441981034e-28,-8.0175656496453666e-24,-1.9949195501778994e-28,-1.663766198925615e-49,-1.0398538743285092e-48,1.9981630458106562e-33,-1.9573667827565783e-27,-1.9981642084911124e-33,3.4211437228963614e-49,0.24615384615384622,-1
3341,0.40625,0.796875,0,0.00024414062499999989,3.1819688116634211e-23,2.5891868282067901e-23,4.5927387875091647e-23,4.2663853244236678e-23,2.653767306451231e-44,1.6586045665320194e-43,-1.4472216392984155e-27,4.8914842756405615e-27,4.0947228911544851e-27,0,0.24615384615384622,-1
3342,0.421875,0.796875,0,0.00024414062499999989,1.122159021687203e-22,1.006282176444213e-22,2.2480128445033627e-22,2.2249942129232092e-22,9.3588249937498002e-44,5.8492656210936243e-43,-2.8290245420651862e-27,3.0315690138162827e-26,2.9753711828100487e-26,-5.7397185098744507e-42,0.24615384615384622,-1
3343,0.4375,0.796875,0,0.00024414062499999989,-7.6488115406111868e-22,-6.0291339687653759e-22,-8.6084161158481601e-22,-8.6084161158481601e-22,-6.3791216071252677e-43,-3.9869510044532918e-42,3.9542909468891855e-26,-6.2970755544013284e-26,-6.2970755544013284e-26,2.8698592549372254e-41,0.24615384615384622,-1
3344,0.453125,0.796875,0,0.00024414062499999989,-8.1475638944004187e-22,-8.2333704367003133e-22,-1.5128468971940869e-21,-1.2786298342808477e-21,-6.7950819036718397e-43,-4.2469261897948996e-42,-2.0948862866185305e-27,-1.683373665830213e-25,-1.1115546645771878e-25,2.2958874039497803e-41,0.24615384615384622,-1
3345,0.46875,0.796875,0,0.00024414062499999989,2.5321552169229852e-21,2.0744657055281046e-21,6.5955902630376601e-22,2.1165157151842147e-21,2.1118216825064651e-42,1.3198885515665405e-41,-1.1174060336789067e-25,-3.4543620098250441e-25,1.0266115638698742e-26,-6.8876622118493409e-41,0.24615384615384622,-1
3346,0.484375,0.796875,0,0.00024414062499999989,1.9026095370029612e-20,1.5529793759745948e-20,3.9601714902503709e-20,1.9026366945701894e-20,1.5867795333925003e-41,9.9173720837031269e-41,-8.5358926032315966e-25,5.876933872743591e-24,8.5365556297752532e-25,-3.363116314379561e-44,0.24615384615384622,-1
3347,0.5,0.796875,0,0.00024414062499999989,1.9025984635540965e-20,1.8253467956186255e-20,2.7086151769526185e-19,1.9026094045382495e-20,1.5867702981176417e-41,9.9173143632352605e-41,-1.8860270492058383e-25,6.1671887143328982e-23,1.8862941630767544e-25,5.5100176656023267e-40,0.24615384615384622,-1
3348,0.515625,0.796875,0,0.00024414062499999989,-1.5283878899683703e-18,-1.1921335265603036e-18,-7.5974280238610522e-19,-8.0722688113171471e-19,-1.2746780543878796e-39,-7.966737839924247e-39,8.2093350441422486e-23,1.0556414164409136e-22,9.3971348981589056e-23,2.350988701644575e-38,0.24615384615384622,-1
3349,0.53125,0.796875,0,0.00024414062499999989,-6.4512044677360629e-18,-5.3629759391818487e-18,-5.8413550143787865e-18,-5.7811203550638693e-18,-5.3803153069751015e-39,-3.3626970668594382e-38,2.65680793104056e-22,-1.1679176640550241e-22,-1.0208603903369647e-22,2.1158898314801175e-37,0.24615384615384622,-1
3350,0.546875,0.796875,0,0.00024414062499999989,-7.155734338427385e-18,-6.9715771782558385e-18,-2.3592334284862162e-15,-1.2577348293154983e-17,-5.9678943965016112e-39,-3.7299339978135071e-38,4.4960244182506383e-23,-5.7428267854198221e-19,-1.3685964635984235e-21,3.76158192263132e-37,0.24615384615384622,-1
3351,0.5625,0.796875,0,0.00024414062499999989,-7.1129724541294557e-18,-7.0815460971773401e-18,-3.7861807315630153e-15,-7.1557235334413218e-18,-5.932230913535928e-39,-3.7076443209599548e-38,7.672450427762411e-24,-9.2263163707662015e-19,-1.8109725650386297e-23,3.5558704112374197e-37,0.24615384615384622,-1
3352,0.578125,0.796875,0,0.00024414062499999989,3.7054127222885864e-15,7.4958892630361471e-15,4.2797233484336656e-15,3.899412642613872e-15,3.090320402662087e-36,1.9314502516638042e-35,9.2540931170594725e-19,-7.8519675649474616e-19,-8.7804604990778162e-19,-2.1064858766735392e-34,0.24615384615384622,-1
3353,0.59375,0.796875,0,0.00024414062499999989,3.7678532644247864e-15,1.0396797750690854e-14,7.0567522577205215e-15,6.9795316761126841e-15,3.1423959191507338e-36,1.9639974494692086e-35,1.6183946499673006e-18,-8.1544079418220972e-19,-8.3429347523881045e-19,9.6296497219361793e-35,0.24615384615384622,-1
3354,0.609375,0.796875,0,0.00024414062499999989,1.3447658471296033e-15,4.5677034433184481e-15,3.0236843675702298e-15,3.0236843675702298e-15,1.1215369638017121e-36,7.0096060237607008e-36,7.8684999906954181e-19,-3.7695778216509223e-19,-3.7695778216509223e-19,4.8148248609680896e-35,0.24615384615384622,-1
3355,0.625,0.796875,0,0.00024414062499999989,3.0446020804343231e-16,1.2081342292888261e-15,7.7805057299792012e-16,7.7805057299792012e-16,2.5392032230467538e-37,1.5870020144042209e-36,2.2062354034311359e-19,-1.0500089264914692e-19,-1.0500089264914692e-19,4.8148248609680896e-35,0.24615384615384622,-1
3356,0.640625,0.796875,0,0.00024414062499999989,5.1943146897993459e-17,2.3527698226259773e-16,1.4787408653003313e-16,1.4787408653003313e-16,4.3320671317337081e-38,2.7075419573335673e-37,4.4759237149561567e-20,-2.133859759095815e-20,-2.133859759095815e-20,9.0277966143151681e-36,0.24615384615384622,-1
3357,0.65625,0.796875,0,0.00024414062499999989,7.2167619823942717e-18,3.6877670810760413e-17,2.2684281362241535e-17,2.2684281362241535e-17,6.0187915535558971e-39,3.7617447209724353e-38,7.241432819425324e-21,-3.4651829708298025e-21,-3.4651829708298025e-21,7.5231638452626401e-37,0.24615384615384622,-1
3358,0.671875,0.796875,0,0.00024414062499999989,8.5806775335537733e-19,4.9048125664066665e-18,2.9612224720133142e-18,2.9612224720133142e-18,7.1562994025204317e-40,4.4726871265752702e-39,9.8797480787384947e-22,-4.7450930038900183e-22,-4.7450930038900183e-22,0,0.24615384615384622,-1
3359,0.6875,0.796875,0,0.00024414062499999989,8.9200833117579834e-20,5.6954749238037735e-19,3.3809762354581404e-19,3.3809762354581404e-19,7.4393643887382311e-41,4.6496027429613944e-40,1.1727213360908136e-22,-5.6506315633438285e-23,-5.6506315633438285e-23,1.1754943508222875e-38,0.24615384615384622,-1
3360,0.703125,0.796875,0,0.00024414062499999989,7.997498451628272e-21,5.7680936932582198e-20,3.3662902648073509e-20,3.3662902648073509e-20,6.669927073619101e-42,4.1687044210119378e-41,1.2129745722889138e-23,-5.8637779014913768e-24,-5.8637779014913768e-24,-7.3468396926392969e-40,0.24615384615384622,-1
3361,0.71875,0.796875,0,0.00024414062499999989,5.9383926561210376e-22,4.9578700047333453e-21,2.8400127432413609e-21,2.8400127432413609e-21,4.952629399106457e-43,3.0953933744415361e-42,1.0654371921682713e-24,-5.1705499548144124e-25,-5.1705499548144124e-25,0,0.24615384615384622,-1
3362,0.734375,0.796875,0,0.00024414062499999989,3.4696669652899681e-23,3.4740104251028576e-22,1.9494996412596017e-22,1.9494996412596017e-22,2.8937080473604391e-44,1.8085675296002745e-43,7.6343841029635244e-26,-3.7219501558673223e-26,-3.7219501558673223e-26,-5.7397185098744507e-42,0.24615384615384622,-1
3363,0.75,0.796875,0,0.00024414062499999989,1.5091886599269698e-24,1.8997299157037686e-23,1.0428325239047964e-23,1.0428325239047964e-23,1.2586658644486985e-45,7.8666616528043661e-45,4.2695582268336693e-27,-2.0920346479467086e-27,-2.0920346479467086e-27,-3.5873240686715317e-43,0.24615384615384622,-1
3364,0.765625,0.796875,0,0.00024414062499999989,4.5645435746709813e-26,7.7291223123417007e-25,4.147025733967596e-25,4.147025733967596e-25,3.8068369692792527e-47,2.3792731057995329e-46,1.7755536999205564e-28,-8.7453529745461508e-29,-8.7453529745461508e-29,1.1210387714598537e-44,0.24615384615384622,-1
3365,0.78125,0.796875,0,0.00024414062499999989,8.61388458020292e-28,2.1979286457562901e-26,1.1524566869065814e-26,1.1524566869065814e-26,7.1839941349195335e-49,4.4899963343247089e-48,5.1557368162945802e-30,-2.5524217745354207e-30,-2.5524217745354207e-30,0,0.24615384615384622,-1
3366,0.796875,0.796875,0,0.00024414062499999989,8.009585854908154e-30,3.9435775127232457e-28,2.0216595365016712e-28,2.0216595365016712e-28,6.6800079881542984e-51,4.1750049925964359e-50,9.4323282572611385e-32,-4.6921825591347012e-32,-4.6921825591347012e-32,0,0.24615384615384622,-1
3367,0.8125,0.796875,0,0.00024414062499999989,1.2448529014712241e-32,3.5846437015178802e-30,1.8000782419142609e-30,1.8000782419142609e-30,1.0382094001538346e-53,6.4888087509614658e-53,8.7211796203690593e-34,-4.356849266610397e-34,-4.356849266610397e-34,0,0.24615384615384622,-1
3368,0.828125,0.796875,0,0.00024414062499999989,0,7.0201911835619903e-33,3.5100955917809951e-33,3.5100955917809951e-33,0,0,1.7139138631743134e-36,-8.5695693158715668e-37,-8.5695693158715668e-37,0,0.24615384615384622,-1
3369,0.84375,0.796875,0,0.00024414062499999989,0,0,0,0,0,0,0,0,0,0,0.24615384615384622,-1
3370,0.859375,0.796875,0,0.00024414062499999989,0,0,0,0,0,0,0,0,0,0,0.24615384615384622,-1
3371,0.875,0.796875,0,0.00024414062499999989,0,0,0,0,0,0,0,0,0,0,0.24615384615384622,-1
3372,0.890625,0.796875,0,0.00024414062499999989,0,0,0,0,0,0,0,0,0,0,0.24615384615384622,-1
3373,0.90625,0.796875,0,0.00024414062499999989,0,0,0,0,0,0,0,0,0,0,0.24615384615384622,-1
3374,0.921875,0.796875,0,0.00024414062499999989,0,0,0,0,0,0,0,0,0,0,0.24615384615384622,-1
3375,0.9375,0.796875,0,0.00024414062499999989,0,0,0,0,0,0,0,0,0,0,0.24615384615384622,-1
3376,0.953125,0.796875,0,0.00024414062499999989,0,0,0,0,0,0,0,0,0,0,0.24615384615384622,-1
3377,0.96875,0.796875,0,0.00024414062499999989,0,0,0,0,0,0,0,0,0,0,0.24615384615384622,-1
3378,0.984375,0.796875,0,0.00024414062499999989,0,0,0,0,0,0,0,0,0,0,0.24615384615384622,-1
3379,1,0.796875,0,0.00012207031249999995,0,0,0,0,-0,0,0,0,0,0,0.49230769230769245,-1
3380,0,0.8125,0,0.00012207031249999995,0,0,0,0,0,0,0,0,0,0,0.16410256410256413,-1
3381,0.015625,0.8125,0,0.00024414062499999989,0,0,0,0,0,0,0,0,0,0,0.24615384615384622,-1
3382,0.03125,0.8125,0,0.00024414062499999989,0,0,0,0,0,0,0,0,0,0,0.24615384615384622,-1
3383,0.046875,0.8125,0,0.00024414062499999989,0,0,0,0,0,0,0,0,0,0,0.24615384615384622,-1
3384,0.0625,0.8125,0,0.00024414062499999989,0,0,0,0,0,0,0,0,0,0,0.24615384615384622,-1
3385,0.078125,0.8125,0,0.00024414062499999989,0,0,0,0,0,0,0,0,0,0,0.24615384615384622,-1
3386,0.09375,0.8125,0,0.00024414062499999989,0,0,0,0,0,0,0,0,0,0,0.24615384615384622,-1
3387,0.109375,0.8125,0,0.00024414062499999989,0,0,0,0,0,0,0,0,0,0,0.24615384615384622,-1
3388,0.125,0.8125,0,0.00024414062499999989,0,0,0,0,0,0,0,0,0,0,0.24615384615384622,-1
3389,0.140625,0.8125,0,0.00024414062499999989,0,0,0,0,0,0,0,0,0,0,0.24615384615384622,-1
3390,0.15625,0.8125,0,0.00024414062499999989,0,0,0,0,0,0,0,0,0,0,0.24615384615384622,-1
3391,0.171875,0.8125,0,0.00024414062499999989,0,0,0,0,0,0,0,0,0,0,0.24615384615384622,-1
3392,0.1875,0.8125,0,0.00024414062499999989,0,0,0,0,0,0,0,0,0,0,0.24615384615384622,-1
3393,0.203125,0.8125,0,0.00024414062499999989,0,0,0,0,0,0,0,0,0,0,0.24615384615384622,-1
3394,0.21875,0.8125,0,0.00024414062499999989,0,0,0,0,0,0,0,0,0,0,0.24615384615384622,-1
3395,0.234375,0.8125,0,0.00024414062499999989,0,0,0,0,0,0,0,0,0,0,0.24615384615384622,-1
3396,0.25,0.8125,0,0.00024414062499999989,0,0,0,0,0,0,0,0,0,0,0.24615384615384622,-1
3397,0.265625,0.8125,0,0.00024414062499999989,0,0,0,0,0,0,0,0,0,0,0.24615384615384622,-1
3398,0.28125,0.8125,0,0.00024414062499999989,0,0,0,0,0,0,0,0,0,0,0.24615384615384622,-1
3399,0.296875,0.8125,0,0.00024414062499999989,0,0,4.1047926440011359e-56,0,0,0,0,1.0021466416018394e-59,0,0,0.24615384615384622,-1
3400,0.3125,0.8125,0,0.00024414062499999989,0,0,4.1047926440011368e-56,0,0,0,0,1.0021466416018396e-59,0,0,0.24615384615384622,-1
3401,0.328125,0.8125,0,0.00024414062499999989,0,-8.2095852880022717e-56,-4.2492891287665742e-38,-2.0010864139505534e-54,0,0,-2.0042932832036787e-59,-1.0374241037027764e-41,-4.6850355494885984e-58,0,0.24615384615384622,-1
3402,0.34375,0.8125,0,0.00024414062499999989,0,-8.2095852880022717e-56,-2.1246445826306541e-37,-2.0010864139505537e-54,0,0,-2.0042932832036787e-59,-5.1871205630631183e-41,-4.6850355494885991e-58,0,0.24615384615384622,-1
3403,0.359375,0.8125,0,0.00024414062499999989,2.0715284670411892e-36,1.6465995496048108e-36,4.092120640321624e-30,2.0715284500972017e-36,1.7276582033320185e-57,1.0797863770825115e-56,-1.0374241148349075e-40,9.990524887016778e-34,1.0374240734677506e-40,-4.0783151101841771e-56,0.24615384615384622,-1
3404,0.375,0.8125,0,0.00024414062499999989,2.0715284712771855e-36,1.9865426893378119e-36,2.0460694641807854e-29,2.0715284719831826e-36,1.7276582068648466e-57,1.0797863792905292e-56,-2.0748481918792403e-41,4.9952862927893451e-33,2.0748482091154974e-41,-1.0195788307212237e-56,0.24615384615384622,-1
3405,0.390625,0.8125,0,0.00024414062499999989,-1.9949170054700672e-28,-1.5857028823408845e-28,-6.5289876636119689e-25,-1.9949066958621365e-28,-1.6637641163530185e-49,-1.0398525727206364e-48,9.9905791779585576e-33,-1.5936039943187562e-28,-9.9903274785461848e-33,-1.2528584578557167e-52,0.24615384615384622,-1
3406,0.40625,0.8125,0,0.00024414062499999989,-1.9949192642285202e-28,-1.913076061727276e-28,-3.3679590689390174e-24,-1.9949194229727551e-28,-1.663766000161343e-49,-1.0398537501008394e-48,1.998125061065529e-33,-8.2220892610665113e-28,-1.9981289366572056e-33,4.789596318076555e-48,0.24615384615384622,-1
3407,0.421875,0.8125,0,0.00024414062499999989,1.2990344937972802e-23,1.1098111933709895e-23,2.682948240497375e-23,2.5497316863821907e-23,1.0833969386989376e-44,6.7712308668683604e-44,-4.6197094830637325e-28,3.8406666189609009e-27,3.515430891140626e-27,0,0.24615384615384622,-1
3408,0.4375,0.8125,0,0.00024414062499999989,3.0510523173437138e-23,2.9735718778770008e-23,7.4997329709546132e-23,7.4371664131579436e-23,2.5445827314084521e-44,1.5903642071302823e-43,-1.8916122916677991e-28,1.105019798114651e-26,1.0897447595900734e-26,1.4349296274686127e-42,0.24615384615384622,-1
3409,0.453125,0.8125,0,0.00024414062499999989,-2.9744953681866557e-22,-2.5060407386298861e-22,-3.4371684634906407e-22,-3.4371684634906407e-22,-2.480734107873879e-43,-1.5504588174211746e-42,1.143688060441331e-26,-2.2732610470233257e-26,-2.2732610470233257e-26,5.7397185098744507e-42,0.24615384615384622,-1
3410,0.46875,0.8125,0,0.00024414062499999989,-2.2076972958946221e-22,-2.4866454637624897e-22,-6.6622203843873046e-22,-3.2876243980836242e-22,-1.8412232341533253e-43,-1.1507645213458283e-42,-6.8102580045866157e-27,-1.0194274708556672e-25,-1.9555149763699564e-26,5.7397185098744507e-42,0.24615384615384622,-1
3411,0.484375,0.8125,0,0.00024414062499999989,1.9533740267193276e-22,2.1341608419841343e-22,-1.7215761826161474e-21,6.3046667687142679e-23,1.6291172026506562e-43,1.01819825165666e-42,4.4137406070509504e-27,-4.7241022139027348e-25,-3.6711283327946943e-26,-1.1479437019748901e-41,0.24615384615384622,-1
3412,0.5,0.8125,0,0.00024414062499999989,1.9026051164120511e-20,1.5151381975811341e-20,4.8846680094592411e-20,1.9026095238313842e-20,1.5867758466122941e-41,9.9173490413268367e-41,-9.459641573020422e-25,8.2263911422805318e-24,9.4597491760314929e-25,-9.1835916547530509e-40,0.24615384615384622,-1
3413,0.515625,0.8125,0,0.00024414062499999989,1.9013111712625877e-20,1.823295004227832e-20,1.5810985671412761e-19,1.9025928268880096e-20,1.5856966941952744e-41,9.910604338720465e-41,-1.9046915779969659e-25,3.414963541793194e-23,1.9359819985394957e-25,-4.3765353637792687e-40,0.24615384615384622,-1
3414,0.53125,0.8125,0,0.00024414062499999989,-6.3393342286691005e-20,-1.0662141864035969e-19,5.5896857818871152e-19,-9.5376412994286672e-21,-5.2870153406421218e-41,-3.3043845879013261e-40,-1.0553729578532387e-23,1.624975578195974e-22,2.3702094077375725e-23,0,0.24615384615384622,-1
3415,0.546875,0.8125,0,0.00024414062499999989,-6.1519648993757597e-18,-4.9119285790888925e-18,-5.5282584114657619e-18,-5.0976335941141763e-18,-5.1307490068905901e-39,-3.206718129306619e-38,3.0274324225753575e-22,-1.5047115048263409e-22,-4.5338138433907235e-23,1.88079096131566e-37,0.24615384615384622,-1
3416,0.5625,0.8125,0,0.00024414062499999989,-7.1557343384040365e-18,-6.697879241279622e-18,-8.3153307315545401e-17,-7.1557343384273834e-18,-5.9678943964821397e-39,-3.7299339978013366e-38,1.117810295713902e-22,-1.8665875994693784e-20,-1.1178102957709022e-22,1.4105932210141141e-37,0.24615384615384622,-1
3417,0.578125,0.8125,0,0.00024414062499999989,-7.1555027668623317e-18,-6.9158547165526047e-18,-9.3114027616578691e-17,-7.1557342246176549e-18,-5.9677012654293689e-39,-3.7298132908933549e-38,5.8507824782648272e-23,-2.1044475805670422e-20,-5.8564333023693873e-23,-4.6996815158852003e-38,0.24615384615384622,-1
3418,0.59375,0.8125,0,0.00024414062499999989,9.6605554656955964e-17,2.2351731534027448e-16,1.3854506478091674e-16,1.3005502971435228e-16,8.056919402556831e-38,5.035574626598019e-37,3.0984316573075792e-20,-2.074517835921819e-20,-2.2817940826641154e-20,6.018531076210112e-36,0.24615384615384622,-1
3419,0.609375,0.8125,0,0.00024414062499999989,7.0420302241801771e-17,2.2348141722018076e-16,1.4762844704736027e-16,1.4762844704736027e-16,5.8730649752036395e-38,3.6706656095022753e-37,3.7368436274018289e-20,-1.851879154609874e-20,-1.851879154609874e-20,-3.009265538105056e-36,0.24615384615384622,-1
3420,0.625,0.8125,0,0.00024414062499999989,2.0989845315516398e-17,8.2635683434960014e-17,5.2984260189365706e-17,5.2984260189365706e-17,1.7505566070167359e-38,1.09409787938546e-37,1.5050253447129784e-20,-7.2391170033189198e-21,-7.2391170033189198e-21,-1.504632769052528e-36,0.24615384615384622,-1
3421,0.640625,0.8125,0,0.00024414062499999989,4.153809772837318e-18,1.9110387132459744e-17,1.1943231335759325e-17,1.1943231335759325e-17,3.4642842921551849e-39,2.1651776825969902e-38,3.6515081444390669e-21,-1.7497938956788124e-21,-1.7497938956788124e-21,3.76158192263132e-37,0.24615384615384622,-1
3422,0.65625,0.8125,0,0.00024414062499999989,6.230118331690269e-19,3.2933946005687623e-18,2.0109053320351681e-18,2.0109053320351681e-18,5.1959291000464284e-40,3.2474556875290177e-39,6.5194891782220068e-22,-3.1310773157558437e-22,-3.1310773157558437e-22,9.4039548065783001e-38,0.24615384615384622,-1
3423,0.671875,0.8125,0,0.00024414062499999989,7.6182378819951852e-20,4.5764027881802272e-19,2.7379082909134027e-19,2.7379082909134027e-19,6.3536231247465754e-41,3.9710144529666097e-40,9.3129370116716471e-23,-4.4885119562178314e-23,-4.4885119562178314e-23,5.8774717541114375e-39,0.24615384615384622,-1
3424,0.6875,0.8125,0,0.00024414062499999989,7.9684971263981587e-21,5.3959549512036003e-20,3.1719988457516233e-20,3.1719988457516233e-20,6.6457399199118337e-42,4.1535874499448963e-41,1.122828427383736e-23,-5.4295803355761135e-24,-5.4295803355761135e-24,-7.3468396926392969e-40,0.24615384615384622,-1
3425,0.703125,0.8125,0,0.00024414062499999989,7.2539273015000164e-22,5.540419530626078e-21,3.2053011318969093e-21,3.2053011318969093e-21,6.0497874917986395e-43,3.7811171823741497e-42,1.175543652459979e-24,-5.7009726531473818e-25,-5.7009726531473818e-25,0,0.24615384615384622,-1
3426,0.71875,0.8125,0,0.00024414062499999989,5.6162270771702665e-23,4.9188365094297195e-22,2.7992965166267363e-22,2.7992965166267363e-22,4.6839427678768601e-44,2.9274642299230376e-43,1.0637729008087626e-25,-5.1746581855541559e-26,-5.1746581855541559e-26,-1.1479437019748901e-41,0.24615384615384622,-1
3427,0.734375,0.8125,0,0.00024414062499999989,3.5059269187655637e-24,3.6411137004101245e-23,2.0345215341127288e-23,2.0345215341127288e-23,2.9239489091546423e-45,1.8274680682216515e-44,8.0334985559901529e-27,-3.9223441559994999e-27,-3.9223441559994999e-27,0,0.24615384615384622,-1
3428,0.75,0.8125,0,0.00024414062499999989,1.6506139096405913e-25,2.135608243242333e-24,1.1692583369127559e-24,1.1692583369127559e-24,1.376614759051632e-46,8.603842244072699e-46,4.8109054010700025e-28,-2.3592527009999433e-28,-2.3592527009999433e-28,4.4841550858394146e-44,0.24615384615384622,-1
3429,0.765625,0.8125,0,0.00024414062499999989,5.4135543761559971e-27,9.3711623145788575e-26,5.0201942028723441e-26,5.0201942028723441e-26,4.5149133965359553e-48,2.8218208728349723e-47,2.1557145695711068e-29,-1.0622480741470976e-29,-1.0622480741470976e-29,2.8025969286496341e-45,0.24615384615384622,-1
3430,0.78125,0.8125,0,0.00024414062499999989,1.0984712137264352e-28,2.8662644481451649e-27,1.5013211904440594e-27,1.5013211904440594e-27,9.1612682794999233e-50,5.7257926746874512e-49,6.7295344891907223e-31,-3.3323810002468383e-31,-3.3323810002468383e-31,8.7581154020301067e-47,0.24615384615384622,-1
3431,0.796875,0.8125,0,0.00024414062499999989,1.0649439599855079e-30,5.4663499459783693e-29,2.7994946071089706e-29,2.7994946071089706e-29,8.8816504230123383e-52,5.5510315143827109e-51,1.3085584838817911e-32,-6.5108772921616151e-33,-6.5108772921616151e-33,0,0.24615384615384622,-1
3432,0.8125,0.8125,0,0.00024414062499999989,1.0813295493709099e-33,5.0929520061572581e-31,2.55321351796317e-31,2.55321351796317e-31,9.0183065123131698e-55,5.6364415701957311e-54,1.2407565211580924e-34,-6.2005334184425947e-35,-6.2005334184425947e-35,-1.0691058840368783e-50,0.24615384615384622,-1
3433,0.828125,0.8125,0,0.00024414062499999989,0,6.9132927853451619e-34,3.456646392672581e-34,3.456646392672581e-34,0,0,1.6878156214221578e-37,-8.4390781071107892e-38,-8.4390781071107892e-38,0,0.24615384615384622,-1
3434,0.84375,0.8125,0,0.00024414062499999989,0,0,0,0,0,0,0,0,0,0,0.24615384615384622,-1
3435,0.859375,0.8125,0,0.00024414062499999989,0,0,0,0,0,0,0,0,0,0,0.24615384615384622,-1
3436,0.875,0.8125,0,0.00024414062499999989,0,0,0,0,0,0,0,0,0,0,0.24615384615384622,-1
3437,0.890625,0.8125,0,0.00024414062499999989,0,0,0,0,0,0,0,0,0,0,0.24615384615384622,-1
3438,0.90625,0.8125,0,0.00024414062499999989,0,0,0,0,0,0,0,0,0,0,0.24615384615384622,-1
3439,0.921875,0.8125,0,0.00024414062499999989,0,0,0,0,0,0,0,0,0,0,0.24615384615384622,-1
3440,0.9375,0.8125,0,0.00024414062499999989,0,0,0,0,0,0,0,0,0,0,0.24615384615384622,-1
3441,0.953125,0.8125,0,0.00024414062499999989,0,0,0,0,0,0,0,0,0,0,0.24615384615384622,-1
3442,0.96875,0.8125,0,0.00024414062499999989,0,0,0,0,0,0,0,0,0,0,0.24615384615384622,-1
3443,0.984375,0.8125,0,0.00024414062499999989,0,0,0,0,0,0,0,0,0,0,0.24615384615384622,-1
3444,1,0.8125,0,0.00012207031249999995,0,0,0,0,-0,0,0,0,0,0,0.49230769230769245,-1
3445,0,0.828125,0,0.00012207031249999995,0,0,0,0,0,0,0,0,0,0,0.16410256410256413,-1
3446,0.015625,0.828125,0,0.00024414062499999989,0,0,0,0,0,0,0,0,0,0,0.24615384615384622,-1
3447,0.03125,0.828125,0,0.00024414062499999989,0,0,0,0,0,0,0,0,0,0,0.24615384615384622,-1
3448,0.046875,0.828125,0,0.00024414062499999989,0,0,0,0,0,0,0,0,0,0,0.24615384615384622,-1
3449,0.0625,0.828125,0,0.00024414062499999989,0,0,0,0,0,0,0,0,0,0,0.24615384615384622,-1
3450,0.078125,0.828125,0,0.00024414062499999989,0,0,0,0,0,0,0,0,0,0,0.24615384615384622,-1
3451,0.09375,0.828125,0,0.00024414062499999989,0,0,0,0,0,0,0,0,0,0,0.24615384615384622,-1
3452,0.109375,0.828125,0,0.00024414062499999989,0,0,0,0,0,0,0,0,0,0,0.24615384615384622,-1
3453,0.125,0.828125,0,0.00024414062499999989,0,0,0,0,0,0,0,0,0,0,0.24615384615384622,-1
3454,0.140625,0.828125,0,0.00024414062499999989,0,0,0,0,0,0,0,0,0,0,0.24615384615384622,-1
3455,0.15625,0.828125,0,0.00024414062499999989,0,0,0,0,0,0,0,0,0,0,0.24615384615384622,-1
3456,0.171875,0.828125,0,0.00024414062499999989,0,0,0,0,0,0,0,0,0,0,0.24615384615384622,-1
3457,0.1875,0.828125,0,0.00024414062499999989,0,0,0,0,0,0,0,0,0,0,0.24615384615384622,-1
3458,0.203125,0.828125,0,0.00024414062499999989,0,0,0,0,0,0,0,0,0,0,0.24615384615384622,-1
3459,0.21875,0.828125,0,0.00024414062499999989,0,0,0,0,0,0,0,0,0,0,0.24615384615384622,-1
3460,0.234375,0.828125,0,0.00024414062499999989,0,0,0,0,0,0,0,0,0,0,0.24615384615384622,-1
3461,0.25,0.828125,0,0.00024414062499999989,0,0,0,0,0,0,0,0,0,0,0.24615384615384622,-1
3462,0.265625,0.828125,0,0.00024414062499999989,0,0,0,0,0,0,0,0,0,0,0.24615384615384622,-1
3463,0.28125,0.828125,0,0.00024414062499999989,0,0,0,0,0,0,0,0,0,0,0.24615384615384622,-1
3464,0.296875,0.828125,0,0.00024414062499999989,0,0,0,0,0,0,0,0,0,0,0.24615384615384622,-1
3465,0.3125,0.828125,0,0.00024414062499999989,0,0,0,0,0,0,0,0,0,0,0.24615384615384622,-1
3466,0.328125,0.828125,0,0.00024414062499999989,0,0,0,0,0,0,0,0,0,0,0.24615384615384622,-1
3467,0.34375,0.828125,0,0.00024414062499999989,0,0,-4.2492891631614144e-38,0,0,0,0,-1.0374241120999542e-41,0,0,0.24615384615384622,-1
3468,0.359375,0.828125,0,0.00024414062499999989,0,0,-4.2492891718506377e-38,0,0,0,0,-1.0374241142213466e-41,0,0,0.24615384615384622,-1
3469,0.375,0.828125,0,0.00024414062499999989,0,8.4985783263228288e-38,4.0921374896109785e-30,2.0715284668646895e-36,0,0,2.0748482241999084e-41,9.9905698355107257e-34,4.8499577236363772e-40,8.1566305849981557e-56,0.24615384615384622,-1
3470,0.390625,0.828125,0,0.00024414062499999989,0,8.4985783437012744e-38,4.0921421229616526e-30,2.0715284711006865e-36,0,0,2.0748482284426929e-41,9.9905811474020197e-34,4.8499577335538889e-40,0,0.24615384615384622,-1
3471,0.40625,0.828125,0,0.00024414062499999989,0,-8.1842748942361746e-30,-2.6647270624971008e-25,-1.9949166987810947e-28,0,0,-1.9981139878506275e-33,-6.5054814935257737e-29,-4.6705906978484671e-32,0,0.24615384615384622,-1
3472,0.421875,0.828125,0,0.00024414062499999989,3.2522910238089538e-39,-8.1842841585784241e-30,-6.2586097775122924e-25,-1.9949191647813427e-28,2.7124161488990565e-60,1.69526009306191e-59,-1.9981162504469507e-33,-1.5279609215504648e-28,-4.6705964921766543e-32,0,0.24615384615384622,-1
3473,0.4375,0.828125,0,0.00024414062499999989,2.2566928512007253e-36,5.3293722822622739e-25,6.3679975744971739e-24,6.3679975744969425e-24,1.88208560915718e-57,1.1763035057232375e-56,1.3011162798436778e-28,1.4245752798513046e-27,1.4245752798512481e-27,0,0.24615384615384622,-1
3474,0.453125,0.828125,0,0.00024414062499999989,2.2430886341195354e-36,1.2517137712199951e-24,8.139822237237376e-24,8.1398222372373305e-24,1.8707396693768797e-57,1.1692122933605497e-56,3.0559418242620883e-28,1.6816671059612739e-27,1.6816671059612628e-27,0,0.24615384615384622,-1
3475,0.46875,0.828125,0,0.00024414062499999989,-3.6384020325576478e-23,-3.9631011704661419e-23,-3.8558863622928834e-23,-4.0654596762976375e-23,-3.0344333754420591e-44,-1.8965208596512869e-43,-7.9272250465940932e-28,2.6175490276674461e-28,-2.4989869587767477e-28,5.3809861030072976e-43,0.24615384615384622,-1
3476,0.484375,0.828125,0,0.00024414062499999989,-9.6199461030216641e-23,-8.7547524402953732e-23,-4.8692300929172023e-22,-1.3265252043347683e-22,-8.0230511262227321e-44,-5.0144069538892068e-43,2.1122892156403554e-27,-9.7503780490421454e-26,-1.101196192151442e-26,1.4349296274686127e-42,0.24615384615384622,-1
3477,0.5,0.828125,0,0.00024414062499999989,-6.7959730989531928e-23,-5.9084553148938557e-23,-1.9617156476413678e-21,-9.0024755508748261e-23,-5.6678529215677672e-44,-3.5424080759798549e-43,2.1667914649886118e-27,-4.6450954455381553e-25,-7.5537603417504133e-27,3.5873240686715317e-42,0.24615384615384622,-1
3478,0.515625,0.828125,0,0.00024414062499999989,1.8291028277048794e-20,1.455504048236423e-20,1.8313889295116985e-20,1.6557109299896154e-20,1.5254748149976999e-41,9.5342175937356229e-41,-9.1210639518666044e-25,9.1768769842596501e-25,4.8878633240525474e-25,-7.3468396926392969e-40,0.24615384615384622,-1
3479,0.53125,0.828125,0,0.00024414062499999989,1.8873747620650839e-20,1.800756051446825e-20,1.4745090220129175e-19,1.9013095503682767e-20,1.5740737056348279e-41,9.8379606602176723e-41,-2.1147146147035894e-25,3.1602378341509634e-23,2.4549194072620082e-25,-2.9272564400359699e-40,0.24615384615384622,-1
3480,0.546875,0.828125,0,0.00024414062499999989,-1.0594102086267409e-20,-7.2656259815028233e-21,2.4742368226167135e-19,4.5384479153981618e-21,-8.8354988442033391e-42,-5.5221867776270871e-41,8.1261623651479117e-25,6.2180006895306176e-23,2.8818539787355909e-24,0,0.24615384615384622,-1
3481,0.5625,0.828125,0,0.00024414062499999989,-1.3556855671289446e-18,-1.275353001304201e-18,-1.0314234952065929e-18,-1.0258736121587716e-18,-1.130644028529573e-39,-7.0665251783098309e-39,1.9612442828306545e-23,5.9553102074611359e-23,6.0908053990583345e-23,-3.5264830524668625e-38,0.24615384615384622,-1
3482,0.578125,0.828125,0,0.00024414062499999989,-3.6832166235129174e-18,-3.2918935569836243e-18,-5.8471064320176691e-18,-5.8441252589438923e-18,-3.0718088191903305e-39,-1.9198805119939565e-38,9.5537858039378202e-23,-6.2383126831885832e-22,-6.2310344286139327e-22,-9.4039548065783001e-38,0.24615384615384622,-1
3483,0.59375,0.828125,0,0.00024414062499999989,-8.8899200381230543e-19,-1.5720619974178997e-18,-2.9575905080395623e-18,-3.0857765959713472e-18,-7.4142081681195642e-40,-4.6338801050747285e-39,-1.667651351576157e-22,-3.3826379653849164e-22,-3.6955922816246257e-22,9.4039548065783001e-38,0.24615384615384622,-1
3484,0.609375,0.828125,0,0.00024414062499999989,2.1093199577259878e-18,5.4025674828059767e-18,3.4965116793688842e-18,3.4965116793688842e-18,1.7591763697181143e-39,1.0994852310738215e-38,8.0401550905273118e-22,-4.653456551360088e-22,-4.653456551360088e-22,2.350988701644575e-37,0.24615384615384622,-1
3485,0.625,0.828125,0,0.00024414062499999989,1.0698424723226055e-18,4.0417948468921606e-18,2.5798359576322719e-18,2.5798359576322719e-18,8.9225040977648624e-40,5.5765650611030395e-39,7.2557431019764499e-22,-3.5692355694821487e-22,-3.5692355694821487e-22,0,0.24615384615384622,-1
3486,0.640625,0.828125,0,0.00024414062499999989,2.702649650399791e-19,1.2418195065722705e-18,7.7266694014178799e-19,7.7266694014178799e-19,2.2540143249466482e-40,1.408758953091655e-39,2.3719593299128197e-22,-1.1453920078869198e-22,-1.1453920078869198e-22,2.350988701644575e-38,0.24615384615384622,-1
3487,0.65625,0.828125,0,0.00024414062499999989,4.6321270302306791e-20,2.5023035474983298e-19,1.5190957549084214e-19,1.5190957549084214e-19,3.8632016841576388e-41,2.4145010525985241e-40,4.9782491320196801e-23,-2.4004096498777049e-23,-2.4004096498777049e-23,0,0.24615384615384622,-1
3488,0.671875,0.828125,0,0.00024414062499999989,6.0456160231269272e-21,3.7834816340564278e-20,2.2467051381018299e-20,2.2467051381018299e-20,5.0420538663749165e-42,3.1512836664843223e-41,7.7610352337493493e-24,-3.7518957420766535e-24,-3.7518957420766535e-24,7.3468396926392969e-40,0.24615384615384622,-1
3489,0.6875,0.828125,0,0.00024414062499999989,6.4381301933189512e-22,4.6199688825196524e-21,2.691352636606289e-21,2.691352636606289e-21,5.3694113402622527e-43,3.3558820876639077e-42,9.7074117753607305e-25,-4.7085357566244206e-25,-4.7085357566244206e-25,9.1835496157991212e-41,0.24615384615384622,-1
3490,0.703125,0.828125,0,0.00024414062499999989,5.8612894076627772e-23,4.7866634288207584e-22,2.7431621288166565e-22,2.7431621288166565e-22,4.8883251610417379e-44,3.0552032256510861e-43,1.0255211152476756e-25,-4.9890168457131377e-26,-4.9890168457131377e-26,0,0.24615384615384622,-1
3491,0.71875,0.828125,0,0.00024414062499999989,4.6117086437359411e-24,4.3030198375175742e-23,2.4291388878255148e-23,2.4291388878255148e-23,3.8461727156989904e-45,2.4038579473118685e-44,9.3795140945897916e-27,-4.5749046623341273e-27,-4.5749046623341273e-27,-7.1746481373430634e-43,0.24615384615384622,-1
3492,0.734375,0.828125,0,0.00024414062499999989,3.0207054210533563e-25,3.3023152228984748e-24,1.8347039306470408e-24,1.8347039306470408e-24,2.5192733691882995e-46,1.5745458557426872e-45,7.3248161152176213e-28,-3.5830353814732258e-28,-3.5830353814732258e-28,0,0.24615384615384622,-1
3493,0.75,0.828125,0,0.00024414062499999989,1.5312528733523394e-26,2.0586237328934775e-25,1.1231517741293441e-25,1.1231517741293441e-25,1.2770674553179058e-47,7.9816715957369103e-47,4.6520958143511784e-29,-2.2838670868264965e-29,-2.2838670868264965e-29,0,0.24615384615384622,-1
3494,0.765625,0.828125,0,0.00024414062499999989,5.4710181698227146e-28,9.7461600592290341e-27,5.2106991707149051e-27,5.2106991707149051e-27,4.5628382964841966e-49,2.8517739353026228e-48,2.2458638286735252e-30,-1.1072902559848942e-30,-1.1072902559848942e-30,-1.7516230804060213e-46,0.24615384615384622,-1
3495,0.78125,0.828125,0,0.00024414062499999989,1.2077510556627474e-29,3.2288962398153276e-28,1.6893768214655354e-28,1.6893768214655354e-28,1.0072663987470864e-50,6.2954149921692898e-50,7.5881863629127234e-32,-3.7585923299555456e-32,-3.7585923299555456e-32,0,0.24615384615384622,-1
3496,0.796875,0.828125,0,0.00024414062499999989,1.2483938968844245e-31,6.628860963204698e-30,3.3921864095780436e-30,3.3921864095780436e-30,1.0411625962459523e-52,6.507266226537202e-52,1.5878958919717413e-33,-7.9020374844400706e-34,-7.9020374844400706e-34,0,0.24615384615384622,-1
3497,0.8125,0.828125,0,0.00024414062499999989,7.73039520829501e-35,6.4754195817633094e-32,3.2425264217422072e-32,3.2425264217422072e-32,6.4471625223115271e-56,4.0294765764447035e-55,1.5790256803112821e-35,-7.892805566457765e-36,-7.892805566457765e-36,-1.3363823550460978e-51,0.24615384615384622,-1
3498,0.828125,0.828125,0,0.00024414062499999989,0,5.7229660362330564e-35,2.8614830181165282e-35,2.8614830181165282e-35,0,0,1.3972085049397105e-38,-6.9860425246985525e-39,-6.9860425246985525e-39,0,0.24615384615384622,-1
3499,0.84375,0.828125,0,0.00024414062499999989,0,0,0,0,0,0,0,0,0,0,0.24615384615384622,-1
3500,0.859375,0.828125,0,0.00024414062499999989,0,0,0,0,0,0,0,0,0,0,0.24615384615384622,-1
3501,0.875,0.828125,0,0.00024414062499999989,0,0,0,0,0,0,0,0,0,0,0.24615384615384622,-1
3502,0.890625,0.828125,0,0.00024414062499999989,0,0,0,0,0,0,0,0,0,0,0.24615384615384622,-1
3503,0.90625,0.828125,0,0.00024414062499999989,0,0,0,0,0,0,0,0,0,0,0.24615384615384622,-1
3504,0.921875,0.828125,0,0.00024414062499999989,0,0,0,0,0,0,0,0,0,0,0.24615384615384622,-1
3505,0.9375,0.828125,0,0.00024414062499999989,0,0,0,0,0,0,0,0,0,0,0.24615384615384622,-1
3506,0.953125,0.828125,0,0.00024414062499999989,0,0,0,0,0,0,0,0,0,0,0.24615384615384622,-1
3507,0.96875,0.828125,0,0.00024414062499999989,0,0,0,0,0,0,0,0,0,0,0.24615384615384622,-1
3508,0.984375,0.828125,0,0.00024414062499999989,0,0,0,0,0,0,0,0,0,0,0.24615384615384622,-1
3509,1,0.828125,0,0.00012207031249999995,0,0,0,0,-0,0,0,0,0,0,0.49230769230769245,-1
3510,0,0.84375,0,0.00012207031249999995,0,0,0,0,0,0,0,0,0,0,0.16410256410256413,-1
3511,0.015625,0.84375,0,0.00024414062499999989,0,0,0,0,0,0,0,0,0,0,0.24615384615384622,-1
3512,0.03125,0.84375,0,0.00024414062499999989,0,0,0,0,0,0,0,0,0,0,0.24615384615384622,-1
3513,0.046875,0.84375,0,0.00024414062499999989,0,0,0,0,0,0,0,0,0,0,0.24615384615384622,-1
3514,0.0625,0.84375,0,0.00024414062499999989,0,0,0,0,0,0,0,0,0,0,0.24615384615384622,-1
3515,0.078125,0.84375,0,0.00024414062499999989,0,0,0,0,0,0,0,0,0,0,0.24615384615384622,-1
3516,0.09375,0.84375,0,0.00024414062499999989,0,0,0,0,0,0,0,0,0,0,0.24615384615384622,-1
3517,0.109375,0.84375,0,0.00024414062499999989,0,0,0,0,0,0,0,0,0,0,0.24615384615384622,-1
3518,0.125,0.84375,0,0.00024414062499999989,0,0,0,0,0,0,0,0,0,0,0.24615384615384622,-1
3519,0.140625,0.84375,0,0.00024414062499999989,0,0,0,0,0,0,0,0,0,0,0.24615384615384622,-1
3520,0.15625,0.84375,0,0.00024414062499999989,0,0,0,0,0,0,0,0,0,0,0.24615384615384622,-1
3521,0.171875,0.84375,0,0.00024414062499999989,0,0,0,0,0,0,0,0,0,0,0.24615384615384622,-1
3522,0.1875,0.84375,0,0.00024414062499999989,0,0,0,0,0,0,0,0,0,0,0.24615384615384622,-1
3523,0.203125,0.84375,0,0.00024414062499999989,0,0,0,0,0,0,0,0,0,0,0.24615384615384622,-1
3524,0.21875,0.84375,0,0.00024414062499999989,0,0,0,0,0,0,0,0,0,0,0.24615384615384622,-1
3525,0.234375,0.84375,0,0.00024414062499999989,0,0,0,0,0,0,0,0,0,0,0.24615384615384622,-1
3526,0.25,0.84375,0,0.00024414062499999989,0,0,0,0,0,0,0,0,0,0,0.24615384615384622,-1
3527,0.265625,0.84375,0,0.00024414062499999989,0,0,0,0,0,0,0,0,0,0,0.24615384615384622,-1
3528,0.28125,0.84375,0,0.00024414062499999989,0,0,0,0,0,0,0,0,0,0,0.24615384615384622,-1
3529,0.296875,0.84375,0,0.00024414062499999989,0,0,0,0,0,0,0,0,0,0,0.24615384615384622,-1
3530,0.3125,0.84375,0,0.00024414062499999989,0,0,0,0,0,0,0,0,0,0,0.24615384615384622,-1
3531,0.328125,0.84375,0,0.00024414062499999989,0,0,0,0,0,0,0,0,0,0,0.24615384615384622,-1
3532,0.34375,0.84375,0,0.00024414062499999989,0,0,0,0,0,0,0,0,0,0,0.24615384615384622,-1
3533,0.359375,0.84375,0,0.00024414062499999989,0,0,0,0,0,0,0,0,0,0,0.24615384615384622,-1
3534,0.375,0.84375,0,0.00024414062499999989,0,0,0,0,0,0,0,0,0,0,0.24615384615384622,-1
3535,0.390625,0.84375,0,0.00024414062499999989,0,0,0,0,0,0,0,0,0,0,0.24615384615384622,-1
3536,0.40625,0.84375,0,0.00024414062499999989,0,0,-6.6713662026850341e-41,0,0,0,0,-1.6287515143274002e-44,0,0,0.24615384615384622,-1
3537,0.421875,0.84375,0,0.00024414062499999989,0,0,-4.6344434610711372e-38,0,0,0,0,-1.1314559231130701e-41,0,0,0.24615384615384622,-1
3538,0.4375,0.84375,0,0.00024414062499999989,6.4958401786345195e-40,6.231137375200229e-40,-2.304615386999085e-37,4.9898296374597693e-40,5.4175415644570576e-61,3.3859634777856604e-60,-6.4624707869699567e-45,-5.6417151473981554e-41,-3.0305364690929183e-44,-2.4892061111444567e-59,0.24615384615384622,-1
3539,0.453125,0.84375,0,0.00024414062499999989,2.2566928505913637e-36,1.7939001857180719e-36,7.4633887847550428e-25,2.2566928511881967e-36,1.8820856086489714e-57,1.1763035054056071e-56,-1.1298649044758093e-40,1.8221164025237061e-28,1.1298649059329218e-40,-8.1566305906954963e-56,0.24615384615384622,-1
3540,0.46875,0.84375,0,0.00024414062499999989,1.584553203463373e-36,1.656747394760882e-36,2.1345928107790068e-24,2.2431844315009467e-36,1.3215200197029651e-57,8.2595001231435312e-57,1.7625534984743393e-41,5.2114082294368873e-28,1.4317310467286733e-40,-6.1174729387486167e-56,0.24615384615384622,-1
3541,0.484375,0.84375,0,0.00024414062499999989,-1.9654846237932294e-24,-2.9743507810366824e-24,4.6510487894878441e-24,-2.1242246394447261e-24,-1.6392174608488261e-45,-1.0245109130305163e-44,-2.4630521417076471e-28,1.8616698170225888e-27,2.0755032753709857e-28,-2.8025969286496341e-44,0.24615384615384622,-1
3542,0.5,0.84375,0,0.00024414062499999989,-7.2745073305852587e-23,-5.910777934442787e-23,-4.450590014518763e-22,-9.5896763203223309e-23,-6.0669512704478965e-44,-3.7918445440299354e-43,3.3294174710509534e-27,-9.4226372584826237e-26,-8.9816855124012244e-27,0,0.24615384615384622,-1
3543,0.515625,0.84375,0,0.00024414062499999989,-4.8049810116802296e-23,-5.0947909133097837e-23,-8.9027836969099186e-22,-6.5496377130830562e-23,-4.0073621935502326e-44,-2.5046013709688953e-43,-7.0754370515027795e-28,-2.0491466322214201e-25,-3.5518720697589639e-27,0,0.24615384615384622,-1
3544,0.53125,0.84375,0,0.00024414062499999989,5.4653443401198682e-21,4.8603874809147017e-21,4.5440505277474679e-21,4.9077397983498799e-21,4.5581063130302444e-42,2.8488164456439025e-41,-1.476945457043864e-25,-7.7230701456844228e-26,1.1560624373822827e-26,6.8876622118493409e-41,0.24615384615384622,-1
3545,0.546875,0.84375,0,0.00024414062499999989,1.8334196925288852e-20,1.549089521055185e-20,4.5453526441776663e-20,1.8845583259675841e-20,1.5290750874750177e-41,9.5567192967188603e-41,-6.941654576994625e-25,7.3150955154357416e-24,8.1901563699316123e-25,-4.1325973271096045e-40,0.24615384615384622,-1
3546,0.5625,0.84375,0,0.00024414062499999989,1.7676612493831701e-20,1.5908392636919178e-20,1.0231211135748058e-19,1.8328107453771457e-20,1.4742324359997493e-41,9.2139527249984324e-41,-4.3169430100403326e-25,2.1094657890762051e-23,5.9075068770807563e-25,-5.2805410290844947e-40,0.24615384615384622,-1
3547,0.578125,0.84375,0,0.00024414062499999989,-9.5413856096188361e-20,-1.2449629610015273e-19,-9.3490856887950819e-20,-8.4471992551110277e-20,-7.9575315434389787e-41,-4.9734572146493613e-40,-7.1002050790928674e-24,7.5696873076664801e-24,9.7715584836529391e-24,6.2448137387434024e-39,0.24615384615384622,-1
3548,0.59375,0.84375,0,0.00024414062499999989,-1.2075847152611229e-19,-2.5772136073618251e-19,-2.4755904030993586e-19,-2.4755904030993586e-19,-1.007127670574153e-40,-6.2945479410884549e-40,-3.3438205373552283e-23,2.4810352603141157e-24,2.4810352603141157e-24,0,0.24615384615384622,-1
3549,0.609375,0.84375,0,0.00024414062499999989,2.8118913628255564e-21,-5.4295192585986504e-20,-5.0138261801145747e-20,-5.0138261801145747e-20,2.3451220956682262e-42,1.4657013097926413e-41,-1.394215916719044e-23,1.0148756798927624e-24,1.0148756798927624e-24,1.4693679385278594e-39,0.24615384615384622,-1
3550,0.625,0.84375,0,0.00024414062499999989,3.4016535282655194e-20,1.1255632042576629e-19,7.0825476075302666e-20,7.0825476075302666e-20,2.8369847272218906e-41,1.7731154545136817e-40,1.9174752232204851e-23,-1.0188194421499902e-23,-1.0188194421499902e-23,-4.4081038155835782e-39,0.24615384615384622,-1
3551,0.640625,0.84375,0,0.00024414062499999989,1.3341922225056969e-20,5.9543137007330537e-20,3.6898762604093995e-20,3.6898762604093995e-20,1.1127185431953386e-41,6.9544908949708669e-41,1.1279593452703503e-23,-5.5284117195401686e-24,-5.5284117195401686e-24,0,0.24615384615384622,-1
3552,0.65625,0.84375,0,0.00024414062499999989,2.8385394980428168e-21,1.5435026633609668e-20,9.3274356585780453e-21,9.3274356585780453e-21,2.3673466849722582e-42,1.4795916781076612e-41,3.0753142420817494e-24,-1.4911110778885788e-24,-1.4911110778885788e-24,-1.8367099231598242e-40,0.24615384615384622,-1
3553,0.671875,0.84375,0,0.00024414062499999989,4.1683436873338838e-22,2.6859284806433223e-21,1.5855823888808629e-21,1.5855823888808629e-21,3.4764056011335661e-43,2.1727535007084785e-42,5.5397805466551101e-25,-2.6863918255919404e-25,-2.6863918255919404e-25,-9.1835496157991212e-41,0.24615384615384622,-1
3554,0.6875,0.84375,0,0.00024414062499999989,4.6730975366825595e-23,3.5264019544500268e-22,2.0387809858781885e-22,2.0387809858781885e-22,3.8973711550060699e-44,2.4358569718787935e-43,7.4684868183148678e-26,-3.631887130302338e-26,-3.631887130302338e-26,-1.1479437019748901e-41,0.24615384615384622,-1
3555,0.703125,0.84375,0,0.00024414062499999989,4.2766326097480725e-24,3.742737773208955e-23,2.1255886167380072e-23,2.1255886167380072e-23,3.5667187433932409e-45,2.2291992146207754e-44,8.0934436333841457e-27,-3.9481180577903986e-27,-3.9481180577903986e-27,7.1746481373430634e-43,0.24615384615384622,-1
3556,0.71875,0.84375,0,0.00024414062499999989,3.3428200031834565e-25,3.3699801574953149e-24,1.8852164746666924e-24,1.8852164746666924e-24,2.7879174689842345e-46,1.7424484181151463e-45,7.411372454045332e-28,-3.6249113350308155e-28,-3.6249113350308155e-28,0,0.24615384615384622,-1
3557,0.734375,0.84375,0,0.00024414062499999989,2.2318546262452481e-26,2.6177232281331644e-25,1.443782985559719e-25,1.443782985559719e-25,1.8613704880360937e-47,1.1633565550225585e-46,5.8460394665738237e-29,-2.8660650453453246e-29,-2.8660650453453246e-29,1.1210387714598537e-44,0.24615384615384622,-1
3558,0.75,0.84375,0,0.00024414062499999989,1.198149658505735e-27,1.7017229070433977e-26,9.2400443615647464e-27,9.2400443615647464e-27,9.9925881747283322e-49,6.2453676092052076e-48,3.8620799345527914e-30,-1.8987267355637763e-30,-1.8987267355637763e-30,7.0064923216240854e-46,0.24615384615384622,-1
3559,0.765625,0.84375,0,0.00024414062499999989,4.6548683986749328e-29,8.6315851328046334e-28,4.6024061718477851e-28,4.6024061718477851e-28,3.8821680234442181e-50,2.4263550146526365e-49,1.9936763410491055e-31,-9.8368626976485522e-32,-9.8368626976485522e-32,0,0.24615384615384622,-1
3560,0.78125,0.84375,0,0.00024414062499999989,1.1273985934359378e-30,3.1069037612842216e-29,1.6233352821577832e-29,1.6233352821577832e-29,9.4025231096949679e-52,5.8765769435593551e-51,7.3099704637222335e-33,-3.6219933572422799e-33,-3.6219933572422799e-33,-6.8422776578360209e-49,0.24615384615384622,-1
3561,0.796875,0.84375,0,0.00024414062499999989,1.2661544196004643e-32,6.9364535078812223e-31,3.5470983837384738e-31,3.5470983837384738e-31,1.0559749018714974e-53,6.5998431366968568e-53,1.6625581215627863e-34,-8.2747927835516288e-35,-8.2747927835516288e-35,1.0691058840368783e-50,0.24615384615384622,-1
3562,0.8125,0.84375,0,0.00024414062499999989,4.427613629097123e-36,7.2474007846840051e-33,3.626459136218594e-33,3.626459136218594e-33,3.6926371658411767e-57,2.3078982286507352e-56,1.7683039968395765e-36,-8.8401895714487542e-37,-8.8401895714487542e-37,0,0.24615384615384622,-1
3563,0.828125,0.84375,0,0.00024414062499999989,0,3.9060385256912451e-36,1.9530192628456226e-36,1.9530192628456226e-36,0,0,9.5362268693633865e-40,-4.7681134346816932e-40,-4.7681134346816932e-40,0,0.24615384615384622,-1
3564,0.84375,0.84375,0,0.00024414062499999989,0,0,0,0,0,0,0,0,0,0,0.24615384615384622,-1
3565,0.859375,0.84375,0,0.00024414062499999989,0,0,0,0,0,0,0,0,0,0,0.24615384615384622,-1
3566,0.875,0.84375,0,0.00024414062499999989,0,0,0,0,0,0,0,0,0,0,0.24615384615384622,-1
3567,0.890625,0.84375,0,0.00024414062499999989,0,0,0,0,0,0,0,0,0,0,0.24615384615384622,-1
3568,0.90625,0.84375,0,0.00024414062499999989,0,0,0,0,0,0,0,0,0,0,0.24615384615384622,-1
3569,0.921875,0.84375,0,0.00024414062499999989,0,0,0,0,0,0,0,0,0,0,0.24615384615384622,-1
3570,0.9375,0.84375,0,0.00024414062499999989,0,0,0,0,0,0,0,0,0,0,0.24615384615384622,-1
3571,0.953125,0.84375,0,0.00024414062499999989,0,0,0,0,0,0,0,0,0,0,0.24615384615384622,-1
3572,0.96875,0.84375,0,0.00024414062499999989,0,0,0,0,0,0,0,0,0,0,0.24615384615384622,-1
3573,0.984375,0.84375,0,0.00024414062499999989,0,0,0,0,0,0,0,0,0,0,0.24615384615384622,-1
3574,1,0.84375,0,0.00012207031249999995,0,0,0,0,-0,0,0,0,0,0,0.49230769230769245,-1
3575,0,0.859375,0,0.00012207031249999995,0,0,0,0,0,0,0,0,0,0,0.16410256410256413,-1
3576,0.015625,0.859375,0,0.00024414062499999989,0,0,0,0,0,0,0,0,0,0,0.24615384615384622,-1
3577,0.03125,0.859375,0,0.00024414062499999989,0,0,0,0,0,0,0,0,0,0,0.24615384615384622,-1
3578,0.046875,0.859375,0,0.00024414062499999989,0,0,0,0,0,0,0,0,0,0,0.24615384615384622,-1
3579,0.0625,0.859375,0,0.00024414062499999989,0,0,0,0,0,0,0,0,0,0,0.24615384615384622,-1
3580,0.078125,0.859375,0,0.00024414062499999989,0,0,0,0,0,0,0,0,0,0,0.24615384615384622,-1
3581,0.09375,0.859375,0,0.00024414062499999989,0,0,0,0,0,0,0,0,0,0,0.24615384615384622,-1
3582,0.109375,0.859375,0,0.00024414062499999989,0,0,0,0,0,0,0,0,0,0,0.24615384615384622,-1
3583,0.125,0.859375,0,0.00024414062499999989,0,0,0,0,0,0,0,0,0,0,0.24615384615384622,-1
3584,0.140625,0.859375,0,0.00024414062499999989,0,0,0,0,0,0,0,0,0,0,0.24615384615384622,-1
3585,0.15625,0.859375,0,0.00024414062499999989,0,0,0,0,0,0,0,0,0,0,0.24615384615384622,-1
3586,0.171875,0.859375,0,0.00024414062499999989,0,0,0,0,0,0,0,0,0,0,0.24615384615384622,-1
3587,0.1875,0.859375,0,0.00024414062499999989,0,0,0,0,0,0,0,0,0,0,0.24615384615384622,-1
3588,0.203125,0.859375,0,0.00024414062499999989,0,0,0,0,0,0,0,0,0,0,0.24615384615384622,-1
3589,0.21875,0.859375,0,0.00024414062499999989,0,0,0,0,0,0,0,0,0,0,0.24615384615384622,-1
3590,0.234375,0.859375,0,0.00024414062499999989,0,0,0,0,0,0,0,0,0,0,0.24615384615384622,-1
3591,0.25,0.859375,0,0.00024414062499999989,0,0,0,0,0,0,0,0,0,0,0.24615384615384622,-1
3592,0.265625,0.859375,0,0.00024414062499999989,0,0,0,0,0,0,0,0,0,0,0.24615384615384622,-1
3593,0.28125,0.859375,0,0.00024414062499999989,0,0,0,0,0,0,0,0,0,0,0.24615384615384622,-1
3594,0.296875,0.859375,0,0.00024414062499999989,0,0,0,0,0,0,0,0,0,0,0.24615384615384622,-1
3595,0.3125,0.859375,0,0.00024414062499999989,0,0,0,0,0,0,0,0,0,0,0.24615384615384622,-1
3596,0.328125,0.859375,0,0.00024414062499999989,0,0,0,0,0,0,0,0,0,0,0.24615384615384622,-1
3597,0.34375,0.859375,0,0.00024414062499999989,0,0,0,0,0,0,0,0,0,0,0.24615384615384622,-1
3598,0.359375,0.859375,0,0.00024414062499999989,0,0,0,0,0,0,0,0,0,0,0.24615384615384622,-1
3599,0.375,0.859375,0,0.00024414062499999989,0,0,0,0,0,0,0,0,0,0,0.24615384615384622,-1
3600,0.390625,0.859375,0,0.00024414062499999989,0,0,0,0,0,0,0,0,0,0,0.24615384615384622,-1
3601,0.40625,0.859375,0,0.00024414062499999989,0,0,0,0,0,0,0,0,0,0,0.24615384615384622,-1
3602,0.421875,0.859375,0,0.00024414062499999989,0,0,-1.3324800366429783e-41,0,0,0,0,-3.253125089460395e-45,0,0,0.24615384615384622,-1
3603,0.4375,0.859375,0,0.00024414062499999989,0,0,-4.6296016383839564e-38,0,0,0,0,-1.1302738374960826e-41,0,0,0.24615384615384622,-1
3604,0.453125,0.859375,0,0.00024414062499999989,5.9487030203797475e-41,7.1493669655694708e-41,-1.624455352571176e-37,7.1488379102095101e-41,4.9612282601283114e-62,3.1007676625801945e-61,2.9313084599358478e-45,-3.9677009015325495e-41,-1.2916390624035988e-48,-2.4892061111444567e-60,0.24615384615384622,-1
3605,0.46875,0.859375,0,0.00024414062499999989,1.5845532034629921e-36,1.2870962146632374e-36,4.0317633310055597e-26,2.2566928505905736e-36,1.3215200197026476e-57,8.2595001231415457e-57,-7.2621335156190076e-41,9.8431721945235553e-30,2.3671792869319718e-40,0,0.24615384615384622,-1
3606,0.484375,0.859375,0,0.00024414062499999989,1.5046327690525233e-36,1.4590873339109892e-36,1.4922066327435261e-24,1.584553203463215e-36,1.2548662438458664e-57,7.8429140240366637e-57,-1.1119491001351082e-41,3.6430825994679353e-28,3.063131580864881e-41,1.7842629404683466e-56,0.24615384615384622,-1
3607,0.5,0.859375,0,0.00024414062499999989,-1.0078634713911233e-32,-8.0635274214588872e-26,5.2601042247167804e-24,1.1196583691582289e-36,-8.4055981942387551e-54,-5.253498871399221e-53,-1.9686343783191925e-29,1.3038914792312908e-27,1.9686346244069457e-29,-1.0022867662845734e-51,0.24615384615384622,-1
3608,0.515625,0.859375,0,0.00024414062499999989,-5.2586438988315338e-23,-4.2626498041290663e-23,-1.6296739703771043e-22,-7.1425285312652033e-23,-4.3857177995698404e-44,-2.7410736247311498e-43,2.4316262077696955e-27,-2.9380102294047781e-26,-7.0309539236722052e-27,-7.1746481373430634e-43,0.24615384615384622,-1
3609,0.53125,0.859375,0,0.00024414062499999989,-3.5422726111595554e-23,-3.7304129574179663e-23,-4.3418240892059075e-22,-5.2200609991924667e-23,-2.95426127735007e-44,-1.8464132983437937e-43,-4.593270172324491e-28,-9.689411116855734e-26,-3.6368360394885248e-27,1.4349296274686127e-42,0.24615384615384622,-1
3610,0.546875,0.859375,0,0.00024414062499999989,2.1663033585981056e-22,3.8108344832762526e-22,-3.3366856467963759e-22,1.6345434592153303e-22,1.806700621272855e-43,1.1291878882955342e-42,4.0149685661087555e-26,-1.7450000317560121e-25,-5.3132105079612338e-26,0,0.24615384615384622,-1
3611,0.5625,0.859375,0,0.00024414062499999989,3.6115054798553773e-21,3.5094380374650666e-21,5.8082730679159148e-21,5.8949042047518117e-21,3.0120016055403883e-42,1.8825010034627425e-41,-2.4918809177321887e-26,5.6123902110616384e-25,5.8238920099774013e-25,0,0.24615384615384622,-1
3612,0.578125,0.859375,0,0.00024414062499999989,1.8507942455357463e-21,2.7135894274699188e-21,5.2400675858261124e-21,5.5447006211923068e-21,1.5435654937180971e-42,9.6472843357381074e-42,2.1064335496439745e-25,6.1681595662992989e-25,6.911892562798797e-25,-1.8367099231598242e-40,0.24615384615384622,-1
3613,0.59375,0.859375,0,0.00024414062499999989,-3.0879331585861083e-21,-5.934443189173437e-21,-4.7786361498854338e-21,-4.7786361498854338e-21,-2.5753414146377573e-42,-1.6095883841485983e-41,-6.9494873793635909e-25,2.8217945295117261e-25,2.8217945295117261e-25,-2.2958874039497803e-40,0.24615384615384622,-1
3614,0.609375,0.859375,0,0.00024414062499999989,-2.061048618025591e-21,-7.0138849502570508e-21,-5.512894741338972e-21,-5.512894741338972e-21,-1.7189179917396868e-42,-1.0743237448373042e-41,-1.2091885576736959e-24,3.6645268772414023e-25,3.6645268772414023e-25,1.8367099231598242e-40,0.24615384615384622,-1
3615,0.625,0.859375,0,0.00024414062499999989,2.9753021503363969e-22,-9.1866338451524602e-25,-1.2481745208361731e-22,-1.2481745208361731e-22,2.481406965535011e-43,1.550879353459382e-42,-7.2863495707557324e-26,-3.0248727709741703e-26,-3.0248727709741703e-26,0,0.24615384615384622,-1
3616,0.640625,0.859375,0,0.00024414062499999989,4.3795697749186944e-22,1.7736730529905661e-21,1.0903435856998821e-21,1.0903435856998821e-21,3.6525685111682314e-43,2.2828553194801444e-42,3.2610255749479886e-25,-1.6682848322526458e-25,-1.6682848322526458e-25,0,0.24615384615384622,-1
3617,0.65625,0.859375,0,0.00024414062499999989,1.3474689572691799e-22,7.2106309168031592e-22,4.3394975202684017e-22,4.3394975202684017e-22,1.123791362175402e-43,7.0236960135962607e-43,1.4314360252768499e-25,-7.0096030188836817e-26,-7.0096030188836817e-26,-2.2958874039497803e-41,0.24615384615384622,-1
3618,0.671875,0.859375,0,0.00024414062499999989,2.3969593546039151e-23,1.5681703944614551e-22,9.2137685208332911e-23,9.2137685208332911e-23,1.9990681074007829e-44,1.2494175671254891e-43,3.2433458471705641e-26,-1.5790857968215962e-26,-1.5790857968215962e-26,0,0.24615384615384622,-1
3619,0.6875,0.859375,0,0.00024414062499999989,2.9722872163644321e-24,2.331959728020787e-23,1.3400610814602009e-23,1.3400610814602009e-23,2.4788925055640079e-45,1.5493078159775046e-44,4.9676049960555243e-27,-2.4216275550795547e-27,-2.4216275550795547e-27,3.5873240686715317e-43,0.24615384615384622,-1
3620,0.703125,0.859375,0,0.00024414062499999989,2.8141006747865496e-25,2.6236101146431679e-24,1.4784764026562001e-24,1.4784764026562001e-24,2.3469646655357701e-46,1.4668529159598563e-45,5.7182618338977346e-28,-2.7957366015306816e-28,-2.7957366015306816e-28,-8.9683101716788293e-44,0.24615384615384622,-1
3621,0.71875,0.859375,0,0.00024414062499999989,2.1760435992698332e-26,2.3870681852941619e-25,1.3233466092304042e-25,1.3233466092304042e-25,1.8148239982704077e-47,1.1342649989190048e-46,5.2965425424003361e-29,-2.5969765040619074e-29,-2.5969765040619074e-29,0,0.24615384615384622,-1
3622,0.734375,0.859375,0,0.00024414062499999989,1.4342314616396854e-27,1.8418737136789785e-26,1.0071852335371812e-26,1.0071852335371812e-26,1.1961514358129289e-48,7.475946473830805e-48,4.1466078308471899e-30,-2.0378136722211836e-30,-2.0378136722211836e-30,0,0.24615384615384622,-1
3623,0.75,0.859375,0,0.00024414062499999989,7.9029325408434507e-29,1.2139236426211344e-27,6.5497399992982583e-28,6.5497399992982583e-28,6.5910589459914282e-50,4.1194118412446426e-49,2.7707380791325669e-31,-1.364623151101827e-31,-1.364623151101827e-31,0,0.24615384615384622,-1
3624,0.765625,0.859375,0,0.00024414062499999989,3.2952897293748166e-30,6.4789659731601925e-29,3.4417600033520009e-29,3.4417600033520009e-29,2.7482771411979592e-51,1.7176732132487243e-50,1.5013273926324969e-32,-7.4150536372270277e-33,-7.4150536372270277e-33,2.7369110631344083e-48,0.24615384615384622,-1
3625,0.78125,0.859375,0,0.00024414062499999989,8.784462048766512e-32,2.5245619074380238e-30,1.3166642863017326e-30,1.3166642863017326e-30,7.3262560287608608e-53,4.5789100179755372e-52,5.9490168138436469e-34,-2.9489688016022721e-34,-2.9489688016022721e-34,-4.276423536147513e-50,0.24615384615384622,-1
3626,0.796875,0.859375,0,0.00024414062499999989,1.088470253776925e-33,6.1718174128008269e-32,3.153718078686993e-32,3.153718078686993e-32,9.0778601063906967e-55,5.6736625664941851e-54,1.4802173797419753e-35,-7.3684065774263495e-36,-7.3684065774263495e-36,2.6727647100921956e-51,0.24615384615384622,-1
3627,0.8125,0.859375,0,0.00024414062499999989,1.952824643855069e-37,7.0139373212225986e-34,3.5081854205817017e-34,3.5081854205817017e-34,1.6286590164237673e-58,1.0179118852648545e-57,1.7119102774850441e-37,-8.5589646011740604e-38,-8.5589646011740604e-38,-1.0440487148797639e-53,0.24615384615384622,-1
3628,0.828125,0.859375,0,0.00024414062499999989,0,2.1394743658738559e-37,1.0697371829369279e-37,1.0697371829369279e-37,0,0,5.2233260885592164e-41,-2.6116630442796082e-41,-2.6116630442796082e-41,0,0.24615384615384622,-1
3629,0.84375,0.859375,0,0.00024414062499999989,0,0,0,0,0,0,0,0,0,0,0.24615384615384622,-1
3630,0.859375,0.859375,0,0.00024414062499999989,0,0,0,0,0,0,0,0,0,0,0.24615384615384622,-1
3631,0.875,0.859375,0,0.00024414062499999989,0,0,0,0,0,0,0,0,0,0,0.24615384615384622,-1
3632,0.890625,0.859375,0,0.00024414062499999989,0,0,0,0,0,0,0,0,0,0,0.24615384615384622,-1
3633,0.90625,0.859375,0,0.00024414062499999989,0,0,0,0,0,0,0,0,0,0,0.24615384615384622,-1
3634,0.921875,0.859375,0,0.00024414062499999989,0,0,0,0,0,0,0,0,0,0,0.24615384615384622,-1
3635,0.9375,0.859375,0,0.00024414062499999989,0,0,0,0,0,0,0,0,0,0,0.24615384615384622,-1
3636,0.953125,0.859375,0,0.00024414062499999989,0,0,0,0,0,0,0,0,0,0,0.24615384615384622,-1
3637,0.96875,0.859375,0,0.00024414062499999989,0,0,0,0,0,0,0,0,0,0,0.24615384615384622,-1
3638,0.984375,0.859375,0,0.00024414062499999989,0,0,0,0,0,0,0,0,0,0,0.24615384615384622,-1
3639,1,0.859375,0,0.00012207031249999995,0,0,0,0,-0,0,0,0,0,0,0.49230769230769245,-1
3640,0,0.875,0,0.00012207031249999995,0,0,0,0,0,0,0,0,0,0,0.16410256410256413,-1
3641,0.015625,0.875,0,0.00024414062499999989,0,0,0,0,0,0,0,0,0,0,0.24615384615384622,-1
3642,0.03125,0.875,0,0.00024414062499999989,0,0,0,0,0,0,0,0,0,0,0.24615384615384622,-1
3643,0.046875,0.875,0,0.00024414062499999989,0,0,0,0,0,0,0,0,0,0,0.24615384615384622,-1
3644,0.0625,0.875,0,0.00024414062499999989,0,0,0,0,0,0,0,0,0,0,0.24615384615384622,-1
3645,0.078125,0.875,0,0.00024414062499999989,0,0,0,0,0,0,0,0,0,0,0.24615384615384622,-1
3646,0.09375,0.875,0,0.00024414062499999989,0,0,0,0,0,0,0,0,0,0,0.24615384615384622,-1
3647,0.109375,0.875,0,0.00024414062499999989,0,0,0,0,0,0,0,0,0,0,0.24615384615384622,-1
3648,0.125,0.875,0,0.00024414062499999989,0,0,0,0,0,0,0,0,0,0,0.24615384615384622,-1
3649,0.140625,0.875,0,0.00024414062499999989,0,0,0,0,0,0,0,0,0,0,0.24615384615384622,-1
3650,0.15625,0.875,0,0.00024414062499999989,0,0,0,0,0,0,0,0,0,0,0.24615384615384622,-1
3651,0.171875,0.875,0,0.00024414062499999989,0,0,0,0,0,0,0,0,0,0,0.24615384615384622,-1
3652,0.1875,0.875,0,0.00024414062499999989,0,0,0,0,0,0,0,0,0,0,0.24615384615384622,-1
3653,0.203125,0.875,0,0.00024414062499999989,0,0,0,0,0,0,0,0,0,0,0.24615384615384622,-1
3654,0.21875,0.875,0,0.00024414062499999989,0,0,0,0,0,0,0,0,0,0,0.24615384615384622,-1
3655,0.234375,0.875,0,0.00024414062499999989,0,0,0,0,0,0,0,0,0,0,0.24615384615384622,-1
3656,0.25,0.875,0,0.00024414062499999989,0,0,0,0,0,0,0,0,0,0,0.24615384615384622,-1
3657,0.265625,0.875,0,0.00024414062499999989,0,0,0,0,0,0,0,0,0,0,0.24615384615384622,-1
3658,0.28125,0.875,0,0.00024414062499999989,0,0,0,0,0,0,0,0,0,0,0.24615384615384622,-1
3659,0.296875,0.875,0,0.00024414062499999989,0,0,0,0,0,0,0,0,0,0,0.24615384615384622,-1
3660,0.3125,0.875,0,0.00024414062499999989,0,0,0,0,0,0,0,0,0,0,0.24615384615384622,-1
3661,0.328125,0.875,0,0.00024414062499999989,0,0,0,0,0,0,0,0,0,0,0.24615384615384622,-1
3662,0.34375,0.875,0,0.00024414062499999989,0,0,0,0,0,0,0,0,0,0,0.24615384615384622,-1
3663,0.359375,0.875,0,0.00024414062499999989,0,0,0,0,0,0,0,0,0,0,0.24615384615384622,-1
3664,0.375,0.875,0,0.00024414062499999989,0,0,0,0,0,0,0,0,0,0,0.24615384615384622,-1
3665,0.390625,0.875,0,0.00024414062499999989,0,0,0,0,0,0,0,0,0,0,0.24615384615384622,-1
3666,0.40625,0.875,0,0.00024414062499999989,0,0,0,0,0,0,0,0,0,0,0.24615384615384622,-1
3667,0.421875,0.875,0,0.00024414062499999989,0,0,0,0,0,0,0,0,0,0,0.24615384615384622,-1
3668,0.4375,0.875,0,0.00024414062499999989,0,0,-1.2202467734112304e-42,0,0,0,0,-2.9791180991485105e-46,0,0,0.24615384615384622,-1
3669,0.453125,0.875,0,0.00024414062499999989,0,0,-3.2503934693348621e-38,0,0,0,0,-7.9355309309933118e-42,0,0,0.24615384615384622,-1
3670,0.46875,0.875,0,0.00024414062499999989,3.403209438247459e-42,5.0059898925925508e-42,-1.5431668655190169e-37,1.0011905870132447e-42,2.8382823587469758e-63,1.7739264742168599e-62,3.9130382186159458e-46,-3.7676194468211481e-41,-9.777342054636973e-46,-1.5557538194652854e-61,0.24615384615384622,-1
3671,0.484375,0.875,0,0.00024414062499999989,1.5046327689270592e-36,1.1992694951932636e-36,2.0812736009941512e-34,1.5842698769707955e-36,1.2548662437412291e-57,7.8429140233826818e-57,-7.4551580501414915e-41,5.0519553370171333e-38,9.3994233832405193e-41,-7.6468411734357709e-57,0.24615384615384622,-1
3672,0.5,0.875,0,0.00024414062499999989,1.5001329354761433e-36,1.4395685821722004e-36,1.0786961843772083e-24,1.5046320816049785e-36,1.2511133751233015e-57,7.8194585945206336e-57,-1.4786219068345431e-41,2.6335356063861528e-28,1.5884643416205559e-41,2.071019484472188e-57,0.24615384615384622,-1
3673,0.515625,0.875,0,0.00024414062499999989,1.4303625827760115e-36,-4.1210230025346733e-34,1.9842039497057997e-24,1.5001329354760426e-36,1.1929247843751763e-57,7.4557799023448505e-57,-1.0096012276275468e-37,4.8442479250925321e-28,1.0097715654026934e-37,-7.6468411734357709e-57,0.24615384615384622,-1
3674,0.53125,0.875,0,0.00024414062499999989,-1.532680411164095e-23,-1.3711444699065056e-23,-1.9225744328552928e-23,-1.8501930284237261e-23,-1.2782580242385293e-44,-7.989112651490807e-44,3.9437485658591172e-28,-1.3462645579804371e-27,-1.1695521448174326e-27,0,0.24615384615384622,-1
3675,0.546875,0.875,0,0.00024414062499999989,-1.9579297859643008e-23,-1.8728186286322036e-23,-9.6671186416779605e-23,-3.5324597336177002e-23,-1.6329167134742875e-44,-1.0205729459214297e-43,2.077909114553155e-28,-1.9029052766224983e-26,-4.0518581664684961e-27,0,0.24615384615384622,-1
3676,0.5625,0.875,0,0.00024414062499999989,1.2763619606732421e-23,1.5262293614763437e-23,-3.0553998668236077e-23,-1.8489768592221241e-23,1.0644880081844517e-44,6.6530500511528231e-44,6.1002783399194726e-28,-1.1185618233154174e-26,-8.2402495622521142e-27,-1.4349296274686127e-42,0.24615384615384622,-1
3677,0.578125,0.875,0,0.00024414062499999989,9.9398166962615444e-23,2.2514629507857673e-22,2.3629559339256616e-22,2.3424228535902362e-22,8.2898237355341983e-44,5.1811398347088735e-43,3.0700226590810852e-26,2.7219966586888204e-27,2.2207007520622325e-27,-5.7397185098744507e-42,0.24615384615384622,-1
3678,0.59375,0.875,0,0.00024414062499999989,1.8526854161330586e-23,1.062421223673975e-22,1.1163904155721221e-22,1.1163904155721221e-22,1.5451427331566716e-44,9.6571420822291972e-44,2.1414860401871796e-26,1.317607224075856e-27,1.317607224075856e-27,2.8698592549372254e-42,0.24615384615384622,-1
3679,0.609375,0.875,0,0.00024414062499999989,-5.7207011963880698e-23,-1.6670476958745253e-22,-1.2337620497921572e-22,-1.2337620497921572e-22,-4.7710743578956694e-44,-2.9819214736847934e-43,-2.673285098231733e-26,1.0578262843807812e-26,1.0578262843807812e-26,-5.7397185098744507e-42,0.24615384615384622,-1
3680,0.625,0.875,0,0.00024414062499999989,-2.0834937557804387e-23,-1.0965498772032899e-22,-7.7298173523837479e-23,-7.7298173523837479e-23,-1.7376372741362579e-44,-1.086023296335161e-43,-2.1684582559210102e-26,7.8996128409403081e-27,7.8996128409403081e-27,2.8698592549372254e-42,0.24615384615384622,-1
3681,0.640625,0.875,0,0.00024414062499999989,6.1885157011397113e-24,1.342409114454064e-23,7.4374676276379893e-24,7.4374676276379893e-24,5.1612324366433315e-45,3.2257702729020819e-44,1.7664979109865543e-27,-1.4615780070563108e-27,-1.4615780070563108e-27,4.4841550858394146e-44,0.24615384615384622,-1
3682,0.65625,0.875,0,0.00024414062499999989,4.4469741408386983e-24,2.2330156107637359e-23,1.3354312487867867e-23,1.3354312487867867e-23,3.7087838649878284e-45,2.3179899156173924e-44,4.366011222362953e-27,-2.1913680712327849e-27,-2.1913680712327849e-27,-1.0761972206014595e-42,0.24615384615384622,-1
3683,0.671875,0.875,0,0.00024414062499999989,1.0866631868253157e-24,7.080175396137845e-24,4.1429678348978494e-24,4.1429678348978494e-24,9.0627891378156072e-46,5.6642432111347549e-45,1.4632598167266911e-27,-7.1709168975585784e-28,-7.1709168975585784e-28,-1.7936620343357659e-43,0.24615384615384622,-1
3684,0.6875,0.875,0,0.00024414062499999989,1.5946232222360271e-25,1.2833551195460953e-24,7.3390352653509154e-25,7.3390352653509154e-25,1.3299184321877971e-46,8.3119902011737317e-46,2.7438788997131155e-28,-1.3414345532495202e-28,-1.3414345532495202e-28,-2.2420775429197073e-44,0.24615384615384622,-1
3685,0.703125,0.875,0,0.00024414062499999989,1.6357810625995364e-26,1.60720508704058e-25,8.9999748104011868e-26,8.9999748104011868e-26,1.364244139831588e-47,8.5265258739474251e-47,3.5244799335464495e-29,-1.7265810693370629e-29,-1.7265810693370629e-29,0,0.24615384615384622,-1
3686,0.71875,0.875,0,0.00024414062499999989,1.2789703124828145e-27,1.5226799482427301e-26,8.3740826695579552e-27,8.3740826695579552e-27,1.0666633779525632e-48,6.6666461122035197e-48,3.4052317309434766e-30,-1.6730265656419295e-30,-1.6730265656419295e-30,0,0.24615384615384622,-1
3687,0.734375,0.875,0,0.00024414062499999989,8.1752825498949289e-29,1.1669901753430713e-27,6.3244437245790141e-28,6.3244437245790141e-28,6.8181993086760904e-50,4.261374567922556e-49,2.6495052486428749e-31,-1.3050434640751212e-31,-1.3050434640751212e-31,-2.1895288505075267e-47,0.24615384615384622,-1
3688,0.75,0.875,0,0.00024414062499999989,4.430047041061246e-30,7.5767491251698654e-29,4.0560450327454179e-29,4.0560450327454179e-29,3.6946666354858339e-51,2.309166647178646e-50,1.7416368215487642e-32,-8.5954689756456196e-33,-8.5954689756456196e-33,-1.3684555315672042e-48,0.24615384615384622,-1
3689,0.765625,0.875,0,0.00024414062499999989,1.9220868809238562e-31,4.1229241369825504e-30,2.1789553458648963e-30,2.1789553458648963e-30,1.6030236707719477e-52,1.0018897942324675e-51,9.5964732638919986e-34,-4.7460175564395837e-34,-4.7460175564395837e-34,8.5528470722950261e-50,0.24615384615384622,-1
3690,0.78125,0.875,0,0.00024414062499999989,5.6027780704521081e-33,1.7133438835048405e-31,8.9129381859082819e-32,8.9129381859082819e-32,4.6727262737987073e-54,2.9204539211241919e-53,4.0461818916023408e-35,-2.0069581662939745e-35,-2.0069581662939745e-35,-2.6727647100921956e-51,0.24615384615384622,-1
3691,0.796875,0.875,0,0.00024414062499999989,7.7458694084655592e-35,4.5934331218886384e-33,2.3449747665155318e-33,2.3449747665155318e-33,6.4600680311133611e-56,4.0375425194458509e-55,1.1025328192880812e-36,-5.4894002816726211e-37,-5.4894002816726211e-37,8.3523897190381114e-53,0.24615384615384622,-1
3692,0.8125,0.875,0,0.00024414062499999989,6.2252801783724743e-39,5.7552766862294979e-35,2.878026225956631e-35,2.878026225956631e-35,5.1918940720941431e-60,3.2449337950588394e-59,1.4049448628446433e-38,-7.0245372565255514e-39,-7.0245372565255514e-39,0,0.24615384615384622,-1
3693,0.828125,0.875,0,0.00024414062499999989,0,9.0384092236540722e-39,4.5192046118270361e-39,4.5192046118270361e-39,0,0,2.206642876868669e-42,-1.1033214384343345e-42,-1.1033214384343345e-42,0,0.24615384615384622,-1
3694,0.84375,0.875,0,0.00024414062499999989,0,0,0,0,0,0,0,0,0,0,0.24615384615384622,-1
3695,0.859375,0.875,0,0.00024414062499999989,0,0,0,0,0,0,0,0,0,0,0.24615384615384622,-1
3696,0.875,0.875,0,0.00024414062499999989,0,0,0,0,0,0,0,0,0,0,0.24615384615384622,-1
3697,0.890625,0.875,0,0.00024414062499999989,0,0,0,0,0,0,0,0,0,0,0.24615384615384622,-1
3698,0.90625,0.875,0,0.00024414062499999989,0,0,0,0,0,0,0,0,0,0,0.24615384615384622,-1
3699,0.921875,0.875,0,0.00024414062499999989,0,0,0,0,0,0,0,0,0,0,0.24615384615384622,-1
3700,0.9375,0.875,0,0.00024414062499999989,0,0,0,0,0,0,0,0,0,0,0.24615384615384622,-1
3701,0.953125,0.875,0,0.00024414062499999989,0,0,0,0,0,0,0,0,0,0,0.24615384615384622,-1
3702,0.96875,0.875,0,0.00024414062499999989,0,0,0,0,0,0,0,0,0,0,0.24615384615384622,-1
3703,0.984375,0.875,0,0.00024414062499999989,0,0,0,0,0,0,0,0,0,0,0.24615384615384622,-1
3704,1,0.875,0,0.00012207031249999995,0,0,0,0,-0,0,0,0,0,0,0.49230769230769245,-1
3705,0,0.890625,0,0.00012207031249999995,0,0,0,0,0,0,0,0,0,0,0.16410256410256413,-1
3706,0.015625,0.890625,0,0.00024414062499999989,0,0,0,0,0,0,0,0,0,0,0.24615384615384622,-1
3707,0.03125,0.890625,0,0.00024414062499999989,0,0,0,0,0,0,0,0,0,0,0.24615384615384622,-1
3708,0.046875,0.890625,0,0.00024414062499999989,0,0,0,0,0,0,0,0,0,0,0.24615384615384622,-1
3709,0.0625,0.890625,0,0.00024414062499999989,0,0,0,0,0,0,0,0,0,0,0.24615384615384622,-1
3710,0.078125,0.890625,0,0.00024414062499999989,0,0,0,0,0,0,0,0,0,0,0.24615384615384622,-1
3711,0.09375,0.890625,0,0.00024414062499999989,0,0,0,0,0,0,0,0,0,0,0.24615384615384622,-1
3712,0.109375,0.890625,0,0.00024414062499999989,0,0,0,0,0,0,0,0,0,0,0.24615384615384622,-1
3713,0.125,0.890625,0,0.00024414062499999989,0,0,0,0,0,0,0,0,0,0,0.24615384615384622,-1
3714,0.140625,0.890625,0,0.00024414062499999989,0,0,0,0,0,0,0,0,0,0,0.24615384615384622,-1
3715,0.15625,0.890625,0,0.00024414062499999989,0,0,0,0,0,0,0,0,0,0,0.24615384615384622,-1
3716,0.171875,0.890625,0,0.00024414062499999989,0,0,0,0,0,0,0,0,0,0,0.24615384615384622,-1
3717,0.1875,0.890625,0,0.00024414062499999989,0,0,0,0,0,0,0,0,0,0,0.24615384615384622,-1
3718,0.203125,0.890625,0,0.00024414062499999989,0,0,0,0,0,0,0,0,0,0,0.24615384615384622,-1
3719,0.21875,0.890625,0,0.00024414062499999989,0,0,0,0,0,0,0,0,0,0,0.24615384615384622,-1
3720,0.234375,0.890625,0,0.00024414062499999989,0,0,0,0,0,0,0,0,0,0,0.24615384615384622,-1
3721,0.25,0.890625,0,0.00024414062499999989,0,0,0,0,0,0,0,0,0,0,0.24615384615384622,-1
3722,0.265625,0.890625,0,0.00024414062499999989,0,0,0,0,0,0,0,0,0,0,0.24615384615384622,-1
3723,0.28125,0.890625,0,0.00024414062499999989,0,0,0,0,0,0,0,0,0,0,0.24615384615384622,-1
3724,0.296875,0.890625,0,0.00024414062499999989,0,0,0,0,0,0,0,0,0,0,0.24615384615384622,-1
3725,0.3125,0.890625,0,0.00024414062499999989,0,0,0,0,0,0,0,0,0,0,0.24615384615384622,-1
3726,0.328125,0.890625,0,0.00024414062499999989,0,0,0,0,0,0,0,0,0,0,0.24615384615384622,-1
3727,0.34375,0.890625,0,0.00024414062499999989,0,0,0,0,0,0,0,0,0,0,0.24615384615384622,-1
3728,0.359375,0.890625,0,0.00024414062499999989,0,0,0,0,0,0,0,0,0,0,0.24615384615384622,-1
3729,0.375,0.890625,0,0.00024414062499999989,0,0,0,0,0,0,0,0,0,0,0.24615384615384622,-1
3730,0.390625,0.890625,0,0.00024414062499999989,0,0,0,0,0,0,0,0,0,0,0.24615384615384622,-1
3731,0.40625,0.890625,0,0.00024414062499999989,0,0,0,0,0,0,0,0,0,0,0.24615384615384622,-1
3732,0.421875,0.890625,0,0.00024414062499999989,0,0,0,0,0,0,0,0,0,0,0.24615384615384622,-1
3733,0.4375,0.890625,0,0.00024414062499999989,0,0,0,0,0,0,0,0,0,0,0.24615384615384622,-1
3734,0.453125,0.890625,0,0.00024414062499999989,0,0,-6.9809424374306855e-44,0,0,0,0,-1.7043316497633502e-47,0,0,0.24615384615384622,-1
3735,0.46875,0.890625,0,0.00024414062499999989,0,0,-3.0864263414689665e-38,0,0,0,0,-7.5352205602269652e-42,0,0,0.24615384615384622,-1
3736,0.484375,0.890625,0,0.00024414062499999989,1.8134765480133615e-44,1.5328967195041713e-43,-1.4242656709037547e-37,3.3118946268711569e-44,1.5124424716212307e-65,9.4527654476326925e-65,3.2996803337471549e-47,-3.4772148530285e-41,-2.9338556074635132e-47,-4.2540143501003898e-63,0.24615384615384622,-1
3737,0.5,0.890625,0,0.00024414062499999989,1.3607916243400462e-36,1.0875560590241833e-36,1.2471040782016231e-36,1.1132832144962581e-36,1.134902488776582e-57,7.0931405548536376e-57,-6.6707901688443043e-41,3.8952153119492112e-41,6.2810438164245164e-42,-3.0587364693743084e-56,0.24615384615384622,-1
3738,0.515625,0.890625,0,0.00024414062499999989,1.3775518245622647e-36,1.3233162499060131e-36,3.1439598177876062e-25,1.5001329354761432e-36,1.1488805237705986e-57,7.1805032735662405e-57,-1.3241107093811434e-41,7.6756831488632125e-29,4.3168136125520014e-41,5.0978941156238473e-57,0.24615384615384622,-1
3739,0.53125,0.890625,0,0.00024414062499999989,9.3297807056055733e-38,3.5941552646917595e-37,4.6942131692320299e-25,1.430095238613658e-36,7.7810526998699278e-59,4.8631579374187047e-58,6.4970146341093774e-41,1.1460481370186606e-28,2.6139641409777382e-40,0,0.24615384615384622,-1
3740,0.546875,0.890625,0,0.00024414062499999989,-8.2624783508790423e-25,-1.2516557161592093e-24,-1.3150276992102743e-24,-1.2302843315103288e-24,-6.8909207524134661e-46,-4.3068254702584166e-45,-1.0385934596467404e-28,-1.5471675549576429e-29,5.2176232052931148e-30,-2.2420775429197073e-44,0.24615384615384622,-1
3741,0.5625,0.890625,0,0.00024414062499999989,-1.0603336800580523e-24,-1.7381711003512308e-24,-3.6367910072894632e-24,-3.9138892827383144e-24,-8.8432006113730011e-46,-5.5270003821081254e-45,-1.6548765143876426e-28,-4.635302507173418e-28,-5.311811968718463e-28,0,0.24615384615384622,-1
3742,0.578125,0.890625,0,0.00024414062499999989,8.3387410465633933e-25,9.7738055127734538e-25,4.9856431281213841e-25,4.9856431281213841e-25,6.9545239680600621e-46,4.3465774800375388e-45,3.5035753569581538e-29,-1.1689849571904462e-28,-1.1689849571904462e-28,0,0.24615384615384622,-1
3743,0.59375,0.890625,0,0.00024414062499999989,1.5758280829379188e-24,5.4020039600623987e-24,4.8660015296079941e-24,4.8660015296079941e-24,1.314243254603815e-45,8.2140203412738423e-45,9.3412497000109331e-28,-1.3085996837265737e-28,-1.3085996837265737e-28,0,0.24615384615384622,-1
3744,0.609375,0.890625,0,0.00024414062499999989,-1.2168217724975747e-25,9.2765770706730425e-25,8.7228466538027899e-25,8.7228466538027899e-25,-1.0148313917457945e-46,-6.3426961984112148e-46,2.5618649519459504e-28,-1.3518809005621387e-29,-1.3518809005621387e-29,0,0.24615384615384622,-1
3745,0.625,0.890625,0,0.00024414062499999989,-6.9221916268616467e-25,-2.8881016261328313e-24,-1.9917904207421741e-24,-1.9917904207421741e-24,-5.7731193847725894e-46,-3.6081996154828689e-45,-5.3610411705240859e-28,2.1882597787857833e-28,2.1882597787857833e-28,-4.4841550858394146e-44,0.24615384615384622,-1
3746,0.640625,0.890625,0,0.00024414062499999989,-1.266350106786457e-25,-1.0640096526237767e-24,-7.0844374036509406e-25,-7.0844374036509406e-25,-1.0561381053116364e-46,-6.6008631581977271e-46,-2.2885123094363536e-28,8.6808084047529913e-29,8.6808084047529913e-29,-4.4841550858394146e-44,0.24615384615384622,-1
3747,0.65625,0.890625,0,0.00024414062499999989,7.7046932672001578e-26,2.9094917724918977e-25,1.6827050079252513e-25,1.6827050079252513e-25,6.4257270604868083e-47,4.0160794128042551e-46,5.2222227679977557e-29,-2.9950848744302879e-29,-2.9950848744302879e-29,5.6051938572992683e-45,0.24615384615384622,-1
3748,0.671875,0.890625,0,0.00024414062499999989,3.541457473695639e-26,2.2176826344703501e-25,1.2911251614817026e-25,1.2911251614817026e-25,2.9535814513429526e-47,1.8459884070893453e-46,4.5496506032734021e-29,-2.2621032055386887e-29,-2.2621032055386887e-29,-8.4077907859489024e-45,0.24615384615384622,-1
3749,0.6875,0.890625,0,0.00024414062499999989,6.851124149904877e-27,5.5585200737639021e-26,3.1658631757401456e-26,3.1658631757401456e-26,5.7138489902267485e-48,3.5711556188917177e-47,1.1897967916927277e-29,-5.8414475049408084e-30,-5.8414475049408084e-30,-2.1019476964872256e-45,0.24615384615384622,-1
3750,0.703125,0.890625,0,0.00024414062499999989,8.1084790965727375e-28,8.2864942471047893e-27,4.6166847193239767e-27,4.6166847193239767e-27,6.7624851169672787e-49,4.2265531981045493e-48,1.8251089691033964e-30,-8.9594959174336208e-31,-8.9594959174336208e-31,1.7516230804060213e-46,0.24615384615384622,-1
3751,0.71875,0.890625,0,0.00024414062499999989,6.6860112814577703e-29,8.558941716085489e-28,4.6758156521956726e-28,4.6758156521956726e-28,5.5761445820146982e-50,3.4850903637591858e-49,1.926352682602468e-31,-9.4802882419184926e-32,-9.4802882419184926e-32,-2.1895288505075267e-47,0.24615384615384622,-1
3752,0.734375,0.890625,0,0.00024414062499999989,4.1877212451715065e-30,6.6722947276106188e-29,3.5862049454728927e-29,3.5862049454728927e-29,3.4925665167528077e-51,2.1828540729705042e-50,1.5267389167708656e-32,-7.5343988821721802e-33,-7.5343988821721802e-33,0,0.24615384615384622,-1
3753,0.75,0.890625,0,0.00024414062499999989,2.1492762257256664e-31,4.2110502692119718e-30,2.2347364806449757e-30,2.2347364806449757e-30,1.7924999640024717e-52,1.1203124775015446e-51,9.7561588052719804e-34,-4.8249848353686404e-34,-4.8249848353686404e-34,0,0.24615384615384622,-1
3754,0.765625,0.890625,0,0.00024414062499999989,9.2001872541309984e-33,2.2432882871517202e-31,1.1775821850837852e-31,1.1775821850837852e-31,7.6729715447709817e-54,4.7956072154818644e-53,5.2521640981699447e-35,-2.6018215382517935e-35,-2.6018215382517935e-35,0,0.24615384615384622,-1
3755,0.78125,0.890625,0,0.00024414062499999989,2.8589607275643576e-34,9.6257130903736918e-33,4.9890354609129074e-33,4.9890354609129074e-33,2.3843780245200118e-55,1.4902362653250072e-54,2.2802287640667119e-36,-1.1320013743800738e-36,-1.1320013743800738e-36,0,0.24615384615384622,-1
3756,0.796875,0.890625,0,0.00024414062499999989,4.4292726296156287e-36,2.8057942062209238e-34,1.4304934967559445e-34,1.4304934967559445e-34,3.6940207750460371e-57,2.3087629844037729e-56,6.741946972472574e-38,-3.3576677477172331e-38,-3.3576677477172331e-38,0,0.24615384615384622,-1
3757,0.8125,0.890625,0,0.00024414062499999989,1.2763972757117742e-40,3.9127554343079974e-36,1.9564572465227163e-36,1.9564572465227163e-36,1.0645174609856038e-61,6.6532341311600238e-61,9.5523139516123634e-40,-4.7761186225226565e-40,-4.7761186225226565e-40,0,0.24615384615384622,-1
3758,0.828125,0.890625,0,0.00024414062499999989,0,2.7639396300866081e-40,1.381969815043304e-40,1.381969815043304e-40,0,0,6.7478994875161301e-44,-3.373949743758065e-44,-3.373949743758065e-44,0,0.24615384615384622,-1
3759,0.84375,0.890625,0,0.00024414062499999989,0,0,0,0,0,0,0,0,0,0,0.24615384615384622,-1
3760,0.859375,0.890625,0,0.00024414062499999989,0,0,0,0,0,0,0,0,0,0,0.24615384615384622,-1
3761,0.875,0.890625,0,0.00024414062499999989,0,0,0,0,0,0,0,0,0,0,0.24615384615384622,-1
3762,0.890625,0.890625,0,0.00024414062499999989,0,0,0,0,0,0,0,0,0,0,0.24615384615384622,-1
3763,0.90625,0.890625,0,0.00024414062499999989,0,0,0,0,0,0,0,0,0,0,0.24615384615384622,-1
3764,0.921875,0.890625,0,0.00024414062499999989,0,0,0,0,0,0,0,0,0,0,0.24615384615384622,-1
3765,0.9375,0.890625,0,0.00024414062499999989,0,0,0,0,0,0,0,0,0,0,0.24615384615384622,-1
3766,0.953125,0.890625,0,0.00024414062499999989,0,0,0,0,0,0,0,0,0,0,0.24615384615384622,-1
3767,0.96875,0.890625,0,0.00024414062499999989,0,0,0,0,0,0,0,0,0,0,0.24615384615384622,-1
3768,0.984375,0.890625,0,0.00024414062499999989,0,0,0,0,0,0,0,0,0,0,0.24615384615384622,-1
3769,1,0.890625,0,0.00012207031249999995,0,0,0,0,-0,0,0,0,0,0,0.49230769230769245,-1
3770,0,0.90625,0,0.00012207031249999995,0,0,0,0,0,0,0,0,0,0,0.16410256410256413,-1
3771,0.015625,0.90625,0,0.00024414062499999989,0,0,0,0,0,0,0,0,0,0,0.24615384615384622,-1
3772,0.03125,0.90625,0,0.00024414062499999989,0,0,0,0,0,0,0,0,0,0,0.24615384615384622,-1
3773,0.046875,0.90625,0,0.00024414062499999989,0,0,0,0,0,0,0,0,0,0,0.24615384615384622,-1
3774,0.0625,0.90625,0,0.00024414062499999989,0,0,0,0,0,0,0,0,0,0,0.24615384615384622,-1
3775,0.078125,0.90625,0,0.00024414062499999989,0,0,0,0,0,0,0,0,0,0,0.24615384615384622,-1
3776,0.09375,0.90625,0,0.00024414062499999989,0,0,0,0,0,0,0,0,0,0,0.24615384615384622,-1
3777,0.109375,0.90625,0,0.00024414062499999989,0,0,0,0,0,0,0,0,0,0,0.24615384615384622,-1
3778,0.125,0.90625,0,0.00024414062499999989,0,0,0,0,0,0,0,0,0,0,0.24615384615384622,-1
3779,0.140625,0.90625,0,0.00024414062499999989,0,0,0,0,0,0,0,0,0,0,0.24615384615384622,-1
3780,0.15625,0.90625,0,0.00024414062499999989,0,0,0,0,0,0,0,0,0,0,0.24615384615384622,-1
3781,0.171875,0.90625,0,0.00024414062499999989,0,0,0,0,0,0,0,0,0,0,0.24615384615384622,-1
3782,0.1875,0.90625,0,0.00024414062499999989,0,0,0,0,0,0,0,0,0,0,0.24615384615384622,-1
3783,0.203125,0.90625,0,0.00024414062499999989,0,0,0,0,0,0,0,0,0,0,0.24615384615384622,-1
3784,0.21875,0.90625,0,0.00024414062499999989,0,0,0,0,0,0,0,0,0,0,0.24615384615384622,-1
3785,0.234375,0.90625,0,0.00024414062499999989,0,0,0,0,0,0,0,0,0,0,0.24615384615384622,-1
3786,0.25,0.90625,0,0.00024414062499999989,0,0,0,0,0,0,0,0,0,0,0.24615384615384622,-1
3787,0.265625,0.90625,0,0.00024414062499999989,0,0,0,0,0,0,0,0,0,0,0.24615384615384622,-1
3788,0.28125,0.90625,0,0.00024414062499999989,0,0,0,0,0,0,0,0,0,0,0.24615384615384622,-1
3789,0.296875,0.90625,0,0.00024414062499999989,0,0,0,0,0,0,0,0,0,0,0.24615384615384622,-1
3790,0.3125,0.90625,0,0.00024414062499999989,0,0,0,0,0,0,0,0,0,0,0.24615384615384622,-1
3791,0.328125,0.90625,0,0.00024414062499999989,0,0,0,0,0,0,0,0,0,0,0.24615384615384622,-1
3792,0.34375,0.90625,0,0.00024414062499999989,0,0,0,0,0,0,0,0,0,0,0.24615384615384622,-1
3793,0.359375,0.90625,0,0.00024414062499999989,0,0,0,0,0,0,0,0,0,0,0.24615384615384622,-1
3794,0.375,0.90625,0,0.00024414062499999989,0,0,0,0,0,0,0,0,0,0,0.24615384615384622,-1
3795,0.390625,0.90625,0,0.00024414062499999989,0,0,0,0,0,0,0,0,0,0,0.24615384615384622,-1
3796,0.40625,0.90625,0,0.00024414062499999989,0,0,0,0,0,0,0,0,0,0,0.24615384615384622,-1
3797,0.421875,0.90625,0,0.00024414062499999989,0,0,0,0,0,0,0,0,0,0,0.24615384615384622,-1
3798,0.4375,0.90625,0,0.00024414062499999989,0,0,0,0,0,0,0,0,0,0,0.24615384615384622,-1
3799,0.453125,0.90625,0,0.00024414062499999989,0,0,0,0,0,0,0,0,0,0,0.24615384615384622,-1
3800,0.46875,0.90625,0,0.00024414062499999989,0,0,-3.719951893360742e-46,0,0,0,0,-9.0819138021502453e-50,0,0,0.24615384615384622,-1
3801,0.484375,0.90625,0,0.00024414062499999989,0,0,-2.791367435353782e-38,0,0,0,0,-6.8148619027191918e-42,0,0,0.24615384615384622,-1
3802,0.5,0.90625,0,0.00024414062499999989,9.8730660268812902e-47,8.1841810779936994e-46,-3.6982054161476852e-38,6.2532598938767527e-46,8.2341535657211721e-68,5.1463459785757321e-67,1.7570494324476482e-49,-9.0288220165759146e-42,-4.7141630471605134e-50,1.8991135491519597e-65,0.24615384615384622,-1
3803,0.515625,0.90625,0,0.00024414062499999989,1.063308346891749e-37,1.3598443947276136e-37,1.2274012674627681e-37,1.1183440031266684e-37,8.8680093824769607e-59,5.5425058640481002e-58,7.239649605367779e-42,-3.2334747867393896e-42,-5.8960056543199487e-42,4.4606573511708664e-57,0.24615384615384622,-1
3804,0.53125,0.90625,0,0.00024414062499999989,9.4039548065782301e-38,1.4485640278575057e-37,1.6948673540387272e-26,1.3765433087367406e-36,7.8429140240366302e-59,4.9018212650228936e-58,1.2406458671867251e-41,4.1378597510357439e-30,3.007048110231908e-40,0,0.24615384615384622,-1
3805,0.546875,0.90625,0,0.00024414062499999989,8.0063037135242166e-38,8.3363622066387942e-38,2.3479306025912164e-26,9.3807351132430083e-38,6.6772706767551685e-59,4.1732941729719798e-58,8.0580686795550781e-43,5.7322524477121065e-30,2.5497385415141941e-42,2.5489470578119236e-57,0.24615384615384622,-1
3806,0.5625,0.90625,0,0.00024414062499999989,-2.1070622175152846e-26,-4.9781354566396953e-26,-5.3834080123808028e-26,-5.1672990669944428e-26,-1.7572934106093818e-47,-1.0983083816308635e-46,-7.0094561502060773e-30,-9.894349505398136e-31,-4.6182522059264516e-31,-1.4012984643248171e-45,0.24615384615384622,-1
3807,0.578125,0.90625,0,0.00024414062499999989,-1.5657878704059084e-26,-5.8762243690085702e-26,-7.2887261722181321e-26,-7.2566074466845538e-26,-1.3058697005734904e-47,-8.1616856285843144e-47,-1.0523526607916652e-29,-3.4484907304920931e-30,-3.3700758732323798e-30,2.8025969286496341e-45,0.24615384615384622,-1
3808,0.59375,0.90625,0,0.00024414062499999989,1.7400123647569571e-26,4.4746585104965704e-26,3.4411434072832192e-26,3.4411434072832192e-26,1.451173220016256e-47,9.0698326251016007e-47,6.6763821917471001e-30,-2.5232302324544699e-30,-2.5232302324544699e-30,0,0.24615384615384622,-1
3809,0.609375,0.90625,0,0.00024414062499999989,1.579065025023832e-26,7.9403874942475277e-26,6.4107527143889403e-26,6.4107527143889403e-26,1.3169428697128585e-47,8.2308929357053663e-47,1.5530572434628158e-29,-3.7344599117641272e-30,-3.7344599117641272e-30,-2.8025969286496341e-45,0.24615384615384622,-1
3810,0.625,0.90625,0,0.00024414062499999989,-4.5027529353882951e-27,-5.7874350157893186e-27,-2.6224780254221736e-27,-2.6224780254221736e-27,-3.7553034728565172e-48,-2.3470646705353234e-47,-3.1364308603540603e-31,7.726945777263534e-31,7.726945777263534e-31,8.7581154020301067e-47,0.24615384615384622,-1
3811,0.640625,0.90625,0,0.00024414062499999989,-5.8268508241567246e-27,-3.3526148885524708e-26,-2.1948545669768267e-26,-2.1948545669768267e-26,-4.8596033248459026e-48,-3.0372520780286886e-47,-6.7625239407636649e-30,2.8265632850967863e-30,2.8265632850967863e-30,0,0.24615384615384622,-1
3812,0.65625,0.90625,0,0.00024414062499999989,-3.0326079679987328e-28,-6.3822138389395155e-27,-4.1622337777819085e-27,-4.1622337777819085e-27,-2.5292001132315981e-49,-1.5807500707697487e-48,-1.4841193950536229e-30,5.4198731961855623e-31,5.4198731961855623e-31,-1.7516230804060213e-46,0.24615384615384622,-1
3813,0.671875,0.90625,0,0.00024414062499999989,6.7837595230774978e-28,3.6211809910331276e-27,2.0748291711099434e-27,2.0748291711099434e-27,5.6576667788768099e-49,3.5360417367980063e-48,7.1845826140756262e-31,-3.7752729978593346e-31,-3.7752729978593346e-31,4.3790577010150533e-47,0.24615384615384622,-1
3814,0.6875,0.90625,0,0.00024414062499999989,2.1714811000457296e-28,1.7280403758463673e-27,9.7998695537857534e-28,9.7998695537857534e-28,1.8110188662929177e-49,1.1318867914330736e-48,3.6887018209028164e-31,-1.8263022960639442e-31,-1.8263022960639442e-31,0,0.24615384615384622,-1
3815,0.703125,0.90625,0,0.00024414062499999989,3.2663595366054007e-29,3.4150677665730709e-28,1.8948442194671311e-28,1.8948442194671311e-28,2.7241493120817859e-50,1.702593320051116e-49,7.5401167307434802e-32,-3.7114832693016092e-32,-3.7114832693016092e-32,0,0.24615384615384622,-1
3816,0.71875,0.90625,0,0.00024414062499999989,3.0116982339365271e-30,4.0936774686652009e-29,2.2243149312291729e-29,2.2243149312291729e-29,2.5117613600805691e-51,1.5698508500503555e-50,9.2590518683387371e-33,-4.5638733824121758e-33,-4.5638733824121758e-33,-6.8422776578360209e-49,0.24615384615384622,-1
3817,0.734375,0.90625,0,0.00024414062499999989,1.9134476763556181e-31,3.386042275642664e-30,1.8070725088802325e-30,1.8070725088802325e-30,1.5958185597246937e-52,9.9738659982793348e-52,7.7995544629079602e-34,-3.8549066571348409e-34,-3.8549066571348409e-34,8.5528470722950261e-50,0.24615384615384622,-1
3818,0.75,0.90625,0,0.00024414062499999989,9.2042277861479372e-33,2.1045397145900517e-31,1.1074309242022346e-31,1.1074309242022346e-31,7.6763413552254154e-54,4.7977133470158841e-53,4.9133238201381135e-35,-2.4343476327827554e-35,-2.4343476327827554e-35,5.3455294201843913e-51,0.24615384615384622,-1
3819,0.765625,0.90625,0,0.00024414062499999989,3.6397913204956095e-34,1.0616660281444665e-32,5.5283123712112238e-33,5.5283123712112238e-33,3.0355920439040181e-55,1.8972450274400109e-54,2.503095983739038e-36,-1.2422724390218356e-36,-1.2422724390218356e-36,0,0.24615384615384622,-1
3820,0.78125,0.90625,0,0.00024414062499999989,1.1373131616462181e-35,4.4624406666890816e-34,2.3010136133502153e-34,2.3010136133502153e-34,9.4852107742552881e-57,5.9282567339095551e-56,1.0616966187803852e-37,-5.2769215169405894e-38,-5.2769215169405894e-38,1.0440487148797639e-53,0.24615384615384622,-1
3821,0.796875,0.90625,0,0.00024414062499999989,1.952837281451858e-37,1.375674823288716e-35,7.0000481789593484e-36,7.0000481789593484e-36,1.6286695562006084e-58,1.0179184726253802e-57,3.3109044201030195e-39,-1.649584974103469e-39,-1.649584974103469e-39,3.2626522339992623e-55,0.24615384615384622,-1
3822,0.8125,0.90625,0,0.00024414062499999989,1.2637596789225481e-42,2.1401665821369619e-37,1.0700911652634035e-37,1.0700911652634035e-37,1.0539776841441618e-63,6.5873605259010109e-63,5.2249852161625284e-41,-2.6124888107264599e-41,-2.6124888107264599e-41,5.0978941156238473e-57,0.24615384615384622,-1
3823,0.828125,0.90625,0,0.00024414062499999989,0,5.4438878476663647e-42,2.7219439238331823e-42,2.7219439238331823e-42,0,0,1.3290741815591704e-45,-6.6453709077958522e-46,-6.6453709077958522e-46,0,0.24615384615384622,-1
3824,0.84375,0.90625,0,0.00024414062499999989,0,0,0,0,0,0,0,0,0,0,0.24615384615384622,-1
3825,0.859375,0.90625,0,0.00024414062499999989,0,0,0,0,0,0,0,0,0,0,0.24615384615384622,-1
3826,0.875,0.90625,0,0.00024414062499999989,0,0,0,0,0,0,0,0,0,0,0.24615384615384622,-1
3827,0.890625,0.90625,0,0.00024414062499999989,0,0,0,0,0,0,0,0,0,0,0.24615384615384622,-1
3828,0.90625,0.90625,0,0.00024414062499999989,0,0,0,0,0,0,0,0,0,0,0.24615384615384622,-1
3829,0.921875,0.90625,0,0.00024414062499999989,0,0,0,0,0,0,0,0,0,0,0.24615384615384622,-1
3830,0.9375,0.90625,0,0.00024414062499999989,0,0,0,0,0,0,0,0,0,0,0.24615384615384622,-1
3831,0.953125,0.90625,0,0.00024414062499999989,0,0,0,0,0,0,0,0,0,0,0.24615384615384622,-1
3832,0.96875,0.90625,0,0.00024414062499999989,0,0,0,0,0,0,0,0,0,0,0.24615384615384622,-1
3833,0.984375,0.90625,0,0.00024414062499999989,0,0,0,0,0,0,0,0,0,0,0.24615384615384622,-1
3834,1,0.90625,0,0.00012207031249999995,0,0,0,0,-0,0,0,0,0,0,0.49230769230769245,-1
3835,0,0.921875,0,0.00012207031249999995,0,0,0,0,0,0,0,0,0,0,0.16410256410256413,-1
3836,0.015625,0.921875,0,0.00024414062499999989,0,0,0,0,0,0,0,0,0,0,0.24615384615384622,-1
3837,0.03125,0.921875,0,0.00024414062499999989,0,0,0,0,0,0,0,0,0,0,0.24615384615384622,-1
3838,0.046875,0.921875,0,0.00024414062499999989,0,0,0,0,0,0,0,0,0,0,0.24615384615384622,-1
3839,0.0625,0.921875,0,0.00024414062499999989,0,0,0,0,0,0,0,0,0,0,0.24615384615384622,-1
3840,0.078125,0.921875,0,0.00024414062499999989,0,0,0,0,0,0,0,0,0,0,0.24615384615384622,-1
3841,0.09375,0.921875,0,0.00024414062499999989,0,0,0,0,0,0,0,0,0,0,0.24615384615384622,-1
3842,0.109375,0.921875,0,0.00024414062499999989,0,0,0,0,0,0,0,0,0,0,0.24615384615384622,-1
3843,0.125,0.921875,0,0.00024414062499999989,0,0,0,0,0,0,0,0,0,0,0.24615384615384622,-1
3844,0.140625,0.921875,0,0.00024414062499999989,0,0,0,0,0,0,0,0,0,0,0.24615384615384622,-1
3845,0.15625,0.921875,0,0.00024414062499999989,0,0,0,0,0,0,0,0,0,0,0.24615384615384622,-1
3846,0.171875,0.921875,0,0.00024414062499999989,0,0,0,0,0,0,0,0,0,0,0.24615384615384622,-1
3847,0.1875,0.921875,0,0.00024414062499999989,0,0,0,0,0,0,0,0,0,0,0.24615384615384622,-1
3848,0.203125,0.921875,0,0.00024414062499999989,0,0,0,0,0,0,0,0,0,0,0.24615384615384622,-1
3849,0.21875,0.921875,0,0.00024414062499999989,0,0,0,0,0,0,0,0,0,0,0.24615384615384622,-1
3850,0.234375,0.921875,0,0.00024414062499999989,0,0,0,0,0,0,0,0,0,0,0.24615384615384622,-1
3851,0.25,0.921875,0,0.00024414062499999989,0,0,0,0,0,0,0,0,0,0,0.24615384615384622,-1
3852,0.265625,0.921875,0,0.00024414062499999989,0,0,0,0,0,0,0,0,0,0,0.24615384615384622,-1
3853,0.28125,0.921875,0,0.00024414062499999989,0,0,0,0,0,0,0,0,0,0,0.24615384615384622,-1
3854,0.296875,0.921875,0,0.00024414062499999989,0,0,0,0,0,0,0,0,0,0,0.24615384615384622,-1
3855,0.3125,0.921875,0,0.00024414062499999989,0,0,0,0,0,0,0,0,0,0,0.24615384615384622,-1
3856,0.328125,0.921875,0,0.00024414062499999989,0,0,0,0,0,0,0,0,0,0,0.24615384615384622,-1
3857,0.34375,0.921875,0,0.00024414062499999989,0,0,0,0,0,0,0,0,0,0,0.24615384615384622,-1
3858,0.359375,0.921875,0,0.00024414062499999989,0,0,0,0,0,0,0,0,0,0,0.24615384615384622,-1
3859,0.375,0.921875,0,0.00024414062499999989,0,0,0,0,0,0,0,0,0,0,0.24615384615384622,-1
3860,0.390625,0.921875,0,0.00024414062499999989,0,0,0,0,0,0,0,0,0,0,0.24615384615384622,-1
3861,0.40625,0.921875,0,0.00024414062499999989,0,0,0,0,0,0,0,0,0,0,0.24615384615384622,-1
3862,0.421875,0.921875,0,0.00024414062499999989,0,0,0,0,0,0,0,0,0,0,0.24615384615384622,-1
3863,0.4375,0.921875,0,0.00024414062499999989,0,0,0,0,0,0,0,0,0,0,0.24615384615384622,-1
3864,0.453125,0.921875,0,0.00024414062499999989,0,0,0,0,0,0,0,0,0,0,0.24615384615384622,-1
3865,0.46875,0.921875,0,0.00024414062499999989,0,0,0,0,0,0,0,0,0,0,0.24615384615384622,-1
3866,0.484375,0.921875,0,0.00024414062499999989,0,0,-2.0252443132064184e-48,0,0,0,0,-4.9444441240391052e-52,0,0,0.24615384615384622,-1
3867,0.5,0.921875,0,0.00024414062499999989,0,0,-2.1811453270326905e-39,0,0,0,0,-5.3250618335759021e-43,0,0,0.24615384615384622,-1
3868,0.515625,0.921875,0,0.00024414062499999989,9.1718567901999825e-49,4.7419045810181871e-48,-9.427078942576545e-39,8.3001294210525351e-49,7.6493438905082677e-70,4.780839931567667e-69,9.3376926318315128e-52,-2.3015329461226675e-42,-9.5505166965647749e-52,-1.390952306507783e-67,0.24615384615384622,-1
3869,0.53125,0.921875,0,0.00024414062499999989,9.1382637632066291e-38,7.3250740561315351e-38,8.2461686746328844e-38,7.3139770494682825e-38,7.6213272498570688e-59,4.763329531160668e-58,-4.4267326832888019e-42,2.2487661584505594e-42,-2.7092301423955487e-44,-1.2744735289059618e-57,0.24615384615384622,-1
3870,0.546875,0.921875,0,0.00024414062499999989,9.1914008265312415e-38,8.8143181122563472e-38,4.3221789088110665e-28,9.4039548065761201e-38,7.6656436494694109e-59,4.7910272809183816e-58,-9.2061209539769089e-43,1.0552194599437581e-31,1.4395427107416338e-42,-1.6727465066890749e-57,0.24615384615384622,-1
3871,0.5625,0.921875,0,0.00024414062499999989,-9.0181463300505785e-38,-4.5778709319912392e-38,3.4349289075408115e-28,9.0350472424934596e-38,-7.5211491098715509e-59,-4.7007181936697194e-58,1.0840516108543304e-41,8.3860569042934499e-32,3.3234663511925517e-41,0,0.24615384615384622,-1
3872,0.578125,0.921875,0,0.00024414062499999989,-2.7184993065486e-28,-1.0693688062070409e-27,-1.0517389406059045e-27,-1.023856896527012e-27,-2.2672329646617923e-49,-1.4170206029136198e-48,-1.9470675672660658e-31,4.3041664065274473e-33,1.1111306074225782e-32,2.1895288505075267e-47,0.24615384615384622,-1
3873,0.59375,0.921875,0,0.00024414062499999989,-1.1232415349101984e-28,-7.7166091275955104e-28,-7.9522255006580308e-28,-7.9291846591567622e-28,-9.3678531721199213e-50,-5.8549082325749512e-49,-1.6097088849329368e-31,-5.7523528579716778e-33,-5.1898323135071195e-33,0,0.24615384615384622,-1
3874,0.609375,0.921875,0,0.00024414062499999989,1.8893292669946642e-28,8.3776859846984834e-28,6.2084772933637999e-28,6.2084772933637999e-28,1.5757037660123545e-49,9.8481485375772148e-49,1.5840714642831581e-31,-5.2959196565788161e-32,-5.2959196565788161e-32,4.3790577010150533e-47,0.24615384615384622,-1
3875,0.625,0.921875,0,0.00024414062499999989,9.8679236932955966e-29,7.5319997470962794e-28,5.618399890946128e-28,5.618399890946128e-28,8.2298648509171309e-50,5.1436655318232065e-49,1.5979510199625773e-31,-4.6718746488040778e-32,-4.6718746488040778e-32,0,0.24615384615384622,-1
3876,0.640625,0.921875,0,0.00024414062499999989,-5.1631207680412915e-29,-2.0740935425957988e-28,-1.2695948846010659e-28,-1.2695948846010659e-28,-4.3060513488579963e-50,-2.6912820930362475e-49,-3.8031774067179415e-32,1.9641080517449526e-32,1.9641080517449526e-32,-2.7369110631344083e-48,0.24615384615384622,-1
3877,0.65625,0.921875,0,0.00024414062499999989,-3.2760952024498421e-29,-2.7220721052007441e-28,-1.7066004376062895e-28,-1.7066004376062895e-28,-2.7322688736657368e-50,-1.7076680460410851e-49,-5.8458559203021452e-32,2.479178875963023e-32,2.479178875963023e-32,-5.4738221262688167e-48,0.24615384615384622,-1
3878,0.671875,0.921875,0,0.00024414062499999989,2.8090937337722239e-30,-1.571318086488372e-29,-1.0915590620645226e-29,-1.0915590620645226e-29,2.3427888683625098e-51,1.4642430427265687e-50,-4.5220396969374848e-33,1.1712866807222879e-33,1.1712866807222879e-33,6.8422776578360209e-49,0.24615384615384622,-1
3879,0.6875,0.921875,0,0.00024414062499999989,4.3175262474485352e-30,3.1542441187962028e-29,1.770958312868331e-29,1.770958312868331e-29,3.600824105574531e-51,2.2505150659840818e-50,6.6467077491488003e-33,-3.3771626121285918e-33,-3.3771626121285918e-33,-1.3684555315672042e-48,0.24615384615384622,-1
3880,0.703125,0.921875,0,0.00024414062499999989,9.9163681706930898e-31,1.0366104937513593e-29,5.7298914817829977e-30,5.7298914817829977e-30,8.2702676260242755e-52,5.1689172662651708e-51,2.288688505967842e-33,-1.1318880507154769e-33,-1.1318880507154769e-33,-1.7105694144590052e-49,0.24615384615384622,-1
3881,0.71875,0.921875,0,0.00024414062499999989,1.1191461316265455e-31,1.5879432704154236e-30,8.5915030241715735e-31,8.5915030241715735e-31,9.3336974402942232e-53,5.8335609001838896e-52,3.6035855889960166e-34,-1.7792797070270164e-34,-1.7792797070270164e-34,0,0.24615384615384622,-1
3882,0.734375,0.921875,0,0.00024414062499999989,7.5875530290276251e-33,1.477738551943122e-31,7.8396928515087519e-32,7.8396928515087519e-32,6.3280319060928628e-54,3.9550199413080391e-53,3.4225171427071417e-35,-1.6937726240045081e-35,-1.6937726240045081e-35,-2.6727647100921956e-51,0.24615384615384622,-1
3883,0.75,0.921875,0,0.00024414062499999989,3.4844409164461593e-34,9.3681644528873758e-33,4.8927224975712332e-33,4.8927224975712332e-33,2.9060295473140833e-55,1.816268467071302e-54,2.2020801663190321e-36,-1.0926371961221046e-36,-1.0926371961221046e-36,1.6704779438076223e-52,0.24615384615384622,-1
3884,0.765625,0.921875,0,0.00024414062499999989,1.2114049272900726e-35,4.4438868360806033e-34,2.2948066296522483e-34,2.2948066296522483e-34,1.0103137337904164e-56,6.314460836190102e-56,1.0553579939823229e-37,-5.2467778477254739e-38,-5.2467778477254739e-38,0,0.24615384615384622,-1
3885,0.78125,0.921875,0,0.00024414062499999989,3.438004496722439e-37,1.7193575364106752e-35,8.8064825778525204e-36,8.8064825778525204e-36,2.8673014956626171e-58,1.7920634347891354e-57,4.1137145787193602e-39,-2.0476300747690985e-39,-2.0476300747690985e-39,0,0.24615384615384622,-1
3886,0.796875,0.921875,0,0.00024414062499999989,6.2252801783724743e-39,5.2801967505222819e-37,2.6788864002167069e-37,2.6788864002167069e-37,5.1918940720941431e-60,3.2449337950588394e-59,1.2739120968599986e-40,-6.3508553474257171e-41,-6.3508553474257171e-41,1.0195788231247695e-56,0.24615384615384622,-1
3887,0.8125,0.921875,0,0.00024414062499999989,0,9.0384610702050012e-39,4.5192305351025006e-39,4.5192305351025006e-39,0,0,2.2066555347180169e-42,-1.1033277673590085e-42,-1.1033277673590085e-42,0,0.24615384615384622,-1
3888,0.828125,0.921875,0,0.00024414062499999989,0,5.1846550930155816e-44,2.5923275465077908e-44,2.5923275465077908e-44,0,0,1.2657849348182567e-47,-6.3289246740912837e-48,-6.3289246740912837e-48,0,0.24615384615384622,-1
3889,0.84375,0.921875,0,0.00024414062499999989,0,0,0,0,0,0,0,0,0,0,0.24615384615384622,-1
3890,0.859375,0.921875,0,0.00024414062499999989,0,0,0,0,0,0,0,0,0,0,0.24615384615384622,-1
3891,0.875,0.921875,0,0.00024414062499999989,0,0,0,0,0,0,0,0,0,0,0.24615384615384622,-1
3892,0.890625,0.921875,0,0.00024414062499999989,0,0,0,0,0,0,0,0,0,0,0.24615384615384622,-1
3893,0.90625,0.921875,0,0.00024414062499999989,0,0,0,0,0,0,0,0,0,0,0.24615384615384622,-1
3894,0.921875,0.921875,0,0.00024414062499999989,0,0,0,0,0,0,0,0,0,0,0.24615384615384622,-1
3895,0.9375,0.921875,0,0.00024414062499999989,0,0,0,0,0,0,0,0,0,0,0.24615384615384622,-1
3896,0.953125,0.921875,0,0.00024414062499999989,0,0,0,0,0,0,0,0,0,0,0.24615384615384622,-1
3897,0.96875,0.921875,0,0.00024414062499999989,0,0,0,0,0,0,0,0,0,0,0.24615384615384622,-1
3898,0.984375,0.921875,0,0.00024414062499999989,0,0,0,0,0,0,0,0,0,0,0.24615384615384622,-1
3899,1,0.921875,0,0.00012207031249999995,0,0,0,0,-0,0,0,0,0,0,0.49230769230769245,-1
3900,0,0.9375,0,0.00012207031249999995,0,0,0,0,0,0,0,0,0,0,0.16410256410256413,-1
3901,0.015625,0.9375,0,0.00024414062499999989,0,0,0,0,0,0,0,0,0,0,0.24615384615384622,-1
3902,0.03125,0.9375,0,0.00024414062499999989,0,0,0,0,0,0,0,0,0,0,0.24615384615384622,-1
3903,0.046875,0.9375,0,0.00024414062499999989,0,0,0,0,0,0,0,0,0,0,0.24615384615384622,-1
3904,0.0625,0.9375,0,0.00024414062499999989,0,0,0,0,0,0,0,0,0,0,0.24615384615384622,-1
3905,0.078125,0.9375,0,0.00024414062499999989,0,0,0,0,0,0,0,0,0,0,0.24615384615384622,-1
3906,0.09375,0.9375,0,0.00024414062499999989,0,0,0,0,0,0,0,0,0,0,0.24615384615384622,-1
3907,0.109375,0.9375,0,0.00024414062499999989,0,0,0,0,0,0,0,0,0,0,0.24615384615384622,-1
3908,0.125,0.9375,0,0.00024414062499999989,0,0,0,0,0,0,0,0,0,0,0.24615384615384622,-1
3909,0.140625,0.9375,0,0.00024414062499999989,0,0,0,0,0,0,0,0,0,0,0.24615384615384622,-1
3910,0.15625,0.9375,0,0.00024414062499999989,0,0,0,0,0,0,0,0,0,0,0.24615384615384622,-1
3911,0.171875,0.9375,0,0.00024414062499999989,0,0,0,0,0,0,0,0,0,0,0.24615384615384622,-1
3912,0.1875,0.9375,0,0.00024414062499999989,0,0,0,0,0,0,0,0,0,0,0.24615384615384622,-1
3913,0.203125,0.9375,0,0.00024414062499999989,0,0,0,0,0,0,0,0,0,0,0.24615384615384622,-1
3914,0.21875,0.9375,0,0.00024414062499999989,0,0,0,0,0,0,0,0,0,0,0.24615384615384622,-1
3915,0.234375,0.9375,0,0.00024414062499999989,0,0,0,0,0,0,0,0,0,0,0.24615384615384622,-1
3916,0.25,0.9375,0,0.00024414062499999989,0,0,0,0,0,0,0,0,0,0,0.24615384615384622,-1
3917,0.265625,0.9375,0,0.00024414062499999989,0,0,0,0,0,0,0,0,0,0,0.24615384615384622,-1
3918,0.28125,0.9375,0,0.00024414062499999989,0,0,0,0,0,0,0,0,0,0,0.24615384615384622,-1
3919,0.296875,0.9375,0,0.00024414062499999989,0,0,0,0,0,0,0,0,0,0,0.24615384615384622,-1
3920,0.3125,0.9375,0,0.00024414062499999989,0,0,0,0,0,0,0,0,0,0,0.24615384615384622,-1
3921,0.328125,0.9375,0,0.00024414062499999989,0,0,0,0,0,0,0,0,0,0,0.24615384615384622,-1
3922,0.34375,0.9375,0,0.00024414062499999989,0,0,0,0,0,0,0,0,0,0,0.24615384615384622,-1
3923,0.359375,0.9375,0,0.00024414062499999989,0,0,0,0,0,0,0,0,0,0,0.24615384615384622,-1
3924,0.375,0.9375,0,0.00024414062499999989,0,0,0,0,0,0,0,0,0,0,0.24615384615384622,-1
3925,0.390625,0.9375,0,0.00024414062499999989,0,0,0,0,0,0,0,0,0,0,0.24615384615384622,-1
3926,0.40625,0.9375,0,0.00024414062499999989,0,0,0,0,0,0,0,0,0,0,0.24615384615384622,-1
3927,0.421875,0.9375,0,0.00024414062499999989,0,0,0,0,0,0,0,0,0,0,0.24615384615384622,-1
3928,0.4375,0.9375,0,0.00024414062499999989,0,0,0,0,0,0,0,0,0,0,0.24615384615384622,-1
3929,0.453125,0.9375,0,0.00024414062499999989,0,0,0,0,0,0,0,0,0,0,0.24615384615384622,-1
3930,0.46875,0.9375,0,0.00024414062499999989,0,0,0,0,0,0,0,0,0,0,0.24615384615384622,-1
3931,0.484375,0.9375,0,0.00024414062499999989,0,0,0,0,0,0,0,0,0,0,0.24615384615384622,-1
3932,0.5,0.9375,0,0.00024414062499999989,0,0,-1.8814065210666633e-50,0,0,0,0,-4.5932776393229061e-54,0,0,0.24615384615384622,-1
3933,0.515625,0.9375,0,0.00024414062499999989,0,0,-1.8745156437348994e-39,0,0,0,0,-4.5764542083371544e-43,0,0,0.24615384615384622,-1
3934,0.53125,0.9375,0,0.00024414062499999989,2.510306860184837e-51,3.9521457119928687e-50,-9.5578766967893656e-39,5.1493474055071766e-53,2.0936001164751279e-72,1.3085000727969546e-71,9.0359253563827714e-54,-2.333465990436739e-42,-9.6362215932308585e-54,1.448908652612274e-70,0.24615384615384622,-1
3935,0.546875,0.9375,0,0.00024414062499999989,9.3508120176052156e-38,7.4239768035570648e-38,9.723251199005395e-38,8.5471036641523823e-38,7.7985928492239533e-59,4.8741205307649704e-58,-4.7041875342972406e-42,5.6134628795125249e-42,2.7420089370002862e-42,-1.5930919111324523e-57,0.24615384615384622,-1
3936,0.5625,0.9375,0,0.00024414062499999989,-1.5109226110512384e-51,1.9115753393620185e-38,5.5764089614970959e-30,8.7078453348378116e-38,-1.2601119825840182e-72,-7.8756998911501129e-72,4.6669319808646701e-42,1.3614279644485693e-33,1.6592456043642066e-41,0,0.24615384615384622,-1
3937,0.578125,0.9375,0,0.00024414062499999989,-1.4380442210585812e-36,-1.0877638576280428e-36,2.4566970528260146e-30,-2.9498344581381336e-38,-1.199331283539953e-57,-7.4958205221247065e-57,8.5517666853158755e-41,5.9977981947994902e-34,2.5836560377115745e-40,4.0783152924990778e-56,0.24615384615384622,-1
3938,0.59375,0.9375,0,0.00024414062499999989,-1.8599740056380469e-30,-1.2554952154282504e-29,-1.1281986266343594e-29,-1.1091219887229375e-29,-1.5512214289841052e-51,-9.6951339311506554e-51,-2.6110786495713993e-33,3.1078268748508519e-34,3.5735651051101752e-34,0,0.24615384615384622,-1
3939,0.609375,0.9375,0,0.00024414062499999989,-3.635521320752601e-31,-5.1874593619277247e-30,-4.939325748373265e-30,-4.9318697909933672e-30,-3.0320308569825701e-52,-1.8950192856141062e-51,-1.1777117260381989e-33,6.0579495496694237e-35,6.2399797591395851e-35,0,0.24615384615384622,-1
3940,0.625,0.9375,0,0.00024414062499999989,1.1564187067995904e-30,8.5629684118892699e-30,6.0358350498185052e-30,6.0358350498185052e-30,9.6445513401153357e-52,6.0278445875720841e-51,1.8082396740941592e-33,-6.1697591847430744e-34,-6.1697591847430744e-34,0,0.24615384615384622,-1
3941,0.640625,0.9375,0,0.00024414062499999989,3.0739190172218397e-31,4.4698764499925123e-30,3.1248476662421213e-30,3.1248476662421213e-30,2.5636535973203274e-52,1.6022834983252045e-51,1.0162315791675601e-33,-3.2837616790781017e-34,-3.2837616790781017e-34,0,0.24615384615384622,-1
3942,0.65625,0.9375,0,0.00024414062499999989,-3.2127604173830143e-31,-2.3098187768925105e-30,-1.4044976207486821e-30,-1.4044976207486821e-30,-2.6794475570785386e-52,-1.6746547231740867e-51,-4.8548406619975789e-34,2.2102567288667679e-34,2.2102567288667679e-34,0,0.24615384615384622,-1
3943,0.671875,0.9375,0,0.00024414062499999989,-9.9868083130942398e-32,-1.4720464522443337e-30,-8.8962496249270303e-31,-8.8962496249270303e-31,-8.3290148225023627e-53,-5.2056342640639766e-52,-3.3500448464682389e-34,1.4219274652139415e-34,1.4219274652139415e-34,0,0.24615384615384622,-1
3944,0.6875,0.9375,0,0.00024414062499999989,3.4266343878178555e-32,1.2464864105452071e-31,6.1726492370302238e-32,6.1726492370302238e-32,2.8578188058351199e-53,1.7861367536469499e-52,2.2065990521567896e-35,-1.5361852706108016e-35,-1.5361852706108016e-35,1.3363823550460978e-51,0.24615384615384622,-1
3945,0.703125,0.9375,0,0.00024414062499999989,1.9543565180928706e-32,1.9748531828352063e-31,1.0835947221099193e-31,1.0835947221099193e-31,1.6299366020980744e-53,1.0187103763112964e-52,4.3442810816062461e-35,-2.1759239763800944e-35,-2.1759239763800944e-35,2.6727647100921956e-51,0.24615384615384622,-1
3946,0.71875,0.9375,0,0.00024414062499999989,3.2097468658324461e-33,4.6316447860966226e-32,2.4981740979545244e-32,2.4981740979545244e-32,2.6769342500492905e-54,1.6730839062808064e-53,1.0524096922640077e-35,-5.208668672221917e-36,-5.208668672221917e-36,0,0.24615384615384622,-1
3947,0.734375,0.9375,0,0.00024414062499999989,2.5136860348763423e-34,5.3101560342463543e-33,2.8036127980953858e-33,2.8036127980953858e-33,2.0964183538149259e-55,1.3102614711343289e-54,1.2350555250875776e-36,-6.1194903226341979e-37,-6.1194903226341979e-37,0,0.24615384615384622,-1
3948,0.75,0.9375,0,0.00024414062499999989,1.1374354830518074e-35,3.6137881755455622e-34,1.8749989706463211e-34,1.8749989706463211e-34,9.4862309368220692e-57,5.9288943355137929e-56,8.5450308282235837e-38,-4.2450908322735357e-38,-4.2450908322735357e-38,-5.2202435743988196e-54,0.24615384615384622,-1
3949,0.765625,0.9375,0,0.00024414062499999989,3.4073709621053553e-37,1.643125344347054e-35,8.4202407657171759e-36,8.4202407657171759e-36,2.8417530765989618e-58,1.776095672874351e-57,3.9283487175927726e-39,-1.9558136420296288e-39,-1.9558136420296288e-39,0,0.24615384615384622,-1
3950,0.78125,0.9375,0,0.00024414062499999989,7.7566409693068699e-39,5.5906675882219053e-37,2.8422816641815902e-37,2.8422816641815902e-37,6.4690515308558296e-60,4.043157206784893e-59,1.3459719674142661e-40,-6.7099265723640474e-41,-6.7099265723640474e-41,0,0.24615384615384622,-1
3951,0.796875,0.9375,0,0.00024414062499999989,1.2763972757117742e-40,1.5478975723945149e-38,7.8190172306900013e-39,7.8190172306900013e-39,1.0645174609856038e-61,6.6532341311600238e-61,3.7478847647397369e-42,-1.870107054017369e-42,-1.870107054017369e-42,3.1861838222649046e-58,0.24615384615384622,-1
3952,0.8125,0.9375,0,0.00024414062499999989,0,2.7639396300866081e-40,1.381969815043304e-40,1.381969815043304e-40,0,0,6.7478994875161301e-44,-3.373949743758065e-44,-3.373949743758065e-44,0,0.24615384615384622,-1
3953,0.828125,0.9375,0,0.00024414062499999989,0,0,0,0,0,0,0,0,0,0,0.24615384615384622,-1
3954,0.84375,0.9375,0,0.00024414062499999989,0,0,0,0,0,0,0,0,0,0,0.24615384615384622,-1
3955,0.859375,0.9375,0,0.00024414062499999989,0,0,0,0,0,0,0,0,0,0,0.24615384615384622,-1
3956,0.875,0.9375,0,0.00024414062499999989,0,0,0,0,0,0,0,0,0,0,0.24615384615384622,-1
3957,0.890625,0.9375,0,0.00024414062499999989,0,0,0,0,0,0,0,0,0,0,0.24615384615384622,-1
3958,0.90625,0.9375,0,0.00024414062499999989,0,0,0,0,0,0,0,0,0,0,0.24615384615384622,-1
3959,0.921875,0.9375,0,0.00024414062499999989,0,0,0,0,0,0,0,0,0,0,0.24615384615384622,-1
3960,0.9375,0.9375,0,0.00024414062499999989,0,0,0,0,0,0,0,0,0,0,0.24615384615384622,-1
3961,0.953125,0.9375,0,0.00024414062499999989,0,0,0,0,0,0,0,0,0,0,0.24615384615384622,-1
3962,0.96875,0.9375,0,0.00024414062499999989,0,0,0,0,0,0,0,0,0,0,0.24615384615384622,-1
3963,0.984375,0.9375,0,0.00024414062499999989,0,0,0,0,0,0,0,0,0,0,0.24615384615384622,-1
3964,1,0.9375,0,0.00012207031249999995,0,0,0,0,-0,0,0,0,0,0,0.49230769230769245,-1
3965,0,0.953125,0,0.00012207031249999995,0,0,0,0,0,0,0,0,0,0,0.16410256410256413,-1
3966,0.015625,0.953125,0,0.00024414062499999989,0,0,0,0,0,0,0,0,0,0,0.24615384615384622,-1
3967,0.03125,0.953125,0,0.00024414062499999989,0,0,0,0,0,0,0,0,0,0,0.24615384615384622,-1
3968,0.046875,0.953125,0,0.00024414062499999989,0,0,0,0,0,0,0,0,0,0,0.24615384615384622,-1
3969,0.0625,0.953125,0,0.00024414062499999989,0,0,0,0,0,0,0,0,0,0,0.24615384615384622,-1
3970,0.078125,0.953125,0,0.00024414062499999989,0,0,0,0,0,0,0,0,0,0,0.24615384615384622,-1
3971,0.09375,0.953125,0,0.00024414062499999989,0,0,0,0,0,0,0,0,0,0,0.24615384615384622,-1
3972,0.109375,0.953125,0,0.00024414062499999989,0,0,0,0,0,0,0,0,0,0,0.24615384615384622,-1
3973,0.125,0.953125,0,0.00024414062499999989,0,0,0,0,0,0,0,0,0,0,0.24615384615384622,-1
3974,0.140625,0.953125,0,0.00024414062499999989,0,0,0,0,0,0,0,0,0,0,0.24615384615384622,-1
3975,0.15625,0.953125,0,0.00024414062499999989,0,0,0,0,0,0,0,0,0,0,0.24615384615384622,-1
3976,0.171875,0.953125,0,0.00024414062499999989,0,0,0,0,0,0,0,0,0,0,0.24615384615384622,-1
3977,0.1875,0.953125,0,0.00024414062499999989,0,0,0,0,0,0,0,0,0,0,0.24615384615384622,-1
3978,0.203125,0.953125,0,0.00024414062499999989,0,0,0,0,0,0,0,0,0,0,0.24615384615384622,-1
3979,0.21875,0.953125,0,0.00024414062499999989,0,0,0,0,0,0,0,0,0,0,0.24615384615384622,-1
3980,0.234375,0.953125,0,0.00024414062499999989,0,0,0,0,0,0,0,0,0,0,0.24615384615384622,-1
3981,0.25,0.953125,0,0.00024414062499999989,0,0,0,0,0,0,0,0,0,0,0.24615384615384622,-1
3982,0.265625,0.953125,0,0.00024414062499999989,0,0,0,0,0,0,0,0,0,0,0.24615384615384622,-1
3983,0.28125,0.953125,0,0.00024414062499999989,0,0,0,0,0,0,0,0,0,0,0.24615384615384622,-1
3984,0.296875,0.953125,0,0.00024414062499999989,0,0,0,0,0,0,0,0,0,0,0.24615384615384622,-1
3985,0.3125,0.953125,0,0.00024414062499999989,0,0,0,0,0,0,0,0,0,0,0.24615384615384622,-1
3986,0.328125,0.953125,0,0.00024414062499999989,0,0,0,0,0,0,0,0,0,0,0.24615384615384622,-1
3987,0.34375,0.953125,0,0.00024414062499999989,0,0,0,0,0,0,0,0,0,0,0.24615384615384622,-1
3988,0.359375,0.953125,0,0.00024414062499999989,0,0,0,0,0,0,0,0,0,0,0.24615384615384622,-1
3989,0.375,0.953125,0,0.00024414062499999989,0,0,0,0,0,0,0,0,0,0,0.24615384615384622,-1
3990,0.390625,0.953125,0,0.00024414062499999989,0,0,0,0,0,0,0,0,0,0,0.24615384615384622,-1
3991,0.40625,0.953125,0,0.00024414062499999989,0,0,0,0,0,0,0,0,0,0,0.24615384615384622,-1
3992,0.421875,0.953125,0,0.00024414062499999989,0,0,0,0,0,0,0,0,0,0,0.24615384615384622,-1
3993,0.4375,0.953125,0,0.00024414062499999989,0,0,0,0,0,0,0,0,0,0,0.24615384615384622,-1
3994,0.453125,0.953125,0,0.00024414062499999989,0,0,0,0,0,0,0,0,0,0,0.24615384615384622,-1
3995,0.46875,0.953125,0,0.00024414062499999989,0,0,0,0,0,0,0,0,0,0,0.24615384615384622,-1
3996,0.484375,0.953125,0,0.00024414062499999989,0,0,0,0,0,0,0,0,0,0,0.24615384615384622,-1
3997,0.5,0.953125,0,0.00024414062499999989,0,0,0,0,0,0,0,0,0,0,0.24615384615384622,-1
3998,0.515625,0.953125,0,0.00024414062499999989,0,0,-5.1493474055073584e-53,0,0,0,0,-1.2571648939226945e-56,0,0,0.24615384615384622,-1
3999,0.53125,0.953125,0,0.00024414062499999989,0,0,-1.9181152856626087e-39,0,0,0,0,-4.682898646637226e-43,0,0,0.24615384615384622,-1
4000,0.546875,0.953125,0,0.00024414062499999989,0,1.0298694811014717e-52,8.2167328021225535e-53,8.221906972860262e-53,0,0,2.5143297878453889e-56,-5.0829150607718805e-57,-5.0702828079942721e-57,-2.2639197697066781e-72,0.24615384615384622,-1
4001,0.5625,0.953125,0,0.00024414062499999989,0,3.8362305713252175e-39,3.1416458281736409e-38,3.1727156860486973e-38,0,0,9.365797293274452e-43,6.733454030862105e-42,6.8093081760648793e-42,-1.2744735289059618e-57,0.24615384615384622,-1
4002,0.578125,0.953125,0,0.00024414062499999989,-4.1475198252598817e-51,-3.3968602175714674e-51,3.815347757480092e-32,-3.4030931971719423e-52,-3.4590384653642033e-72,-2.161899040852627e-71,1.8326650578330431e-55,9.3148138610353769e-36,7.4622824654645312e-55,-1.448908652612274e-70,0.24615384615384622,-1
4003,0.59375,0.953125,0,0.00024414062499999989,-2.0065333744285014e-36,-1.5716141528686816e-36,7.9113918949901233e-33,-4.1075064421799058e-38,-1.6734521874769629e-57,-1.0459076171731015e-56,1.061814505761278e-40,1.9318758567243623e-36,3.7366676964035201e-40,0,0.24615384615384622,-1
4004,0.609375,0.953125,0,0.00024414062499999989,-5.556868806874245e-33,-8.049597932709165e-32,-6.7431797948272654e-32,-6.6862117846061603e-32,-4.6344378712538383e-54,-2.8965236695336489e-53,-1.8295681279349945e-35,3.1894974069382289e-36,3.3285794631420995e-36,0,0.24615384615384622,-1
4005,0.625,0.953125,0,0.00024414062499999989,5.1426800930094081e-37,-1.5826468174454228e-32,-1.44854370948658e-32,-1.44854370948658e-32,4.2890037917221208e-58,2.6806273698263251e-57,-3.8640093853670704e-36,3.2740016591514374e-37,3.2740016591514374e-37,-6.6819117752304891e-52,0.24615384615384622,-1
4006,0.640625,0.953125,0,0.00024414062499999989,3.2546537105201153e-33,4.9896411314971677e-32,3.3566387525938926e-32,3.3566387525938926e-32,2.7143866335645521e-54,1.6964916459778448e-53,1.1387147852649303e-35,-3.9868222141193218e-36,-3.9868222141193218e-36,0,0.24615384615384622,-1
4007,0.65625,0.953125,0,0.00024414062499999989,-5.4472934549503995e-38,1.3145005808122901e-32,8.6993912287817602e-33,8.6993912287817602e-33,-4.5430518446333025e-59,-2.839407402895814e-58,3.2092432326800405e-36,-1.0853551219094576e-36,-1.0853551219094576e-36,-3.3409558876152446e-52,0.24615384615384622,-1
4008,0.671875,0.953125,0,0.00024414062499999989,-9.548443060433977e-34,-1.3900370205275367e-32,-8.2480259164683865e-33,-8.2480259164683865e-33,-7.9634174692128146e-55,-4.9771359182580085e-54,-3.1605287839921786e-36,1.3799668673845159e-36,1.3799668673845159e-36,0,0.24615384615384622,-1
4009,0.6875,0.953125,0,0.00024414062499999989,0,-4.253844531097519e-33,-2.5420304873816855e-33,-2.5420304873816855e-33,0,0,-1.0385362624749797e-36,4.1792335051656075e-37,4.1792335051656075e-37,-8.3523897190381114e-53,0.24615384615384622,-1
4010,0.703125,0.953125,0,0.00024414062499999989,1.7324015835660668e-34,1.5363951502761521e-33,8.051532188202328e-34,8.051532188202328e-34,1.4448258157843524e-55,9.0301613486522012e-55,3.3280151169910762e-37,-1.7852586217185525e-37,-1.7852586217185525e-37,4.1761948595190557e-53,0.24615384615384622,-1
4011,0.71875,0.953125,0,0.00024414062499999989,6.2554619685264919e-35,8.7737300312089744e-34,4.7196436686428596e-34,4.7068119517843437e-34,5.2170657355206722e-56,3.2606660847004197e-55,1.9893026939346491e-37,-9.8976717836086744e-38,-9.9289992173452855e-38,-2.0880974297595278e-53,0.24615384615384622,-1
4012,0.734375,0.953125,0,0.00024414062499999989,6.5774649033749129e-36,1.4693099889954073e-34,7.7304934138209137e-35,7.7304934138209137e-35,5.4856167212971071e-57,3.428510450810692e-56,3.4265999510782658e-38,-1.6998550967121964e-38,-1.6998550967121964e-38,-2.6101217871994098e-54,0.24615384615384622,-1
4013,0.75,0.953125,0,0.00024414062499999989,3.0924757503759624e-37,1.1630074402837723e-35,6.0000961780933389e-36,6.0000961780933389e-36,2.5791299437818147e-58,1.6119562148636344e-57,2.7638737372558889e-39,-1.3745064025254837e-39,-1.3745064025254837e-39,0,0.24615384615384622,-1
4014,0.765625,0.953125,0,0.00024414062499999989,7.7263107370127339e-39,5.234882600375889e-37,2.6638860642899938e-37,2.6638860642899938e-37,6.4437560664363743e-60,4.0273475415227337e-59,1.2591844465346093e-40,-6.2768470119284519e-41,-6.2768470119284519e-41,-1.0195788231247695e-56,0.24615384615384622,-1
4015,0.78125,0.953125,0,0.00024414062499999989,1.2763972757117742e-40,1.5348322415601151e-38,7.750968632594169e-39,7.750968632594169e-39,1.0645174609856038e-61,6.6532341311600238e-61,3.7159869843823156e-42,-1.8548227009294381e-42,-1.8548227009294381e-42,3.1861838222649046e-58,0.24615384615384622,-1
4016,0.796875,0.953125,0,0.00024414062499999989,1.2637596789225481e-42,3.4017170147161867e-40,1.7087327022806106e-40,1.7087327022806106e-40,1.0539776841441618e-63,6.5873605259010109e-63,8.2741196726732408e-44,-4.1332624815321662e-44,-4.1332624815321662e-44,4.9784122222889134e-60,0.24615384615384622,-1
4017,0.8125,0.953125,0,0.00024414062499999989,0,5.4438878476663647e-42,2.7219439238331823e-42,2.7219439238331823e-42,0,0,1.3290741815591704e-45,-6.6453709077958522e-46,-6.6453709077958522e-46,0,0.24615384615384622,-1
4018,0.828125,0.953125,0,0.00024414062499999989,0,0,0,0,0,0,0,0,0,0,0.24615384615384622,-1
4019,0.84375,0.953125,0,0.00024414062499999989,0,0,0,0,0,0,0,0,0,0,0.24615384615384622,-1
4020,0.859375,0.953125,0,0.00024414062499999989,0,0,0,0,0,0,0,0,0,0,0.24615384615384622,-1
4021,0.875,0.953125,0,0.00024414062499999989,0,0,0,0,0,0,0,0,0,0,0.24615384615384622,-1
4022,0.890625,0.953125,0,0.00024414062499999989,0,0,0,0,0,0,0,0,0,0,0.24615384615384622,-1
4023,0.90625,0.953125,0,0.00024414062499999989,0,0,0,0,0,0,0,0,0,0,0.24615384615384622,-1
4024,0.921875,0.953125,0,0.00024414062499999989,0,0,0,0,0,0,0,0,0,0,0.24615384615384622,-1
4025,0.9375,0.953125,0,0.00024414062499999989,0,0,0,0,0,0,0,0,0,0,0.24615384615384622,-1
4026,0.953125,0.953125,0,0.00024414062499999989,0,0,0,0,0,0,0,0,0,0,0.24615384615384622,-1
4027,0.96875,0.953125,0,0.00024414062499999989,0,0,0,0,0,0,0,0,0,0,0.24615384615384622,-1
4028,0.984375,0.953125,0,0.00024414062499999989,0,0,0,0,0,0,0,0,0,0,0.24615384615384622,-1
4029,1,0.953125,0,0.00012207031249999995,0,0,0,0,-0,0,0,0,0,0,0.49230769230769245,-1
4030,0,0.96875,0,0.00012207031249999995,0,0,0,0,0,0,0,0,0,0,0.16410256410256413,-1
4031,0.015625,0.96875,0,0.00024414062499999989,0,0,0,0,0,0,0,0,0,0,0.24615384615384622,-1
4032,0.03125,0.96875,0,0.00024414062499999989,0,0,0,0,0,0,0,0,0,0,0.24615384615384622,-1
4033,0.046875,0.96875,0,0.00024414062499999989,0,0,0,0,0,0,0,0,0,0,0.24615384615384622,-1
4034,0.0625,0.96875,0,0.00024414062499999989,0,0,0,0,0,0,0,0,0,0,0.24615384615384622,-1
4035,0.078125,0.96875,0,0.00024414062499999989,0,0,0,0,0,0,0,0,0,0,0.24615384615384622,-1
4036,0.09375,0.96875,0,0.00024414062499999989,0,0,0,0,0,0,0,0,0,0,0.24615384615384622,-1
4037,0.109375,0.96875,0,0.00024414062499999989,0,0,0,0,0,0,0,0,0,0,0.24615384615384622,-1
4038,0.125,0.96875,0,0.00024414062499999989,0,0,0,0,0,0,0,0,0,0,0.24615384615384622,-1
4039,0.140625,0.96875,0,0.00024414062499999989,0,0,0,0,0,0,0,0,0,0,0.24615384615384622,-1
4040,0.15625,0.96875,0,0.00024414062499999989,0,0,0,0,0,0,0,0,0,0,0.24615384615384622,-1
4041,0.171875,0.96875,0,0.00024414062499999989,0,0,0,0,0,0,0,0,0,0,0.24615384615384622,-1
4042,0.1875,0.96875,0,0.00024414062499999989,0,0,0,0,0,0,0,0,0,0,0.24615384615384622,-1
4043,0.203125,0.96875,0,0.00024414062499999989,0,0,0,0,0,0,0,0,0,0,0.24615384615384622,-1
4044,0.21875,0.96875,0,0.00024414062499999989,0,0,0,0,0,0,0,0,0,0,0.24615384615384622,-1
4045,0.234375,0.96875,0,0.00024414062499999989,0,0,0,0,0,0,0,0,0,0,0.24615384615384622,-1
4046,0.25,0.96875,0,0.00024414062499999989,0,0,0,0,0,0,0,0,0,0,0.24615384615384622,-1
4047,0.265625,0.96875,0,0.00024414062499999989,0,0,0,0,0,0,0,0,0,0,0.24615384615384622,-1
4048,0.28125,0.96875,0,0.00024414062499999989,0,0,0,0,0,0,0,0,0,0,0.24615384615384622,-1
4049,0.296875,0.96875,0,0.00024414062499999989,0,0,0,0,0,0,0,0,0,0,0.24615384615384622,-1
4050,0.3125,0.96875,0,0.00024414062499999989,0,0,0,0,0,0,0,0,0,0,0.24615384615384622,-1
4051,0.328125,0.96875,0,0.00024414062499999989,0,0,0,0,0,0,0,0,0,0,0.24615384615384622,-1
4052,0.34375,0.96875,0,0.00024414062499999989,0,0,0,0,0,0,0,0,0,0,0.24615384615384622,-1
4053,0.359375,0.96875,0,0.00024414062499999989,0,0,0,0,0,0,0,0,0,0,0.24615384615384622,-1
4054,0.375,0.96875,0,0.00024414062499999989,0,0,0,0,0,0,0,0,0,0,0.24615384615384622,-1
4055,0.390625,0.96875,0,0.00024414062499999989,0,0,0,0,0,0,0,0,0,0,0.24615384615384622,-1
4056,0.40625,0.96875,0,0.00024414062499999989,0,0,0,0,0,0,0,0,0,0,0.24615384615384622,-1
4057,0.421875,0.96875,0,0.00024414062499999989,0,0,0,0,0,0,0,0,0,0,0.24615384615384622,-1
4058,0.4375,0.96875,0,0.00024414062499999989,0,0,0,0,0,0,0,0,0,0,0.24615384615384622,-1
4059,0.453125,0.96875,0,0.00024414062499999989,0,0,0,0,0,0,0,0,0,0,0.24615384615384622,-1
4060,0.46875,0.96875,0,0.00024414062499999989,0,0,0,0,0,0,0,0,0,0,0.24615384615384622,-1
4061,0.484375,0.96875,0,0.00024414062499999989,0,0,0,0,0,0,0,0,0,0,0.24615384615384622,-1
4062,0.5,0.96875,0,0.00024414062499999989,0,0,0,0,0,0,0,0,0,0,0.24615384615384622,-1
4063,0.515625,0.96875,0,0.00024414062499999989,0,0,0,0,0,0,0,0,0,0,0.24615384615384622,-1
4064,0.53125,0.96875,0,0.00024414062499999989,0,0,0,0,0,0,0,0,0,0,0.24615384615384622,-1
4065,0.546875,0.96875,0,0.00024414062499999989,0,0,0,0,0,0,0,0,0,0,0.24615384615384622,-1
4066,0.5625,0.96875,0,0.00024414062499999989,0,0,8.5077329748920659e-53,0,0,0,0,2.0770832458232574e-56,0,0,0.24615384615384622,-1
4067,0.578125,0.96875,0,0.00024414062499999989,0,0,4.115965896263627e-38,0,0,0,0,1.0048744863924865e-41,0,0,0.24615384615384622,-1
4068,0.59375,0.96875,0,0.00024414062499999989,-4.1469759739777261e-51,-3.4664592244627068e-51,1.1398739084751915e-34,-8.5066173825183764e-53,-3.4585848924860322e-72,-2.1616155578037701e-71,1.6614178454956526e-55,2.7828952843632594e-38,8.2553541275330109e-55,0,0.24615384615384622,-1
4069,0.609375,0.96875,0,0.00024414062499999989,-4.1242355784056314e-39,-8.5428357053609086e-38,-5.5832981911298615e-38,-5.5409983390436841e-38,-3.4396193645764588e-60,-2.1497621028602867e-59,-1.9849639032032085e-41,7.2254333843531386e-42,7.3287045076104077e-42,0,0.24615384615384622,-1
4070,0.625,0.96875,0,0.00024414062499999989,0,-2.279747816950383e-34,-1.8074959610156739e-34,-1.8074959610156739e-34,0,0,-5.5657905687265188e-38,1.1529586326530977e-38,1.1529586326530977e-38,5.2202435743988196e-54,0.24615384615384622,-1
4071,0.640625,0.96875,0,0.00024414062499999989,9.4890368426557044e-40,2.1813502133305468e-38,1.261538458374966e-38,1.261538458374966e-38,7.9138725843094675e-61,4.9461703651934166e-60,5.0938961057226288e-42,-2.2456341673720221e-42,-2.2456341673720221e-42,0,0.24615384615384622,-1
4072,0.65625,0.96875,0,0.00024414062499999989,1.338717606082017e-50,1.3352441050809654e-34,8.6348762537893568e-35,8.6348762537893568e-35,1.1164927206605514e-71,6.9780795041284454e-71,3.2598733034203237e-38,-1.1517492180225332e-38,-1.1517492180225332e-38,2.6101217871994098e-54,0.24615384615384622,-1
4073,0.671875,0.96875,0,0.00024414062499999989,-9.0386014876481513e-41,-2.3029242081151062e-39,-1.2077795440927142e-39,-1.2077795440927142e-39,-7.5382087454914142e-62,-4.7113804659321332e-61,-5.4017045733364842e-43,2.6736930273984168e-43,2.6736930273984168e-43,3.9827297778311307e-59,0.24615384615384622,-1
4074,0.6875,0.96875,0,0.00024414062499999989,0,-3.9173114567690553e-35,-2.3140201557826951e-35,-2.3140201557826951e-35,0,0,-9.5637486737525726e-39,3.9142854027987291e-39,3.9142854027987291e-39,6.5253044679985245e-55,0.24615384615384622,-1
4075,0.703125,0.96875,0,0.00024414062499999989,5.0978941156238473e-57,4.8895667118603729e-57,-1.3337838836981723e-36,6.2743312192293678e-58,4.2516522117388037e-78,2.6572826323367523e-77,-5.0861182559442024e-62,-3.2563083098099894e-40,-1.040559958480819e-60,1.3817869688151111e-76,0.24615384615384622,-1
4076,0.71875,0.96875,0,0.00024414062499999989,6.1683600328527255e-37,7.5722879965937887e-36,4.0255070973188789e-36,3.9622418662126971e-36,5.1444225756089865e-58,3.2152641097556165e-57,1.698108396803836e-39,-8.659133054870382e-40,-8.8135891855007087e-40,3.2626522339992623e-55,0.24615384615384622,-1
4077,0.734375,0.96875,0,0.00024414062499999989,1.221762767197859e-37,2.759669883692797e-36,1.4490638497733526e-36,1.44655813999527e-36,1.0189521895829387e-58,6.3684511848933674e-58,6.4391933763989497e-40,-3.1997217624986422e-40,-3.2058392180115391e-40,4.0783152924990778e-56,0.24615384615384622,-1
4078,0.75,0.96875,0,0.00024414062499999989,6.7102479551590115e-39,2.9500485450849186e-37,1.5151444055129161e-37,1.5151444055129161e-37,5.5963580083844733e-60,3.4977237552402953e-59,7.0384425428059752e-41,-3.5031839345019578e-41,-3.5031839345019578e-41,-5.0978941156238473e-57,0.24615384615384622,-1
4079,0.765625,0.96875,0,0.00024414062499999989,1.2763972757117742e-40,1.3888842006917271e-38,7.0212284282522274e-39,7.0212284282522274e-39,1.0645174609856038e-61,6.6532341311600238e-61,3.3596685252309782e-42,-1.6766634713537697e-42,-1.6766634713537697e-42,3.1861838222649046e-58,0.24615384615384622,-1
4080,0.78125,0.96875,0,0.00024414062499999989,1.2637596789225481e-42,3.3892738424929518e-40,1.7022518834143428e-40,1.7022518834143428e-40,1.0539776841441618e-63,6.5873605259010109e-63,8.2437408342376088e-44,-4.1187059547817584e-44,-4.1187059547817584e-44,4.9784122222889134e-60,0.24615384615384622,-1
4081,0.796875,0.96875,0,0.00024414062499999989,0,5.4438878476663647e-42,2.7219439238331823e-42,2.7219439238331823e-42,0,0,1.3290741815591704e-45,-6.6453709077958522e-46,-6.6453709077958522e-46,0,0.24615384615384622,-1
4082,0.8125,0.96875,0,0.00024414062499999989,0,5.1846550930155816e-44,2.5923275465077908e-44,2.5923275465077908e-44,0,0,1.2657849348182567e-47,-6.3289246740912837e-48,-6.3289246740912837e-48,0,0.24615384615384622,-1
4083,0.828125,0.96875,0,0.00024414062499999989,0,0,0,0,0,0,0,0,0,0,0.24615384615384622,-1
4084,0.84375,0.96875,0,0.00024414062499999989,0,0,0,0,0,0,0,0,0,0,0.24615384615384622,-1
4085,0.859375,0.96875,0,0.00024414062499999989,0,0,0,0,0,0,0,0,0,0,0.24615384615384622,-1
4086,0.875,0.96875,0,0.00024414062499999989,0,0,0,0,0,0,0,0,0,0,0.24615384615384622,-1
4087,0.890625,0.96875,0,0.00024414062499999989,0,0,0,0,0,0,0,0,0,0,0.24615384615384622,-1
4088,0.90625,0.96875,0,0.00024414062499999989,0,0,0,0,0,0,0,0,0,0,0.24615384615384622,-1
4089,0.921875,0.96875,0,0.00024414062499999989,0,0,0,0,0,0,0,0,0,0,0.24615384615384622,-1
4090,0.9375,0.96875,0,0.00024414062499999989,0,0,0,0,0,0,0,0,0,0,0.24615384615384622,-1
4091,0.953125,0.96875,0,0.00024414062499999989,0,0,0,0,0,0,0,0,0,0,0.24615384615384622,-1
4092,0.96875,0.96875,0,0.00024414062499999989,0,0,0,0,0,0,0,0,0,0,0.24615384615384622,-1
4093,0.984375,0.96875,0,0.00024414062499999989,0,0,0,0,0,0,0,0,0,0,0.24615384615384622,-1
4094,1,0.96875,0,0.00012207031249999995,0,0,0,0,-0,0,0,0,0,0,0.49230769230769245,-1
4095,0,0.984375,0,0.00012207031249999995,0,0,0,0,0,0,0,0,0,0,0.16410256410256413,-1
4096,0.015625,0.984375,0,0.00024414062499999989,0,0,0,0,0,0,0,0,0,0,0.24615384615384622,-1
4097,0.03125,0.984375,0,0.00024414062499999989,0,0,0,0,0,0,0,0,0,0,0.24615384615384622,-1
4098,0.046875,0.984375,0,0.00024414062499999989,0,0,0,0,0,0,0,0,0,0,0.24615384615384622,-1
4099,0.0625,0.984375,0,0.00024414062499999989,0,0,0,0,0,0,0,0,0,0,0.24615384615384622,-1
4100,0.078125,0.984375,0,0.00024414062499999989,0,0,0,0,0,0,0,0,0,0,0.24615384615384622,-1
4101,0.09375,0.984375,0,0.00024414062499999989,0,0,0,0,0,0,0,0,0,0,0.24615384615384622,-1
4102,0.109375,0.984375,0,0.00024414062499999989,0,0,0,0,0,0,0,0,0,0,0.24615384615384622,-1
4103,0.125,0.984375,0,0.00024414062499999989,0,0,0,0,0,0,0,0,0,0,0.24615384615384622,-1
4104,0.140625,0.984375,0,0.00024414062499999989,0,0,0,0,0,0,0,0,0,0,0.24615384615384622,-1
4105,0.15625,0.984375,0,0.00024414062499999989,0,0,0,0,0,0,0,0,0,0,0.24615384615384622,-1
4106,0.171875,0.984375,0,0.00024414062499999989,0,0,0,0,0,0,0,0,0,0,0.24615384615384622,-1
4107,0.1875,0.984375,0,0.00024414062499999989,0,0,0,0,0,0,0,0,0,0,0.24615384615384622,-1
4108,0.203125,0.984375,0,0.00024414062499999989,0,0,0,0,0,0,0,0,0,0,0.24615384615384622,-1
4109,0.21875,0.984375,0,0.00024414062499999989,0,0,0,0,0,0,0,0,0,0,0.24615384615384622,-1
4110,0.234375,0.984375,0,0.00024414062499999989,0,0,0,0,0,0,0,0,0,0,0.24615384615384622,-1
4111,0.25,0.984375,0,0.00024414062499999989,0,0,0,0,0,0,0,0,0,0,0.24615384615384622,-1
4112,0.265625,0.984375,0,0.00024414062499999989,0,0,0,0,0,0,0,0,0,0,0.24615384615384622,-1
4113,0.28125,0.984375,0,0.00024414062499999989,0,0,0,0,0,0,0,0,0,0,0.24615384615384622,-1
4114,0.296875,0.984375,0,0.00024414062499999989,0,0,0,0,0,0,0,0,0,0,0.24615384615384622,-1
4115,0.3125,0.984375,0,0.00024414062499999989,0,0,0,0,0,0,0,0,0,0,0.24615384615384622,-1
4116,0.328125,0.984375,0,0.00024414062499999989,0,0,0,0,0,0,0,0,0,0,0.24615384615384622,-1
4117,0.34375,0.984375,0,0.00024414062499999989,0,0,0,0,0,0,0,0,0,0,0.24615384615384622,-1
4118,0.359375,0.984375,0,0.00024414062499999989,0,0,0,0,0,0,0,0,0,0,0.24615384615384622,-1
4119,0.375,0.984375,0,0.00024414062499999989,0,0,0,0,0,0,0,0,0,0,0.24615384615384622,-1
4120,0.390625,0.984375,0,0.00024414062499999989,0,0,0,0,0,0,0,0,0,0,0.24615384615384622,-1
4121,0.40625,0.984375,0,0.00024414062499999989,0,0,0,0,0,0,0,0,0,0,0.24615384615384622,-1
4122,0.421875,0.984375,0,0.00024414062499999989,0,0,0,0,0,0,0,0,0,0,0.24615384615384622,-1
4123,0.4375,0.984375,0,0.00024414062499999989,0,0,0,0,0,0,0,0,0,0,0.24615384615384622,-1
4124,0.453125,0.984375,0,0.00024414062499999989,0,0,0,0,0,0,0,0,0,0,0.24615384615384622,-1
4125,0.46875,0.984375,0,0.00024414062499999989,0,0,0,0,0,0,0,0,0,0,0.24615384615384622,-1
4126,0.484375,0.984375,0,0.00024414062499999989,0,0,0,0,0,0,0,0,0,0,0.24615384615384622,-1
4127,0.5,0.984375,0,0.00024414062499999989,0,0,0,0,0,0,0,0,0,0,0.24615384615384622,-1
4128,0.515625,0.984375,0,0.00024414062499999989,0,0,0,0,0,0,0,0,0,0,0.24615384615384622,-1
4129,0.53125,0.984375,0,0.00024414062499999989,0,0,0,0,0,0,0,0,0,0,0.24615384615384622,-1
4130,0.546875,0.984375,0,0.00024414062499999989,0,0,0,0,0,0,0,0,0,0,0.24615384615384622,-1
4131,0.5625,0.984375,0,0.00024414062499999989,0,0,0,0,0,0,0,0,0,0,0.24615384615384622,-1
4132,0.578125,0.984375,0,0.00024414062499999989,0,0,8.5066173825184135e-53,0,0,0,0,2.0768108844039086e-56,0,0,0.24615384615384622,-1
4133,0.59375,0.984375,0,0.00024414062499999989,0,0,8.4599704172423223e-41,0,0,0,0,2.0654224651470504e-44,0,0,0.24615384615384622,-1
4134,0.609375,0.984375,0,0.00024414062499999989,0,-1.7013234765036827e-52,-8.5052085144266831e-53,-8.5052085144266831e-53,0,0,-4.1536217688078173e-56,2.0771548463403662e-56,2.0771548463403662e-56,0,0.24615384615384622,-1
4135,0.625,0.984375,0,0.00024414062499999989,0,-1.6919940834484645e-40,-1.0406439513171698e-40,-1.0406439513171698e-40,0,0,-4.1308449302941007e-44,1.5902102835236678e-44,1.5902102835236678e-44,0,0.24615384615384622,-1
4136,0.640625,0.984375,0,0.00024414062499999989,0,0,-2.8010004492167576e-52,0,0,0,0,-6.838380002970597e-56,0,0,0.24615384615384622,-1
4137,0.65625,0.984375,0,0.00024414062499999989,6.6885776225939922e-53,3.8929381918637925e-41,2.1318763059391025e-41,2.1318763059384165e-41,5.5782849148110286e-74,3.4864280717568926e-73,9.5042436324636293e-45,-4.2994674949333235e-45,-4.2994674949349981e-45,-1.2446030555722283e-60,0.24615384615384622,-1
4138,0.671875,0.984375,0,0.00024414062499999989,0,5.6019360679893049e-52,2.8009711216449545e-52,2.8009711216449545e-52,0,0,1.3676601728489508e-55,-6.838293326036009e-56,-6.838293326036009e-56,0,0.24615384615384622,-1
4139,0.6875,0.984375,0,0.00024414062499999989,0,-3.7081442000607804e-42,-1.8540721000303902e-42,-1.8540721000303902e-42,0,0,-9.0530864259296351e-46,4.5265432129648175e-46,4.5265432129648175e-46,0,0.24615384615384622,-1
4140,0.703125,0.984375,0,0.00024414062499999989,0,0,-1.265309806778729e-38,0,0,0,0,-3.08913527045588e-42,0,0,0.24615384615384622,-1
4141,0.71875,0.984375,0,0.00024414062499999989,6.3187983946127714e-43,4.7634018667047339e-43,-2.6099853373299744e-39,-7.9654595556622614e-59,5.2698884207208344e-64,3.2936802629505217e-63,-3.7973548044629807e-47,-6.3731974548746177e-43,-1.16293990886346e-46,0,0.24615384615384622,-1
4142,0.734375,0.984375,0,0.00024414062499999989,1.2725122143862547e-39,2.6265474574111913e-38,1.3779176179890187e-38,1.3648732995434919e-38,1.0612773133476289e-60,6.6329832084226797e-60,6.1017974511048947e-42,-3.0484126939017874e-42,-3.0802591744816867e-42,0,0.24615384615384622,-1
4143,0.75,0.984375,0,0.00024414062499999989,1.0657706625580164e-40,5.301577145824009e-39,2.7144723395014012e-39,2.7128064203472929e-39,8.8885451362824388e-62,5.5553407101765234e-61,1.2683105663008313e-42,-6.316173843561051e-43,-6.3202410289958857e-43,-7.9654595556622614e-59,0.24615384615384622,-1
4144,0.765625,0.984375,0,0.00024414062499999989,1.2637596789225481e-42,2.9382088494005981e-40,1.4767193868681657e-40,1.4767193868681657e-40,1.0539776841441618e-63,6.5873605259010109e-63,7.1425079409457306e-44,-3.5680895081358198e-44,-3.5680895081358198e-44,4.9784122222889134e-60,0.24615384615384622,-1
4145,0.78125,0.984375,0,0.00024414062499999989,0,5.4438878476663647e-42,2.7219439238331823e-42,2.7219439238331823e-42,0,0,1.3290741815591704e-45,-6.6453709077958522e-46,-6.6453709077958522e-46,0,0.24615384615384622,-1
4146,0.796875,0.984375,0,0.00024414062499999989,0,5.1846550930155816e-44,2.5923275465077908e-44,2.5923275465077908e-44,0,0,1.2657849348182567e-47,-6.3289246740912837e-48,-6.3289246740912837e-48,0,0.24615384615384622,-1
4147,0.8125,0.984375,0,0.00024414062499999989,0,0,0,0,0,0,0,0,0,0,0.24615384615384622,-1
4148,0.828125,0.984375,0,0.00024414062499999989,0,0,0,0,0,0,0,0,0,0,0.24615384615384622,-1
4149,0.84375,0.984375,0,0.00024414062499999989,0,0,0,0,0,0,0,0,0,0,0.24615384615384622,-1
4150,0.859375,0.984375,0,0.00024414062499999989,0,0,0,0,0,0,0,0,0,0,0.24615384615384622,-1
4151,0.875,0.984375,0,0.00024414062499999989,0,0,0,0,0,0,0,0,0,0,0.24615384615384622,-1
4152,0.890625,0.984375,0,0.00024414062499999989,0,0,0,0,0,0,0,0,0,0,0.24615384615384622,-1
4153,0.90625,0.984375,0,0.00024414062499999989,0,0,0,0,0,0,0,0,0,0,0.24615384615384622,-1
4154,0.921875,0.984375,0,0.00024414062499999989,0,0,0,0,0,0,0,0,0,0,0.24615384615384622,-1
4155,0.9375,0.984375,0,0.00024414062499999989,0,0,0,0,0,0,0,0,0,0,0.24615384615384622,-1
4156,0.953125,0.984375,0,0.00024414062499999989,0,0,0,0,0,0,0,0,0,0,0.24615384615384622,-1
4157,0.96875,0.984375,0,0.00024414062499999989,0,0,0,0,0,0,0,0,0,0,0.24615384615384622,-1
4158,0.984375,0.984375,0,0.00024414062499999989,0,0,0,0,0,0,0,0,0,0,0.24615384615384622,-1
4159,1,0.984375,0,0.00012207031249999995,0,0,0,0,-0,0,0,0,0,0,0.49230769230769245,-1
4160,0,1,0,6.1035156249999973e-05,0,0,0,0,0,0,0,0,0,0,0.16410256410256413,-1
4161,0.015625,1,0,0.00012207031249999995,0,0,0,0,0,0,0,0,0,0,0.2461538461538462,-1
4162,0.03125,1,0,0.00012207031249999995,0,0,0,0,0,0,0,0,0,0,0.2461538461538462,-1
4163,0.046875,1,0,0.00012207031249999995,0,0,0,0,0,0,0,0,0,0,0.2461538461538462,-1
4164,0.0625,1,0,0.00012207031249999995,0,0,0,0,0,0,0,0,0,0,0.2461538461538462,-1
4165,0.078125,1,0,0.00012207031249999995,0,0,0,0,0,0,0,0,0,0,0.2461538461538462,-1
4166,0.09375,1,0,0.00012207031249999995,0,0,0,0,0,0,0,0,0,0,0.2461538461538462,-1
4167,0.109375,1,0,0.00012207031249999995,0,0,0,0,0,0,0,0,0,0,0.2461538461538462,-1
4168,0.125,1,0,0.00012207031249999995,0,0,0,0,0,0,0,0,0,0,0.2461538461538462,-1
4169,0.140625,1,0,0.00012207031249999995,0,0,0,0,0,0,0,0,0,0,0.2461538461538462,-1
4170,0.15625,1,0,0.00012207031249999995,0,0,0,0,0,0,0,0,0,0,0.2461538461538462,-1
4171,0.171875,1,0,0.00012207031249999995,0,0,0,0,0,0,0,0,0,0,0.2461538461538462,-1
4172,0.1875,1,0,0.00012207031249999995,0,0,0,0,0,0,0,0,0,0,0.2461538461538462,-1
4173,0.203125,1,0,0.00012207031249999995,0,0,0,0,0,0,0,0,0,0,0.2461538461538462,-1
4174,0.21875,1,0,0.00012207031249999995,0,0,0,0,0,0,0,0,0,0,0.2461538461538462,-1
4175,0.234375,1,0,0.00012207031249999995,0,0,0,0,0,0,0,0,0,0,0.2461538461538462,-1
4176,0.25,1,0,0.00012207031249999995,0,0,0,0,0,0,0,0,0,0,0.2461538461538462,-1
4177,0.265625,1,0,0.00012207031249999995,0,0,0,0,0,0,0,0,0,0,0.2461538461538462,-1
4178,0.28125,1,0,0.00012207031249999995,0,0,0,0,0,0,0,0,0,0,0.2461538461538462,-1
4179,0.296875,1,0,0.00012207031249999995,0,0,0,0,0,0,0,0,0,0,0.2461538461538462,-1
4180,0.3125,1,0,0.00012207031249999995,0,0,0,0,0,0,0,0,0,0,0.2461538461538462,-1
4181,0.328125,1,0,0.00012207031249999995,0,0,0,0,0,0,0,0,0,0,0.2461538461538462,-1
4182,0.34375,1,0,0.00012207031249999995,0,0,0,0,0,0,0,0,0,0,0.2461538461538462,-1
4183,0.359375,1,0,0.00012207031249999995,0,0,0,0,0,0,0,0,0,0,0.2461538461538462,-1
4184,0.375,1,0,0.00012207031249999995,0,0,0,0,0,0,0,0,0,0,0.2461538461538462,-1
4185,0.390625,1,0,0.00012207031249999995,0,0,0,0,0,0,0,0,0,0,0.2461538461538462,-1
4186,0.40625,1,0,0.00012207031249999995,0,0,0,0,0,0,0,0,0,0,0.2461538461538462,-1
4187,0.421875,1,0,0.00012207031249999995,0,0,0,0,0,0,0,0,0,0,0.2461538461538462,-1
4188,0.4375,1,0,0.00012207031249999995,0,0,0,0,0,0,0,0,0,0,0.2461538461538462,-1
4189,0.453125,1,0,0.00012207031249999995,0,0,0,0,0,0,0,0,0,0,0.2461538461538462,-1
4190,0.46875,1,0,0.00012207031249999995,0,0,0,0,0,0,0,0,0,0,0.2461538461538462,-1
4191,0.484375,1,0,0.00012207031249999995,0,0,0,0,0,0,0,0,0,0,0.2461538461538462,-1
4192,0.5,1,0,0.00012207031249999995,0,0,0,0,0,0,0,0,0,0,0.2461538461538462,-1
4193,0.515625,1,0,0.00012207031249999995,0,0,0,0,0,0,0,0,0,0,0.2461538461538462,-1
4194,0.53125,1,0,0.00012207031249999995,0,0,0,0,0,0,0,0,0,0,0.2461538461538462,-1
4195,0.546875,1,0,0.00012207031249999995,0,0,0,0,0,0,0,0,0,0,0.2461538461538462,-1
4196,0.5625,1,0,0.00012207031249999995,0,0,0,0,0,0,0,0,0,0,0.2461538461538462,-1
4197,0.578125,1,0,0.00012207031249999995,0,0,0,0,0,0,0,0,0,0,0.2461538461538462,-1
4198,0.59375,1,0,0.00012207031249999995,0,0,0,0,0,0,0,0,0,0,0.2461538461538462,-1
4199,0.609375,1,0,0.00012207031249999995,0,0,0,0,0,0,0,0,0,0,0.2461538461538462,-1
4200,0.625,1,0,0.00012207031249999995,0,0,0,0,0,0,0,0,0,0,0.2461538461538462,-1
4201,0.640625,1,0,0.00012207031249999995,0,0,-2.7440318451667664e-54,0,0,0,0,-3.3496482484945865e-58,0,0,0.2461538461538462,-1
4202,0.65625,1,0,0.00012207031249999995,0,0,-4.5697310022131966e-70,0,0,0,0,-5.5782849148110286e-74,0,0,0.2461538461538462,-1
4203,0.671875,1,0,0.00012207031249999995,0,5.4880636903335328e-54,2.7440318451667664e-54,2.7440318451667664e-54,0,0,6.699296496989173e-58,-3.3496482484945865e-58,-3.3496482484945865e-58,0,0.2461538461538462,-1
4204,0.6875,1,0,0.00012207031249999995,0,0,0,0,0,0,0,0,0,0,0.2461538461538462,-1
4205,0.703125,1,0,0.00012207031249999995,0,0,-2.5923275465078037e-44,0,0,0,0,-3.1644623370456576e-48,0,0,0.2461538461538462,-1
4206,0.71875,1,0,0.00012207031249999995,0,0,-5.2309322410014355e-41,0,0,0,0,-6.3854153332537029e-45,0,0,0.2461538461538462,-1
4207,0.734375,1,0,0.00012207031249999995,1.2637596789225422e-42,1.0045269242717644e-42,-3.2555313438227193e-42,4.7301709563850065e-48,4.2159107365766276e-63,2.6349442103603922e-63,-3.1644623370456246e-47,-5.2002664405450214e-46,-1.2262233814707123e-46,-1.9446922743316068e-62,0.2461538461538462,-1
4208,0.75,1,0,0.00012207031249999995,2.1062661315375812e-42,1.0620644544226473e-40,5.4363741990621783e-41,5.4310432577690313e-41,7.0265178942944151e-63,4.3915736839340094e-63,1.2707541419766492e-44,-6.3284550111868804e-45,-6.3349625078826165e-45,0,0.2461538461538462,-1
4209,0.765625,1,0,0.00012207031249999995,0,9.0904285964206623e-42,4.5452142982103312e-42,4.5452142982103312e-42,0,0,1.1096714595240062e-45,-5.5483572976200308e-46,-5.5483572976200308e-46,0,0.2461538461538462,-1
4210,0.78125,1,0,0.00012207031249999995,0,1.0369310186031163e-43,5.1846550930155816e-44,5.1846550930155816e-44,0,0,1.2657849348182567e-47,-6.3289246740912837e-48,-6.3289246740912837e-48,0,0.2461538461538462,-1
4211,0.796875,1,0,0.00012207031249999995,0,0,0,0,0,0,0,0,0,0,0.2461538461538462,-1
4212,0.8125,1,0,0.00012207031249999995,0,0,0,0,0,0,0,0,0,0,0.2461538461538462,-1
4213,0.828125,1,0,0.00012207031249999995,0,0,0,0,0,0,0,0,0,0,0.2461538461538462,-1
4214,0.84375,1,0,0.00012207031249999995,0,0,0,0,0,0,0,0,0,0,0.2461538461538462,-1
4215,0.859375,1,0,0.00012207031249999995,0,0,0,0,0,0,0,0,0,0,0.2461538461538462,-1
4216,0.875,1,0,0.00012207031249999995,0,0,0,0,0,0,0,0,0,0,0.2461538461538462,-1
4217,0.890625,1,0,0.00012207031249999995,0,0,0,0,0,0,0,0,0,0,0.2461538461538462,-1
4218,0.90625,1,0,0.00012207031249999995,0,0,0,0,0,0,0,0,0,0,0.2461538461538462,-1
4219,0.921875,1,0,0.00012207031249999995,0,0,0,0,0,0,0,0,0,0,0.2461538461538462,-1
4220,0.9375,1,0,0.00012207031249999995,0,0,0,0,0,0,0,0,0,0,0.2461538461538462,-1
4221,0.953125,1,0,0.00012207031249999995,0,0,0,0,0,0,0,0,0,0,0.2461538461538462,-1
4222,0.96875,1,0,0.00012207031249999995,0,0,0,0,0,0,0,0,0,0,0.2461538461538462,-1
4223,0.984375,1,0,0.00012207031249999995,0,0,0,0,0,0,0,0,0,0,0.2461538461538462,-1
4224,1,1,0,6.1035156249999973e-05,0,0,0,0,-0,0,0,0,0,0,0.49230769230769239,-1
