first_node,second_node,low_order_transfer,raw_antidiffusive_transfer,correction_factor,limited_antidiffusive_transfer,low_order_pair_residual,raw_pair_residual,limited_pair_residual
0,1,0,-0,1,-0,0,0,0
0,65,0,-0,1,-0,0,0,0
0,66,0,-0,1,-0,0,0,0
1,2,0,-0,1,-0,0,0,0
1,65,0,-0,1,-0,0,0,0
1,66,0,-0,1,-0,0,0,0
1,67,0,-0,1,-0,0,0,0
2,3,0,-0,1,-0,0,0,0
2,66,0,-0,1,-0,0,0,0
2,67,0,-0,1,-0,0,0,0
2,68,0,-0,1,-0,0,0,0
3,4,0,-0,1,-0,0,0,0
3,67,0,-0,1,-0,0,0,0
3,68,0,-0,1,-0,0,0,0
3,69,0,-0,1,-0,0,0,0
4,5,0,-0,1,-0,0,0,0
4,68,0,-0,1,-0,0,0,0
4,69,0,-0,1,-0,0,0,0
4,70,0,-0,1,-0,0,0,0
5,6,0,-0,1,-0,0,0,0
5,69,0,-0,1,-0,0,0,0
5,70,0,-0,1,-0,0,0,0
5,71,0,-0,1,-0,0,0,0
6,7,0,-0,1,-0,0,0,0
6,70,0,-0,1,-0,0,0,0
6,71,0,-0,1,-0,0,0,0
6,72,0,-0,1,-0,0,0,0
7,8,0,-0,1,-0,0,0,0
7,71,0,-0,1,-0,0,0,0
7,72,0,-0,1,-0,0,0,0
7,73,0,-0,1,-0,0,0,0
8,9,0,-0,1,-0,0,0,0
8,72,0,-0,1,-0,0,0,0
8,73,0,-0,1,-0,0,0,0
8,74,0,-0,1,-0,0,0,0
9,10,0,-0,1,-0,0,0,0
9,73,0,-0,1,-0,0,0,0
9,74,0,-0,1,-0,0,0,0
9,75,0,-0,1,-0,0,0,0
10,11,0,-0,1,-0,0,0,0
10,74,0,-0,1,-0,0,0,0
10,75,0,-0,1,-0,0,0,0
10,76,0,-0,1,-0,0,0,0
11,12,0,-0,1,-0,0,0,0
11,75,0,-0,1,-0,0,0,0
11,76,0,-0,1,-0,0,0,0
11,77,0,-0,1,-0,0,0,0
12,13,0,-0,1,-0,0,0,0
12,76,0,-0,1,-0,0,0,0
12,77,0,-0,1,-0,0,0,0
12,78,0,-0,1,-0,0,0,0
13,14,0,-0,1,-0,0,0,0
13,77,0,-0,1,-0,0,0,0
13,78,0,-0,1,-0,0,0,0
13,79,0,-0,1,-0,0,0,0
14,15,0,-0,1,-0,0,0,0
14,78,0,-0,1,-0,0,0,0
14,79,0,-0,1,-0,0,0,0
14,80,0,-0,1,-0,0,0,0
15,16,0,-0,1,-0,0,0,0
15,79,0,-0,1,-0,0,0,0
15,80,0,-0,1,-0,0,0,0
15,81,0,-0,1,-0,0,0,0
16,17,0,-0,1,-0,0,0,0
16,80,0,-0,1,-0,0,0,0
16,81,0,-0,1,-0,0,0,0
16,82,0,-0,1,-0,0,0,0
17,18,0,-0,1,-0,0,0,0
17,81,0,-0,1,-0,0,0,0
17,82,0,-0,1,-0,0,0,0
17,83,0,-0,1,-0,0,0,0
18,19,0,-0,1,-0,0,0,0
18,82,0,-0,1,-0,0,0,0
18,83,0,-0,1,-0,0,0,0
18,84,0,-0,1,-0,0,0,0
19,20,0,-0,1,-0,0,0,0
19,83,0,-0,1,-0,0,0,0
19,84,0,-0,1,-0,0,0,0
19,85,0,-0,1,-0,0,0,0
20,21,0,-0,1,-0,0,0,0
20,84,0,-0,1,-0,0,0,0
20,85,0,-0,1,-0,0,0,0
20,86,0,-0,1,-0,0,0,0
21,22,0,-0,1,-0,0,0,0
21,85,0,-0,1,-0,0,0,0
21,86,0,-0,1,-0,0,0,0
21,87,0,-0,1,-0,0,0,0
22,23,0,-0,1,-0,0,0,0
22,86,0,-0,1,-0,0,0,0
22,87,0,-0,1,-0,0,0,0
22,88,0,-0,1,-0,0,0,0
23,24,0,-0,1,-0,0,0,0
23,87,0,-0,1,-0,0,0,0
23,88,0,-0,1,-0,0,0,0
23,89,0,-0,1,-0,0,0,0
24,25,0,-0,1,-0,0,0,0
24,88,0,-0,1,-0,0,0,0
24,89,0,-0,1,-0,0,0,0
24,90,0,-0,1,-0,0,0,0
25,26,0,-0,1,-0,0,0,0
25,89,0,-0,1,-0,0,0,0
25,90,0,-0,1,-0,0,0,0
25,91,0,-0,1,-0,0,0,0
26,27,0,-0,1,-0,0,0,0
26,90,0,-0,1,-0,0,0,0
26,91,0,-0,1,-0,0,0,0
26,92,0,-0,1,-0,0,0,0
27,28,0,-0,1,-0,0,0,0
27,91,0,-0,1,-0,0,0,0
27,92,0,-0,1,-0,0,0,0
27,93,0,-0,1,-0,0,0,0
28,29,0,-0,1,-0,0,0,0
28,92,0,-0,1,-0,0,0,0
28,93,0,-0,1,-0,0,0,0
28,94,0,-0,1,-0,0,0,0
29,30,0,-0,1,-0,0,0,0
29,93,0,-0,1,-0,0,0,0
29,94,0,-0,1,-0,0,0,0
29,95,0,-0,1,-0,0,0,0
30,31,0,-0,1,-0,0,0,0
30,94,0,-0,1,-0,0,0,0
30,95,0,-0,1,-0,0,0,0
30,96,0,-0,1,-0,0,0,0
31,32,0,-0,1,-0,0,0,0
31,95,0,-0,1,-0,0,0,0
31,96,0,-0,1,-0,0,0,0
31,97,0,-0,1,-0,0,0,0
32,33,0,-0,1,-0,0,0,0
32,96,0,-0,1,-0,0,0,0
32,97,0,-0,1,-0,0,0,0
32,98,0,-0,1,-0,0,0,0
33,34,0,-0,1,-0,0,0,0
33,97,0,-0,1,-0,0,0,0
33,98,0,-0,1,-0,0,0,0
33,99,0,-0,1,-0,0,0,0
34,35,0,-0,1,-0,0,0,0
34,98,0,-0,1,-0,0,0,0
34,99,0,-0,1,-0,0,0,0
34,100,0,-0,1,-0,0,0,0
35,36,0,-0,1,-0,0,0,0
35,99,0,-0,1,-0,0,0,0
35,100,0,-0,1,-0,0,0,0
35,101,0,-0,1,-0,0,0,0
36,37,0,-0,1,-0,0,0,0
36,100,0,-0,1,-0,0,0,0
36,101,0,-0,1,-0,0,0,0
36,102,0,-0,1,-0,0,0,0
37,38,0,-0,1,-0,0,0,0
37,101,0,-0,1,-0,0,0,0
37,102,0,-0,1,-0,0,0,0
37,103,0,-0,1,-0,0,0,0
38,39,0,-0,1,-0,0,0,0
38,102,0,-0,1,-0,0,0,0
38,103,0,-0,1,-0,0,0,0
38,104,0,-0,1,-0,0,0,0
39,40,0,-0,1,-0,0,0,0
39,103,0,-0,1,-0,0,0,0
39,104,0,-0,1,-0,0,0,0
39,105,0,-0,1,-0,0,0,0
40,41,0,-0,1,-0,0,0,0
40,104,0,-0,1,-0,0,0,0
40,105,0,-0,1,-0,0,0,0
40,106,0,-0,1,-0,0,0,0
41,42,0,-0,1,-0,0,0,0
41,105,0,-0,1,-0,0,0,0
41,106,0,-0,1,-0,0,0,0
41,107,0,-2.308375017711585e-45,-0,0,0,0,0
42,43,0,-0,1,-0,0,0,0
42,106,0,-0,1,-0,0,0,0
42,107,0,-3.8442166411993601e-61,-0,0,0,0,0
42,108,0,-0,1,-0,0,0,0
43,44,0,-0,1,-0,0,0,0
43,107,4.6167500354231701e-45,-2.308375017711585e-45,1,-2.308375017711585e-45,0,0,0
43,108,0,-0,1,-0,0,0,0
43,109,0,3.2165858407339517e-46,1,3.2165858407339517e-46,0,0,0
44,45,0,-0,1,-0,0,0,0
44,108,0,-0,1,-0,0,0,0
44,109,0,5.356691491599152e-62,0,0,0,0,0
44,110,0,6.310415152877291e-44,0,0,0,0,0
45,46,0,-0,1,-0,0,0,0
45,109,-6.4331716814679033e-46,3.2165858407339517e-46,1,3.2165858407339517e-46,0,0,0
45,110,0,1.0508952296501773e-59,1,1.0508952296501773e-59,0,0,0
45,111,0,-1.5822311685228159e-47,1,-1.5822311685228159e-47,0,0,0
46,47,1.4959171341012361e-63,-1.2657849348182509e-47,1,-1.2657849348182509e-47,0,0,0
46,110,-1.2620830305754582e-43,6.310415152877291e-44,1,6.310415152877291e-44,0,0,0
46,111,0,-2.6349442103603959e-63,1,-2.6349442103603959e-63,0,0,0
46,112,0,-6.3781252851021676e-45,1,-6.3781252851021676e-45,0,0,0
47,48,-2.5315698696365013e-47,-8.4385662321217829e-48,0.27127659574467883,-2.2891855204159986e-48,0,0,0
47,111,3.1644623370456319e-47,-9.4933870111369049e-48,0.27127659574467883,-2.5753337104679709e-48,0,0,0
47,112,0,-1.061117254135504e-60,0.27127659574467883,-2.8785627638782076e-61,0,0,0
47,113,-1.2657849348182541e-47,-5.2741038950760745e-46,0.27127659574467883,-1.4307409502599882e-46,0,0,0
48,49,-4.2192831160608584e-47,2.1096415580304292e-47,1,2.1096415580304292e-47,0,0,0
48,112,1.2756250570204335e-44,-6.3675770773120158e-45,1,-6.3675770773120158e-45,0,0,0
48,113,0,-8.7128821889250789e-62,1,-8.7128821889250789e-62,0,0,0
48,114,-2.1096415580304292e-47,4.2192831160608617e-48,1,4.2192831160608617e-48,0,0,0
49,50,0,-0,1,-0,0,0,0
49,113,1.0674786283633975e-45,-5.3373931418169875e-46,1,-5.3373931418169875e-46,0,0,0
49,114,0,-1.0539776841441618e-63,1,-1.0539776841441618e-63,0,0,0
49,115,0,-0,1,-0,0,0,0
50,51,0,-0,1,-0,0,0,0
50,114,1.2657849348182567e-47,-6.3289246740912837e-48,1,-6.3289246740912837e-48,0,0,0
50,115,0,-0,1,-0,0,0,0
50,116,0,-0,1,-0,0,0,0
51,52,0,-0,1,-0,0,0,0
51,115,0,-0,1,-0,0,0,0
51,116,0,-0,1,-0,0,0,0
51,117,0,-0,1,-0,0,0,0
52,53,0,-0,1,-0,0,0,0
52,116,0,-0,1,-0,0,0,0
52,117,0,-0,1,-0,0,0,0
52,118,0,-0,1,-0,0,0,0
53,54,0,-0,1,-0,0,0,0
53,117,0,-0,1,-0,0,0,0
53,118,0,-0,1,-0,0,0,0
53,119,0,-0,1,-0,0,0,0
54,55,0,-0,1,-0,0,0,0
54,118,0,-0,1,-0,0,0,0
54,119,0,-0,1,-0,0,0,0
54,120,0,-0,1,-0,0,0,0
55,56,0,-0,1,-0,0,0,0
55,119,0,-0,1,-0,0,0,0
55,120,0,-0,1,-0,0,0,0
55,121,0,-0,1,-0,0,0,0
56,57,0,-0,1,-0,0,0,0
56,120,0,-0,1,-0,0,0,0
56,121,0,-0,1,-0,0,0,0
56,122,0,-0,1,-0,0,0,0
57,58,0,-0,1,-0,0,0,0
57,121,0,-0,1,-0,0,0,0
57,122,0,-0,1,-0,0,0,0
57,123,0,-0,1,-0,0,0,0
58,59,0,-0,1,-0,0,0,0
58,122,0,-0,1,-0,0,0,0
58,123,0,-0,1,-0,0,0,0
58,124,0,-0,1,-0,0,0,0
59,60,0,-0,1,-0,0,0,0
59,123,0,-0,1,-0,0,0,0
59,124,0,-0,1,-0,0,0,0
59,125,0,-0,1,-0,0,0,0
60,61,0,-0,1,-0,0,0,0
60,124,0,-0,1,-0,0,0,0
60,125,0,-0,1,-0,0,0,0
60,126,0,-0,1,-0,0,0,0
61,62,0,-0,1,-0,0,0,0
61,125,0,-0,1,-0,0,0,0
61,126,0,-0,1,-0,0,0,0
61,127,0,-0,1,-0,0,0,0
62,63,0,-0,1,-0,0,0,0
62,126,0,-0,1,-0,0,0,0
62,127,0,-0,1,-0,0,0,0
62,128,0,-0,1,-0,0,0,0
63,64,0,-0,1,-0,0,0,0
63,127,0,-0,1,-0,0,0,0
63,128,0,-0,1,-0,0,0,0
63,129,0,-0,1,-0,0,0,0
64,128,0,-0,1,-0,0,0,0
64,129,0,-0,1,-0,0,0,0
65,66,0,-0,1,-0,0,0,0
65,130,0,-0,1,-0,0,0,0
65,131,0,-0,1,-0,0,0,0
66,67,0,-0,1,-0,0,0,0
66,130,0,-0,1,-0,0,0,0
66,131,0,-0,1,-0,0,0,0
66,132,0,-0,1,-0,0,0,0
67,68,0,-0,1,-0,0,0,0
67,131,0,-0,1,-0,0,0,0
67,132,0,-0,1,-0,0,0,0
67,133,0,-0,1,-0,0,0,0
68,69,0,-0,1,-0,0,0,0
68,132,0,-0,1,-0,0,0,0
68,133,0,-0,1,-0,0,0,0
68,134,0,-0,1,-0,0,0,0
69,70,0,-0,1,-0,0,0,0
69,133,0,-0,1,-0,0,0,0
69,134,0,-0,1,-0,0,0,0
69,135,0,-0,1,-0,0,0,0
70,71,0,-0,1,-0,0,0,0
70,134,0,-0,1,-0,0,0,0
70,135,0,-0,1,-0,0,0,0
70,136,0,-0,1,-0,0,0,0
71,72,0,-0,1,-0,0,0,0
71,135,0,-0,1,-0,0,0,0
71,136,0,-0,1,-0,0,0,0
71,137,0,-0,1,-0,0,0,0
72,73,0,-0,1,-0,0,0,0
72,136,0,-0,1,-0,0,0,0
72,137,0,-0,1,-0,0,0,0
72,138,0,-0,1,-0,0,0,0
73,74,0,-0,1,-0,0,0,0
73,137,0,-0,1,-0,0,0,0
73,138,0,-0,1,-0,0,0,0
73,139,0,-0,1,-0,0,0,0
74,75,0,-0,1,-0,0,0,0
74,138,0,-0,1,-0,0,0,0
74,139,0,-0,1,-0,0,0,0
74,140,0,-0,1,-0,0,0,0
75,76,0,-0,1,-0,0,0,0
75,139,0,-0,1,-0,0,0,0
75,140,0,-0,1,-0,0,0,0
75,141,0,-0,1,-0,0,0,0
76,77,0,-0,1,-0,0,0,0
76,140,0,-0,1,-0,0,0,0
76,141,0,-0,1,-0,0,0,0
76,142,0,-0,1,-0,0,0,0
77,78,0,-0,1,-0,0,0,0
77,141,0,-0,1,-0,0,0,0
77,142,0,-0,1,-0,0,0,0
77,143,0,-0,1,-0,0,0,0
78,79,0,-0,1,-0,0,0,0
78,142,0,-0,1,-0,0,0,0
78,143,0,-0,1,-0,0,0,0
78,144,0,-0,1,-0,0,0,0
79,80,0,-0,1,-0,0,0,0
79,143,0,-0,1,-0,0,0,0
79,144,0,-0,1,-0,0,0,0
79,145,0,-0,1,-0,0,0,0
80,81,0,-0,1,-0,0,0,0
80,144,0,-0,1,-0,0,0,0
80,145,0,-0,1,-0,0,0,0
80,146,0,-0,1,-0,0,0,0
81,82,0,-0,1,-0,0,0,0
81,145,0,-0,1,-0,0,0,0
81,146,0,-0,1,-0,0,0,0
81,147,0,-0,1,-0,0,0,0
82,83,0,-0,1,-0,0,0,0
82,146,0,-0,1,-0,0,0,0
82,147,0,-0,1,-0,0,0,0
82,148,0,-0,1,-0,0,0,0
83,84,0,-0,1,-0,0,0,0
83,147,0,-0,1,-0,0,0,0
83,148,0,-0,1,-0,0,0,0
83,149,0,-0,1,-0,0,0,0
84,85,0,-0,1,-0,0,0,0
84,148,0,-0,1,-0,0,0,0
84,149,0,-0,1,-0,0,0,0
84,150,0,-0,1,-0,0,0,0
85,86,0,-0,1,-0,0,0,0
85,149,0,-0,1,-0,0,0,0
85,150,0,-0,1,-0,0,0,0
85,151,0,-0,1,-0,0,0,0
86,87,0,-0,1,-0,0,0,0
86,150,0,-0,1,-0,0,0,0
86,151,0,-0,1,-0,0,0,0
86,152,0,-0,1,-0,0,0,0
87,88,0,-0,1,-0,0,0,0
87,151,0,-0,1,-0,0,0,0
87,152,0,-0,1,-0,0,0,0
87,153,0,-0,1,-0,0,0,0
88,89,0,-0,1,-0,0,0,0
88,152,0,-0,1,-0,0,0,0
88,153,0,-0,1,-0,0,0,0
88,154,0,-0,1,-0,0,0,0
89,90,0,-0,1,-0,0,0,0
89,153,0,-0,1,-0,0,0,0
89,154,0,-0,1,-0,0,0,0
89,155,0,-0,1,-0,0,0,0
90,91,0,-0,1,-0,0,0,0
90,154,0,-0,1,-0,0,0,0
90,155,0,-0,1,-0,0,0,0
90,156,0,-0,1,-0,0,0,0
91,92,0,-0,1,-0,0,0,0
91,155,0,-0,1,-0,0,0,0
91,156,0,-0,1,-0,0,0,0
91,157,0,-0,1,-0,0,0,0
92,93,0,-0,1,-0,0,0,0
92,156,0,-0,1,-0,0,0,0
92,157,0,-0,1,-0,0,0,0
92,158,0,-0,1,-0,0,0,0
93,94,0,-0,1,-0,0,0,0
93,157,0,-0,1,-0,0,0,0
93,158,0,-0,1,-0,0,0,0
93,159,0,-0,1,-0,0,0,0
94,95,0,-0,1,-0,0,0,0
94,158,0,-0,1,-0,0,0,0
94,159,0,-0,1,-0,0,0,0
94,160,0,-0,1,-0,0,0,0
95,96,0,-0,1,-0,0,0,0
95,159,0,-0,1,-0,0,0,0
95,160,0,-0,1,-0,0,0,0
95,161,0,-0,1,-0,0,0,0
96,97,0,-0,1,-0,0,0,0
96,160,0,-0,1,-0,0,0,0
96,161,0,-0,1,-0,0,0,0
96,162,0,-0,1,-0,0,0,0
97,98,0,-0,1,-0,0,0,0
97,161,0,-0,1,-0,0,0,0
97,162,0,-0,1,-0,0,0,0
97,163,0,-0,1,-0,0,0,0
98,99,0,-0,1,-0,0,0,0
98,162,0,-0,1,-0,0,0,0
98,163,0,-0,1,-0,0,0,0
98,164,0,-0,1,-0,0,0,0
99,100,0,-0,1,-0,0,0,0
99,163,0,-0,1,-0,0,0,0
99,164,0,-0,1,-0,0,0,0
99,165,0,-0,1,-0,0,0,0
100,101,0,-0,1,-0,0,0,0
100,164,0,-0,1,-0,0,0,0
100,165,0,-0,1,-0,0,0,0
100,166,0,-0,1,-0,0,0,0
101,102,0,-0,1,-0,0,0,0
101,165,0,-0,1,-0,0,0,0
101,166,0,-0,1,-0,0,0,0
101,167,0,-0,1,-0,0,0,0
102,103,0,-0,1,-0,0,0,0
102,166,0,-0,1,-0,0,0,0
102,167,0,-0,1,-0,0,0,0
102,168,0,2.8039433709196146e-56,0,0,0,0,0
103,104,0,-0,1,-0,0,0,0
103,167,0,-0,1,-0,0,0,0
103,168,0,4.6695037352100501e-72,0,0,0,0,0
103,169,0,1.0023206490840079e-42,0,0,0,0,0
104,105,0,-0,1,-0,0,0,0
104,168,-5.6078867418392292e-56,2.8039433709196146e-56,1,2.8039433709196146e-56,0,0,0
104,169,0,1.6691991940054469e-58,1,1.6691991940054469e-58,0,0,0
104,170,0,-0,1,-0,0,0,0
105,106,0,-0,1,-0,0,0,0
105,169,-2.0046412981680157e-42,1.0023206490840079e-42,1,1.0023206490840079e-42,0,0,0
105,170,0,-0,1,-0,0,0,0
105,171,0,-4.0825559005555578e-43,1,-4.0825559005555578e-43,0,0,0
106,107,0,-9.2335000708463402e-45,-0,0,0,0,0
106,170,0,-0,1,-0,0,0,0
106,171,0,-6.7988213401741107e-59,-0,0,0,0,0
106,172,0,-1.3146638996798469e-40,-0,0,0,0,0
107,108,-1.846700014169268e-44,9.2335000708463402e-45,1,9.2335000708463402e-45,0,0,0
107,171,8.1651118011111155e-43,-4.0594721503784422e-43,1,-4.0594721503784422e-43,0,0,0
107,172,0,-2.1893167544356831e-56,1,-2.1893167544356831e-56,0,0,0
107,173,-4.6167500354231701e-45,4.1433926520406425e-45,1,4.1433926520406425e-45,0,0,0
108,109,0,1.2866343362935807e-45,1,1.2866343362935807e-45,0,0,0
108,172,2.6293277993596938e-40,-1.3146638996798469e-40,1,-1.3146638996798469e-40,0,0,0
108,173,0,3.05591824233796e-61,1,3.05591824233796e-61,0,0,0
108,174,0,3.7277257868469386e-41,1,3.7277257868469386e-41,0,0,0
109,110,2.5732686725871903e-45,2.5112997177879803e-43,0.0024917489457715117,6.2575284243144946e-46,0,0,0
109,173,-3.6700352686581148e-45,1.5133590502556623e-45,0.0024917489457715117,3.7709108180483226e-48,0,0,0
109,174,-6.9659069837128561e-73,6.2078569301546879e-57,0.0024917489457715117,1.5468420961213317e-59,0,0,0
109,175,6.4331716814642986e-46,5.9642703994421469e-42,0.0024917489457715117,1.4861464480106202e-44,0,0,0
110,111,5.0483321223018328e-43,-2.5247989536183252e-43,1,-2.5247989536183252e-43,0,0,0
110,174,-7.4554515736938782e-41,3.7214153716940619e-41,1,3.7214153716940619e-41,0,0,0
110,175,1.741476745928214e-73,9.8279516300105723e-58,1,9.8279516300105723e-58,0,0,0
110,176,1.2620830305754556e-43,-3.4418495434432195e-42,1,-3.4418495434432195e-42,0,0,0
111,112,-1.2657849348182329e-46,-2.544921189366776e-44,1,-2.544921189366776e-44,0,0,0
111,175,-1.192918411605244e-41,5.9646078803379052e-42,1,5.9646078803379052e-42,0,0,0
111,176,8.7073837296410701e-74,-5.6267150432322495e-58,1,-5.6267150432322495e-58,0,0,0
111,177,-3.1644623370474205e-47,-6.1221713705626485e-43,1,-6.1221713705626485e-43,0,0,0
112,113,-5.1025002280817341e-44,2.3377543883681875e-44,1,2.3377543883681875e-44,0,0,0
112,176,6.7574907838288933e-42,-3.3723672666293446e-42,1,-3.3723672666293446e-42,0,0,0
112,177,0,-1.0089509795688482e-58,1,-1.0089509795688482e-58,0,0,0
112,178,-1.275625057020434e-44,-2.7226882503154053e-44,1,-2.7226882503154053e-44,0,0,0
113,114,-4.26991451345359e-45,2.1096415580304298e-45,1,2.1096415580304298e-45,0,0,0
113,177,1.2244659187359001e-42,-6.1169922005376836e-43,1,-6.1169922005376836e-43,0,0,0
113,178,0,-5.5074725570216433e-60,1,-5.5074725570216433e-60,0,0,0
113,179,-1.0674786283633975e-45,-1.054820779015213e-46,1,-1.054820779015213e-46,0,0,0
114,115,-5.063139739273027e-47,2.5315698696365135e-47,1,2.5315698696365135e-47,0,0,0
114,178,6.7210015576512457e-44,-3.3598678863582136e-44,1,-3.3598678863582136e-44,0,0,0
114,179,2.1258261058694019e-77,-1.0539776841441624e-61,1,-1.0539776841441624e-61,0,0,0
114,180,-1.2657849348182567e-47,-0,1,-0,0,0,0
115,116,0,-0,1,-0,0,0,0
115,179,1.2784427841664401e-45,-6.3922139208322007e-46,1,-6.3922139208322007e-46,0,0,0
115,180,0,-1.0539776841441618e-63,1,-1.0539776841441618e-63,0,0,0
115,181,0,-0,1,-0,0,0,0
116,117,0,-0,1,-0,0,0,0
116,180,1.2657849348182567e-47,-6.3289246740912837e-48,1,-6.3289246740912837e-48,0,0,0
116,181,0,-0,1,-0,0,0,0
116,182,0,-0,1,-0,0,0,0
117,118,0,-0,1,-0,0,0,0
117,181,0,-0,1,-0,0,0,0
117,182,0,-0,1,-0,0,0,0
117,183,0,-0,1,-0,0,0,0
118,119,0,-0,1,-0,0,0,0
118,182,0,-0,1,-0,0,0,0
118,183,0,-0,1,-0,0,0,0
118,184,0,-0,1,-0,0,0,0
119,120,0,-0,1,-0,0,0,0
119,183,0,-0,1,-0,0,0,0
119,184,0,-0,1,-0,0,0,0
119,185,0,-0,1,-0,0,0,0
120,121,0,-0,1,-0,0,0,0
120,184,0,-0,1,-0,0,0,0
120,185,0,-0,1,-0,0,0,0
120,186,0,-0,1,-0,0,0,0
121,122,0,-0,1,-0,0,0,0
121,185,0,-0,1,-0,0,0,0
121,186,0,-0,1,-0,0,0,0
121,187,0,-0,1,-0,0,0,0
122,123,0,-0,1,-0,0,0,0
122,186,0,-0,1,-0,0,0,0
122,187,0,-0,1,-0,0,0,0
122,188,0,-0,1,-0,0,0,0
123,124,0,-0,1,-0,0,0,0
123,187,0,-0,1,-0,0,0,0
123,188,0,-0,1,-0,0,0,0
123,189,0,-0,1,-0,0,0,0
124,125,0,-0,1,-0,0,0,0
124,188,0,-0,1,-0,0,0,0
124,189,0,-0,1,-0,0,0,0
124,190,0,-0,1,-0,0,0,0
125,126,0,-0,1,-0,0,0,0
125,189,0,-0,1,-0,0,0,0
125,190,0,-0,1,-0,0,0,0
125,191,0,-0,1,-0,0,0,0
126,127,0,-0,1,-0,0,0,0
126,190,0,-0,1,-0,0,0,0
126,191,0,-0,1,-0,0,0,0
126,192,0,-0,1,-0,0,0,0
127,128,0,-0,1,-0,0,0,0
127,191,0,-0,1,-0,0,0,0
127,192,0,-0,1,-0,0,0,0
127,193,0,-0,1,-0,0,0,0
128,129,0,-0,1,-0,0,0,0
128,192,0,-0,1,-0,0,0,0
128,193,0,-0,1,-0,0,0,0
128,194,0,-0,1,-0,0,0,0
129,193,0,-0,1,-0,0,0,0
129,194,0,-0,1,-0,0,0,0
130,131,0,-0,1,-0,0,0,0
130,195,0,-0,1,-0,0,0,0
130,196,0,-0,1,-0,0,0,0
131,132,0,-0,1,-0,0,0,0
131,195,0,-0,1,-0,0,0,0
131,196,0,-0,1,-0,0,0,0
131,197,0,-0,1,-0,0,0,0
132,133,0,-0,1,-0,0,0,0
132,196,0,-0,1,-0,0,0,0
132,197,0,-0,1,-0,0,0,0
132,198,0,-0,1,-0,0,0,0
133,134,0,-0,1,-0,0,0,0
133,197,0,-0,1,-0,0,0,0
133,198,0,-0,1,-0,0,0,0
133,199,0,-0,1,-0,0,0,0
134,135,0,-0,1,-0,0,0,0
134,198,0,-0,1,-0,0,0,0
134,199,0,-0,1,-0,0,0,0
134,200,0,-0,1,-0,0,0,0
135,136,0,-0,1,-0,0,0,0
135,199,0,-0,1,-0,0,0,0
135,200,0,-0,1,-0,0,0,0
135,201,0,-0,1,-0,0,0,0
136,137,0,-0,1,-0,0,0,0
136,200,0,-0,1,-0,0,0,0
136,201,0,-0,1,-0,0,0,0
136,202,0,-0,1,-0,0,0,0
137,138,0,-0,1,-0,0,0,0
137,201,0,-0,1,-0,0,0,0
137,202,0,-0,1,-0,0,0,0
137,203,0,-0,1,-0,0,0,0
138,139,0,-0,1,-0,0,0,0
138,202,0,-0,1,-0,0,0,0
138,203,0,-0,1,-0,0,0,0
138,204,0,-0,1,-0,0,0,0
139,140,0,-0,1,-0,0,0,0
139,203,0,-0,1,-0,0,0,0
139,204,0,-0,1,-0,0,0,0
139,205,0,-0,1,-0,0,0,0
140,141,0,-0,1,-0,0,0,0
140,204,0,-0,1,-0,0,0,0
140,205,0,-0,1,-0,0,0,0
140,206,0,-0,1,-0,0,0,0
141,142,0,-0,1,-0,0,0,0
141,205,0,-0,1,-0,0,0,0
141,206,0,-0,1,-0,0,0,0
141,207,0,-0,1,-0,0,0,0
142,143,0,-0,1,-0,0,0,0
142,206,0,-0,1,-0,0,0,0
142,207,0,-0,1,-0,0,0,0
142,208,0,-0,1,-0,0,0,0
143,144,0,-0,1,-0,0,0,0
143,207,0,-0,1,-0,0,0,0
143,208,0,-0,1,-0,0,0,0
143,209,0,-0,1,-0,0,0,0
144,145,0,-0,1,-0,0,0,0
144,208,0,-0,1,-0,0,0,0
144,209,0,-0,1,-0,0,0,0
144,210,0,-0,1,-0,0,0,0
145,146,0,-0,1,-0,0,0,0
145,209,0,-0,1,-0,0,0,0
145,210,0,-0,1,-0,0,0,0
145,211,0,-0,1,-0,0,0,0
146,147,0,-0,1,-0,0,0,0
146,210,0,-0,1,-0,0,0,0
146,211,0,-0,1,-0,0,0,0
146,212,0,-0,1,-0,0,0,0
147,148,0,-0,1,-0,0,0,0
147,211,0,-0,1,-0,0,0,0
147,212,0,-0,1,-0,0,0,0
147,213,0,-0,1,-0,0,0,0
148,149,0,-0,1,-0,0,0,0
148,212,0,-0,1,-0,0,0,0
148,213,0,-0,1,-0,0,0,0
148,214,0,-0,1,-0,0,0,0
149,150,0,-0,1,-0,0,0,0
149,213,0,-0,1,-0,0,0,0
149,214,0,-0,1,-0,0,0,0
149,215,0,-0,1,-0,0,0,0
150,151,0,-0,1,-0,0,0,0
150,214,0,-0,1,-0,0,0,0
150,215,0,-0,1,-0,0,0,0
150,216,0,-0,1,-0,0,0,0
151,152,0,-0,1,-0,0,0,0
151,215,0,-0,1,-0,0,0,0
151,216,0,-0,1,-0,0,0,0
151,217,0,-0,1,-0,0,0,0
152,153,0,-0,1,-0,0,0,0
152,216,0,-0,1,-0,0,0,0
152,217,0,-0,1,-0,0,0,0
152,218,0,-0,1,-0,0,0,0
153,154,0,-0,1,-0,0,0,0
153,217,0,-0,1,-0,0,0,0
153,218,0,-0,1,-0,0,0,0
153,219,0,-0,1,-0,0,0,0
154,155,0,-0,1,-0,0,0,0
154,218,0,-0,1,-0,0,0,0
154,219,0,-0,1,-0,0,0,0
154,220,0,-0,1,-0,0,0,0
155,156,0,-0,1,-0,0,0,0
155,219,0,-0,1,-0,0,0,0
155,220,0,-0,1,-0,0,0,0
155,221,0,-0,1,-0,0,0,0
156,157,0,-0,1,-0,0,0,0
156,220,0,-0,1,-0,0,0,0
156,221,0,-0,1,-0,0,0,0
156,222,0,-0,1,-0,0,0,0
157,158,0,-0,1,-0,0,0,0
157,221,0,-0,1,-0,0,0,0
157,222,0,-0,1,-0,0,0,0
157,223,0,-0,1,-0,0,0,0
158,159,0,-0,1,-0,0,0,0
158,222,0,-0,1,-0,0,0,0
158,223,0,-0,1,-0,0,0,0
158,224,0,-0,1,-0,0,0,0
159,160,0,-0,1,-0,0,0,0
159,223,0,-0,1,-0,0,0,0
159,224,0,-0,1,-0,0,0,0
159,225,0,-0,1,-0,0,0,0
160,161,0,-0,1,-0,0,0,0
160,224,0,-0,1,-0,0,0,0
160,225,0,-0,1,-0,0,0,0
160,226,0,-0,1,-0,0,0,0
161,162,0,-0,1,-0,0,0,0
161,225,0,-0,1,-0,0,0,0
161,226,0,-0,1,-0,0,0,0
161,227,0,-0,1,-0,0,0,0
162,163,0,-0,1,-0,0,0,0
162,226,0,-0,1,-0,0,0,0
162,227,0,-0,1,-0,0,0,0
162,228,0,-0,1,-0,0,0,0
163,164,0,-0,1,-0,0,0,0
163,227,0,-0,1,-0,0,0,0
163,228,0,-0,1,-0,0,0,0
163,229,0,-0,1,-0,0,0,0
164,165,0,-0,1,-0,0,0,0
164,228,0,-0,1,-0,0,0,0
164,229,0,-0,1,-0,0,0,0
164,230,0,-2.30012124096428e-55,-0,0,0,0,0
165,166,0,-0,1,-0,0,0,0
165,229,0,-0,1,-0,0,0,0
165,230,0,-3.8304713417218994e-71,-0,0,0,0,0
165,231,0,-1.1773523051693698e-43,-0,0,0,0,0
166,167,0,-0,1,-0,0,0,0
166,230,4.60024248192856e-55,-2.30012124096428e-55,1,-2.30012124096428e-55,0,0,0
166,231,0,-1.9606854559418082e-59,0.026690635813237849,-5.2331941448855004e-61,0,0,0
166,232,0,2.8446300934857536e-56,1,2.8446300934857536e-56,0,0,0
167,168,0,1.1215773483678458e-55,0.073644630124006363,8.2598148976013837e-57,0,0,0
167,231,2.3547046103387396e-43,-1.1773523051693698e-43,0.026690635813237849,-3.1424281601151716e-45,0,0,0
167,232,0,4.7372607394942458e-72,0.073644630124006363,3.488738149610306e-73,0,0,0
167,233,0,7.4738945900043097e-41,0.073644630124006363,5.5041220266667961e-42,0,0,0
168,169,2.2430734108744928e-55,4.0092825963359193e-42,1.6615182646043799e-17,6.6614962617725993e-59,0,0,0
168,232,-5.6892601869715072e-56,4.0686722566139024e-58,1.6615182646043799e-17,6.7601732670531176e-75,0,0,0
168,233,0,1.2446534786166269e-56,1.6615182646043799e-17,2.0680144878249025e-73,0,0,0
168,234,0,6.8814300515487329e-38,1.6615182646043799e-17,1.1433621717245679e-54,0,0,0
169,170,8.0185651926720629e-42,-4.0092825963360314e-42,1,-4.0092825963360314e-42,0,0,0
169,233,-1.4947789180008615e-40,7.3736625250959078e-41,1,7.3736625250959078e-41,0,0,0
169,234,0,1.1459716208445925e-53,1,1.1459716208445925e-53,0,0,0
169,235,2.0046412981680154e-42,-2.9137447274394203e-42,1,-2.9137447274394203e-42,0,0,0
170,171,0,-1.6330223602222231e-42,1,-1.6330223602222231e-42,0,0,0
170,234,-1.3762860103097466e-37,6.8814300515487329e-38,1,6.8814300515487329e-38,0,0,0
170,235,0,-3.1831605324196485e-58,1,-3.1831605324196485e-58,0,0,0
170,236,0,-4.6294773607312626e-38,1,-4.6294773607312626e-38,0,0,0
171,172,-3.2660447204444462e-42,-5.2423253751171644e-40,0.0016067967810038813,-8.4233515377132249e-43,0,0,0
171,235,3.8228481567108248e-42,-1.5031684882998564e-42,0.0016067967810038813,-2.4152862883066796e-45,0,0,0
171,236,0,-7.7095605485837269e-54,0.0016067967810038813,-1.2387697072418849e-56,0,0,0
171,237,-8.1651118011088565e-43,-1.1190892876919231e-38,0.0016067967810038813,-1.7981490651193085e-41,0,0,0
172,173,-1.0517311197438775e-39,5.2587289994247611e-40,1,5.2587289994247611e-40,0,0,0
172,236,9.2589547214625253e-38,-4.6163307217344642e-38,1,-4.6163307217344642e-38,0,0,0
172,237,0,-1.8418324769577902e-54,1,-1.8418324769577902e-54,0,0,0
172,238,-2.6293277993596946e-40,1.1936065797373571e-38,1,1.1936065797373571e-38,0,0,0
173,174,1.4680141074630779e-44,1.4910169140334024e-40,1,1.4910169140334024e-40,0,0,0
173,237,2.2382602265018576e-38,-1.1191302967526924e-38,1,-1.1191302967526924e-38,0,0,0
173,238,3.5665443756609823e-70,1.9658604031949006e-54,1,1.9658604031949006e-54,0,0,0
173,239,3.6700352684318192e-45,3.4792182190375945e-39,1,3.4792182190375945e-39,0,0,0
174,175,2.9821806294775513e-40,-1.2525066324177269e-40,1,-1.2525066324177269e-40,0,0,0
174,238,-2.3609198814811174e-38,1.1767322149537118e-38,1,1.1767322149537118e-38,0,0,0
174,239,0,5.7319862126538516e-55,1,5.7319862126538516e-55,0,0,0
174,240,7.4554515736938813e-41,-9.6908514478176946e-40,1,-9.6908514478176946e-40,0,0,0
175,176,4.7716736464209761e-41,-3.737334979976267e-41,1,-3.737334979976267e-41,0,0,0
175,239,-6.9584401081104577e-39,3.4732554619972028e-39,1,3.4732554619972028e-39,0,0,0
175,240,2.2290902347881139e-71,-1.5617048970206663e-55,1,-1.5617048970206663e-55,0,0,0
175,241,1.1929184116052481e-41,-3.2919256341768241e-40,1,-3.2919256341768241e-40,0,0,0
176,177,-2.7029963135315573e-41,1.1066049730185985e-41,1,1.1066049730185985e-41,0,0,0
176,240,1.8636157738266001e-39,-9.2842914152138564e-40,1,-9.2842914152138564e-40,0,0,0
176,241,1.114545117394057e-71,-5.3265596261688242e-56,1,-5.3265596261688242e-56,0,0,0
176,242,-6.7574907838288908e-42,-2.9568349975693803e-41,1,-2.9568349975693803e-41,0,0,0
177,178,-4.8978636749435998e-42,2.314511806318775e-42,1,2.314511806318775e-42,0,0,0
177,241,6.4645594271931234e-40,-3.2261573840028827e-40,1,-3.2261573840028827e-40,0,0,0
177,242,0,-5.3848363115572247e-57,1,-5.3848363115572247e-57,0,0,0
177,243,-1.2244659187359001e-42,-9.3648286113283045e-43,1,-9.3648286113283045e-43,0,0,0
178,179,-2.6884006230604983e-43,1.3186314558469203e-43,1,1.3186314558469203e-43,0,0,0
178,242,6.5894190735216492e-41,-3.291349035981999e-41,1,-3.291349035981999e-41,0,0,0
178,243,0,-2.5231663636979685e-58,1,-2.5231663636979685e-58,0,0,0
178,244,-6.7210015576512447e-44,-5.0884554379693935e-45,1,-5.0884554379693935e-45,0,0,0
179,180,-5.1137711366657606e-45,2.5315698696365148e-45,1,2.5315698696365148e-45,0,0,0
179,243,3.0974316410015615e-42,-1.5480765991086975e-42,1,-1.5480765991086975e-42,0,0,0
179,244,-1.3605287077564172e-75,-6.3373043203378127e-60,1,-6.3373043203378127e-60,0,0,0
179,245,-1.2784427841664401e-45,-0,1,-0,0,0,0
180,181,-5.063139739273027e-47,2.5315698696365135e-47,1,2.5315698696365135e-47,0,0,0
180,244,7.7386926452451242e-44,-3.8687134301551524e-44,1,-3.8687134301551524e-44,0,0,0
180,245,2.1258261058694019e-77,-1.0539776841441624e-61,1,-1.0539776841441624e-61,0,0,0
180,246,-1.2657849348182567e-47,-0,1,-0,0,0,0
181,182,0,-0,1,-0,0,0,0
181,245,1.2784427841664401e-45,-6.3922139208322007e-46,1,-6.3922139208322007e-46,0,0,0
181,246,0,-1.0539776841441618e-63,1,-1.0539776841441618e-63,0,0,0
181,247,0,-0,1,-0,0,0,0
182,183,0,-0,1,-0,0,0,0
182,246,1.2657849348182567e-47,-6.3289246740912837e-48,1,-6.3289246740912837e-48,0,0,0
182,247,0,-0,1,-0,0,0,0
182,248,0,-0,1,-0,0,0,0
183,184,0,-0,1,-0,0,0,0
183,247,0,-0,1,-0,0,0,0
183,248,0,-0,1,-0,0,0,0
183,249,0,-0,1,-0,0,0,0
184,185,0,-0,1,-0,0,0,0
184,248,0,-0,1,-0,0,0,0
184,249,0,-0,1,-0,0,0,0
184,250,0,-0,1,-0,0,0,0
185,186,0,-0,1,-0,0,0,0
185,249,0,-0,1,-0,0,0,0
185,250,0,-0,1,-0,0,0,0
185,251,0,-0,1,-0,0,0,0
186,187,0,-0,1,-0,0,0,0
186,250,0,-0,1,-0,0,0,0
186,251,0,-0,1,-0,0,0,0
186,252,0,-0,1,-0,0,0,0
187,188,0,-0,1,-0,0,0,0
187,251,0,-0,1,-0,0,0,0
187,252,0,-0,1,-0,0,0,0
187,253,0,-0,1,-0,0,0,0
188,189,0,-0,1,-0,0,0,0
188,252,0,-0,1,-0,0,0,0
188,253,0,-0,1,-0,0,0,0
188,254,0,-0,1,-0,0,0,0
189,190,0,-0,1,-0,0,0,0
189,253,0,-0,1,-0,0,0,0
189,254,0,-0,1,-0,0,0,0
189,255,0,-0,1,-0,0,0,0
190,191,0,-0,1,-0,0,0,0
190,254,0,-0,1,-0,0,0,0
190,255,0,-0,1,-0,0,0,0
190,256,0,-0,1,-0,0,0,0
191,192,0,-0,1,-0,0,0,0
191,255,0,-0,1,-0,0,0,0
191,256,0,-0,1,-0,0,0,0
191,257,0,-0,1,-0,0,0,0
192,193,0,-0,1,-0,0,0,0
192,256,0,-0,1,-0,0,0,0
192,257,0,-0,1,-0,0,0,0
192,258,0,-0,1,-0,0,0,0
193,194,0,-0,1,-0,0,0,0
193,257,0,-0,1,-0,0,0,0
193,258,0,-0,1,-0,0,0,0
193,259,0,-0,1,-0,0,0,0
194,258,0,-0,1,-0,0,0,0
194,259,0,-0,1,-0,0,0,0
195,196,0,-0,1,-0,0,0,0
195,260,0,-0,1,-0,0,0,0
195,261,0,-0,1,-0,0,0,0
196,197,0,-0,1,-0,0,0,0
196,260,0,-0,1,-0,0,0,0
196,261,0,-0,1,-0,0,0,0
196,262,0,-0,1,-0,0,0,0
197,198,0,-0,1,-0,0,0,0
197,261,0,-0,1,-0,0,0,0
197,262,0,-0,1,-0,0,0,0
197,263,0,-0,1,-0,0,0,0
198,199,0,-0,1,-0,0,0,0
198,262,0,-0,1,-0,0,0,0
198,263,0,-0,1,-0,0,0,0
198,264,0,-0,1,-0,0,0,0
199,200,0,-0,1,-0,0,0,0
199,263,0,-0,1,-0,0,0,0
199,264,0,-0,1,-0,0,0,0
199,265,0,-0,1,-0,0,0,0
200,201,0,-0,1,-0,0,0,0
200,264,0,-0,1,-0,0,0,0
200,265,0,-0,1,-0,0,0,0
200,266,0,-0,1,-0,0,0,0
201,202,0,-0,1,-0,0,0,0
201,265,0,-0,1,-0,0,0,0
201,266,0,-0,1,-0,0,0,0
201,267,0,-0,1,-0,0,0,0
202,203,0,-0,1,-0,0,0,0
202,266,0,-0,1,-0,0,0,0
202,267,0,-0,1,-0,0,0,0
202,268,0,-0,1,-0,0,0,0
203,204,0,-0,1,-0,0,0,0
203,267,0,-0,1,-0,0,0,0
203,268,0,-0,1,-0,0,0,0
203,269,0,-0,1,-0,0,0,0
204,205,0,-0,1,-0,0,0,0
204,268,0,-0,1,-0,0,0,0
204,269,0,-0,1,-0,0,0,0
204,270,0,-0,1,-0,0,0,0
205,206,0,-0,1,-0,0,0,0
205,269,0,-0,1,-0,0,0,0
205,270,0,-0,1,-0,0,0,0
205,271,0,-0,1,-0,0,0,0
206,207,0,-0,1,-0,0,0,0
206,270,0,-0,1,-0,0,0,0
206,271,0,-0,1,-0,0,0,0
206,272,0,-0,1,-0,0,0,0
207,208,0,-0,1,-0,0,0,0
207,271,0,-0,1,-0,0,0,0
207,272,0,-0,1,-0,0,0,0
207,273,0,-0,1,-0,0,0,0
208,209,0,-0,1,-0,0,0,0
208,272,0,-0,1,-0,0,0,0
208,273,0,-0,1,-0,0,0,0
208,274,0,-0,1,-0,0,0,0
209,210,0,-0,1,-0,0,0,0
209,273,0,-0,1,-0,0,0,0
209,274,0,-0,1,-0,0,0,0
209,275,0,-0,1,-0,0,0,0
210,211,0,-0,1,-0,0,0,0
210,274,0,-0,1,-0,0,0,0
210,275,0,-0,1,-0,0,0,0
210,276,0,-0,1,-0,0,0,0
211,212,0,-0,1,-0,0,0,0
211,275,0,-0,1,-0,0,0,0
211,276,0,-0,1,-0,0,0,0
211,277,0,-0,1,-0,0,0,0
212,213,0,-0,1,-0,0,0,0
212,276,0,-0,1,-0,0,0,0
212,277,0,-0,1,-0,0,0,0
212,278,0,-0,1,-0,0,0,0
213,214,0,-0,1,-0,0,0,0
213,277,0,-0,1,-0,0,0,0
213,278,0,-0,1,-0,0,0,0
213,279,0,-0,1,-0,0,0,0
214,215,0,-0,1,-0,0,0,0
214,278,0,-0,1,-0,0,0,0
214,279,0,-0,1,-0,0,0,0
214,280,0,-0,1,-0,0,0,0
215,216,0,-0,1,-0,0,0,0
215,279,0,-0,1,-0,0,0,0
215,280,0,-0,1,-0,0,0,0
215,281,0,-0,1,-0,0,0,0
216,217,0,-0,1,-0,0,0,0
216,280,0,-0,1,-0,0,0,0
216,281,0,-0,1,-0,0,0,0
216,282,0,-0,1,-0,0,0,0
217,218,0,-0,1,-0,0,0,0
217,281,0,-0,1,-0,0,0,0
217,282,0,-0,1,-0,0,0,0
217,283,0,-0,1,-0,0,0,0
218,219,0,-0,1,-0,0,0,0
218,282,0,-0,1,-0,0,0,0
218,283,0,-0,1,-0,0,0,0
218,284,0,-0,1,-0,0,0,0
219,220,0,-0,1,-0,0,0,0
219,283,0,-0,1,-0,0,0,0
219,284,0,-0,1,-0,0,0,0
219,285,0,-0,1,-0,0,0,0
220,221,0,-0,1,-0,0,0,0
220,284,0,-0,1,-0,0,0,0
220,285,0,-0,1,-0,0,0,0
220,286,0,-0,1,-0,0,0,0
221,222,0,-0,1,-0,0,0,0
221,285,0,-0,1,-0,0,0,0
221,286,0,-0,1,-0,0,0,0
221,287,0,-0,1,-0,0,0,0
222,223,0,-0,1,-0,0,0,0
222,286,0,-0,1,-0,0,0,0
222,287,0,-0,1,-0,0,0,0
222,288,0,-0,1,-0,0,0,0
223,224,0,-0,1,-0,0,0,0
223,287,0,-0,1,-0,0,0,0
223,288,0,-0,1,-0,0,0,0
223,289,0,-0,1,-0,0,0,0
224,225,0,-0,1,-0,0,0,0
224,288,0,-0,1,-0,0,0,0
224,289,0,-0,1,-0,0,0,0
224,290,0,-0,1,-0,0,0,0
225,226,0,-0,1,-0,0,0,0
225,289,0,-0,1,-0,0,0,0
225,290,0,-0,1,-0,0,0,0
225,291,0,-0,1,-0,0,0,0
226,227,0,-0,1,-0,0,0,0
226,290,0,-0,1,-0,0,0,0
226,291,0,-0,1,-0,0,0,0
226,292,0,-0,1,-0,0,0,0
227,228,0,-0,1,-0,0,0,0
227,291,0,-0,1,-0,0,0,0
227,292,0,-0,1,-0,0,0,0
227,293,0,-0,1,-0,0,0,0
228,229,0,-0,1,-0,0,0,0
228,292,0,-0,1,-0,0,0,0
228,293,0,-0,1,-0,0,0,0
228,294,0,-1.2922465042579327e-53,-0,0,0,0,0
229,230,0,-9.20048496385712e-55,-0,0,0,0,0
229,293,0,-0,1,-0,0,0,0
229,294,0,-2.1520227337777916e-69,-0,0,0,0,0
229,295,0,-1.1772491238427995e-43,-0,0,0,0,0
230,231,-1.8400456664643077e-54,-4.7094092206682798e-43,5.8263556326805527e-11,-2.7438692939438364e-53,0,0,0
230,294,2.5844930085158655e-53,-1.2692452918482896e-53,5.8263556326805527e-11,-7.3950744554135543e-64,0,0,0
230,295,0,-1.960513624511273e-59,5.8263556326805527e-11,-1.1422649599118221e-69,0,0,0
230,296,-4.6003592572240205e-55,-1.1772749187893852e-43,5.8263556326805527e-11,-6.8592223543020744e-54,0,0,0
231,232,-9.4188184413549582e-43,4.7094092206786174e-43,0.026690635813237849,1.2569712640463726e-44,0,0,0
231,295,2.354498247685599e-43,1.0318132657041733e-47,0.026690635813237849,2.7539752102177707e-49,0,0,0
231,296,1.0883233181064211e-75,1.28874207446615e-63,0.026690635813237849,3.4397345366772663e-65,0,0,0
231,297,-2.3547046103387475e-43,4.2934473065862062e-41,0.026690635813237849,1.1459483844341938e-42,0,0,0
232,233,2.0077859901533923e-55,2.9895578360017227e-40,3.2764490613151817e-07,9.7951339655152893e-47,0,0,0
232,296,2.3545498375833709e-43,-1.1772749187919696e-43,1.5695863362500498e-10,-1.8478346265457624e-53,0,0,0
232,297,0,7.1304192276208856e-57,3.2764490613151817e-07,2.3362455385122173e-63,0,0,0
232,298,0,1.3924091670868362e-35,3.2764490613151817e-07,4.5621577084683184e-42,0,0,0
233,234,5.9791156720039127e-40,2.7495824627834914e-37,0.00065006690710238532,1.7874125674046238e-40,0,0,0
233,297,-8.5633475670690241e-41,-3.1922208064697967e-41,1.8572504824391764e-06,-5.9287536328684064e-47,0,0,0
233,298,0,2.3188146289636287e-51,0.00065006690710238532,1.5073846539941513e-54,0,0,0
233,299,1.494778918000721e-40,4.0819621053850145e-36,0.00065006690710238532,2.6535484807567776e-39,0,0,0
234,235,5.5051440412389863e-37,-2.7526484775826274e-37,1,-2.7526484775826274e-37,0,0,0
234,298,-2.7848183341736725e-35,1.3855277370352873e-35,1,1.3855277370352873e-35,0,0,0
234,299,-9.1303536016921147e-68,6.6833581066329452e-52,1,6.6833581066329452e-52,0,0,0
234,300,1.3762860103097514e-37,-9.2703433058437439e-36,1,-9.2703433058437439e-36,0,0,0
235,236,-1.5291392626827361e-41,-1.851714487329371e-37,1,-1.851714487329371e-37,0,0,0
235,299,-8.164073688661827e-36,4.0820387557549924e-36,1,4.0820387557549924e-36,0,0,0
235,300,0,-1.5323620862046942e-51,1,-1.5323620862046942e-51,0,0,0
235,301,-3.8228481574264308e-42,-3.9136314846768884e-36,1,-3.9136314846768884e-36,0,0,0
236,237,-3.7035818885850101e-37,1.4041388989921335e-37,1,1.4041388989921335e-37,0,0,0
236,300,1.8403058010656512e-35,-9.1552342317209434e-36,1,-9.1552342317209434e-36,0,0,0
236,301,0,-6.4404125740718899e-52,1,-6.4404125740718899e-52,0,0,0
236,302,-9.2589547214625044e-38,2.34513260327576e-36,1,2.34513260327576e-36,0,0,0
237,238,-8.9530409060074305e-38,9.19836021596595e-38,1,9.19836021596595e-38,0,0,0
237,301,7.8272667922019319e-36,-3.9024420949684574e-36,1,-3.9024420949684574e-36,0,0,0
237,302,0,3.8469712928550911e-52,1,3.8469712928550911e-52,0,0,0
237,303,-2.2382602265018615e-38,1.1128436361367133e-36,1,1.1128436361367133e-36,0,0,0
238,239,9.4436795259244695e-38,-3.3301517413401435e-38,1,-3.3301517413401435e-38,0,0,0
238,302,-4.5976756593368949e-36,2.2870332302610417e-36,1,2.2870332302610417e-36,0,0,0
238,303,-2.2825884004230287e-68,1.814961074092734e-52,1,1.814961074092734e-52,0,0,0
238,304,2.3609198814811189e-38,-1.5403581377042722e-37,1,-1.5403581377042722e-37,0,0,0
239,240,2.7833760432441826e-38,-1.7644111763874114e-38,1,-1.7644111763874114e-38,0,0,0
239,303,-2.2033046700084082e-36,1.0981731149501487e-36,1,1.0981731149501487e-36,0,0,0
239,304,-2.8532355005287858e-69,-2.4265661882695899e-53,1,-2.4265661882695899e-53,0,0,0
239,305,6.958440108110459e-39,-1.0577324265241612e-37,1,-1.0577324265241612e-37,0,0,0
240,241,-7.4544630953064003e-39,2.4343196622145757e-39,1,2.4343196622145757e-39,0,0,0
240,304,2.8446242872604325e-37,-1.4129940647610832e-37,1,-1.4129940647610832e-37,0,0,0
240,305,0,-1.6880199689947187e-53,1,-1.6880199689947187e-53,0,0,0
240,306,-1.8636157738265975e-39,-1.5289452422334706e-38,1,-1.5289452422334706e-38,0,0,0
241,242,-2.5858237708772493e-39,1.1611235039681917e-39,1,1.1611235039681917e-39,0,0,0
241,305,2.0458804519672178e-37,-1.0197079462700123e-37,1,-1.0197079462700123e-37,0,0,0
241,306,3.5665443756609823e-70,-2.6475542321638442e-54,1,-2.6475542321638442e-54,0,0,0
241,307,-6.4645594271931234e-40,-9.3571709998662312e-40,1,-9.3571709998662312e-40,0,0,0
242,243,-2.6357676294086597e-40,1.2559351818842985e-40,1,1.2559351818842985e-40,0,0,0
242,306,3.2442520618496019e-38,-1.6188313213880398e-38,1,-1.6188313213880398e-38,0,0,0
242,307,0,-2.0416967716130412e-55,1,-2.0416967716130412e-55,0,0,0
242,308,-6.5894190735216502e-41,-2.4015819448688132e-41,1,-2.4015819448688132e-41,0,0,0
243,244,-1.2389726564006246e-41,6.0400894290982202e-42,1,6.0400894290982202e-42,0,0,0
243,307,2.5178901426925582e-39,-1.2573963555257784e-39,1,-1.2573963555257784e-39,0,0,0
243,308,0,-9.2283179424438786e-57,1,-9.2283179424438786e-57,0,0,0
243,309,-3.0974316410015615e-42,-1.5769992574589234e-43,1,-1.5769992574589234e-43,0,0,0
244,245,-3.0954770580980497e-43,1.5221696733656958e-43,1,1.5221696733656958e-43,0,0,0
244,308,1.1392582963259274e-40,-5.6924221353070146e-41,1,-5.6924221353070146e-41,0,0,0
244,309,0,-2.7773155159345999e-58,1,-2.7773155159345999e-58,0,0,0
244,310,-7.7386926452451223e-44,-1.5189419217818462e-46,1,-1.5189419217818462e-46,0,0,0
245,246,-5.1137711366657606e-45,2.5315698696365148e-45,1,2.5315698696365148e-45,0,0,0
245,309,3.4128314924933457e-42,-1.7057765248545899e-42,1,-1.7057765248545899e-42,0,0,0
245,310,0,-6.3625997847572725e-60,1,-6.3625997847572725e-60,0,0,0
245,311,-1.2784427841664401e-45,-0,1,-0,0,0,0
246,247,-5.063139739273027e-47,2.5315698696365135e-47,1,2.5315698696365135e-47,0,0,0
246,310,7.7690714836807613e-44,-3.8839028493729709e-44,1,-3.8839028493729709e-44,0,0,0
246,311,2.1258261058694019e-77,-1.0539776841441624e-61,1,-1.0539776841441624e-61,0,0,0
246,312,-1.2657849348182567e-47,6.3289246740912837e-48,1,6.3289246740912837e-48,0,0,0
247,248,0,-0,1,-0,0,0,0
247,311,1.2784427841664401e-45,-6.3922139208322007e-46,1,-6.3922139208322007e-46,0,0,0
247,312,0,-0,1,-0,0,0,0
247,313,0,-0,1,-0,0,0,0
248,249,0,-0,1,-0,0,0,0
248,312,0,-0,1,-0,0,0,0
248,313,0,-0,1,-0,0,0,0
248,314,0,-0,1,-0,0,0,0
249,250,0,-0,1,-0,0,0,0
249,313,0,-0,1,-0,0,0,0
249,314,0,-0,1,-0,0,0,0
249,315,0,-0,1,-0,0,0,0
250,251,0,-0,1,-0,0,0,0
250,314,0,-0,1,-0,0,0,0
250,315,0,-0,1,-0,0,0,0
250,316,0,-0,1,-0,0,0,0
251,252,0,-0,1,-0,0,0,0
251,315,0,-0,1,-0,0,0,0
251,316,0,-0,1,-0,0,0,0
251,317,0,-0,1,-0,0,0,0
252,253,0,-0,1,-0,0,0,0
252,316,0,-0,1,-0,0,0,0
252,317,0,-0,1,-0,0,0,0
252,318,0,-0,1,-0,0,0,0
253,254,0,-0,1,-0,0,0,0
253,317,0,-0,1,-0,0,0,0
253,318,0,-0,1,-0,0,0,0
253,319,0,-0,1,-0,0,0,0
254,255,0,-0,1,-0,0,0,0
254,318,0,-0,1,-0,0,0,0
254,319,0,-0,1,-0,0,0,0
254,320,0,-0,1,-0,0,0,0
255,256,0,-0,1,-0,0,0,0
255,319,0,-0,1,-0,0,0,0
255,320,0,-0,1,-0,0,0,0
255,321,0,-0,1,-0,0,0,0
256,257,0,-0,1,-0,0,0,0
256,320,0,-0,1,-0,0,0,0
256,321,0,-0,1,-0,0,0,0
256,322,0,-0,1,-0,0,0,0
257,258,0,-0,1,-0,0,0,0
257,321,0,-0,1,-0,0,0,0
257,322,0,-0,1,-0,0,0,0
257,323,0,-0,1,-0,0,0,0
258,259,0,-0,1,-0,0,0,0
258,322,0,-0,1,-0,0,0,0
258,323,0,-0,1,-0,0,0,0
258,324,0,-0,1,-0,0,0,0
259,323,0,-0,1,-0,0,0,0
259,324,0,-0,1,-0,0,0,0
260,261,0,-0,1,-0,0,0,0
260,325,0,-0,1,-0,0,0,0
260,326,0,-0,1,-0,0,0,0
261,262,0,-0,1,-0,0,0,0
261,325,0,-0,1,-0,0,0,0
261,326,0,-0,1,-0,0,0,0
261,327,0,-0,1,-0,0,0,0
262,263,0,-0,1,-0,0,0,0
262,326,0,-0,1,-0,0,0,0
262,327,0,-0,1,-0,0,0,0
262,328,0,-0,1,-0,0,0,0
263,264,0,-0,1,-0,0,0,0
263,327,0,-0,1,-0,0,0,0
263,328,0,-0,1,-0,0,0,0
263,329,0,-0,1,-0,0,0,0
264,265,0,-0,1,-0,0,0,0
264,328,0,-0,1,-0,0,0,0
264,329,0,-0,1,-0,0,0,0
264,330,0,-0,1,-0,0,0,0
265,266,0,-0,1,-0,0,0,0
265,329,0,-0,1,-0,0,0,0
265,330,0,-0,1,-0,0,0,0
265,331,0,-0,1,-0,0,0,0
266,267,0,-0,1,-0,0,0,0
266,330,0,-0,1,-0,0,0,0
266,331,0,-0,1,-0,0,0,0
266,332,0,-0,1,-0,0,0,0
267,268,0,-0,1,-0,0,0,0
267,331,0,-0,1,-0,0,0,0
267,332,0,-0,1,-0,0,0,0
267,333,0,-0,1,-0,0,0,0
268,269,0,-0,1,-0,0,0,0
268,332,0,-0,1,-0,0,0,0
268,333,0,-0,1,-0,0,0,0
268,334,0,-0,1,-0,0,0,0
269,270,0,-0,1,-0,0,0,0
269,333,0,-0,1,-0,0,0,0
269,334,0,-0,1,-0,0,0,0
269,335,0,-0,1,-0,0,0,0
270,271,0,-0,1,-0,0,0,0
270,334,0,-0,1,-0,0,0,0
270,335,0,-0,1,-0,0,0,0
270,336,0,-0,1,-0,0,0,0
271,272,0,-0,1,-0,0,0,0
271,335,0,-0,1,-0,0,0,0
271,336,0,-0,1,-0,0,0,0
271,337,0,-0,1,-0,0,0,0
272,273,0,-0,1,-0,0,0,0
272,336,0,-0,1,-0,0,0,0
272,337,0,-0,1,-0,0,0,0
272,338,0,-0,1,-0,0,0,0
273,274,0,-0,1,-0,0,0,0
273,337,0,-0,1,-0,0,0,0
273,338,0,-0,1,-0,0,0,0
273,339,0,-0,1,-0,0,0,0
274,275,0,-0,1,-0,0,0,0
274,338,0,-0,1,-0,0,0,0
274,339,0,-0,1,-0,0,0,0
274,340,0,-0,1,-0,0,0,0
275,276,0,-0,1,-0,0,0,0
275,339,0,-0,1,-0,0,0,0
275,340,0,-0,1,-0,0,0,0
275,341,0,-0,1,-0,0,0,0
276,277,0,-0,1,-0,0,0,0
276,340,0,-0,1,-0,0,0,0
276,341,0,-0,1,-0,0,0,0
276,342,0,-0,1,-0,0,0,0
277,278,0,-0,1,-0,0,0,0
277,341,0,-0,1,-0,0,0,0
277,342,0,-0,1,-0,0,0,0
277,343,0,-0,1,-0,0,0,0
278,279,0,-0,1,-0,0,0,0
278,342,0,-0,1,-0,0,0,0
278,343,0,-0,1,-0,0,0,0
278,344,0,-0,1,-0,0,0,0
279,280,0,-0,1,-0,0,0,0
279,343,0,-0,1,-0,0,0,0
279,344,0,-0,1,-0,0,0,0
279,345,0,-0,1,-0,0,0,0
280,281,0,-0,1,-0,0,0,0
280,344,0,-0,1,-0,0,0,0
280,345,0,-0,1,-0,0,0,0
280,346,0,-0,1,-0,0,0,0
281,282,0,-0,1,-0,0,0,0
281,345,0,-0,1,-0,0,0,0
281,346,0,-0,1,-0,0,0,0
281,347,0,-0,1,-0,0,0,0
282,283,0,-0,1,-0,0,0,0
282,346,0,-0,1,-0,0,0,0
282,347,0,-0,1,-0,0,0,0
282,348,0,-0,1,-0,0,0,0
283,284,0,-0,1,-0,0,0,0
283,347,0,-0,1,-0,0,0,0
283,348,0,-0,1,-0,0,0,0
283,349,0,-0,1,-0,0,0,0
284,285,0,-0,1,-0,0,0,0
284,348,0,-0,1,-0,0,0,0
284,349,0,-0,1,-0,0,0,0
284,350,0,-0,1,-0,0,0,0
285,286,0,-0,1,-0,0,0,0
285,349,0,-0,1,-0,0,0,0
285,350,0,-0,1,-0,0,0,0
285,351,0,-0,1,-0,0,0,0
286,287,0,-0,1,-0,0,0,0
286,350,0,-0,1,-0,0,0,0
286,351,0,-0,1,-0,0,0,0
286,352,0,-0,1,-0,0,0,0
287,288,0,-0,1,-0,0,0,0
287,351,0,-0,1,-0,0,0,0
287,352,0,-0,1,-0,0,0,0
287,353,0,-0,1,-0,0,0,0
288,289,0,-0,1,-0,0,0,0
288,352,0,-0,1,-0,0,0,0
288,353,0,-0,1,-0,0,0,0
288,354,0,-0,1,-0,0,0,0
289,290,0,-0,1,-0,0,0,0
289,353,0,-0,1,-0,0,0,0
289,354,0,-0,1,-0,0,0,0
289,355,0,-0,1,-0,0,0,0
290,291,0,-0,1,-0,0,0,0
290,354,0,-0,1,-0,0,0,0
290,355,0,-0,1,-0,0,0,0
290,356,0,-0,1,-0,0,0,0
291,292,0,-0,1,-0,0,0,0
291,355,0,-0,1,-0,0,0,0
291,356,0,-0,1,-0,0,0,0
291,357,0,-0,1,-0,0,0,0
292,293,0,-0,1,-0,0,0,0
292,356,0,-0,1,-0,0,0,0
292,357,0,-0,1,-0,0,0,0
292,358,0,-3.7824221197720247e-51,-0,0,0,0,0
293,294,0,-5.1689860170317309e-53,-0,0,0,0,0
293,357,0,-0,1,-0,0,0,0
293,358,0,-6.2989981893335931e-67,-0,0,0,0,0
293,359,0,-1.1763852482461565e-43,-0,0,0,0,0
294,295,-1.033798026250348e-52,-4.7089964948542994e-43,1.3658227946303382e-08,-6.4316547525063669e-51,0,0,0
294,358,7.5648442395440494e-51,-3.7694996547294451e-51,1.3658227946303382e-08,-5.148468552780666e-59,0,0,0
294,359,0,-1.9590749824331941e-59,1.3658227946303382e-08,-2.6757492673972859e-67,0,0,0
294,360,-2.5844950656258701e-53,-1.1773781557420256e-43,3.0094115536422563e-12,-3.543215424896064e-55,0,0,0
295,296,-9.4179929907423961e-43,-1.0317979554340632e-47,1.5695863362500498e-10,-1.6194959726200435e-57,0,0,0
295,359,2.3527704964923129e-43,8.6387559664279864e-47,1,8.6387559664279864e-47,0,0,0
295,360,5.4441077929999212e-76,-2.1488149335050661e-63,3.0094115536422563e-12,-6.4666684875291625e-75,0,0,0
295,361,-2.354498247685599e-43,2.9368514675959378e-44,1,2.9368514675959378e-44,0,0,0
296,297,-9.4181993503336367e-43,1.7173786130889717e-40,1.5695863362500498e-10,2.6955740052725107e-50,0,0,0
296,360,2.3547563117425009e-43,-1.0323707956510265e-47,3.0094115536422563e-12,-3.1068286000750478e-59,0,0,0
296,361,6.802643538782086e-76,4.8912697510363723e-60,1.5695863362500498e-10,7.6772701681398723e-70,0,0,0
296,362,-2.3545498504011148e-43,1.5033147390718215e-33,1.5695863362500498e-10,2.3595822735304401e-43,0,0,0
297,298,3.4253390268494046e-40,5.5696195416522114e-35,1.8572504824391764e-06,1.0344178580736235e-40,0,0,0
297,361,1.767127954166433e-43,-4.2905094233053442e-41,1.4821795045030898e-11,-6.3593051311005524e-52,0,0,0
297,362,4.6747410440663627e-65,2.5035218833635965e-49,1.8572504824391764e-06,4.6496672256740753e-55,0,0,0
297,363,8.5633475684393339e-41,7.9389337818231288e-34,1.8572504824391764e-06,1.474458859634368e-39,0,0,0
298,299,1.113927333669469e-34,-3.9368219306149792e-35,1,-3.9368219306149792e-35,0,0,0
298,362,-3.0066294779081883e-33,1.4893906472832258e-33,1,1.4893906472832258e-33,0,0,0
298,363,-2.3373705220331814e-65,1.298909861882385e-49,1,1.298909861882385e-49,0,0,0
298,364,2.7848183341736719e-35,-1.1738255836697041e-33,1,-1.1738255836697041e-33,0,0,0
299,300,3.2656294754647308e-35,-5.3134263398636676e-35,1,-5.3134263398636676e-35,0,0,0
299,363,-1.5877868419981015e-33,7.8981138415471981e-34,1,7.8981138415471981e-34,0,0,0
299,364,-2.3373705220331814e-65,-1.9384219710091858e-49,1,-1.9384219710091858e-49,0,0,0
299,365,8.1640736886619192e-36,-7.558655318057066e-34,1,-7.558655318057066e-34,0,0,0
300,301,-7.361223204262605e-35,2.1151582436909158e-35,1,2.1151582436909158e-35,0,0,0
300,364,2.3198029839976713e-33,-1.1506999629935074e-33,1,-1.1506999629935074e-33,0,0,0
300,365,0,-1.2366473944137274e-49,1,-1.2366473944137274e-49,0,0,0
300,366,-1.840305801065651e-35,3.0126290767852881e-34,1,3.0126290767852881e-34,0,0,0
301,302,-3.1309067168807728e-35,2.4849884903077654e-35,1,2.4849884903077654e-35,0,0,0
301,365,1.5035669899227513e-33,-7.4786986156527484e-34,1,-7.4786986156527484e-34,0,0,0
301,366,-5.8434263050829534e-66,4.9289740966957099e-50,1,4.9289740966957099e-50,0,0,0
301,367,-7.8272667922019292e-36,2.3495564853384243e-34,1,2.3495564853384243e-34,0,0,0
302,303,1.839070263734758e-35,-4.7887419786569735e-36,1,-4.7887419786569735e-36,0,0,0
302,366,-5.8412275734640116e-34,2.8976254084353211e-34,1,2.8976254084353211e-34,0,0,0
302,367,0,3.8093391326000618e-50,1,3.8093391326000618e-50,0,0,0
302,368,4.5976756593368949e-36,-8.387952777343809e-36,1,-8.387952777343809e-36,0,0,0
303,304,8.8132186800336327e-36,-4.9755341974689026e-36,1,-4.9755341974689026e-36,0,0,0
303,367,-4.6208403027548297e-34,2.2994036280273728e-34,1,2.2994036280273728e-34,0,0,0
303,368,-1.8260707203384229e-67,-1.1975033102928194e-51,1,-1.1975033102928194e-51,0,0,0
303,369,2.2033046700084098e-36,-2.3090250433371397e-35,1,-2.3090250433371397e-35,0,0,0
304,305,-1.1378497149041732e-36,1.5974876705864299e-37,1,1.5974876705864299e-37,0,0,0
304,368,1.2178229895350725e-35,-5.9468837333123404e-36,1,-5.9468837333123404e-36,0,0,0
304,369,7.3042828813536917e-67,-3.6381509278544965e-51,1,-3.6381509278544965e-51,0,0,0
304,370,-2.8446242872604359e-37,-4.8921232555278962e-36,1,-4.8921232555278962e-36,0,0,0
305,306,-8.1835218078688711e-37,3.4429104915645151e-37,1,3.4429104915645151e-37,0,0,0
305,369,4.3977196196734382e-35,-2.1886304075768831e-35,1,-2.1886304075768831e-35,0,0,0
305,370,9.1303536016921147e-68,-8.2135306011408719e-52,1,-8.2135306011408719e-52,0,0,0
305,371,-2.0458804519672186e-37,-4.5971473849699536e-37,1,-4.5971473849699536e-37,0,0,0
306,307,-1.2977008247398406e-37,5.9849260951606904e-38,1,5.9849260951606904e-38,0,0,0
306,370,1.0068708939781836e-35,-5.0181332095816698e-36,1,-5.0181332095816698e-36,0,0,0
306,371,0,-9.0891877488803771e-53,1,-9.0891877488803771e-53,0,0,0
306,372,-3.2442520618496019e-38,-2.1778076427092411e-38,1,-2.1778076427092411e-38,0,0,0
307,308,-1.0071560570770233e-38,4.8079286261199313e-39,1,4.8079286261199313e-39,0,0,0
307,371,1.1240175221907127e-36,-5.6074981602401013e-37,1,-5.6074981602401013e-37,0,0,0
307,372,-7.1330887513219646e-70,-6.1185043140334042e-54,1,-6.1185043140334042e-54,0,0,0
307,373,-2.5178901426925585e-39,-4.8606740684190174e-40,1,-4.8606740684190174e-40,0,0,0
308,309,-4.5570331853037102e-40,2.2102599628019879e-40,1,2.2102599628019879e-40,0,0,0
308,372,7.5998673472680835e-38,-3.7942373821524122e-38,1,-3.7942373821524122e-38,0,0,0
308,373,4.4581804695762279e-71,-2.8111672379458645e-55,1,-2.8111672379458645e-55,0,0,0
308,374,-1.1392582963259276e-40,-3.704399250714486e-42,1,-3.704399250714486e-42,0,0,0
309,310,-1.3651325969973383e-41,6.6702815553130764e-42,1,6.6702815553130764e-42,0,0,0
309,373,3.490024956376362e-39,-1.7433060624419342e-39,1,-1.7433060624419342e-39,0,0,0
309,374,0,-9.8189620302442746e-57,1,-9.8189620302442746e-57,0,0,0
309,375,-3.4128314924933457e-42,-1.5341313409996163e-44,1,-1.5341313409996163e-44,0,0,0
310,311,-3.1076285934723045e-43,1.5282454410528232e-43,1,1.5282454410528232e-43,0,0,0
310,374,1.2133462813402173e-40,-6.062846870959247e-41,1,-6.062846870959247e-41,0,0,0
310,375,0,-2.802610980354058e-58,1,-2.802610980354058e-58,0,0,0
310,376,-7.7690714836807603e-44,7.6690744738301176e-45,1,7.6690744738301176e-45,0,0,0
311,312,-5.1137711366657606e-45,2.5568855683328803e-45,1,2.5568855683328803e-45,0,0,0
311,375,3.4435141193133381e-42,-1.7211178382645858e-42,1,-1.7211178382645858e-42,0,0,0
311,376,0,-5.0854423259955837e-60,1,-5.0854423259955837e-60,0,0,0
311,377,-1.2784427841664401e-45,6.3922139208322007e-46,1,6.3922139208322007e-46,0,0,0
312,313,0,-0,1,-0,0,0,0
312,376,6.235256588914737e-44,-3.1176282944573685e-44,1,-3.1176282944573685e-44,0,0,0
312,377,0,-0,1,-0,0,0,0
312,378,0,-0,1,-0,0,0,0
313,314,0,-0,1,-0,0,0,0
313,377,0,-0,1,-0,0,0,0
313,378,0,-0,1,-0,0,0,0
313,379,0,-0,1,-0,0,0,0
314,315,0,-0,1,-0,0,0,0
314,378,0,-0,1,-0,0,0,0
314,379,0,-0,1,-0,0,0,0
314,380,0,-0,1,-0,0,0,0
315,316,0,-0,1,-0,0,0,0
315,379,0,-0,1,-0,0,0,0
315,380,0,-0,1,-0,0,0,0
315,381,0,-0,1,-0,0,0,0
316,317,0,-0,1,-0,0,0,0
316,380,0,-0,1,-0,0,0,0
316,381,0,-0,1,-0,0,0,0
316,382,0,-0,1,-0,0,0,0
317,318,0,-0,1,-0,0,0,0
317,381,0,-0,1,-0,0,0,0
317,382,0,-0,1,-0,0,0,0
317,383,0,-0,1,-0,0,0,0
318,319,0,-0,1,-0,0,0,0
318,382,0,-0,1,-0,0,0,0
318,383,0,-0,1,-0,0,0,0
318,384,0,-0,1,-0,0,0,0
319,320,0,-0,1,-0,0,0,0
319,383,0,-0,1,-0,0,0,0
319,384,0,-0,1,-0,0,0,0
319,385,0,-0,1,-0,0,0,0
320,321,0,-0,1,-0,0,0,0
320,384,0,-0,1,-0,0,0,0
320,385,0,-0,1,-0,0,0,0
320,386,0,-0,1,-0,0,0,0
321,322,0,-0,1,-0,0,0,0
321,385,0,-0,1,-0,0,0,0
321,386,0,-0,1,-0,0,0,0
321,387,0,-0,1,-0,0,0,0
322,323,0,-0,1,-0,0,0,0
322,386,0,-0,1,-0,0,0,0
322,387,0,-0,1,-0,0,0,0
322,388,0,-0,1,-0,0,0,0
323,324,0,-0,1,-0,0,0,0
323,387,0,-0,1,-0,0,0,0
323,388,0,-0,1,-0,0,0,0
323,389,0,-0,1,-0,0,0,0
324,388,0,-0,1,-0,0,0,0
324,389,0,-0,1,-0,0,0,0
325,326,0,-0,1,-0,0,0,0
325,390,0,-0,1,-0,0,0,0
325,391,0,-0,1,-0,0,0,0
326,327,0,-0,1,-0,0,0,0
326,390,0,-0,1,-0,0,0,0
326,391,0,-0,1,-0,0,0,0
326,392,0,-0,1,-0,0,0,0
327,328,0,-0,1,-0,0,0,0
327,391,0,-0,1,-0,0,0,0
327,392,0,-0,1,-0,0,0,0
327,393,0,-0,1,-0,0,0,0
328,329,0,-0,1,-0,0,0,0
328,392,0,-0,1,-0,0,0,0
328,393,0,-0,1,-0,0,0,0
328,394,0,-0,1,-0,0,0,0
329,330,0,-0,1,-0,0,0,0
329,393,0,-0,1,-0,0,0,0
329,394,0,-0,1,-0,0,0,0
329,395,0,-0,1,-0,0,0,0
330,331,0,-0,1,-0,0,0,0
330,394,0,-0,1,-0,0,0,0
330,395,0,-0,1,-0,0,0,0
330,396,0,-0,1,-0,0,0,0
331,332,0,-0,1,-0,0,0,0
331,395,0,-0,1,-0,0,0,0
331,396,0,-0,1,-0,0,0,0
331,397,0,-0,1,-0,0,0,0
332,333,0,-0,1,-0,0,0,0
332,396,0,-0,1,-0,0,0,0
332,397,0,-0,1,-0,0,0,0
332,398,0,-0,1,-0,0,0,0
333,334,0,-0,1,-0,0,0,0
333,397,0,-0,1,-0,0,0,0
333,398,0,-0,1,-0,0,0,0
333,399,0,-0,1,-0,0,0,0
334,335,0,-0,1,-0,0,0,0
334,398,0,-0,1,-0,0,0,0
334,399,0,-0,1,-0,0,0,0
334,400,0,-0,1,-0,0,0,0
335,336,0,-0,1,-0,0,0,0
335,399,0,-0,1,-0,0,0,0
335,400,0,-0,1,-0,0,0,0
335,401,0,-0,1,-0,0,0,0
336,337,0,-0,1,-0,0,0,0
336,400,0,-0,1,-0,0,0,0
336,401,0,-0,1,-0,0,0,0
336,402,0,-0,1,-0,0,0,0
337,338,0,-0,1,-0,0,0,0
337,401,0,-0,1,-0,0,0,0
337,402,0,-0,1,-0,0,0,0
337,403,0,-0,1,-0,0,0,0
338,339,0,-0,1,-0,0,0,0
338,402,0,-0,1,-0,0,0,0
338,403,0,-0,1,-0,0,0,0
338,404,0,-0,1,-0,0,0,0
339,340,0,-0,1,-0,0,0,0
339,403,0,-0,1,-0,0,0,0
339,404,0,-0,1,-0,0,0,0
339,405,0,-0,1,-0,0,0,0
340,341,0,-0,1,-0,0,0,0
340,404,0,-0,1,-0,0,0,0
340,405,0,-0,1,-0,0,0,0
340,406,0,-0,1,-0,0,0,0
341,342,0,-0,1,-0,0,0,0
341,405,0,-0,1,-0,0,0,0
341,406,0,-0,1,-0,0,0,0
341,407,0,-0,1,-0,0,0,0
342,343,0,-0,1,-0,0,0,0
342,406,0,-0,1,-0,0,0,0
342,407,0,-0,1,-0,0,0,0
342,408,0,-0,1,-0,0,0,0
343,344,0,-0,1,-0,0,0,0
343,407,0,-0,1,-0,0,0,0
343,408,0,-0,1,-0,0,0,0
343,409,0,-0,1,-0,0,0,0
344,345,0,-0,1,-0,0,0,0
344,408,0,-0,1,-0,0,0,0
344,409,0,-0,1,-0,0,0,0
344,410,0,-0,1,-0,0,0,0
345,346,0,-0,1,-0,0,0,0
345,409,0,-0,1,-0,0,0,0
345,410,0,-0,1,-0,0,0,0
345,411,0,-0,1,-0,0,0,0
346,347,0,-0,1,-0,0,0,0
346,410,0,-0,1,-0,0,0,0
346,411,0,-0,1,-0,0,0,0
346,412,0,-0,1,-0,0,0,0
347,348,0,-0,1,-0,0,0,0
347,411,0,-0,1,-0,0,0,0
347,412,0,-0,1,-0,0,0,0
347,413,0,-0,1,-0,0,0,0
348,349,0,-0,1,-0,0,0,0
348,412,0,-0,1,-0,0,0,0
348,413,0,-0,1,-0,0,0,0
348,414,0,-0,1,-0,0,0,0
349,350,0,-0,1,-0,0,0,0
349,413,0,-0,1,-0,0,0,0
349,414,0,-0,1,-0,0,0,0
349,415,0,-0,1,-0,0,0,0
350,351,0,-0,1,-0,0,0,0
350,414,0,-0,1,-0,0,0,0
350,415,0,-0,1,-0,0,0,0
350,416,0,-0,1,-0,0,0,0
351,352,0,-0,1,-0,0,0,0
351,415,0,-0,1,-0,0,0,0
351,416,0,-0,1,-0,0,0,0
351,417,0,-0,1,-0,0,0,0
352,353,0,-0,1,-0,0,0,0
352,416,0,-0,1,-0,0,0,0
352,417,0,-0,1,-0,0,0,0
352,418,0,-5.8478514132264297e-46,-0,0,0,0,0
353,354,0,-0,1,-0,0,0,0
353,417,0,-0,1,-0,0,0,0
353,418,0,-9.7386289253261199e-62,-0,0,0,0,0
353,419,0,-1.0804622689921428e-43,-0,0,0,0,0
354,355,0,-0,1,-0,0,0,0
354,418,1.1695702826452859e-45,-5.8478514132264297e-46,1,-5.8478514132264297e-46,0,0,0
354,419,0,-1.7993311324107252e-59,0.004329461155311921,-7.7901342433156464e-62,0,0,0
354,420,0,2.912498350779022e-46,1,2.912498350779022e-46,0,0,0
355,356,0,-0,1,-0,0,0,0
355,419,2.1609245379842855e-43,-1.0804622689921428e-43,0.004329461155311921,-4.6778194233816617e-46,0,0,0
355,420,0,4.8502840923265011e-62,0.0020880955064385477,1.0127856418137336e-64,0,0,0
355,421,0,2.419027813604905e-39,0.0020880955064385477,5.051161107538267e-42,0,0,0
356,357,0,-0,1,-0,0,0,0
356,420,-5.824996701558044e-46,2.912498350779022e-46,1,2.912498350779022e-46,0,0,0
356,421,0,4.0284905638092283e-55,0.0059361714148851831,2.3913810530019037e-57,0,0,0
356,422,0,-1.6957081169634763e-49,1,-1.6957081169634763e-49,0,0,0
357,358,0,-1.5129688479088099e-50,0.080870661127019849,-1.22354790994971e-51,0,0,0
357,421,-4.83805562720981e-39,2.419027813604905e-39,0.0059361714148851831,1.435976375893364e-41,0,0,0
357,422,0,-2.8239212917449302e-65,0.080870661127019849,-2.2837238183408039e-66,0,0,0
357,423,0,-1.3984002196841633e-36,0.080870661127019849,-1.1308955028602809e-37,0,0,0
358,359,-3.0259376872314207e-50,-4.7055408416877424e-43,8.1276914523689422e-07,-3.8245184077758424e-49,0,0,0
358,422,3.3914162339269526e-49,-1.6578838957657558e-49,8.1276914523689422e-07,-1.3474768768635455e-55,0,0,0
358,423,0,-2.3288041823013477e-52,8.1276914523689422e-07,-1.8927801846731708e-58,0,0,0
358,424,-7.5648442425876578e-51,-1.177378118047212e-43,8.1276914523689422e-07,-9.5693660662585561e-50,0,0,0
359,360,-9.4110819859692517e-43,-3.9716305003750117e-46,3.0094115536422563e-12,-1.1952270714626536e-57,0,0,0
359,423,2.7968004393683267e-36,-1.3984001020456385e-36,1,-1.3984001020456385e-36,0,0,0
359,424,5.4474293962903423e-76,-1.6535233603617748e-62,0.0030335786607861141,-5.0160931811048279e-65,0,0,0
359,425,-2.3527704964923129e-43,2.3952766995705675e-44,1,2.3952766995705675e-44,0,0,0
360,361,-9.4190252469700038e-43,1.175256715152179e-43,3.0094115536422563e-12,3.5368311370746136e-55,0,0,0
360,424,2.3547563117428666e-43,-1.8273989676005477e-56,0.0030335786607861141,-5.5435585128555973e-59,0,0,0
360,425,0,4.0054722469176725e-60,3.0094115536422563e-12,1.2054114457667451e-71,0,0,0
360,426,-2.3548551212504644e-43,7.8513634306166975e-32,3.0094115536422563e-12,2.3627983819942192e-43,0,0,0
361,362,-7.0685149369471166e-43,6.0132589561698021e-33,1.4821795045030898e-11,8.9127291801045244e-44,0,0,0
361,425,1.8737151565781999e-43,-5.3293601205894261e-45,0.00015747932539527743,-8.3926403657891713e-49,0,0,0
361,426,-1.4959171341012361e-63,1.3075146683051037e-47,1.4821795045030898e-11,1.9379714431989802e-58,0,0,0
361,427,-1.7672529478927214e-43,7.0084800442591985e-32,1.4821795045030898e-11,1.0387825479319892e-42,0,0,0
362,363,1.2026517911632752e-32,-2.8376852718201732e-33,1,-2.8376852718201732e-33,0,0,0
362,426,-1.5702726861209844e-31,7.7010319567095128e-32,1,7.7010319567095128e-32,0,0,0
362,427,1.4959171341012361e-63,1.1421111673662258e-47,0.73915338937046327,8.4419534039660223e-48,0,0,0
362,428,3.0066294779082061e-33,-9.4525706249473854e-32,1,-9.4525706249473854e-32,0,0,0
363,364,6.3511473679924074e-33,-7.8151796519915456e-33,1,-7.8151796519915456e-33,0,0,0
363,427,-1.4016960088500723e-31,6.929090702150456e-32,0.73915338937046327,5.121660877749873e-32,0,0,0
363,428,0,-1.5623549942364953e-47,1,-1.5623549942364953e-47,0,0,0
363,429,1.5877868419981018e-33,-9.6558160770589253e-32,1,-9.6558160770589253e-32,0,0,0
364,365,-9.2792119359906839e-33,1.6324719881498397e-33,1,1.6324719881498397e-33,0,0,0
364,428,1.860447830210395e-31,-9.1862490018520918e-32,1,-9.1862490018520918e-32,0,0,0
364,429,0,-1.5754791780774005e-47,1,-1.5754791780774005e-47,0,0,0
364,430,-2.3198029839976713e-33,2.3793853297428982e-32,1,2.3793853297428982e-32,0,0,0
365,366,-6.0142679596910052e-33,4.1753794945383046e-33,1,4.1753794945383046e-33,0,0,0
365,429,1.9152853469918037e-31,-9.501248385462881e-32,1,-9.501248385462881e-32,0,0,0
365,430,0,3.8945072667425969e-48,1,3.8945072667425969e-48,0,0,0
365,431,-1.5035669899227542e-33,3.495011589662419e-32,1,3.495011589662419e-32,0,0,0
366,367,2.3364910293856043e-33,-2.4407745414183621e-34,1,-2.4407745414183621e-34,0,0,0
366,430,-4.5267903610860291e-32,2.2341890426756945e-32,1,2.2341890426756945e-32,0,0,0
366,431,0,5.646528415335576e-48,1,5.646528415335576e-48,0,0,0
366,432,5.8412275734640142e-34,2.2189424556179385e-33,1,2.2189424556179385e-33,0,0,0
367,368,1.8483361211019315e-33,-9.4852452034166724e-34,1,-9.4852452034166724e-34,0,0,0
367,431,-6.8396664803325617e-32,3.3967290386525067e-32,1,3.3967290386525067e-32,0,0,0
367,432,-4.6747410440663627e-65,3.7968991603355413e-49,1,3.7968991603355413e-49,0,0,0
367,433,4.620840302754828e-34,-3.6202725023211734e-33,1,-3.6202725023211734e-33,0,0,0
368,369,-4.8712919581402887e-35,-6.3597932602767315e-35,1,-6.3597932602767315e-35,0,0,0
368,432,-5.0220076685822775e-33,2.5170929492388144e-33,1,2.5170929492388144e-33,0,0,0
368,433,-9.3494820881327254e-65,-5.6340621705271295e-49,1,-5.6340621705271295e-49,0,0,0
368,434,-1.2178229895350829e-35,-1.0912328979018206e-33,1,-1.0912328979018206e-33,0,0,0
369,370,-1.7590878478693753e-34,6.7816974513905092e-35,1,6.7816974513905092e-35,0,0,0
369,433,6.7784609743668645e-33,-3.3672418890850649e-33,1,-3.3672418890850649e-33,0,0,0
369,434,-2.3373705220331814e-65,-1.7907898743082446e-49,1,-1.7907898743082446e-49,0,0,0
369,435,-4.3977196196734409e-35,-1.4227660297598614e-34,1,-1.4227660297598614e-34,0,0,0
370,371,-4.0274835759127345e-35,1.7889382835182246e-35,1,1.7889382835182246e-35,0,0,0
370,434,2.194644025698992e-33,-1.0922876583796049e-33,1,-1.0922876583796049e-33,0,0,0
370,435,0,-2.65172628196246e-50,1,-2.65172628196246e-50,0,0,0
370,436,-1.0068708939781837e-35,-1.0060220160032063e-35,1,-1.0060220160032063e-35,0,0,0
371,372,-4.4960700887628507e-36,2.0960376974360639e-36,1,2.0960376974360639e-36,0,0,0
371,435,3.2853040214870669e-34,-1.6370319231325798e-34,1,-1.6370319231325798e-34,0,0,0
371,436,0,-2.4201583851681199e-51,1,-2.4201583851681199e-51,0,0,0
371,437,-1.1240175221907127e-36,-3.9625333613091342e-37,1,-3.9625333613091342e-37,0,0,0
372,373,-3.0399469389072334e-37,1.4501729703260895e-37,1,1.4501729703260895e-37,0,0,0
372,436,3.0189149259845968e-35,-1.5056575293186645e-35,1,-1.5056575293186645e-35,0,0,0
372,437,0,-1.5325453581015388e-52,1,-1.5325453581015388e-52,0,0,0
372,438,-7.5998673472680845e-38,-8.0955540196088048e-39,1,-8.0955540196088048e-39,0,0,0
373,374,-1.3960099825505448e-38,6.7373806564846806e-39,1,6.7373806564846806e-39,0,0,0
373,437,1.9165241944525395e-36,-9.5651708474808156e-37,1,-9.5651708474808156e-37,0,0,0
373,438,0,-7.385738400494013e-54,1,-7.385738400494013e-54,0,0,0
373,439,-3.490024956376362e-39,-7.779968151514973e-41,1,-7.779968151514973e-41,0,0,0
374,375,-4.8533851253608692e-40,2.3578222802941676e-40,1,2.3578222802941676e-40,0,0,0
374,438,9.2189781511898434e-38,-4.6034223441882209e-38,1,-4.6034223441882209e-38,0,0,0
374,439,0,-2.9345606705249785e-55,1,-2.9345606705249785e-55,0,0,0
374,440,-1.2133462813402173e-40,3.7105251223886451e-42,1,3.7105251223886451e-42,0,0,0
375,376,-1.3774056477253352e-41,6.7623231068483824e-42,1,6.7623231068483824e-42,0,0,0
375,439,3.6456243194066611e-39,-1.8210904026436743e-39,1,-1.8210904026436743e-39,0,0,0
375,440,-1.3931813967425712e-72,-9.1984806246890154e-57,1,-9.1984806246890154e-57,0,0,0
375,441,-3.4435141193133381e-42,7.4377364546803893e-43,1,7.4377364546803893e-43,0,0,0
376,377,-2.4941026355658948e-43,1.2470513177829474e-43,1,1.2470513177829474e-43,0,0,0
376,440,1.1391357788924442e-40,-5.692561266167765e-41,1,-5.692561266167765e-41,0,0,0
376,441,0,-1.5767506154796667e-58,1,-1.5767506154796667e-58,0,0,0
376,442,-6.235256588914737e-44,3.1169954019899593e-44,1,3.1169954019899593e-44,0,0,0
377,378,0,-0,1,-0,0,0,0
377,441,1.9559668283772605e-42,-9.7798341418863026e-43,1,-9.7798341418863026e-43,0,0,0
377,442,0,-1.0539776841441618e-63,1,-1.0539776841441618e-63,0,0,0
377,443,0,-0,1,-0,0,0,0
378,379,0,-0,1,-0,0,0,0
378,442,1.2657849348182567e-47,-6.3289246740912837e-48,1,-6.3289246740912837e-48,0,0,0
378,443,0,-0,1,-0,0,0,0
378,444,0,-0,1,-0,0,0,0
379,380,0,-0,1,-0,0,0,0
379,443,0,-0,1,-0,0,0,0
379,444,0,-0,1,-0,0,0,0
379,445,0,-0,1,-0,0,0,0
380,381,0,-0,1,-0,0,0,0
380,444,0,-0,1,-0,0,0,0
380,445,0,-0,1,-0,0,0,0
380,446,0,-0,1,-0,0,0,0
381,382,0,-0,1,-0,0,0,0
381,445,0,-0,1,-0,0,0,0
381,446,0,-0,1,-0,0,0,0
381,447,0,-0,1,-0,0,0,0
382,383,0,-0,1,-0,0,0,0
382,446,0,-0,1,-0,0,0,0
382,447,0,-0,1,-0,0,0,0
382,448,0,-0,1,-0,0,0,0
383,384,0,-0,1,-0,0,0,0
383,447,0,-0,1,-0,0,0,0
383,448,0,-0,1,-0,0,0,0
383,449,0,-0,1,-0,0,0,0
384,385,0,-0,1,-0,0,0,0
384,448,0,-0,1,-0,0,0,0
384,449,0,-0,1,-0,0,0,0
384,450,0,-0,1,-0,0,0,0
385,386,0,-0,1,-0,0,0,0
385,449,0,-0,1,-0,0,0,0
385,450,0,-0,1,-0,0,0,0
385,451,0,-0,1,-0,0,0,0
386,387,0,-0,1,-0,0,0,0
386,450,0,-0,1,-0,0,0,0
386,451,0,-0,1,-0,0,0,0
386,452,0,-0,1,-0,0,0,0
387,388,0,-0,1,-0,0,0,0
387,451,0,-0,1,-0,0,0,0
387,452,0,-0,1,-0,0,0,0
387,453,0,-0,1,-0,0,0,0
388,389,0,-0,1,-0,0,0,0
388,452,0,-0,1,-0,0,0,0
388,453,0,-0,1,-0,0,0,0
388,454,0,-0,1,-0,0,0,0
389,453,0,-0,1,-0,0,0,0
389,454,0,-0,1,-0,0,0,0
390,391,0,-0,1,-0,0,0,0
390,455,0,-0,1,-0,0,0,0
390,456,0,-0,1,-0,0,0,0
391,392,0,-0,1,-0,0,0,0
391,455,0,-0,1,-0,0,0,0
391,456,0,-0,1,-0,0,0,0
391,457,0,-0,1,-0,0,0,0
392,393,0,-0,1,-0,0,0,0
392,456,0,-0,1,-0,0,0,0
392,457,0,-0,1,-0,0,0,0
392,458,0,-0,1,-0,0,0,0
393,394,0,-0,1,-0,0,0,0
393,457,0,-0,1,-0,0,0,0
393,458,0,-0,1,-0,0,0,0
393,459,0,-0,1,-0,0,0,0
394,395,0,-0,1,-0,0,0,0
394,458,0,-0,1,-0,0,0,0
394,459,0,-0,1,-0,0,0,0
394,460,0,-0,1,-0,0,0,0
395,396,0,-0,1,-0,0,0,0
395,459,0,-0,1,-0,0,0,0
395,460,0,-0,1,-0,0,0,0
395,461,0,-0,1,-0,0,0,0
396,397,0,-0,1,-0,0,0,0
396,460,0,-0,1,-0,0,0,0
396,461,0,-0,1,-0,0,0,0
396,462,0,-0,1,-0,0,0,0
397,398,0,-0,1,-0,0,0,0
397,461,0,-0,1,-0,0,0,0
397,462,0,-0,1,-0,0,0,0
397,463,0,-0,1,-0,0,0,0
398,399,0,-0,1,-0,0,0,0
398,462,0,-0,1,-0,0,0,0
398,463,0,-0,1,-0,0,0,0
398,464,0,-0,1,-0,0,0,0
399,400,0,-0,1,-0,0,0,0
399,463,0,-0,1,-0,0,0,0
399,464,0,-0,1,-0,0,0,0
399,465,0,-0,1,-0,0,0,0
400,401,0,-0,1,-0,0,0,0
400,464,0,-0,1,-0,0,0,0
400,465,0,-0,1,-0,0,0,0
400,466,0,-0,1,-0,0,0,0
401,402,0,-0,1,-0,0,0,0
401,465,0,-0,1,-0,0,0,0
401,466,0,-0,1,-0,0,0,0
401,467,0,-0,1,-0,0,0,0
402,403,0,-0,1,-0,0,0,0
402,466,0,-0,1,-0,0,0,0
402,467,0,-0,1,-0,0,0,0
402,468,0,-0,1,-0,0,0,0
403,404,0,-0,1,-0,0,0,0
403,467,0,-0,1,-0,0,0,0
403,468,0,-0,1,-0,0,0,0
403,469,0,-0,1,-0,0,0,0
404,405,0,-0,1,-0,0,0,0
404,468,0,-0,1,-0,0,0,0
404,469,0,-0,1,-0,0,0,0
404,470,0,-0,1,-0,0,0,0
405,406,0,-0,1,-0,0,0,0
405,469,0,-0,1,-0,0,0,0
405,470,0,-0,1,-0,0,0,0
405,471,0,-0,1,-0,0,0,0
406,407,0,-0,1,-0,0,0,0
406,470,0,-0,1,-0,0,0,0
406,471,0,-0,1,-0,0,0,0
406,472,0,-0,1,-0,0,0,0
407,408,0,-0,1,-0,0,0,0
407,471,0,-0,1,-0,0,0,0
407,472,0,-0,1,-0,0,0,0
407,473,0,-0,1,-0,0,0,0
408,409,0,-0,1,-0,0,0,0
408,472,0,-0,1,-0,0,0,0
408,473,0,-0,1,-0,0,0,0
408,474,0,-0,1,-0,0,0,0
409,410,0,-0,1,-0,0,0,0
409,473,0,-0,1,-0,0,0,0
409,474,0,-0,1,-0,0,0,0
409,475,0,-0,1,-0,0,0,0
410,411,0,-0,1,-0,0,0,0
410,474,0,-0,1,-0,0,0,0
410,475,0,-0,1,-0,0,0,0
410,476,0,-0,1,-0,0,0,0
411,412,0,-0,1,-0,0,0,0
411,475,0,-0,1,-0,0,0,0
411,476,0,-0,1,-0,0,0,0
411,477,0,-0,1,-0,0,0,0
412,413,0,-0,1,-0,0,0,0
412,476,0,-0,1,-0,0,0,0
412,477,0,-0,1,-0,0,0,0
412,478,0,-0,1,-0,0,0,0
413,414,0,-0,1,-0,0,0,0
413,477,0,-0,1,-0,0,0,0
413,478,0,-0,1,-0,0,0,0
413,479,0,-0,1,-0,0,0,0
414,415,0,-0,1,-0,0,0,0
414,478,0,-0,1,-0,0,0,0
414,479,0,-0,1,-0,0,0,0
414,480,0,-0,1,-0,0,0,0
415,416,0,-0,1,-0,0,0,0
415,479,0,-0,1,-0,0,0,0
415,480,0,-0,1,-0,0,0,0
415,481,0,-0,1,-0,0,0,0
416,417,0,-0,1,-0,0,0,0
416,480,0,-0,1,-0,0,0,0
416,481,0,-0,1,-0,0,0,0
416,482,0,-1.7061795537380271e-43,-0,0,0,0,0
417,418,0,-2.3391405652905719e-45,-0,0,0,0,0
417,481,0,-0,1,-0,0,0,0
417,482,0,-2.8413597370569495e-59,-0,0,0,0,0
417,483,0,-1.057922816386922e-42,-0,0,0,0,0
418,419,-4.6782811305811244e-45,-4.2984576703156659e-43,0.004329461155311921,-1.8610005511384252e-45,0,0,0
418,482,3.4123591074760542e-43,-1.7003317023248006e-43,0.52847347855424376,-8.9858020942364634e-44,0,0,0
418,483,-2.1768459324102675e-74,-1.760821540651047e-58,0.0001666561560757834,-2.9345174950034227e-62,0,0,0
418,484,-1.1695702826452934e-45,-8.648807907806348e-44,0.0013751161824502639,-1.1893115712928319e-46,0,0,0
419,420,-8.6436981519371421e-43,4.3334990693716874e-43,0.004329461155311921,1.876171588742508e-45,0,0,0
419,483,2.115845632773844e-42,-9.4987658948770774e-43,0.0001666561560757834,-1.5830278115039626e-46,0,0,0
419,484,6.802643538782086e-76,3.4927665226438818e-60,0.004329461155311921,1.5121796984360582e-62,0,0,0
419,485,-2.1609245379846981e-43,1.0504272975076705e-38,0.004329461155311921,4.5477841810387382e-41,0,0,0
420,421,2.3299986790360475e-45,9.6761100894202812e-39,0.00035053448228950521,3.3918102407711963e-42,0,0,0
420,484,1.7414572843877224e-43,-8.7364114054464019e-44,0.0013751161824502639,-1.20135807001724e-46,0,0,0
420,485,3.5665443756609823e-70,1.7492948152675284e-54,0.00035053448228950521,6.1318815244151867e-58,0,0,0
420,486,5.8249966975901188e-46,2.4181107742605883e-39,0.00035053448228950521,8.4763120837410999e-43,0,0,0
421,422,1.935222250883924e-38,-9.6761112550979033e-39,0.0059361714148851831,-5.743905503976097e-41,0,0,0
421,485,-2.1008329857699611e-38,8.0851371152449017e-39,0.015440542737243317,1.2483890516441104e-40,0,0,0
421,486,-1.782836818644009e-71,-1.5266922634131209e-58,0.0059361714148851831,-9.062706973399329e-61,0,0,0
421,487,4.8380556272020926e-39,-6.7724937542228974e-35,0.0059361714148851831,-4.0202683831306405e-37,0,0,0
422,423,-1.3561196944437018e-48,-5.5936008787359759e-36,0.0033010290596914701,-1.84646390490232e-38,0,0,0
422,486,-4.836222131020846e-39,2.4181110656799935e-39,0.0009370761799109194,2.2659542800277305e-42,0,0,0
422,487,0,-1.1278064901046086e-50,0.0033010290596914701,-3.7229219975439535e-53,0,0,0
422,488,-3.3882432632553374e-49,-2.2803350370270232e-35,0.0033010290596914701,-7.5274522230588285e-38,0,0,0
423,424,-1.1187201757473307e-35,5.5936004077853911e-36,1,5.5936004077853911e-36,0,0,0
423,487,1.3544503702883074e-34,-6.6324118294731199e-35,0.52982823918878397,-3.5140390811846046e-35,0,0,0
423,488,0,-3.5646402747201844e-51,0.0037833795723831356,-1.3486387198270555e-53,0,0,0
423,489,-2.7968004393683254e-36,4.4354856090135953e-35,1,4.4354856090135953e-35,0,0,0
424,425,-9.4190252469714662e-43,9.6208231032933287e-44,0.0030335786607861141,2.9185523665348681e-46,0,0,0
424,488,4.5606700740540795e-35,-2.2803350252532584e-35,0.0037833795723831356,-8.6273729527329591e-38,0,0,0
424,489,0,7.1536869741577948e-51,0.0030335786607861141,2.1701272150748671e-53,0,0,0
424,490,-2.3552593419613274e-43,3.4773102717298515e-31,0.0030335786607861141,1.0548694237252041e-33,0,0,0
425,426,-7.4947909403465035e-43,3.1405453722457165e-31,0.00015747932539527743,4.9457096659451584e-35,0,0,0
425,489,-8.5912911740903582e-35,4.2956455964137545e-35,0.00015747932539527743,6.7647537066043227e-39,0,0,0
425,490,0,5.7908848911596634e-47,0.00015747932539527743,9.1194464610152832e-51,0,0,0
425,491,-1.8739672155605342e-43,2.3145293108071165e-31,0.00015747932539527743,3.6449051447350108e-35,0,0,0
426,427,6.2810907444839378e-31,-3.3715335454182458e-32,1,-3.3715335454182458e-32,0,0,0
426,490,-6.9546205434573489e-31,2.6921739286681822e-31,0.14315339833066393,3.8539384678606472e-32,0,0,0
426,491,2.9918342682024721e-63,2.5469509297365934e-47,0.0096033808823996168,2.4459339867042332e-49,0,0,0
426,492,1.5702726861209809e-31,-4.0403088977915804e-30,1,-4.0403088977915804e-30,0,0,0
427,428,5.6067840354002893e-31,-6.524287678120935e-31,0.73915338937046327,-4.8224493505110389e-31,0,0,0
427,491,-4.6290586216123596e-31,1.6136813063811435e-31,0.0096033808823996168,1.5496796207986314e-33,0,0,0
427,492,9.5738696582479109e-62,-6.7144291192500827e-46,0.73915338937046327,-4.9629930411814328e-46,0,0,0
427,493,1.4016960088500855e-31,-9.5128212584917446e-30,0.73915338937046327,-7.0314340756895683e-30,0,0,0
428,429,-7.4417913208415808e-31,-1.0967503356281769e-32,1,-1.0967503356281769e-32,0,0,0
428,492,7.9235905269710627e-30,-3.8687728719750114e-30,1,-3.8687728719750114e-30,0,0,0
428,493,0,-1.5570401745499497e-45,1,-1.5570401745499497e-45,0,0,0
428,494,-1.8604478302103943e-31,6.1563888118033047e-31,1,6.1563888118033047e-31,0,0,0
429,430,-7.6611413879672167e-31,4.7359287662008139e-31,1,4.7359287662008139e-31,0,0,0
429,493,1.8885472916098486e-29,-9.3469721906996509e-30,1,-9.3469721906996509e-30,0,0,0
429,494,1.1967337072809889e-62,1.0298108316421106e-46,1,1.0298108316421106e-46,0,0,0
429,495,-1.9152853469918053e-31,3.8253887384154901e-30,1,3.8253887384154901e-30,0,0,0
430,431,1.8107161444344116e-31,4.6257522384930651e-32,1,4.6257522384930651e-32,0,0,0
430,494,-1.0452329793396217e-30,4.9998253786438056e-31,1,4.9998253786438056e-31,0,0,0
430,495,0,6.1733793398252103e-46,1,6.1733793398252103e-46,0,0,0
430,496,4.5267903610860193e-32,6.8660658340310714e-31,1,6.8660658340310714e-31,0,0,0
431,432,2.7358665921330247e-31,-1.2674931426948669e-31,1,-1.2674931426948669e-31,0,0,0
431,495,-7.4592489421317989e-30,3.6954261386642371e-30,1,3.6954261386642371e-30,0,0,0
431,496,0,1.1241710942248151e-46,1,1.1241710942248151e-46,0,0,0
431,497,6.8396664803325595e-32,-4.160139792275917e-31,1,-4.160139792275917e-31,0,0,0
432,433,2.008803067432911e-32,-2.3600937285898285e-32,1,-2.3600937285898285e-32,0,0,0
432,496,-1.4184810704170747e-30,7.0672953137424617e-31,1,7.0672953137424617e-31,0,0,0
432,497,-1.1967337072809889e-62,-6.4003244481006847e-47,1,-6.4003244481006847e-47,0,0,0
432,498,5.0220076685822775e-33,-1.80602666347158e-31,1,-1.80602666347158e-31,0,0,0
433,434,-2.7113843897467458e-32,9.1676338973357463e-33,1,9.1676338973357463e-33,0,0,0
433,497,7.6363129365185799e-31,-3.7842641633874556e-31,1,-3.7842641633874556e-31,0,0,0
433,498,0,-2.9093799373938774e-47,1,-2.9093799373938774e-47,0,0,0
433,499,-6.7784609743668645e-33,-3.102815358099159e-32,1,-3.102815358099159e-32,0,0,0
434,435,-8.778576102795968e-33,3.7322272471005697e-33,1,3.7322272471005697e-33,0,0,0
434,498,3.5618332502573373e-31,-1.7699434050001734e-31,1,-1.7699434050001734e-31,0,0,0
434,499,0,-5.5489050113642148e-48,1,-5.5489050113642148e-48,0,0,0
434,500,-2.1946440256989913e-33,-2.9682932071555043e-33,1,-2.9682932071555043e-33,0,0,0
435,436,-1.3141216085948268e-33,5.9668250577772139e-34,1,5.9668250577772139e-34,0,0,0
435,499,6.8834768136350045e-32,-3.425311886710067e-32,1,-3.425311886710067e-32,0,0,0
435,500,9.3494820881327254e-65,-6.4970529272078946e-49,1,-6.4970529272078946e-49,0,0,0
435,501,-3.2853040214870673e-34,-1.706418308788509e-34,1,-1.706418308788509e-34,0,0,0
436,437,-1.2075659703938387e-34,5.6545250130786853e-35,1,5.6545250130786853e-35,0,0,0
436,500,8.1312304400099992e-33,-4.0505206453750773e-33,1,-4.0505206453750773e-33,0,0,0
436,501,0,-5.3259473052338597e-50,1,-5.3259473052338597e-50,0,0,0
436,502,-3.0189149259845968e-35,-5.8776121027864668e-36,1,-5.8776121027864668e-36,0,0,0
437,438,-7.6660967778101581e-36,3.648668825881282e-36,1,3.648668825881282e-36,0,0,0
437,501,6.6981406390640837e-34,-3.3394876985597793e-34,1,-3.3394876985597793e-34,0,0,0
437,502,0,-3.3329879915139118e-51,1,-3.3329879915139118e-51,0,0,0
437,503,-1.9165241944525395e-36,-1.1809819209948473e-37,1,-1.1809819209948473e-37,0,0,0
438,439,-3.6875912604759378e-37,1.7708831438498357e-37,1,1.7708831438498357e-37,0,0,0
438,502,4.1944373465418901e-35,-2.09260918419535e-35,1,-2.09260918419535e-35,0,0,0
438,503,-2.2825884004230287e-68,-1.715736550450218e-52,1,-1.715736550450218e-52,0,0,0
438,504,-9.2189781511898445e-38,2.0235036142494643e-41,1,2.0235036142494643e-41,0,0,0
439,440,-1.4582497277626644e-38,7.0634214830348335e-39,1,7.0634214830348335e-39,0,0,0
439,503,2.1527205786515088e-36,-1.0745374771660511e-36,1,-1.0745374771660511e-36,0,0,0
439,504,0,-7.3694123403805906e-54,1,-7.3694123403805906e-54,0,0,0
439,505,-3.6456243194066611e-39,3.9104096200483672e-40,1,3.9104096200483672e-40,0,0,0
440,441,-4.5565431155697769e-40,2.2391522212173436e-40,1,2.2391522212173436e-40,0,0,0
440,504,9.2149311439613446e-38,-4.6017698930862102e-38,1,-4.6017698930862102e-38,0,0,0
440,505,0,-2.2895259167774555e-55,1,-2.2895259167774555e-55,0,0,0
440,506,-1.1391357788924442e-40,3.4774934829960616e-41,1,3.4774934829960616e-41,0,0,0
441,442,-7.8238673135090421e-42,3.9119083410558246e-42,1,3.9119083410558246e-42,0,0,0
441,505,2.8635423953969883e-39,-1.4307932142843054e-39,1,-1.4307932142843054e-39,0,0,0
441,506,0,-3.5311538194259773e-57,1,-3.5311538194259773e-57,0,0,0
441,507,-1.9559668283772605e-42,9.7734419279654702e-43,1,9.7734419279654702e-43,0,0,0
442,443,-5.063139739273027e-47,2.5315698696365135e-47,1,2.5315698696365135e-47,0,0,0
442,506,4.4363708229323204e-41,-2.2181847785736929e-41,1,-2.2181847785736929e-41,0,0,0
442,507,2.1258261058694019e-77,-1.0539776841441624e-61,1,-1.0539776841441624e-61,0,0,0
442,508,-1.2657849348182567e-47,6.3289246740912837e-48,1,6.3289246740912837e-48,0,0,0
443,444,0,-0,1,-0,0,0,0
443,507,1.2784427841664401e-45,-6.3922139208322007e-46,1,-6.3922139208322007e-46,0,0,0
443,508,0,-0,1,-0,0,0,0
443,509,0,-0,1,-0,0,0,0
444,445,0,-0,1,-0,0,0,0
444,508,0,-0,1,-0,0,0,0
444,509,0,-0,1,-0,0,0,0
444,510,0,-0,1,-0,0,0,0
445,446,0,-0,1,-0,0,0,0
445,509,0,-0,1,-0,0,0,0
445,510,0,-0,1,-0,0,0,0
445,511,0,-0,1,-0,0,0,0
446,447,0,-0,1,-0,0,0,0
446,510,0,-0,1,-0,0,0,0
446,511,0,-0,1,-0,0,0,0
446,512,0,-0,1,-0,0,0,0
447,448,0,-0,1,-0,0,0,0
447,511,0,-0,1,-0,0,0,0
447,512,0,-0,1,-0,0,0,0
447,513,0,-0,1,-0,0,0,0
448,449,0,-0,1,-0,0,0,0
448,512,0,-0,1,-0,0,0,0
448,513,0,-0,1,-0,0,0,0
448,514,0,-0,1,-0,0,0,0
449,450,0,-0,1,-0,0,0,0
449,513,0,-0,1,-0,0,0,0
449,514,0,-0,1,-0,0,0,0
449,515,0,-0,1,-0,0,0,0
450,451,0,-0,1,-0,0,0,0
450,514,0,-0,1,-0,0,0,0
450,515,0,-0,1,-0,0,0,0
450,516,0,-0,1,-0,0,0,0
451,452,0,-0,1,-0,0,0,0
451,515,0,-0,1,-0,0,0,0
451,516,0,-0,1,-0,0,0,0
451,517,0,-0,1,-0,0,0,0
452,453,0,-0,1,-0,0,0,0
452,516,0,-0,1,-0,0,0,0
452,517,0,-0,1,-0,0,0,0
452,518,0,-0,1,-0,0,0,0
453,454,0,-0,1,-0,0,0,0
453,517,0,-0,1,-0,0,0,0
453,518,0,-0,1,-0,0,0,0
453,519,0,-0,1,-0,0,0,0
454,518,0,-0,1,-0,0,0,0
454,519,0,-0,1,-0,0,0,0
455,456,0,-0,1,-0,0,0,0
455,520,0,-0,1,-0,0,0,0
455,521,0,-0,1,-0,0,0,0
456,457,0,-0,1,-0,0,0,0
456,520,0,-0,1,-0,0,0,0
456,521,0,-0,1,-0,0,0,0
456,522,0,-0,1,-0,0,0,0
457,458,0,-0,1,-0,0,0,0
457,521,0,-0,1,-0,0,0,0
457,522,0,-0,1,-0,0,0,0
457,523,0,-0,1,-0,0,0,0
458,459,0,-0,1,-0,0,0,0
458,522,0,-0,1,-0,0,0,0
458,523,0,-0,1,-0,0,0,0
458,524,0,-0,1,-0,0,0,0
459,460,0,-0,1,-0,0,0,0
459,523,0,-0,1,-0,0,0,0
459,524,0,-0,1,-0,0,0,0
459,525,0,-0,1,-0,0,0,0
460,461,0,-0,1,-0,0,0,0
460,524,0,-0,1,-0,0,0,0
460,525,0,-0,1,-0,0,0,0
460,526,0,-0,1,-0,0,0,0
461,462,0,-0,1,-0,0,0,0
461,525,0,-0,1,-0,0,0,0
461,526,0,-0,1,-0,0,0,0
461,527,0,-0,1,-0,0,0,0
462,463,0,-0,1,-0,0,0,0
462,526,0,-0,1,-0,0,0,0
462,527,0,-0,1,-0,0,0,0
462,528,0,-0,1,-0,0,0,0
463,464,0,-0,1,-0,0,0,0
463,527,0,-0,1,-0,0,0,0
463,528,0,-0,1,-0,0,0,0
463,529,0,-0,1,-0,0,0,0
464,465,0,-0,1,-0,0,0,0
464,528,0,-0,1,-0,0,0,0
464,529,0,-0,1,-0,0,0,0
464,530,0,-0,1,-0,0,0,0
465,466,0,-0,1,-0,0,0,0
465,529,0,-0,1,-0,0,0,0
465,530,0,-0,1,-0,0,0,0
465,531,0,-0,1,-0,0,0,0
466,467,0,-0,1,-0,0,0,0
466,530,0,-0,1,-0,0,0,0
466,531,0,-0,1,-0,0,0,0
466,532,0,-0,1,-0,0,0,0
467,468,0,-0,1,-0,0,0,0
467,531,0,-0,1,-0,0,0,0
467,532,0,-0,1,-0,0,0,0
467,533,0,-0,1,-0,0,0,0
468,469,0,-0,1,-0,0,0,0
468,532,0,-0,1,-0,0,0,0
468,533,0,-0,1,-0,0,0,0
468,534,0,-0,1,-0,0,0,0
469,470,0,-0,1,-0,0,0,0
469,533,0,-0,1,-0,0,0,0
469,534,0,-0,1,-0,0,0,0
469,535,0,-0,1,-0,0,0,0
470,471,0,-0,1,-0,0,0,0
470,534,0,-0,1,-0,0,0,0
470,535,0,-0,1,-0,0,0,0
470,536,0,-0,1,-0,0,0,0
471,472,0,-0,1,-0,0,0,0
471,535,0,-0,1,-0,0,0,0
471,536,0,-0,1,-0,0,0,0
471,537,0,-0,1,-0,0,0,0
472,473,0,-0,1,-0,0,0,0
472,536,0,-0,1,-0,0,0,0
472,537,0,-0,1,-0,0,0,0
472,538,0,-0,1,-0,0,0,0
473,474,0,-0,1,-0,0,0,0
473,537,0,-0,1,-0,0,0,0
473,538,0,-0,1,-0,0,0,0
473,539,0,-0,1,-0,0,0,0
474,475,0,-0,1,-0,0,0,0
474,538,0,-0,1,-0,0,0,0
474,539,0,-0,1,-0,0,0,0
474,540,0,-0,1,-0,0,0,0
475,476,0,-0,1,-0,0,0,0
475,539,0,-0,1,-0,0,0,0
475,540,0,-0,1,-0,0,0,0
475,541,0,-0,1,-0,0,0,0
476,477,0,-0,1,-0,0,0,0
476,540,0,-0,1,-0,0,0,0
476,541,0,-0,1,-0,0,0,0
476,542,0,-0,1,-0,0,0,0
477,478,0,-0,1,-0,0,0,0
477,541,0,-0,1,-0,0,0,0
477,542,0,-0,1,-0,0,0,0
477,543,0,-0,1,-0,0,0,0
478,479,0,-0,1,-0,0,0,0
478,542,0,-0,1,-0,0,0,0
478,543,0,-0,1,-0,0,0,0
478,544,0,-0,1,-0,0,0,0
479,480,0,-0,1,-0,0,0,0
479,543,0,-0,1,-0,0,0,0
479,544,0,-0,1,-0,0,0,0
479,545,0,-0,1,-0,0,0,0
480,481,0,-0,1,-0,0,0,0
480,544,0,-0,1,-0,0,0,0
480,545,0,-0,1,-0,0,0,0
480,546,0,-1.0561594397723738e-42,-0,0,0,0,0
481,482,0,-6.8247182149521084e-43,-0,0,0,0,0
481,545,0,-0,1,-0,0,0,0
481,546,0,-1.7588587915657446e-58,-0,0,0,0,0
481,547,0,-1.0579536745138026e-42,-0,0,0,0,0
482,483,-1.3649436429904214e-42,-3.5492194440524774e-42,0.0001666561560757834,-5.9149926961521482e-46,0,0,0
482,546,2.1123188795447476e-42,-8.8554148439857111e-43,0.36436100971462121,-3.2265678939964784e-43,0,0,0
482,547,0,-1.4777108189423246e-58,0.0012434326034300724,-1.837433810714239e-61,0,0,0
482,548,-3.4123591074760773e-43,1.6333885524033879e-41,1,1.6333885524033879e-41,0,0,0
483,484,-8.4633825310953761e-42,3.8833998086701438e-42,0.0001666561560757834,6.4719248461839885e-46,0,0,0
483,547,2.1159073490276052e-42,-3.0858126880754934e-47,0.0012434326034300724,-3.8370001044312606e-50,0,0,0
483,548,0,2.8679043115398828e-57,0.0001666561560757834,4.7795390855440286e-61,0,0,0
483,549,-2.1158456327702175e-42,5.5288409689657734e-38,0.0001666561560757834,9.2141538344214547e-42,0,0,0
484,485,-6.9658291376063332e-43,4.2017008006856104e-38,0.0013751161824502639,5.7778267648370135e-41,0,0,0
484,548,-3.2326535137320159e-41,1.6250340432879465e-41,0.0013751161824502639,2.2346106099578378e-44,0,0,0
484,549,0,9.2072081358594448e-54,0.0013751161824502639,1.2660980902808051e-56,0,0,0
484,550,-1.7414572844015833e-43,1.0497251023251124e-38,0.0013751161824502639,1.4434939753315212e-41,0,0,0
485,486,8.4033319430798446e-38,-3.2344215453357532e-38,0.015440542737243317,-4.994122410101727e-40,0,0,0
485,549,-1.1057470353368268e-37,4.478318683799154e-38,0.053382335274297324,2.3906310944371634e-39,0,0,0
485,550,7.1400546583056774e-71,-1.165897122662928e-57,0.015440542737243317,-1.8002084349705952e-59,0,0,0
485,551,2.1008329857699413e-38,-1.4230207938937129e-34,0.015440542737243317,-2.1972213384101786e-36,0,0,0
486,487,1.9344888524130144e-38,-2.7089974650192355e-34,0.0009370761799109194,-2.5385369959085897e-37,0,0,0
486,550,-2.0994327900773807e-38,8.0790528848764807e-39,0.0024684354236558024,1.9942620330617707e-41,0,0,0
486,551,-2.9217131525414767e-66,-2.3696710150040935e-50,0.0009370761799109194,-2.2205622623856671e-53,0,0,0
486,552,4.8362221310325361e-39,-6.8646050971945094e-35,0.0009370761799109194,-6.4326579210760569e-38,0,0,0
487,488,-5.4178014811532298e-34,1.7967667257657985e-34,0.52982823918878397,9.5197775054548975e-35,0,0,0
487,551,2.8458315044888488e-34,-7.4569056710027091e-35,0.13807338677289457,-1.0296002208413479e-35,0,0,0
487,552,-2.7391060805076344e-67,-1.5339635336356717e-52,0.0041433233894912656,-6.3557069875393503e-55,0,0,0
487,553,-1.3544503702883119e-34,7.2733036827612767e-33,0.52982823918878397,3.853601683322705e-33,0,0,0
488,489,-1.8242680296216322e-34,2.6303922496288875e-34,0.0037833795723831356,9.9517723046008541e-37,0,0,0
488,552,1.3728726572175916e-34,-4.5840282490609175e-35,0.0041433233894912656,-1.8993111462422793e-37,0,0,0
488,553,0,1.2037678378457819e-48,0.0037833795723831356,4.5543106475975464e-51,0,0,0
488,554,-4.5606700740525464e-35,4.8319731138735822e-31,0.0037833795723831356,1.8281188373333841e-33,0,0,0
489,490,3.4365164696337284e-34,1.3907522828679879e-30,0.0096795364145977874,1.3461837365705691e-32,0,0,0
489,553,-1.4411162328493721e-32,7.1626247083764085e-33,0.0096795364145977874,6.9330886688827303e-35,0,0,0
489,554,0,8.0457565873235007e-47,0.0096795364145977874,7.7879193869987841e-49,0,0,0
489,555,8.5912911740897103e-35,3.4971546275528548e-31,0.001697657781533461,5.9369717666908564e-34,0,0,0
490,491,2.7818482173829392e-30,-4.6511238436899777e-31,0.14315339833066393,-6.6582418428100005e-32,0,0,0
490,554,-9.663490160739758e-31,1.3544348086412052e-31,0.016338421805717495,2.2129327211926271e-33,0,0,0
490,555,9.5364717298953801e-63,3.3762859812745111e-49,0.001697657781533461,5.7317781687930112e-52,0,0,0
490,556,6.954620543457433e-31,-6.6047735253617759e-29,0.14315339833066393,-9.4549577535993781e-30,0,0,0
491,492,1.8516234486449428e-30,-1.6772992778264596e-29,0.0096033808823996168,-1.6107743818741306e-31,0,0,0
491,555,-6.9951683842231188e-31,1.18305488130538e-31,0.001697657781533461,2.0084223252292235e-34,0,0,0
491,556,0,-1.0979793267505788e-44,0.0096033808823996168,-1.054431367578651e-46,0,0,0
491,557,4.6290586216133878e-31,-5.1009252627293765e-28,0.0096033808823996168,-4.8986128150644534e-30,0,0,0
492,493,-3.1694362107884256e-29,-2.1923764778254835e-29,1,-2.1923764778254835e-29,0,0,0
492,556,1.3140000845288978e-28,-6.1738208962959361e-29,1,-6.1738208962959361e-29,0,0,0
492,557,0,-8.4249153999577945e-44,1,-8.4249153999577945e-44,0,0,0
492,558,-7.9235905269710893e-30,-1.3122349204636598e-28,1,-1.3122349204636598e-28,0,0,0
493,494,-7.5541891664393922e-29,3.9861411790876205e-29,1,3.9861411790876205e-29,0,0,0
493,557,1.0197221466837139e-27,-5.0041833688380777e-28,1,-5.0041833688380777e-28,0,0,0
493,558,3.0636382906393315e-60,-2.0940341269615582e-44,1,-2.0940341269615582e-44,0,0,0
493,559,-1.8885472916098458e-29,3.0537057330005064e-28,1,3.0537057330005064e-28,0,0,0
494,495,4.1809319173584866e-30,1.2828031925584356e-29,1,1.2828031925584356e-29,0,0,0
494,558,2.7037057461970303e-28,-1.3570790379952133e-28,1,-1.3570790379952133e-28,0,0,0
494,559,0,4.9194851584443999e-44,1,4.9194851584443999e-44,0,0,0
494,560,1.0452329793396182e-30,1.0771288120163961e-28,1,1.0771288120163961e-28,0,0,0
495,496,2.9836995768527195e-29,-1.2081535743429451e-29,1,-1.2081535743429451e-29,0,0,0
495,559,-5.9185567368400286e-28,2.9219821237093554e-28,1,2.9219821237093554e-28,0,0,0
495,560,0,1.7403723998650793e-44,1,1.7403723998650793e-44,0,0,0
495,561,7.4592489421317947e-30,-3.4357935406228752e-29,1,-3.4357935406228752e-29,0,0,0
496,497,5.6739242816682986e-30,-4.3642247281378658e-30,1,-4.3642247281378658e-30,0,0,0
496,560,-2.164709953826188e-28,1.0752625715610087e-28,1,1.0752625715610087e-28,0,0,0
496,561,0,-5.2187506766673397e-45,1,-5.2187506766673397e-45,0,0,0
496,562,1.4184810704170747e-30,-2.3010534227035921e-29,1,-2.3010534227035921e-29,0,0,0
497,498,-3.054525174607432e-30,8.1489593725224844e-31,1,8.1489593725224844e-31,0,0,0
497,561,6.1256621870325708e-29,-3.0246495288336923e-29,1,-3.0246495288336923e-29,0,0,0
497,562,0,-3.650326381998936e-45,1,-3.650326381998936e-45,0,0,0
497,563,-7.6363129365185817e-31,-5.0692305804456852e-30,1,-5.0692305804456852e-30,0,0,0
498,499,-1.4247333001029349e-30,5.7469711377876721e-31,1,5.7469711377876721e-31,0,0,0
498,562,4.4602587383654768e-29,-2.2123202029314516e-29,1,-2.2123202029314516e-29,0,0,0
498,563,0,-8.7812333483962285e-46,1,-8.7812333483962285e-46,0,0,0
498,564,-3.5618332502573373e-31,-6.2122709795182697e-31,1,-6.2122709795182697e-31,0,0,0
499,500,-2.7533907254540018e-31,1.214070753926801e-31,1,1.214070753926801e-31,0,0,0
499,563,1.090209245454323e-29,-5.4166288432034391e-30,1,-5.4166288432034391e-30,0,0,0
499,564,0,-1.2738166794643331e-46,1,-1.2738166794643331e-46,0,0,0
499,565,-6.8834768136350067e-32,-4.7528419529286318e-32,1,-4.7528419529286318e-32,0,0,0
500,501,-3.2524921760039997e-32,1.4922832752207184e-32,1,1.4922832752207184e-32,0,0,0
500,564,1.5986375209293875e-30,-7.9525314524468885e-31,1,-7.9525314524468885e-31,0,0,0
500,565,0,-1.2969656744819487e-47,1,-1.2969656744819487e-47,0,0,0
500,566,-8.1312304400099992e-33,-2.3398091805433638e-33,1,-2.3398091805433638e-33,0,0,0
501,502,-2.6792562556256338e-33,1.2557393808819791e-33,1,1.2557393808819791e-33,0,0,0
501,565,1.6389160719492269e-31,-8.1610896565508137e-32,1,-8.1610896565508137e-32,0,0,0
501,566,0,-1.0109442231001902e-48,1,-1.0109442231001902e-48,0,0,0
501,567,-6.6981406390640845e-34,-7.451226233501997e-35,1,-7.451226233501997e-35,0,0,0
502,503,-1.677774938616756e-34,7.9583305773534783e-35,1,7.9583305773534783e-35,0,0,0
502,566,1.2810848801096729e-32,-6.3844522138156539e-33,1,-6.3844522138156539e-33,0,0,0
502,567,0,-6.4689438398576602e-50,1,-6.4689438398576602e-50,0,0,0
502,568,-4.1944373465418901e-35,-1.2135456444001673e-36,1,-1.2135456444001673e-36,0,0,0
503,504,-8.6108823146060365e-36,4.1211425344237916e-36,1,4.1211425344237916e-36,0,0,0
503,567,8.1883858857644846e-34,-4.0834293399889843e-34,1,-4.0834293399889843e-34,0,0,0
503,568,7.3042828813536917e-67,-3.51541663908559e-51,1,-3.51541663908559e-51,0,0,0
503,569,-2.1527205786515088e-36,1.1377671514513732e-37,1,1.1377671514513732e-37,0,0,0
504,505,-3.6859724575845379e-37,1.785715380884329e-37,1,1.785715380884329e-37,0,0,0
504,568,4.4371464754219239e-35,-2.2139657721389811e-35,1,-2.2139657721389811e-35,0,0,0
504,569,0,-1.5262939553242388e-52,1,-1.5262939553242388e-52,0,0,0
504,570,-9.2149311439613457e-38,1.8015871312494504e-38,1,1.8015871312494504e-38,0,0,0
505,506,-1.1454169581587953e-38,5.6383573743353297e-39,1,5.6383573743353297e-39,0,0,0
505,569,1.9251671483612344e-36,-9.6115180298291877e-37,1,-9.6115180298291877e-37,0,0,0
505,570,0,-4.4342884713467052e-54,1,-4.4342884713467052e-54,0,0,0
505,571,-2.8635423953969873e-39,1.0438570646623584e-39,1,1.0438570646623584e-39,0,0,0
506,507,-1.7745483291729282e-40,8.8724859573078069e-41,1,8.8724859573078069e-41,0,0,0
506,570,5.6117568814624443e-38,-2.8036602553197561e-38,1,-2.8036602553197561e-38,0,0,0
506,571,0,-6.0906659536087537e-56,1,-6.0906659536087537e-56,0,0,0
506,572,-4.4363708229323199e-41,2.2150677831717026e-41,1,2.2150677831717026e-41,0,0,0
507,508,-5.1137711366657606e-45,2.5568855683328803e-45,1,2.5568855683328803e-45,0,0,0
507,571,7.7582826607227088e-40,-3.8791349381474335e-40,1,-3.8791349381474335e-40,0,0,0
507,572,0,-5.0854423259955837e-60,1,-5.0854423259955837e-60,0,0,0
507,573,-1.2784427841664401e-45,6.3922139208322007e-46,1,6.3922139208322007e-46,0,0,0
508,509,0,-0,1,-0,0,0,0
508,572,6.235256588914737e-44,-3.1176282944573685e-44,1,-3.1176282944573685e-44,0,0,0
508,573,0,-0,1,-0,0,0,0
508,574,0,-0,1,-0,0,0,0
509,510,0,-0,1,-0,0,0,0
509,573,0,-0,1,-0,0,0,0
509,574,0,-0,1,-0,0,0,0
509,575,0,-0,1,-0,0,0,0
510,511,0,-0,1,-0,0,0,0
510,574,0,-0,1,-0,0,0,0
510,575,0,-0,1,-0,0,0,0
510,576,0,-0,1,-0,0,0,0
511,512,0,-0,1,-0,0,0,0
511,575,0,-0,1,-0,0,0,0
511,576,0,-0,1,-0,0,0,0
511,577,0,-0,1,-0,0,0,0
512,513,0,-0,1,-0,0,0,0
512,576,0,-0,1,-0,0,0,0
512,577,0,-0,1,-0,0,0,0
512,578,0,-0,1,-0,0,0,0
513,514,0,-0,1,-0,0,0,0
513,577,0,-0,1,-0,0,0,0
513,578,0,-0,1,-0,0,0,0
513,579,0,-0,1,-0,0,0,0
514,515,0,-0,1,-0,0,0,0
514,578,0,-0,1,-0,0,0,0
514,579,0,-0,1,-0,0,0,0
514,580,0,-0,1,-0,0,0,0
515,516,0,-0,1,-0,0,0,0
515,579,0,-0,1,-0,0,0,0
515,580,0,-0,1,-0,0,0,0
515,581,0,-0,1,-0,0,0,0
516,517,0,-0,1,-0,0,0,0
516,580,0,-0,1,-0,0,0,0
516,581,0,-0,1,-0,0,0,0
516,582,0,-0,1,-0,0,0,0
517,518,0,-0,1,-0,0,0,0
517,581,0,-0,1,-0,0,0,0
517,582,0,-0,1,-0,0,0,0
517,583,0,-0,1,-0,0,0,0
518,519,0,-0,1,-0,0,0,0
518,582,0,-0,1,-0,0,0,0
518,583,0,-0,1,-0,0,0,0
518,584,0,-0,1,-0,0,0,0
519,583,0,-0,1,-0,0,0,0
519,584,0,-0,1,-0,0,0,0
520,521,0,-0,1,-0,0,0,0
520,585,0,-0,1,-0,0,0,0
520,586,0,-0,1,-0,0,0,0
521,522,0,-0,1,-0,0,0,0
521,585,0,-0,1,-0,0,0,0
521,586,0,-0,1,-0,0,0,0
521,587,0,-0,1,-0,0,0,0
522,523,0,-0,1,-0,0,0,0
522,586,0,-0,1,-0,0,0,0
522,587,0,-0,1,-0,0,0,0
522,588,0,-0,1,-0,0,0,0
523,524,0,-0,1,-0,0,0,0
523,587,0,-0,1,-0,0,0,0
523,588,0,-0,1,-0,0,0,0
523,589,0,-0,1,-0,0,0,0
524,525,0,-0,1,-0,0,0,0
524,588,0,-0,1,-0,0,0,0
524,589,0,-0,1,-0,0,0,0
524,590,0,-0,1,-0,0,0,0
525,526,0,-0,1,-0,0,0,0
525,589,0,-0,1,-0,0,0,0
525,590,0,-0,1,-0,0,0,0
525,591,0,-0,1,-0,0,0,0
526,527,0,-0,1,-0,0,0,0
526,590,0,-0,1,-0,0,0,0
526,591,0,-0,1,-0,0,0,0
526,592,0,-0,1,-0,0,0,0
527,528,0,-0,1,-0,0,0,0
527,591,0,-0,1,-0,0,0,0
527,592,0,-0,1,-0,0,0,0
527,593,0,-0,1,-0,0,0,0
528,529,0,-0,1,-0,0,0,0
528,592,0,-0,1,-0,0,0,0
528,593,0,-0,1,-0,0,0,0
528,594,0,-0,1,-0,0,0,0
529,530,0,-0,1,-0,0,0,0
529,593,0,-0,1,-0,0,0,0
529,594,0,-0,1,-0,0,0,0
529,595,0,-0,1,-0,0,0,0
530,531,0,-0,1,-0,0,0,0
530,594,0,-0,1,-0,0,0,0
530,595,0,-0,1,-0,0,0,0
530,596,0,-0,1,-0,0,0,0
531,532,0,-0,1,-0,0,0,0
531,595,0,-0,1,-0,0,0,0
531,596,0,-0,1,-0,0,0,0
531,597,0,-0,1,-0,0,0,0
532,533,0,-0,1,-0,0,0,0
532,596,0,-0,1,-0,0,0,0
532,597,0,-0,1,-0,0,0,0
532,598,0,-0,1,-0,0,0,0
533,534,0,-0,1,-0,0,0,0
533,597,0,-0,1,-0,0,0,0
533,598,0,-0,1,-0,0,0,0
533,599,0,-0,1,-0,0,0,0
534,535,0,-0,1,-0,0,0,0
534,598,0,-0,1,-0,0,0,0
534,599,0,-0,1,-0,0,0,0
534,600,0,-0,1,-0,0,0,0
535,536,0,-0,1,-0,0,0,0
535,599,0,-0,1,-0,0,0,0
535,600,0,-0,1,-0,0,0,0
535,601,0,-0,1,-0,0,0,0
536,537,0,-0,1,-0,0,0,0
536,600,0,-0,1,-0,0,0,0
536,601,0,-0,1,-0,0,0,0
536,602,0,-0,1,-0,0,0,0
537,538,0,-0,1,-0,0,0,0
537,601,0,-0,1,-0,0,0,0
537,602,0,-0,1,-0,0,0,0
537,603,0,-0,1,-0,0,0,0
538,539,0,-0,1,-0,0,0,0
538,602,0,-0,1,-0,0,0,0
538,603,0,-0,1,-0,0,0,0
538,604,0,-0,1,-0,0,0,0
539,540,0,-0,1,-0,0,0,0
539,603,0,-0,1,-0,0,0,0
539,604,0,-0,1,-0,0,0,0
539,605,0,-0,1,-0,0,0,0
540,541,0,-0,1,-0,0,0,0
540,604,0,-0,1,-0,0,0,0
540,605,0,-0,1,-0,0,0,0
540,606,0,-0,1,-0,0,0,0
541,542,0,-0,1,-0,0,0,0
541,605,0,-0,1,-0,0,0,0
541,606,0,-0,1,-0,0,0,0
541,607,0,-0,1,-0,0,0,0
542,543,0,-0,1,-0,0,0,0
542,606,0,-0,1,-0,0,0,0
542,607,0,-0,1,-0,0,0,0
542,608,0,-0,1,-0,0,0,0
543,544,0,-0,1,-0,0,0,0
543,607,0,-0,1,-0,0,0,0
543,608,0,-0,1,-0,0,0,0
543,609,0,-0,1,-0,0,0,0
544,545,0,-0,1,-0,0,0,0
544,608,0,-0,1,-0,0,0,0
544,609,0,-0,1,-0,0,0,0
544,610,0,-1.5033857516092101e-41,-0,0,0,0,0
545,546,0,-4.2246377590894951e-42,-0,0,0,0,0
545,609,0,-0,1,-0,0,0,0
545,610,0,-2.5036402144949135e-57,-0,0,0,0,0
545,611,0,-1.5035577797819445e-41,-0,0,0,0,0
546,547,-8.449275518178989e-42,-7.1769389657154938e-45,0.0012434326034300724,-8.9240399027983479e-48,0,0,0
546,610,3.0067715032184198e-41,-1.3977698076319728e-41,0.030071288573080196,-4.2032739244039845e-43,0,0,0
546,611,0,-2.3280408197957203e-57,0.00029757697320838906,-6.9277134066038723e-61,0,0,0
546,612,-2.112318879544997e-42,1.8164843442754489e-39,0.36436100971462121,6.618560698110042e-40,0,0,0
547,548,-8.4636293961104324e-42,6.8884884972695521e-41,0.0012434326034300724,8.5653711858579863e-44,0,0,0
547,611,3.0071155595638891e-41,-1.3977624123305644e-41,0.00029757697320838906,-4.1594190792578565e-45,0,0,0
547,612,0,3.0250571023296832e-55,0.0012434326034300724,3.7614546282744291e-58,0,0,0
547,613,-2.1159073490918447e-42,5.2716746288860305e-37,0.0012434326034300724,6.5549721082320182e-40,0,0,0
548,549,1.2930614054929368e-40,2.2108475399709075e-37,0.015351191970975611,3.3939145004652576e-39,0,0,0
548,612,-3.6308563696713531e-39,1.7992649172670164e-39,0.015351191970975611,2.7620861151607519e-41,0,0,0
548,613,-1.1412942002115143e-68,8.7788150360372822e-53,0.015351191970975611,1.3476527489589549e-54,0,0,0
548,614,3.2326535137323421e-41,5.5115685422221049e-38,0.0084552175329039563,4.6601510971998242e-40,0,0,0
549,550,4.4229881413473081e-37,-1.7916075126581777e-37,0.053382335274297324,-9.564019292066873e-39,0,0,0
549,613,-1.054332809869857e-36,4.7187905316808714e-37,0.13609468441197262,6.4220230821531266e-38,0,0,0
549,614,-2.8420900493548453e-70,-2.5896464481418368e-56,0.053382335274297324,-1.3824137493660075e-57,0,0,0
549,615,1.1057470353367566e-37,-4.2310595539991807e-34,0.053382335274297324,-2.2586383967710316e-35,0,0,0
550,551,8.3977311603125525e-38,-5.6920828955357138e-34,0.0024684354236558024,-1.4050539053725645e-36,0,0,0
550,614,-1.102636973795794e-37,4.4634684739402799e-38,0.0084552175329039563,3.773959689842392e-40,0,0,0
550,615,-1.1686852610165907e-65,-7.0453836966483409e-50,0.0024684354236558024,-1.739107469005383e-52,0,0,0
550,616,2.0994327900755066e-38,-1.4252976721100276e-34,0.0024684354236558024,-3.518255263090545e-37,0,0,0
551,552,-1.1383326017955397e-33,2.9459176945425154e-34,0.13807338677289457,4.0675283323968261e-35,0,0,0
551,615,8.4610133609630237e-34,-2.8075909282370876e-34,0.055192279205719945,-1.5495734240670776e-35,0,0,0
551,616,1.1698265552168022e-66,-3.7918805197420689e-53,0.011012601971801818,-4.175847088854841e-55,0,0,0
551,617,-2.8458315044889126e-34,1.0428726876369099e-31,0.13807338677289457,1.4399296395497913e-32,0,0,0
552,553,-5.4914906288703688e-34,2.9096899188430962e-32,0.0041433233894912656,1.2055786296909543e-34,0,0,0
552,616,2.8503854009410475e-34,-7.3875637186172798e-35,0.011012601971801818,-8.1356298774456224e-37,0,0,0
552,617,-2.9918342682024721e-63,1.7355054197309007e-47,0.0041433233894912656,7.1907601981598966e-50,0,0,0
552,618,-1.3728726572171712e-34,6.9527818946575803e-31,0.0041433233894912656,2.8807623846166149e-33,0,0,0
553,554,5.7644649313975265e-32,1.9038757074909641e-30,0.016338421805717495,3.1106324374646192e-32,0,0,0
553,617,-2.0828995437693307e-31,9.6939396024219672e-32,0.1927172330744909,1.868189217769992e-32,0,0,0
553,618,-2.3934674145619777e-62,1.1457567639127931e-46,0.0052156206518039318,5.975832639807606e-49,0,0,0
553,619,1.441116232849371e-32,4.6786316451060672e-31,0.0016181628561896819,7.5707879459042639e-34,0,0,0
554,555,3.8653960642959039e-30,-5.3366435530332793e-31,0.016338421805717495,-8.7192333396220618e-33,0,0,0
554,618,-1.3904190916657947e-30,2.1203503779590927e-31,0.0052156206518039318,1.1058943220343717e-33,0,0,0
554,619,-4.6747410440663626e-63,-1.3498806009872299e-48,0.016338421805717495,-2.2054918646284793e-50,0,0,0
554,620,9.6634901607402204e-31,-8.9585463374859796e-28,0.016338421805717495,-1.4636850882791152e-29,0,0,0
555,556,2.7980673536892752e-30,-2.6419905058262416e-28,0.001697657781533461,-4.4851957409534441e-31,0,0,0
555,619,-9.5013749134970719e-31,1.2531032646369768e-31,0.0016181628561896819,2.0277251578055852e-34,0,0,0
555,620,2.4509106325114652e-59,-1.4916754792367415e-43,0.001697657781533461,-2.5323544848489087e-46,0,0,0
555,621,6.9951683842237397e-31,-3.2021776343056409e-27,0.001697657781533461,-5.4362017787313806e-30,0,0,0
556,557,-5.2560003381155911e-28,-1.7766442764616483e-27,0.73589111189510048,-1.3074167320474286e-27,0,0,0
556,620,1.7907429184811218e-27,-8.2967145501411603e-28,0.73589111189510048,-6.1054784953796364e-28,0,0,0
556,621,0,-5.2227020569284069e-43,0.052310992460101971,-2.7320472792134096e-44,0,0,0
556,622,-1.314000084528902e-28,-3.1265640371996525e-27,0.010027707979717035,-3.1352271144923267e-29,0,0,0
557,558,-4.0788885867348555e-27,1.4987031441280217e-27,1,1.4987031441280217e-27,0,0,0
557,621,6.40365575177286e-27,-2.691966802544573e-27,0.052310992460101971,-1.4081945511075396e-28,0,0,0
557,622,9.8036425300458607e-59,-4.4670983047349772e-43,0.010027707979717035,-4.4794757316571368e-45,0,0,0
557,623,-1.0197221466837133e-27,1.5350950490905316e-26,1,1.5350950490905316e-26,0,0,0
558,559,-1.0814822984788123e-27,1.724452496607412e-27,1,1.724452496607412e-27,0,0,0
558,622,6.3845280828521959e-27,-3.0570787541162462e-27,0.010027707979717035,-3.0655493017274893e-29,0,0,0
558,623,0,2.4940507500692519e-42,1,2.4940507500692519e-42,0,0,0
558,624,-2.7037057461970254e-28,1.0577871437613807e-26,1,1.0577871437613807e-26,0,0,0
559,560,2.3674226947360114e-27,-7.5076935660276802e-28,1,-7.5076935660276802e-28,0,0,0
559,623,-2.968217883512692e-26,1.4545161580721458e-26,1,1.4545161580721458e-26,0,0,0
559,624,1.9607285060091721e-58,1.6897747057368282e-42,1,1.6897747057368282e-42,0,0,0
559,625,5.9185567368400286e-28,-1.765408487113498e-27,1,-1.765408487113498e-27,0,0,0
560,561,8.6588398153047522e-28,-5.5545523450588912e-28,1,-5.5545523450588912e-28,0,0,0
560,624,-2.0885372300607912e-26,1.0334450652612645e-26,1,1.0334450652612645e-26,0,0,0
560,625,0,-2.6274251906868274e-43,1,-2.6274251906868274e-43,0,0,0
560,626,2.1647099538261903e-28,-2.3021971583668246e-27,1,-2.3021971583668246e-27,0,0,0
561,562,-2.4502648748130283e-28,3.330806897334188e-29,1,3.330806897334188e-29,0,0,0
561,625,2.9389613005429929e-27,-1.4388523393363336e-27,1,-1.4388523393363336e-27,0,0,0
561,626,0,-3.6026737422318097e-43,1,-3.6026737422318097e-43,0,0,0
561,627,-6.1256621870325798e-29,-6.4465781151418228e-28,1,-6.4465781151418228e-28,0,0,0
562,563,-1.7841034953461907e-28,6.7400989858223065e-29,1,6.7400989858223065e-29,0,0,0
562,626,4.3879233213510297e-27,-2.1716603669836879e-27,1,-2.1716603669836879e-27,0,0,0
562,627,0,-1.0874381874262676e-43,1,-1.0874381874262676e-43,0,0,0
562,628,-4.4602587383654768e-29,-9.7797153966074601e-29,1,-9.7797153966074601e-29,0,0,0
563,564,-4.360836981817292e-29,1.8606909867227685e-29,1,1.8606909867227685e-29,0,0,0
563,627,1.3505722448986905e-27,-6.698350762220737e-28,1,-6.698350762220737e-28,0,0,0
563,628,0,-1.9092627717259354e-44,1,-1.9092627717259354e-44,0,0,0
563,629,-1.090209245454323e-29,-9.4376801471462029e-30,1,-9.4376801471462029e-30,0,0,0
564,565,-6.3945500837175501e-30,2.8694918274689299e-30,1,2.8694918274689299e-30,0,0,0
564,628,2.4019689531580397e-28,-1.1929912889743729e-28,1,-1.1929912889743729e-28,0,0,0
564,629,-3.8295478632991643e-61,-2.3463577104509632e-45,1,-2.3463577104509632e-45,0,0,0
564,630,-1.5986375209293875e-30,-6.1008879793310355e-31,1,-6.1008879793310355e-31,0,0,0
565,566,-6.5556642877969086e-31,3.0216151678765197e-31,1,3.0216151678765197e-31,0,0,0
565,629,2.9777452748835633e-29,-1.4806780570820358e-29,1,-1.4806780570820358e-29,0,0,0
565,630,0,-2.2106679067329713e-46,1,-2.2106679067329713e-46,0,0,0
565,631,-1.6389160719492265e-31,-2.7031907085557827e-32,1,-2.7031907085557827e-32,0,0,0
566,567,-5.1243395204386916e-32,2.3984020425040557e-32,1,2.3984020425040557e-32,0,0,0
566,630,2.8188151167955948e-30,-1.4030021339972489e-30,1,-1.4030021339972489e-30,0,0,0
566,631,-2.9918342682024721e-63,-1.7081717087886337e-47,1,-1.7081717087886337e-47,0,0,0
566,632,-1.2810848801096729e-32,-7.7722543428466723e-34,1,-7.7722543428466723e-34,0,0,0
567,568,-3.2753543543057938e-33,1.5489342476444583e-33,1,1.5489342476444583e-33,0,0,0
567,631,2.1795542136603835e-31,-1.0856829138873094e-31,1,-1.0856829138873094e-31,0,0,0
567,632,0,-1.1279694745810715e-48,1,-1.1279694745810715e-48,0,0,0
567,633,-8.1883858857644846e-34,1.3639419446304524e-35,1,1.3639419446304524e-35,0,0,0
568,569,-1.7748585901687693e-34,8.4892595211715998e-35,1,8.4892595211715998e-35,0,0,0
568,632,1.4365299669666062e-32,-7.1604641024559219e-33,1,-7.1604641024559219e-33,0,0,0
568,633,0,-6.2215922824428496e-50,1,-6.2215922824428496e-50,0,0,0
568,634,-4.4371464754219239e-35,5.682879165096316e-36,1,5.682879165096316e-36,0,0,0
569,570,-7.7006685934449376e-36,3.7380991590932202e-36,1,3.7380991590932202e-36,0,0,0
569,633,7.9155974968383927e-34,-3.9481729126773905e-34,1,-3.9481729126773905e-34,0,0,0
569,634,0,-2.5879747741207647e-51,1,-2.5879747741207647e-51,0,0,0
569,635,-1.9251671483612344e-36,5.2265658856530673e-37,1,5.2265658856530673e-37,0,0,0
570,571,-2.2447027525849777e-37,1.1068348109710434e-37,1,1.1068348109710434e-37,0,0,0
570,634,3.3005706424026605e-35,-1.6474794427605988e-35,1,-1.6474794427605988e-35,0,0,0
570,635,1.1412942002115143e-68,-6.8589834013809981e-53,1,-6.8589834013809981e-53,0,0,0
570,636,-5.6117568814624443e-38,2.2607711421650536e-38,1,2.2607711421650536e-38,0,0,0
571,572,-3.1033130642890835e-39,1.5515318270127634e-39,1,1.5515318270127634e-39,0,0,0
571,635,8.7985397123062078e-37,-4.3953907148227429e-37,1,-4.3953907148227429e-37,0,0,0
571,636,0,-8.4318533032793643e-55,1,-8.4318533032793643e-55,0,0,0
571,637,-7.7582826607227072e-40,3.8693615595087143e-40,1,3.8693615595087143e-40,0,0,0
572,573,-2.4941026355658948e-43,1.2470513177829474e-43,1,1.2470513177829474e-43,0,0,0
572,636,1.0902145971323368e-38,-5.4510418093787396e-39,1,-5.4510418093787396e-39,0,0,0
572,637,0,-1.5767400757028255e-58,1,-1.5767400757028255e-58,0,0,0
572,638,-6.235256588914737e-44,3.1176282944573685e-44,1,3.1176282944573685e-44,0,0,0
573,574,0,-0,1,-0,0,0,0
573,637,1.9559541705279126e-42,-9.7797708526395631e-43,1,-9.7797708526395631e-43,0,0,0
573,638,0,-0,1,-0,0,0,0
573,639,0,-0,1,-0,0,0,0
574,575,0,-0,1,-0,0,0,0
574,638,0,-0,1,-0,0,0,0
574,639,0,-0,1,-0,0,0,0
574,640,0,-0,1,-0,0,0,0
575,576,0,-0,1,-0,0,0,0
575,639,0,-0,1,-0,0,0,0
575,640,0,-0,1,-0,0,0,0
575,641,0,-0,1,-0,0,0,0
576,577,0,-0,1,-0,0,0,0
576,640,0,-0,1,-0,0,0,0
576,641,0,-0,1,-0,0,0,0
576,642,0,-0,1,-0,0,0,0
577,578,0,-0,1,-0,0,0,0
577,641,0,-0,1,-0,0,0,0
577,642,0,-0,1,-0,0,0,0
577,643,0,-0,1,-0,0,0,0
578,579,0,-0,1,-0,0,0,0
578,642,0,-0,1,-0,0,0,0
578,643,0,-0,1,-0,0,0,0
578,644,0,-0,1,-0,0,0,0
579,580,0,-0,1,-0,0,0,0
579,643,0,-0,1,-0,0,0,0
579,644,0,-0,1,-0,0,0,0
579,645,0,-0,1,-0,0,0,0
580,581,0,-0,1,-0,0,0,0
580,644,0,-0,1,-0,0,0,0
580,645,0,-0,1,-0,0,0,0
580,646,0,-0,1,-0,0,0,0
581,582,0,-0,1,-0,0,0,0
581,645,0,-0,1,-0,0,0,0
581,646,0,-0,1,-0,0,0,0
581,647,0,-0,1,-0,0,0,0
582,583,0,-0,1,-0,0,0,0
582,646,0,-0,1,-0,0,0,0
582,647,0,-0,1,-0,0,0,0
582,648,0,-0,1,-0,0,0,0
583,584,0,-0,1,-0,0,0,0
583,647,0,-0,1,-0,0,0,0
583,648,0,-0,1,-0,0,0,0
583,649,0,-0,1,-0,0,0,0
584,648,0,-0,1,-0,0,0,0
584,649,0,-0,1,-0,0,0,0
585,586,0,-0,1,-0,0,0,0
585,650,0,-0,1,-0,0,0,0
585,651,0,-0,1,-0,0,0,0
586,587,0,-0,1,-0,0,0,0
586,650,0,-0,1,-0,0,0,0
586,651,0,-0,1,-0,0,0,0
586,652,0,-0,1,-0,0,0,0
587,588,0,-0,1,-0,0,0,0
587,651,0,-0,1,-0,0,0,0
587,652,0,-0,1,-0,0,0,0
587,653,0,-0,1,-0,0,0,0
588,589,0,-0,1,-0,0,0,0
588,652,0,-0,1,-0,0,0,0
588,653,0,-0,1,-0,0,0,0
588,654,0,-0,1,-0,0,0,0
589,590,0,-0,1,-0,0,0,0
589,653,0,-0,1,-0,0,0,0
589,654,0,-0,1,-0,0,0,0
589,655,0,-0,1,-0,0,0,0
590,591,0,-0,1,-0,0,0,0
590,654,0,-0,1,-0,0,0,0
590,655,0,-0,1,-0,0,0,0
590,656,0,-0,1,-0,0,0,0
591,592,0,-0,1,-0,0,0,0
591,655,0,-0,1,-0,0,0,0
591,656,0,-0,1,-0,0,0,0
591,657,0,-0,1,-0,0,0,0
592,593,0,-0,1,-0,0,0,0
592,656,0,-0,1,-0,0,0,0
592,657,0,-0,1,-0,0,0,0
592,658,0,-0,1,-0,0,0,0
593,594,0,-0,1,-0,0,0,0
593,657,0,-0,1,-0,0,0,0
593,658,0,-0,1,-0,0,0,0
593,659,0,-0,1,-0,0,0,0
594,595,0,-0,1,-0,0,0,0
594,658,0,-0,1,-0,0,0,0
594,659,0,-0,1,-0,0,0,0
594,660,0,-0,1,-0,0,0,0
595,596,0,-0,1,-0,0,0,0
595,659,0,-0,1,-0,0,0,0
595,660,0,-0,1,-0,0,0,0
595,661,0,-0,1,-0,0,0,0
596,597,0,-0,1,-0,0,0,0
596,660,0,-0,1,-0,0,0,0
596,661,0,-0,1,-0,0,0,0
596,662,0,-0,1,-0,0,0,0
597,598,0,-0,1,-0,0,0,0
597,661,0,-0,1,-0,0,0,0
597,662,0,-0,1,-0,0,0,0
597,663,0,-0,1,-0,0,0,0
598,599,0,-0,1,-0,0,0,0
598,662,0,-0,1,-0,0,0,0
598,663,0,-0,1,-0,0,0,0
598,664,0,-0,1,-0,0,0,0
599,600,0,-0,1,-0,0,0,0
599,663,0,-0,1,-0,0,0,0
599,664,0,-0,1,-0,0,0,0
599,665,0,-0,1,-0,0,0,0
600,601,0,-0,1,-0,0,0,0
600,664,0,-0,1,-0,0,0,0
600,665,0,-0,1,-0,0,0,0
600,666,0,-0,1,-0,0,0,0
601,602,0,-0,1,-0,0,0,0
601,665,0,-0,1,-0,0,0,0
601,666,0,-0,1,-0,0,0,0
601,667,0,-0,1,-0,0,0,0
602,603,0,-0,1,-0,0,0,0
602,666,0,-0,1,-0,0,0,0
602,667,0,-0,1,-0,0,0,0
602,668,0,-0,1,-0,0,0,0
603,604,0,-0,1,-0,0,0,0
603,667,0,-0,1,-0,0,0,0
603,668,0,-0,1,-0,0,0,0
603,669,0,-0,1,-0,0,0,0
604,605,0,-0,1,-0,0,0,0
604,668,0,-0,1,-0,0,0,0
604,669,0,-0,1,-0,0,0,0
604,670,0,-0,1,-0,0,0,0
605,606,0,-0,1,-0,0,0,0
605,669,0,-0,1,-0,0,0,0
605,670,0,-0,1,-0,0,0,0
605,671,0,-0,1,-0,0,0,0
606,607,0,-0,1,-0,0,0,0
606,670,0,-0,1,-0,0,0,0
606,671,0,-0,1,-0,0,0,0
606,672,0,-0,1,-0,0,0,0
607,608,0,-0,1,-0,0,0,0
607,671,0,-0,1,-0,0,0,0
607,672,0,-0,1,-0,0,0,0
607,673,0,-0,1,-0,0,0,0
608,609,0,-0,1,-0,0,0,0
608,672,0,-0,1,-0,0,0,0
608,673,0,-0,1,-0,0,0,0
608,674,0,-6.028013063418954e-41,-0,0,0,0,0
609,610,0,-6.0135430064368406e-41,-0,0,0,0,0
609,673,0,-0,1,-0,0,0,0
609,674,0,-1.0038658343623426e-56,-0,0,0,0,0
609,675,0,-6.0281663719323939e-41,-0,0,0,0,0
610,611,-1.2027086012873679e-40,-6.8811269093812039e-45,0.00029757697320838906,-2.0476649179564555e-48,0,0,0
610,674,1.2056026126837908e-40,-4.5246273118097443e-41,0.00021321468876160229,-9.6471700404975979e-45,0,0,0
610,675,-1.3931813967425712e-72,-7.5352734390907482e-57,8.5429783117704967e-07,-6.4373677563412547e-63,0,0,0
610,676,-3.0067715032172605e-41,7.5254368002939311e-38,0.030071288573080196,2.262995816601161e-39,0,0,0
611,612,-1.2028462238255638e-40,7.3218550505339841e-39,0.00029757697320838906,2.1788154642084596e-42,0,0,0
611,675,1.2056332743864788e-40,-4.5246085921504488e-41,8.5429783117704967e-07,-3.8653633071991724e-47,0,0,0
611,676,0,1.2532370095556148e-53,0.00029757697320838906,3.729344760162928e-57,0,0,0
611,677,-3.0071155594792212e-41,7.2020088127095862e-36,0.00029757697320838906,2.1431519835062623e-39,0,0,0
612,613,1.4523425478685632e-38,2.101403907000371e-36,0.080582217872553694,1.6933578747213945e-37,0,0,0
612,676,-1.5047866829084646e-37,7.3423905960587554e-38,0.080582217872553694,5.9166611871699601e-39,0,0,0
612,677,0,1.1990705676612686e-51,0.080582217872553694,9.6623765727846984e-53,0,0,0
612,678,3.6308563696714079e-39,5.2807919692569304e-37,0.021281085049341661,1.1238098302563716e-38,0,0,0
613,614,4.217331239479428e-36,-1.8881382249805551e-36,0.13609468441197262,-2.5696557585491078e-37,0,0,0
613,677,-1.4403987554263579e-35,6.6748273721968606e-36,0.403241928909573,2.6915702647030783e-36,0,0,0
613,678,-2.3182538441796384e-69,4.5433992827973981e-55,0.021281085049341661,9.6688466550329334e-57,0,0,0
613,679,1.054332809869734e-36,-2.3265155678953966e-33,0.13609468441197262,-3.1662640199226524e-34,0,0,0
614,615,4.4105478951823585e-37,-1.692423199587364e-33,0.0084552175329039563,-1.4309806310244491e-35,0,0,0
614,678,-1.0597892502210574e-36,4.7476277642073907e-37,0.021281085049341661,1.0103467023271328e-38,0,0,0
614,679,4.6747410440663627e-65,-3.87364063049037e-49,0.0084552175329039563,-3.2752474175091311e-51,0,0,0
614,680,1.102636973796116e-37,-4.989185648758579e-34,0.0084552175329039563,-4.218464997229634e-36,0,0,0
615,616,-3.3844053443852102e-33,1.1221255920043955e-33,0.055192279205719945,6.1932668977790377e-35,0,0,0
615,679,4.6519768029809236e-33,-1.9029377334423101e-33,0.13762070762237152,-2.618836374376425e-34,0,0,0
615,680,0,-1.2625361586030051e-50,0.020113338136878992,-2.5393816668018525e-52,0,0,0
615,681,-8.4610133609644212e-34,1.6850039427209635e-30,0.055192279205719945,9.2999208069394354e-32,0,0,0
616,617,-1.1401541603764469e-33,4.1714998583405441e-31,0.011012601971801818,4.5939067565332079e-33,0,0,0
616,680,9.9772686605433615e-34,-3.5634416298011577e-34,0.020113338136878992,-7.1672706431221851e-36,0,0,0
616,681,0,2.8056280820636878e-46,0.011012601971801818,3.0897265348677124e-48,0,0,0
616,682,-2.8503854009407131e-34,9.1745874884862885e-31,0.010150260811199551,9.3124455843304092e-33,0,0,0
617,618,8.3315981750773228e-31,2.3642582745777227e-30,0.0052156206518039318,1.2331074283085902e-32,0,0,0
617,681,-3.3691617841058306e-30,1.5804359148644485e-30,1,1.5804359148644485e-30,0,0,0
617,682,2.3934674145619777e-62,1.3542021710501711e-46,0.010150260811199551,1.3745505227251905e-48,0,0,0
617,683,2.0828995437693303e-31,-1.7139149221229307e-31,1,-1.7139149221229307e-31,0,0,0
618,619,5.5616763666631781e-30,-8.805632006321743e-31,0.0052156206518039318,-4.5926836144357371e-33,0,0,0
618,682,-1.8346324591571637e-30,2.2210668374568457e-31,0.010150260811199551,2.2544407679293147e-33,0,0,0
618,683,0,-1.2697444110422021e-46,0.0052156206518039318,-6.6225051727443295e-49,0,0,0
618,684,1.3904190916656201e-30,-3.1599124119569535e-27,0.0052156206518039318,-1.6480904433694259e-29,0,0,0
619,620,3.8005499653988855e-30,-3.5833861119449429e-27,0.0016181628561896819,-5.7985023057352683e-30,0,0,0
619,683,1.3449303004765305e-31,-5.4231526069868015e-31,0.0016181628561896819,-8.7755441120742818e-34,0,0,0
619,684,0,-5.2619446652526434e-43,0.0016181628561896819,-8.5146834086372777e-46,0,0,0
619,685,9.5013749134950067e-31,-3.2078073758438751e-27,0.0010257604748357008,-3.2904420170270767e-30,0,0,0
620,621,-7.1629716739244858e-27,-9.225825666583475e-27,0.052310992460101971,-4.8261209688286341e-28,0,0,0
620,684,6.3184344048222418e-27,-2.2638457431705596e-27,0.25622679545444399,-5.8005794017577671e-28,0,0,0
620,685,-4.9018212650229304e-59,-3.8501882479851764e-43,0.0010257604748357008,-3.9493709254601099e-46,0,0,0
620,686,-1.7907429184811211e-27,-2.3108387794771373e-27,0.011480821665128284,-2.6530327924039722e-29,0,0,0
621,622,-2.561462300709144e-26,3.825533784132744e-29,0.052310992460101971,2.0011746893763332e-30,0,0,0
621,685,6.4146646141963998e-27,-5.5044312117708412e-30,0.0010257604748357008,-5.6462279734865105e-33,0,0,0
621,686,0,-7.2981001763031696e-46,0.011480821665128284,-8.3788186618377981e-48,0,0,0
621,687,-6.4036557517728708e-27,4.6491943280775696e-25,0.052310992460101971,2.432039694416146e-26,0,0,0
622,623,-2.5538112331408784e-26,7.2133413835958229e-26,0.010027707979717035,7.2333280952706955e-28,0,0,0
622,686,6.4124204774353965e-27,-1.394619729160006e-29,0.011480821665128284,-1.6011380401155536e-31,0,0,0
622,687,0,7.7423046136442822e-41,0.010027707979717035,7.7637569755640793e-43,0,0,0
622,688,-6.3845280828522174e-27,6.0265631594312011e-25,0.010027707979717035,6.0432615484096962e-27,0,0,0
623,624,1.1872871534050768e-25,-1.7593613069038027e-26,1,-1.7593613069038027e-26,0,0,0
623,687,-9.2343520986374095e-25,4.4687651551430703e-25,1,4.4687651551430703e-25,0,0,0
623,688,0,9.7359281051167669e-41,1,9.7359281051167669e-41,0,0,0
623,689,2.968217883512692e-26,-2.83318754506088e-26,1,-2.83318754506088e-26,0,0,0
624,625,8.3541489202431648e-26,-4.76486672023018e-26,1,-4.76486672023018e-26,0,0,0
624,688,-1.1989281038033879e-24,5.8902136575138998e-25,1,5.8902136575138998e-25,0,0,0
624,689,0,-3.9857237815770168e-42,1,-3.9857237815770168e-42,0,0,0
624,690,2.0885372300607912e-26,-1.8077116122663138e-25,1,-1.8077116122663138e-25,0,0,0
625,626,-1.1755845202171971e-26,-2.8979240416160744e-27,1,-2.8979240416160744e-27,0,0,0
625,689,2.6981572066090681e-26,-1.2021305382773842e-26,1,-1.2021305382773842e-26,0,0,0
625,690,0,-2.8120671529028754e-41,1,-2.8120671529028754e-41,0,0,0
625,691,-2.9389613005429886e-27,-6.5363042018571156e-26,1,-6.5363042018571156e-26,0,0,0
626,627,-1.7551693285404119e-26,6.0747021529046788e-27,1,6.0747021529046788e-27,0,0,0
626,690,3.4065695015265486e-25,-1.6813451341565191e-25,1,-1.6813451341565191e-25,0,0,0
626,691,1.5685828048073377e-57,-1.0764482806485761e-41,1,-1.0764482806485761e-41,0,0,0
626,692,-4.3879233213510297e-27,-1.2024305668315483e-26,1,-1.2024305668315483e-26,0,0,0
627,628,-5.4022889795947618e-27,2.2207506991657732e-27,1,2.2207506991657732e-27,0,0,0
627,691,1.3366504533768534e-25,-6.6157236546393324e-26,1,-6.6157236546393324e-26,0,0,0
627,692,0,-2.2553594336352498e-42,1,-2.2553594336352498e-42,0,0,0
627,693,-1.3505722448986905e-27,-1.4124720581188427e-27,1,-1.4124720581188427e-27,0,0,0
628,629,-9.6078758126321586e-28,4.2083888513393664e-28,1,4.2083888513393664e-28,0,0,0
628,692,2.8436534657981994e-26,-1.4098168881333097e-26,1,-1.4098168881333097e-26,0,0,0
628,693,0,-3.2768117101571797e-43,1,-3.2768117101571797e-43,0,0,0
628,694,-2.4019689531580397e-28,-1.1394291621315942e-28,1,-1.1394291621315942e-28,0,0,0
629,630,-1.1910981099534253e-28,5.391727526408009e-29,1,5.391727526408009e-29,0,0,0
629,693,4.1755163611363767e-27,-2.0728694541937701e-27,1,-2.0728694541937701e-27,0,0,0
629,694,0,-3.6496245608415636e-44,1,-3.6496245608415636e-44,0,0,0
629,695,-2.9777452748835633e-29,-6.5290172276842342e-30,1,-6.5290172276842342e-30,0,0,0
630,631,-1.1275260467182379e-29,5.2017193908591129e-30,1,5.2017193908591129e-30,0,0,0
630,694,4.680827277421228e-28,-2.3263195631266362e-28,1,-2.3263195631266362e-28,0,0,0
630,695,-3.8295478632991643e-61,-3.332057304023683e-45,1,-3.332057304023683e-45,0,0,0
630,696,-2.8188151167955952e-30,-2.6468429761637443e-31,1,-2.6468429761637443e-31,0,0,0
631,632,-8.7182168546415338e-31,4.071802433927445e-31,1,4.071802433927445e-31,0,0,0
631,695,4.2835487204204104e-29,-2.1308765891419033e-29,1,-2.1308765891419033e-29,0,0,0
631,696,-4.7869348291239554e-62,-2.6064386404697549e-46,1,-2.6064386404697549e-46,0,0,0
631,697,-2.1795542136603835e-31,-2.7938558072771902e-33,1,-2.7938558072771902e-33,0,0,0
632,633,-5.7461198678664247e-32,2.7147479839964443e-32,1,2.7147479839964443e-32,0,0,0
632,696,3.3481837120283433e-30,-1.6669092061793388e-30,1,-1.6669092061793388e-30,0,0,0
632,697,0,-1.7417553508724547e-47,1,-1.7417553508724547e-47,0,0,0
632,698,-1.4365299669666062e-32,1.18230098414325e-33,1,1.18230098414325e-33,0,0,0
633,634,-3.1662389987353571e-33,1.5171080865196255e-33,1,1.5171080865196255e-33,0,0,0
633,697,2.235431329805927e-31,-1.1137578661545442e-31,1,-1.1137578661545442e-31,0,0,0
633,698,0,-9.3334822801291969e-49,1,-9.3334822801291969e-49,0,0,0
633,699,-7.9155974968383927e-34,1.6266346865827939e-34,1,1.6266346865827939e-34,0,0,0
634,635,-1.3202282569610642e-34,6.425170490559196e-35,1,6.425170490559196e-35,0,0,0
634,698,1.2000697701379561e-32,-5.9838459974777674e-33,1,-5.9838459974777674e-33,0,0,0
634,699,0,-3.6073403093244207e-50,1,-3.6073403093244207e-50,0,0,0
634,700,-3.3005706424026605e-35,1.0856826602257999e-35,1,1.0856826602257999e-35,0,0,0
635,636,-3.5194158849224838e-36,1.7379036505185949e-36,1,1.7379036505185949e-36,0,0,0
635,699,4.6623281236728052e-34,-2.3267647919802496e-34,1,-2.3267647919802496e-34,0,0,0
635,700,0,-8.6698975068188909e-52,1,-8.6698975068188909e-52,0,0,0
635,701,-8.7985397123062078e-37,3.7651780995422951e-37,1,3.7651780995422951e-37,0,0,0
636,637,-4.3608583885293472e-38,2.180038003430568e-38,1,2.180038003430568e-38,0,0,0
636,700,1.1292053219510601e-35,-5.6405755367696396e-36,1,-5.6405755367696396e-36,0,0,0
636,701,0,-9.651963008075907e-54,1,-9.651963008075907e-54,0,0,0
636,702,-1.0902145971323368e-38,5.4288994398428882e-39,1,5.4288994398428882e-39,0,0,0
637,638,-7.8238166821116505e-42,3.9119083410558252e-42,1,3.9119083410558252e-42,0,0,0
637,701,1.2681835132216189e-37,-6.3408197683995679e-38,1,-6.3408197683995679e-38,0,0,0
637,702,0,-3.5297712641987996e-57,1,-3.5297712641987996e-57,0,0,0
637,703,-1.9559541705279126e-42,9.7797708526395631e-43,1,9.7797708526395631e-43,0,0,0
638,639,0,-0,1,-0,0,0,0
638,702,4.4347091637591352e-41,-2.2173545818795676e-41,1,-2.2173545818795676e-41,0,0,0
638,703,0,-0,1,-0,0,0,0
638,704,0,-0,1,-0,0,0,0
639,640,0,-0,1,-0,0,0,0
639,703,0,-0,1,-0,0,0,0
639,704,0,-0,1,-0,0,0,0
639,705,0,-0,1,-0,0,0,0
640,641,0,-0,1,-0,0,0,0
640,704,0,-0,1,-0,0,0,0
640,705,0,-0,1,-0,0,0,0
640,706,0,-0,1,-0,0,0,0
641,642,0,-0,1,-0,0,0,0
641,705,0,-0,1,-0,0,0,0
641,706,0,-0,1,-0,0,0,0
641,707,0,-0,1,-0,0,0,0
642,643,0,-0,1,-0,0,0,0
642,706,0,-0,1,-0,0,0,0
642,707,0,-0,1,-0,0,0,0
642,708,0,-0,1,-0,0,0,0
643,644,0,-0,1,-0,0,0,0
643,707,0,-0,1,-0,0,0,0
643,708,0,-0,1,-0,0,0,0
643,709,0,-0,1,-0,0,0,0
644,645,0,-0,1,-0,0,0,0
644,708,0,-0,1,-0,0,0,0
644,709,0,-0,1,-0,0,0,0
644,710,0,-0,1,-0,0,0,0
645,646,0,-0,1,-0,0,0,0
645,709,0,-0,1,-0,0,0,0
645,710,0,-0,1,-0,0,0,0
645,711,0,-0,1,-0,0,0,0
646,647,0,-0,1,-0,0,0,0
646,710,0,-0,1,-0,0,0,0
646,711,0,-0,1,-0,0,0,0
646,712,0,-0,1,-0,0,0,0
647,648,0,-0,1,-0,0,0,0
647,711,0,-0,1,-0,0,0,0
647,712,0,-0,1,-0,0,0,0
647,713,0,-0,1,-0,0,0,0
648,649,0,-0,1,-0,0,0,0
648,712,0,-0,1,-0,0,0,0
648,713,0,-0,1,-0,0,0,0
648,714,0,-0,1,-0,0,0,0
649,713,0,-0,1,-0,0,0,0
649,714,0,-0,1,-0,0,0,0
650,651,0,-0,1,-0,0,0,0
650,715,0,-0,1,-0,0,0,0
650,716,0,-0,1,-0,0,0,0
651,652,0,-0,1,-0,0,0,0
651,715,0,-0,1,-0,0,0,0
651,716,0,-0,1,-0,0,0,0
651,717,0,-0,1,-0,0,0,0
652,653,0,-0,1,-0,0,0,0
652,716,0,-0,1,-0,0,0,0
652,717,0,-0,1,-0,0,0,0
652,718,0,-0,1,-0,0,0,0
653,654,0,-0,1,-0,0,0,0
653,717,0,-0,1,-0,0,0,0
653,718,0,-0,1,-0,0,0,0
653,719,0,-0,1,-0,0,0,0
654,655,0,-0,1,-0,0,0,0
654,718,0,-0,1,-0,0,0,0
654,719,0,-0,1,-0,0,0,0
654,720,0,-0,1,-0,0,0,0
655,656,0,-0,1,-0,0,0,0
655,719,0,-0,1,-0,0,0,0
655,720,0,-0,1,-0,0,0,0
655,721,0,-0,1,-0,0,0,0
656,657,0,-0,1,-0,0,0,0
656,720,0,-0,1,-0,0,0,0
656,721,0,-0,1,-0,0,0,0
656,722,0,-0,1,-0,0,0,0
657,658,0,-0,1,-0,0,0,0
657,721,0,-0,1,-0,0,0,0
657,722,0,-0,1,-0,0,0,0
657,723,0,-0,1,-0,0,0,0
658,659,0,-0,1,-0,0,0,0
658,722,0,-0,1,-0,0,0,0
658,723,0,-0,1,-0,0,0,0
658,724,0,-0,1,-0,0,0,0
659,660,0,-0,1,-0,0,0,0
659,723,0,-0,1,-0,0,0,0
659,724,0,-0,1,-0,0,0,0
659,725,0,-0,1,-0,0,0,0
660,661,0,-0,1,-0,0,0,0
660,724,0,-0,1,-0,0,0,0
660,725,0,-0,1,-0,0,0,0
660,726,0,-0,1,-0,0,0,0
661,662,0,-0,1,-0,0,0,0
661,725,0,-0,1,-0,0,0,0
661,726,0,-0,1,-0,0,0,0
661,727,0,-0,1,-0,0,0,0
662,663,0,-0,1,-0,0,0,0
662,726,0,-0,1,-0,0,0,0
662,727,0,-0,1,-0,0,0,0
662,728,0,-0,1,-0,0,0,0
663,664,0,-0,1,-0,0,0,0
663,727,0,-0,1,-0,0,0,0
663,728,0,-0,1,-0,0,0,0
663,729,0,-0,1,-0,0,0,0
664,665,0,-0,1,-0,0,0,0
664,728,0,-0,1,-0,0,0,0
664,729,0,-0,1,-0,0,0,0
664,730,0,-0,1,-0,0,0,0
665,666,0,-0,1,-0,0,0,0
665,729,0,-0,1,-0,0,0,0
665,730,0,-0,1,-0,0,0,0
665,731,0,-0,1,-0,0,0,0
666,667,0,-0,1,-0,0,0,0
666,730,0,-0,1,-0,0,0,0
666,731,0,-0,1,-0,0,0,0
666,732,0,-0,1,-0,0,0,0
667,668,0,-0,1,-0,0,0,0
667,731,0,-0,1,-0,0,0,0
667,732,0,-0,1,-0,0,0,0
667,733,0,-0,1,-0,0,0,0
668,669,0,-0,1,-0,0,0,0
668,732,0,-0,1,-0,0,0,0
668,733,0,-0,1,-0,0,0,0
668,734,0,-0,1,-0,0,0,0
669,670,0,-0,1,-0,0,0,0
669,733,0,-0,1,-0,0,0,0
669,734,0,-0,1,-0,0,0,0
669,735,0,-0,1,-0,0,0,0
670,671,0,-0,1,-0,0,0,0
670,734,0,-0,1,-0,0,0,0
670,735,0,-0,1,-0,0,0,0
670,736,0,-0,1,-0,0,0,0
671,672,0,-0,1,-0,0,0,0
671,735,0,-0,1,-0,0,0,0
671,736,0,-0,1,-0,0,0,0
671,737,0,-0,1,-0,0,0,0
672,673,0,-0,1,-0,0,0,0
672,736,0,-0,1,-0,0,0,0
672,737,0,-0,1,-0,0,0,0
672,738,0,-6.0281702359245729e-41,-0,0,0,0,0
673,674,0,-2.4112052253675816e-40,-0,0,0,0,0
673,737,0,-0,1,-0,0,0,0
673,738,0,-1.003892008842529e-56,-0,0,0,0,0
673,739,0,-6.0281760858866854e-41,-0,0,0,0,0
674,675,-4.8224104507351632e-40,-6.1323405375735291e-45,8.5429783117704967e-07,-5.2388452212881686e-51,0,0,0
674,738,1.2056340471849146e-40,-1.5717250561857132e-45,1.2220586763819517e-05,-1.9207402417986613e-50,0,0,0
674,739,-8.3587482482784881e-73,-2.7148694581009546e-61,4.8746370797241317e-08,-1.3234003327069474e-68,0,0,0
674,740,-1.2056026126852147e-40,2.8272148116514025e-36,0.00021321468876160229,6.0280372612844584e-40,0,0,0
675,676,-4.8225330975455431e-40,3.0119846323657017e-37,8.5429783117704967e-07,2.5731319389686221e-43,0,0,0
675,739,1.2056352171773373e-40,-9.7139542921683589e-47,4.8746370797241317e-08,-4.7352001783349263e-54,0,0,0
675,740,-9.1303536016921147e-68,4.7082584717380958e-52,8.5429783117704967e-07,4.0222550010268254e-58,0,0,0
675,741,-1.2056332744404836e-40,1.408440073898751e-34,8.5429783117704967e-07,1.2032273004745465e-40,0,0,0
676,677,6.0191467316338909e-37,2.8507017771945465e-35,0.21606679683854241,6.1594200174036586e-36,0,0,0
676,740,-5.6543090630415364e-36,2.7519151973753448e-36,0.21606679683854241,5.9459750186819598e-37,0,0,0
676,741,-2.9217131525414767e-66,2.3442699077624753e-50,0.21606679683854241,5.0651888989522327e-51,0,0,0
676,742,1.5047866829084727e-37,7.7187402604100928e-36,0.17252175638644546,1.3316506268167186e-36,0,0,0
677,678,5.7615950217054314e-35,-2.6688396608085042e-35,0.403241928909573,-1.0761880527747917e-35,0,0,0
677,741,-2.8168789421642273e-34,1.3364195333107957e-34,0.89530725801360878,1.1965061079243153e-34,0,0,0
677,742,-1.4836824602749686e-67,9.858544271330489e-53,0.17252175638644546,1.700813373103466e-53,0,0,0
677,743,1.4403987554262518e-35,-1.5601866008472989e-32,0.39577426187783399,-6.1748170034202658e-33,0,0,0
678,679,4.2391570008815034e-36,-9.3060731844622869e-33,0.021281085049341661,-1.980433349139397e-34,0,0,0
678,742,-1.5587959189111034e-35,7.264084969444987e-36,0.17252175638644546,1.2532126974690281e-36,0,0,0
678,743,-3.7397928352530902e-64,-2.5971215027433226e-48,0.021281085049341661,-5.5269563583354673e-50,0,0,0
678,744,1.059789250220797e-36,-4.1920165636820101e-33,0.021281085049341661,-8.921066101996583e-35,0,0,0
679,680,-1.8607907211923694e-32,7.3084998738531745e-33,0.13762070762237152,1.0058009242976869e-33,0,0,0
679,743,3.1189328029391716e-32,-1.3268675613205396e-32,0.39577426187783399,-5.2514002969127816e-33,0,0,0
679,744,0,-3.1066786935759021e-49,0.091540592246226016,-2.8438720752866979e-50,0,0,0
679,745,-4.6519768029816667e-33,4.6556016447963722e-30,0.13762070762237152,6.4070719276475351e-31,0,0,0
680,681,-3.9909074642181219e-33,6.7403190219437701e-30,0.020113338136878992,1.3557031563879255e-31,0,0,0
680,744,8.382973338113799e-33,-3.6926232360297317e-33,0.091540592246226016,-3.3802491796833727e-34,0,0,0
680,745,9.5738696582479109e-62,7.750091434990243e-46,0.020113338136878992,1.5588020962368848e-47,0,0,0
680,746,-9.9772686605453047e-34,1.164573263761433e-30,0.020113338136878992,2.3423455839202467e-32,0,0,0
681,682,1.3476647136423322e-29,-3.0690586498973342e-30,1,-3.0690586498973342e-30,0,0,0
681,745,-9.3065513127897622e-30,2.9686947643419665e-30,0.99426123326305504,2.9516581175762184e-30,0,0,0
681,746,-1.1967337072809889e-62,-8.6681743736912133e-47,1,-8.6681743736912133e-47,0,0,0
681,747,3.3691617841058355e-30,-7.0198401208442685e-29,1,-7.0198401208442685e-29,0,0,0
682,683,7.3385298366286546e-30,-3.9382509784096332e-30,0.010150260811199551,-3.9974274570819593e-32,0,0,0
682,746,-2.3281488006568112e-30,2.4675817074982399e-31,0.041695828115315671,1.0288786273634376e-32,0,0,0
682,747,0,-1.1562606962884088e-44,0.010150260811199551,-1.1736347633066544e-46,0,0,0
682,748,1.834632459157398e-30,-3.2073949228164131e-27,0.010150260811199551,-3.2555894991103846e-29,0,0,0
683,684,-5.3797212019089598e-31,-1.2636599823584387e-26,0.011102766349375046,-1.4030121529181139e-28,0,0,0
683,747,1.3702764063277952e-28,-6.8446573801365932e-29,0.011102766349375046,-7.5994631633182132e-31,0,0,0
683,748,0,-5.3397459122225463e-43,0.011102766349375046,-5.9285951228437451e-45,0,0,0
683,749,-1.34493030047724e-31,-3.2073209263488018e-27,0.00020470623378558472,-6.5655858737455597e-31,0,0,0
684,685,-2.5273737619288967e-26,-1.9246041874831931e-28,0.0010257604748357008,-1.9741829052235383e-31,0,0,0
684,748,6.4129552131736688e-27,-4.7260404175713749e-29,0.086649197436883763,-4.0950760923683466e-30,0,0,0
684,749,-3.8295478632991642e-59,-8.0220780772697356e-45,0.00020470623378558472,-1.6421693903317925e-48,0,0,0
684,750,-6.318434404822249e-27,1.1403682729915841e-25,0.25622679545444399,2.9219290822655219e-26,0,0,0
685,686,-2.5658658456785599e-26,4.4882735220105677e-30,0.0010257604748357008,4.603893579130063e-33,0,0,0
685,749,6.4147763457276516e-27,-5.5865765625486707e-32,0.00020470623378558472,-1.1436070478741565e-35,0,0,0
685,750,0,1.8998959472967626e-41,0.0010257604748357008,1.9488381690375509e-44,0,0,0
685,751,-6.4146646141964874e-27,6.6288859535043845e-24,0.0010257604748357008,6.7996492032983644e-27,0,0,0
686,687,-2.5649681909741457e-26,1.8596952606823526e-24,0.011480821665128284,2.1350829639378346e-26,0,0,0
686,750,-2.2175522019349456e-25,1.1408382033546499e-25,0.011480821665128284,1.3097759961480092e-27,0,0,0
686,751,2.0077859901533923e-55,1.1039310851173055e-39,0.011480821665128284,1.2674035918823339e-41,0,0,0
686,752,-6.4124204774349122e-27,1.8304242724842165e-23,0.011480821665128284,2.1014774643913473e-25,0,0,0
687,688,3.6937408394549638e-24,5.5098578787929398e-25,1,5.5098578787929398e-25,0,0,0
687,751,-1.3251357242394569e-23,6.1639610162654144e-24,1,6.1639610162654144e-24,0,0,0
687,752,-4.0155719803067845e-55,2.9708433895722508e-39,1,2.9708433895722508e-39,0,0,0
687,753,9.2343520986374077e-25,3.9399835444030513e-24,1,3.9399835444030513e-24,0,0,0
688,689,4.7957124152135516e-24,-2.451819351738957e-24,1,-2.451819351738957e-24,0,0,0
688,752,-3.66020730292069e-23,1.7701572462701755e-23,1,1.7701572462701755e-23,0,0,0
688,753,0,6.3319967559814445e-40,1,6.3319967559814445e-40,0,0,0
688,754,1.198928103803391e-24,-1.1159382758022682e-23,1,-1.1159382758022682e-23,0,0,0
689,690,-1.0792628826436272e-25,-6.2735075617312833e-25,1,-6.2735075617312833e-25,0,0,0
689,753,-8.8034022986698427e-24,4.4151919353679664e-24,1,4.4151919353679664e-24,0,0,0
689,754,-2.0077859901533923e-55,-1.7563330656646856e-39,1,-1.7563330656646856e-39,0,0,0
689,755,-2.6981572066090733e-26,-5.3444655424378709e-24,1,-5.3444655424378709e-24,0,0,0
690,691,-1.3626278006106195e-24,4.1398380962993901e-25,1,4.1398380962993901e-25,0,0,0
690,754,2.1119837412241974e-23,-1.0389590231044661e-23,1,-1.0389590231044661e-23,0,0,0
690,755,0,-8.6391358290381769e-40,1,-8.6391358290381769e-40,0,0,0
690,756,-3.4065695015265486e-25,-1.1832461477478247e-24,1,-1.1832461477478247e-24,0,0,0
691,692,-5.3466018135074126e-25,2.1045702135940663e-25,1,2.1045702135940663e-25,0,0,0
691,755,1.0715912656941833e-23,-5.2911238058020742e-24,1,-5.2911238058020742e-24,0,0,0
691,756,0,-2.1428560595204317e-40,1,-2.1428560595204317e-40,0,0,0
691,757,-1.3366504533768531e-25,-1.6515513172080496e-25,1,-1.6515513172080496e-25,0,0,0
692,693,-1.1374613863192797e-25,4.8522036593691237e-26,1,4.8522036593691237e-26,0,0,0
692,756,2.7071492456483041e-24,-1.3393563554951611e-24,1,-1.3393563554951611e-24,0,0,0
692,757,-6.2743312192293509e-57,-3.626588813598731e-41,1,-3.626588813598731e-41,0,0,0
692,758,-2.8436534657981999e-26,-1.6058977000998483e-26,1,-1.6058977000998483e-26,0,0,0
693,694,-1.6702065444545501e-26,7.4148672667885055e-27,1,7.4148672667885055e-27,0,0,0
693,757,4.6397530877929527e-25,-2.2989989620907944e-25,1,-2.2989989620907944e-25,0,0,0
693,758,0,-4.6944924863159227e-42,1,-4.6944924863159227e-42,0,0,0
693,759,-4.1755163611363753e-27,-1.1364966264352548e-27,1,-1.1364966264352548e-27,0,0,0
694,695,-1.8723309109684912e-27,8.5049448107583727e-28,1,8.5049448107583727e-28,0,0,0
694,758,6.0554488659978965e-26,-3.0043202966118416e-26,1,-3.0043202966118416e-26,0,0,0
694,759,0,-4.9797057196638567e-43,1,-4.9797057196638567e-43,0,0,0
694,760,-4.6808272774212271e-28,-5.94934977181384e-29,1,-5.94934977181384e-29,0,0,0
695,696,-1.7134194881681639e-28,7.8974606984351512e-29,1,7.8974606984351512e-29,0,0,0
695,759,6.4485096140068867e-27,-3.202837063401341e-27,1,-3.202837063401341e-27,0,0,0
695,760,6.1272765812786629e-60,-4.5316603467587469e-44,1,-4.5316603467587469e-44,0,0,0
695,761,-4.2835487204204104e-29,-1.6777598251200275e-30,1,-1.6777598251200275e-30,0,0,0
696,697,-1.3392734848113373e-29,6.2492811580955019e-30,1,6.2492811580955019e-30,0,0,0
696,760,5.8706972317839956e-28,-2.9186076973318566e-28,1,-2.9186076973318566e-28,0,0,0
696,761,0,-3.5673816519490174e-45,1,-3.5673816519490174e-45,0,0,0
696,762,-3.3481837120283433e-30,1.6131870721821696e-31,1,1.6131870721821696e-31,0,0,0
697,698,-8.9417253192237081e-31,4.2308487055842629e-31,1,4.2308487055842629e-31,0,0,0
697,761,4.6191006854444156e-29,-2.2983731860731781e-29,1,-2.2983731860731781e-29,0,0,0
697,762,4.7869348291239554e-62,-2.3331363213180291e-46,1,-2.3331363213180291e-46,0,0,0
697,763,-2.235431329805927e-31,3.5086226278340302e-32,1,3.5086226278340302e-32,0,0,0
698,699,-4.8002790805518246e-32,2.3068929778024562e-32,1,2.3068929778024562e-32,0,0,0
698,762,3.02554629759191e-30,-1.5067727999452651e-30,1,-1.5067727999452651e-30,0,0,0
698,763,0,-1.1771415735706223e-47,1,-1.1771415735706223e-47,0,0,0
698,764,-1.200069770137956e-32,3.2604559371167086e-33,1,3.2604559371167086e-33,0,0,0
699,700,-1.8649312494691217e-33,9.0988151829553975e-34,1,9.0988151829553975e-34,0,0,0
699,763,1.5337068042391213e-31,-7.645222380577243e-32,1,-7.645222380577243e-32,0,0,0
699,764,0,-4.1746214941397744e-49,1,-4.1746214941397744e-49,0,0,0
699,765,-4.6623281236728061e-34,1.7263207847617098e-34,1,1.7263207847617098e-34,0,0,0
700,701,-4.5168212878042405e-35,2.2330469736376881e-35,1,2.2330469736376881e-35,0,0,0
700,764,5.4797858271461443e-33,-2.7342468869633173e-33,1,-2.7342468869633173e-33,0,0,0
700,765,0,-9.1324116765013655e-51,1,-9.1324116765013655e-51,0,0,0
700,766,-1.1292053219510601e-35,5.020829345690585e-36,1,5.020829345690585e-36,0,0,0
701,702,-5.0727340528864757e-37,2.5354800846104859e-37,1,2.5354800846104859e-37,0,0,0
701,765,1.209686554149386e-34,-6.0420918531808212e-35,1,-6.0420918531808212e-35,0,0,0
701,766,-1.1412942002115143e-68,-9.3556510605880353e-53,1,-9.3556510605880353e-53,0,0,0
701,767,-1.2681835132216191e-37,6.3022036477973228e-38,1,6.3022036477973228e-38,0,0,0
702,703,-1.7738836655036541e-40,8.8694183275182703e-41,1,8.8694183275182703e-41,0,0,0
702,766,1.2503945281294325e-36,-6.251750905188975e-37,1,-6.251750905188975e-37,0,0,0
702,767,0,-6.077898805727408e-56,1,-6.077898805727408e-56,0,0,0
702,768,-4.4347091637591352e-41,2.2173545818795676e-41,1,2.2173545818795676e-41,0,0,0
703,704,0,-0,1,-0,0,0,0
703,767,7.7427836621544523e-40,-3.8713918310772261e-40,1,-3.8713918310772261e-40,0,0,0
703,768,0,-0,1,-0,0,0,0
703,769,0,-0,1,-0,0,0,0
704,705,0,-0,1,-0,0,0,0
704,768,0,-0,1,-0,0,0,0
704,769,0,-0,1,-0,0,0,0
704,770,0,-0,1,-0,0,0,0
705,706,0,-0,1,-0,0,0,0
705,769,0,-0,1,-0,0,0,0
705,770,0,-0,1,-0,0,0,0
705,771,0,-0,1,-0,0,0,0
706,707,0,-0,1,-0,0,0,0
706,770,0,-0,1,-0,0,0,0
706,771,0,-0,1,-0,0,0,0
706,772,0,-0,1,-0,0,0,0
707,708,0,-0,1,-0,0,0,0
707,771,0,-0,1,-0,0,0,0
707,772,0,-0,1,-0,0,0,0
707,773,0,-0,1,-0,0,0,0
708,709,0,-0,1,-0,0,0,0
708,772,0,-0,1,-0,0,0,0
708,773,0,-0,1,-0,0,0,0
708,774,0,-0,1,-0,0,0,0
709,710,0,-0,1,-0,0,0,0
709,773,0,-0,1,-0,0,0,0
709,774,0,-0,1,-0,0,0,0
709,775,0,-0,1,-0,0,0,0
710,711,0,-0,1,-0,0,0,0
710,774,0,-0,1,-0,0,0,0
710,775,0,-0,1,-0,0,0,0
710,776,0,-0,1,-0,0,0,0
711,712,0,-0,1,-0,0,0,0
711,775,0,-0,1,-0,0,0,0
711,776,0,-0,1,-0,0,0,0
711,777,0,-0,1,-0,0,0,0
712,713,0,-0,1,-0,0,0,0
712,776,0,-0,1,-0,0,0,0
712,777,0,-0,1,-0,0,0,0
712,778,0,-0,1,-0,0,0,0
713,714,0,-0,1,-0,0,0,0
713,777,0,-0,1,-0,0,0,0
713,778,0,-0,1,-0,0,0,0
713,779,0,-0,1,-0,0,0,0
714,778,0,-0,1,-0,0,0,0
714,779,0,-0,1,-0,0,0,0
715,716,0,-0,1,-0,0,0,0
715,780,0,-0,1,-0,0,0,0
715,781,0,-0,1,-0,0,0,0
716,717,0,-0,1,-0,0,0,0
716,780,0,-0,1,-0,0,0,0
716,781,0,-0,1,-0,0,0,0
716,782,0,-0,1,-0,0,0,0
717,718,0,-0,1,-0,0,0,0
717,781,0,-0,1,-0,0,0,0
717,782,0,-0,1,-0,0,0,0
717,783,0,-0,1,-0,0,0,0
718,719,0,-0,1,-0,0,0,0
718,782,0,-0,1,-0,0,0,0
718,783,0,-0,1,-0,0,0,0
718,784,0,-0,1,-0,0,0,0
719,720,0,-0,1,-0,0,0,0
719,783,0,-0,1,-0,0,0,0
719,784,0,-0,1,-0,0,0,0
719,785,0,-0,1,-0,0,0,0
720,721,0,-0,1,-0,0,0,0
720,784,0,-0,1,-0,0,0,0
720,785,0,-0,1,-0,0,0,0
720,786,0,-0,1,-0,0,0,0
721,722,0,-0,1,-0,0,0,0
721,785,0,-0,1,-0,0,0,0
721,786,0,-0,1,-0,0,0,0
721,787,0,-0,1,-0,0,0,0
722,723,0,-0,1,-0,0,0,0
722,786,0,-0,1,-0,0,0,0
722,787,0,-0,1,-0,0,0,0
722,788,0,-0,1,-0,0,0,0
723,724,0,-0,1,-0,0,0,0
723,787,0,-0,1,-0,0,0,0
723,788,0,-0,1,-0,0,0,0
723,789,0,-0,1,-0,0,0,0
724,725,0,-0,1,-0,0,0,0
724,788,0,-0,1,-0,0,0,0
724,789,0,-0,1,-0,0,0,0
724,790,0,-0,1,-0,0,0,0
725,726,0,-0,1,-0,0,0,0
725,789,0,-0,1,-0,0,0,0
725,790,0,-0,1,-0,0,0,0
725,791,0,-0,1,-0,0,0,0
726,727,0,-0,1,-0,0,0,0
726,790,0,-0,1,-0,0,0,0
726,791,0,-0,1,-0,0,0,0
726,792,0,-0,1,-0,0,0,0
727,728,0,-0,1,-0,0,0,0
727,791,0,-0,1,-0,0,0,0
727,792,0,-0,1,-0,0,0,0
727,793,0,-0,1,-0,0,0,0
728,729,0,-0,1,-0,0,0,0
728,792,0,-0,1,-0,0,0,0
728,793,0,-0,1,-0,0,0,0
728,794,0,-0,1,-0,0,0,0
729,730,0,-0,1,-0,0,0,0
729,793,0,-0,1,-0,0,0,0
729,794,0,-0,1,-0,0,0,0
729,795,0,-0,1,-0,0,0,0
730,731,0,-0,1,-0,0,0,0
730,794,0,-0,1,-0,0,0,0
730,795,0,-0,1,-0,0,0,0
730,796,0,-0,1,-0,0,0,0
731,732,0,-0,1,-0,0,0,0
731,795,0,-0,1,-0,0,0,0
731,796,0,-0,1,-0,0,0,0
731,797,0,-0,1,-0,0,0,0
732,733,0,-0,1,-0,0,0,0
732,796,0,-0,1,-0,0,0,0
732,797,0,-0,1,-0,0,0,0
732,798,0,-0,1,-0,0,0,0
733,734,0,-0,1,-0,0,0,0
733,797,0,-0,1,-0,0,0,0
733,798,0,-0,1,-0,0,0,0
733,799,0,-0,1,-0,0,0,0
734,735,0,-0,1,-0,0,0,0
734,798,0,-0,1,-0,0,0,0
734,799,0,-0,1,-0,0,0,0
734,800,0,-0,1,-0,0,0,0
735,736,0,-0,1,-0,0,0,0
735,799,0,-0,1,-0,0,0,0
735,800,0,-0,1,-0,0,0,0
735,801,0,-0,1,-0,0,0,0
736,737,0,-0,1,-0,0,0,0
736,800,0,-0,1,-0,0,0,0
736,801,0,-0,1,-0,0,0,0
736,802,0,-6.0281757698544383e-41,-0,0,0,0,0
737,738,0,-2.4112680943698292e-40,-0,0,0,0,0
737,801,0,-0,1,-0,0,0,0
737,802,0,-1.003892930426982e-56,-0,0,0,0,0
737,803,0,-6.0281761544296173e-41,-0,0,0,0,0
738,739,-4.8225361887396584e-40,-2.3399848451741066e-46,4.8746370797241317e-08,-1.1406576892278231e-53,0,0,0
738,802,1.2056351539708877e-40,-5.533929865309436e-47,3.7154755707176096e-06,-2.05611812246218e-52,0,0,0
738,803,5.5727335588181817e-73,-9.8562908559114825e-63,5.4189449032257019e-09,-5.341069709835162e-71,0,0,0
738,804,-1.2056340471573211e-40,4.9327919061868624e-35,1.2220586763819517e-05,6.0281611477423214e-40,0,0,0
739,740,-4.8225408686978589e-40,1.1308859253126506e-35,4.8746370797241317e-08,5.5126584644671815e-43,0,0,0
739,803,1.2056352308859231e-40,-6.8542930523154924e-49,5.4189449032257019e-09,-3.7143036401060376e-57,0,0,0
739,804,0,8.2147487249096495e-51,4.8746370797241317e-08,4.004391873506111e-58,0,0,0
739,805,-1.2056352144893641e-40,2.4619833382629629e-33,4.8746370797241317e-08,1.200127527035964e-40,0,0,0
740,741,2.261723625216621e-35,5.5206717030676236e-34,0.19329150857399618,1.0670989618277137e-34,0,0,0
740,804,-9.8655717560332523e-35,4.6500704248645498e-35,0.19329150857399618,8.9881912739739216e-36,0,0,0
740,805,0,4.0953176241026732e-49,0.19329150857399618,7.9159012165247953e-50,0,0,0
740,806,5.6543090630415263e-36,4.4936218719208736e-34,0.19329150857399618,8.6857895058469034e-35,0,0,0
741,742,1.1267515768656909e-33,-5.321998700546234e-34,0.89530725801360878,-4.7648240637380378e-34,0,0,0
741,805,-4.9239665559624051e-33,2.3211393308729912e-33,1,2.3211393308729912e-33,0,0,0
741,806,5.8434263050829534e-66,5.1849423856952832e-50,0.77811254466131463,4.0344687136556643e-50,0,0,0
741,807,2.8168789421642718e-34,-1.2139138120148784e-31,0.83911350157711084,-1.0186114694126233e-31,0,0,0
742,743,6.235183675644542e-35,-6.2409831977161646e-32,0.17252175638644546,-1.0767053828482875e-32,0,0,0
742,806,-9.0437868344721632e-34,4.4439536212905267e-34,0.77811254466131463,3.457896060619236e-34,0,0,0
742,807,0,-2.0193568689537297e-47,0.17252175638644546,-3.4838299380293061e-48,0,0,0
742,808,1.5587959189111355e-35,-5.19174069157653e-32,0.17252175638644546,-8.9568822281376203e-33,0,0,0
743,744,-1.2475731211756686e-31,4.5612709382555825e-32,0.39577426187783399,1.8052336388129184e-32,0,0,0
743,807,2.4250107450875924e-31,-1.0565587323968377e-31,0.83911350157711084,-8.8657269756338411e-32,0,0,0
743,808,-7.4795856705061804e-64,-6.0476538646061902e-48,0.31839497354818092,-1.9255425922498421e-48,0,0,0
743,809,-3.1189328029389646e-32,1.2737707316120155e-29,0.39577426187783399,5.0412567110533404e-30,0,0,0
744,745,-3.3531893352457681e-32,1.8629868572255757e-29,0.091540592246226016,1.7053892025736449e-30,0,0,0
744,808,1.0381922587234149e-31,-4.7718126267113843e-32,0.31839497354818092,-1.519321155058647e-32,0,0,0
744,809,0,2.1193553809874851e-45,0.091540592246226016,1.9400704675582035e-46,0,0,0
744,810,-8.3829733381135581e-33,4.8270394514241834e-30,0.091540592246226016,4.4187005017926767e-31,0,0,0
745,746,3.7226205251159049e-29,-1.3956805024265901e-29,0.99426123326305504,-1.3876710175838619e-29,0,0,0
745,809,-2.5444225304210923e-29,8.0688369957105783e-30,0.81810084883478795,6.6011223953003642e-30,0,0,0
745,810,-4.1885679754834614e-62,2.8239462162057175e-47,0.18220465472132302,5.1453614527534935e-48,0,0,0
745,811,9.3065513127897173e-30,-3.8602416398698802e-28,0.99426123326305504,-3.8380886135504251e-28,0,0,0
746,747,9.3125952026272069e-30,-2.7871157886687263e-28,0.041695828115315671,-1.1621110086181369e-29,0,0,0
746,810,-9.6456959295102533e-30,3.6587735644267209e-30,0.18220465472132302,6.6664557400987496e-31,0,0,0
746,811,0,-6.3704868502199316e-44,0.041695828115315671,-2.6562272471764901e-45,0,0,0
746,812,2.3281488006568017e-30,-3.2085522687510932e-27,0.0059696513467093603,-1.9153938372137337e-29,0,0,0
747,748,-5.4811056253111699e-28,-1.2551855145081778e-26,0.086649197436883763,-1.0876081746653563e-27,0,0,0
747,811,7.6274177666118633e-28,-3.1285706801420344e-28,0.20933221541018204,-6.5491063154147212e-29,0,0,0
747,812,0,-5.2272759021882601e-43,0.0059696513467093603,-3.1205014629119531e-45,0,0,0
747,813,-1.3702764063277969e-28,-3.1388743740185395e-27,0.00012881766940416801,-4.0434248141353506e-31,0,0,0
748,749,-2.5651820852694675e-26,-3.6422651079662625e-30,0.00020470623378558472,-7.4559437270041971e-34,0,0,0
748,812,6.4147763887015304e-27,-9.1058776393051128e-31,0.0059696513467093603,-5.4358914712448418e-33,0,0,0
748,813,-3.9204996250525193e-59,-1.516433225815372e-46,0.00012881766940416801,-1.9534339395658065e-50,0,0,0
748,814,-6.4129552131736243e-27,3.4843310221158123e-25,0.086649197436883763,3.0191448667077202e-26,0,0,0
749,750,-2.5659105382910612e-26,4.5633999307844444e-25,0.00020470623378558472,9.3415641308828159e-29,0,0,0
749,813,6.4147763886698593e-27,-2.147110368039366e-35,0.00012881766940416801,-2.7658575356435656e-39,0,0,0
749,814,0,5.8025919532277166e-41,0.00020470623378558472,1.1878267449397856e-44,0,0,0
749,815,-6.414776345725731e-27,3.0911879490621895e-23,0.00020470623378558472,6.3278544297590674e-27,0,0,0
750,751,8.8702088077397935e-25,2.6059204044402153e-23,0.078842027169898812,2.0545604732946916e-24,0,0,0
750,814,-6.9045324920998886e-25,2.3434901450824715e-25,0.078842027169898812,1.8476551369098233e-26,0,0,0
750,815,0,5.1288630829625035e-39,0.078842027169898812,4.043699625376207e-40,0,0,0
750,816,2.2175522019348942e-25,3.57239803483437e-23,0.074707290466546311,2.6688417765049051e-24,0,0,0
751,752,5.3005428969578287e-23,4.6701431573624651e-23,1,4.6701431573624651e-23,0,0,0
751,815,-6.1817344204898076e-23,2.4282993481251748e-23,1,2.4282993481251748e-23,0,0,0
751,816,-8.0311439606135691e-55,4.864305514591912e-39,0.074707290466546311,3.6339908499664098e-40,0,0,0
751,817,1.3251357242394569e-23,2.9154950735967724e-23,0.0028910832728352822,8.4289390393092981e-26,0,0,0
752,753,1.464082921168276e-22,-5.5597341461074106e-23,1,-5.5597341461074106e-23,0,0,0
752,816,-7.1669715916880894e-23,1.7533821443836997e-23,0.074707290466546311,1.3099042915932889e-24,0,0,0
752,817,-4.0155719803067845e-55,2.9109369652327416e-39,0.0028910832728352822,8.4157611684622784e-42,0,0,0
752,818,3.660207302920693e-23,-5.0228281628327416e-22,1,-5.0228281628327416e-22,0,0,0
753,754,3.5213609194679377e-23,-5.9846479421823637e-23,1,-5.9846479421823637e-23,0,0,0
753,817,-7.1561258714330017e-23,3.1378928207830088e-23,0.0028910832728352822,9.0719094461156761e-26,0,0,0
753,818,0,-8.1332187804262637e-38,1,-8.1332187804262637e-38,0,0,0
753,819,8.803402298669897e-24,-3.5703872831705487e-22,1,-3.5703872831705487e-22,0,0,0
754,755,-8.4479349648967886e-23,2.0807849510600279e-23,1,2.0807849510600279e-23,0,0,0
754,818,9.6796355953734148e-22,-4.7342186106254973e-22,1,-4.7342186106254973e-22,0,0,0
754,819,-1.2849830336981711e-53,-5.6967282301689633e-38,1,-5.6967282301689633e-38,0,0,0
754,820,-2.1119837412241983e-23,-9.4558402919298632e-23,1,-9.4558402919298632e-23,0,0,0
755,756,-4.2863650627767333e-23,1.6017526822587055e-23,1,1.6017526822587055e-23,0,0,0
755,819,7.052740543354398e-22,-3.4727907083924903e-22,1,-3.4727907083924903e-22,0,0,0
755,820,-3.2124575842454276e-54,-1.6613438174653338e-38,1,-1.6613438174653338e-38,0,0,0
755,821,-1.0715912656941832e-23,-1.5444616924689451e-23,1,-1.5444616924689451e-23,0,0,0
756,757,-1.0828596982593217e-23,4.4863478737380185e-24,1,4.4863478737380185e-24,0,0,0
756,820,2.1023664325083924e-22,-1.0376474700259547e-22,1,-1.0376474700259547e-22,0,0,0
756,821,0,-3.2389089127953611e-39,1,-3.2389089127953611e-39,0,0,0
756,822,-2.7071492456483041e-24,-1.7665005720541229e-24,1,-1.7665005720541229e-24,0,0,0
757,758,-1.8559012351171807e-24,8.0684164023863264e-25,1,8.0684164023863264e-25,0,0,0
757,821,4.1605146506320731e-23,-2.0570585598770718e-23,1,-2.0570585598770718e-23,0,0,0
757,822,1.0038929950766961e-55,-4.8096319268752722e-40,1,-4.8096319268752722e-40,0,0,0
757,823,-4.6397530877929518e-25,-1.4953618338307747e-25,1,-1.4953618338307747e-25,0,0,0
758,759,-2.4221795463991586e-25,1.0821195809194418e-25,1,1.0821195809194418e-25,0,0,0
758,822,6.24015038975655e-24,-3.0897979505482859e-24,1,-3.0897979505482859e-24,0,0,0
758,823,0,-5.8494308304191526e-41,1,-5.8494308304191526e-41,0,0,0
758,824,-6.0554488659978965e-26,-9.6291509315160953e-27,1,-9.6291509315160953e-27,0,0,0
759,760,-2.5794038456027544e-26,1.1722879781656972e-26,1,1.1722879781656972e-26,0,0,0
759,823,7.6304767554545022e-25,-3.7829958296572167e-25,1,-3.7829958296572167e-25,0,0,0
759,824,0,-6.1088035387683292e-42,1,-6.1088035387683292e-42,0,0,0
759,825,-6.448509614006886e-27,-4.0852262535479244e-28,1,-4.0852262535479244e-28,0,0,0
760,761,-2.3482788927135982e-27,1.081757432647911e-27,1,1.081757432647911e-27,0,0,0
760,824,7.9812790523011153e-26,-3.9612860399916377e-26,1,-3.9612860399916377e-26,0,0,0
760,825,0,-5.5609559803144246e-43,1,-5.5609559803144246e-43,0,0,0
760,826,-5.8706972317839956e-28,1.2273476448139767e-29,1,1.2273476448139767e-29,0,0,0
761,762,-1.8476402741777663e-28,8.6330921113704494e-29,1,8.6330921113704494e-29,0,0,0
761,825,7.2655548647164698e-27,-3.6096819289310127e-27,1,-3.6096819289310127e-27,0,0,0
761,826,6.1272765812786629e-60,-4.2993255907703661e-44,1,-4.2993255907703661e-44,0,0,0
761,827,-4.6191006854444156e-29,5.5377764684956422e-30,1,5.5377764684956422e-30,0,0,0
762,763,-1.210218519036764e-29,5.7443512343359953e-30,1,5.7443512343359953e-30,0,0,0
762,826,5.6252277028212008e-28,-2.7974861199226406e-28,1,-2.7974861199226406e-28,0,0,0
762,827,-3.8295478632991643e-61,-2.6720215723247936e-45,1,-2.6720215723247936e-45,0,0,0
762,828,-3.02554629759191e-30,6.8614358667626823e-31,1,6.8614358667626823e-31,0,0,0
763,764,-6.1348272169564853e-31,2.9578178919353188e-31,1,2.9578178919353188e-31,0,0,0
763,827,3.5115453917452872e-29,-1.7481041618514481e-29,1,-1.7481041618514481e-29,0,0,0
763,828,0,-1.2489080135198411e-46,1,-1.2489080135198411e-46,0,0,0
763,829,-1.5337068042391213e-31,4.9574190491623544e-32,1,4.9574190491623544e-32,0,0,0
764,765,-2.1919143308584577e-32,1.0717634343462411e-32,1,1.0717634343462411e-32,0,0,0
764,828,1.6532591242393734e-30,-8.2388966920611366e-31,1,-8.2388966920611366e-31,0,0,0
764,829,0,-4.0586295668875365e-48,1,-4.0586295668875365e-48,0,0,0
764,830,-5.4797858271461443e-33,2.1897771214424462e-33,1,2.1897771214424462e-33,0,0,0
765,766,-4.8387462165975441e-34,2.3943652177361832e-34,1,2.3943652177361832e-34,0,0,0
765,829,5.4222299440665012e-32,-2.7050665392625035e-32,1,-2.7050665392625035e-32,0,0,0
765,830,0,-8.1540018807528367e-50,1,-8.1540018807528367e-50,0,0,0
765,831,-1.209686554149386e-34,5.5151074702734176e-35,1,5.5151074702734176e-35,0,0,0
766,767,-5.0015781125177306e-36,2.4992404995264343e-36,1,2.4992404995264343e-36,0,0,0
766,830,1.1002315842612528e-33,-5.4949059486656169e-34,1,-5.4949059486656169e-34,0,0,0
766,831,0,-7.8404878267663937e-52,1,-7.8404878267663937e-52,0,0,0
766,832,-1.2503945281294325e-36,6.1978195181826727e-37,1,6.1978195181826727e-37,0,0,0
767,768,-3.0971134648617809e-39,1.5485567324308905e-39,1,1.5485567324308905e-39,0,0,0
767,831,1.0666506009470239e-35,-5.3328658655520109e-36,1,-5.3328658655520109e-36,0,0,0
767,832,0,-8.3735902600820173e-55,1,-8.3735902600820173e-55,0,0,0
767,833,-7.7427836621544523e-40,3.8713918310772261e-40,1,3.8713918310772261e-40,0,0,0
768,769,0,-0,1,-0,0,0,0
768,832,1.0830624492897731e-38,-5.4153122464488657e-39,1,-5.4153122464488657e-39,0,0,0
768,833,0,-0,1,-0,0,0,0
768,834,0,-0,1,-0,0,0,0
769,770,0,-0,1,-0,0,0,0
769,833,0,-0,1,-0,0,0,0
769,834,0,-0,1,-0,0,0,0
769,835,0,-0,1,-0,0,0,0
770,771,0,-0,1,-0,0,0,0
770,834,0,-0,1,-0,0,0,0
770,835,0,-0,1,-0,0,0,0
770,836,0,-0,1,-0,0,0,0
771,772,0,-0,1,-0,0,0,0
771,835,0,-0,1,-0,0,0,0
771,836,0,-0,1,-0,0,0,0
771,837,0,-0,1,-0,0,0,0
772,773,0,-0,1,-0,0,0,0
772,836,0,-0,1,-0,0,0,0
772,837,0,-0,1,-0,0,0,0
772,838,0,-0,1,-0,0,0,0
773,774,0,-0,1,-0,0,0,0
773,837,0,-0,1,-0,0,0,0
773,838,0,-0,1,-0,0,0,0
773,839,0,-0,1,-0,0,0,0
774,775,0,-0,1,-0,0,0,0
774,838,0,-0,1,-0,0,0,0
774,839,0,-0,1,-0,0,0,0
774,840,0,-0,1,-0,0,0,0
775,776,0,-0,1,-0,0,0,0
775,839,0,-0,1,-0,0,0,0
775,840,0,-0,1,-0,0,0,0
775,841,0,-0,1,-0,0,0,0
776,777,0,-0,1,-0,0,0,0
776,840,0,-0,1,-0,0,0,0
776,841,0,-0,1,-0,0,0,0
776,842,0,-0,1,-0,0,0,0
777,778,0,-0,1,-0,0,0,0
777,841,0,-0,1,-0,0,0,0
777,842,0,-0,1,-0,0,0,0
777,843,0,-0,1,-0,0,0,0
778,779,0,-0,1,-0,0,0,0
778,842,0,-0,1,-0,0,0,0
778,843,0,-0,1,-0,0,0,0
778,844,0,-0,1,-0,0,0,0
779,843,0,-0,1,-0,0,0,0
779,844,0,-0,1,-0,0,0,0
780,781,0,-0,1,-0,0,0,0
780,845,0,-0,1,-0,0,0,0
780,846,0,-0,1,-0,0,0,0
781,782,0,-0,1,-0,0,0,0
781,845,0,-0,1,-0,0,0,0
781,846,0,-0,1,-0,0,0,0
781,847,0,-0,1,-0,0,0,0
782,783,0,-0,1,-0,0,0,0
782,846,0,-0,1,-0,0,0,0
782,847,0,-0,1,-0,0,0,0
782,848,0,-0,1,-0,0,0,0
783,784,0,-0,1,-0,0,0,0
783,847,0,-0,1,-0,0,0,0
783,848,0,-0,1,-0,0,0,0
783,849,0,-0,1,-0,0,0,0
784,785,0,-0,1,-0,0,0,0
784,848,0,-0,1,-0,0,0,0
784,849,0,-0,1,-0,0,0,0
784,850,0,-0,1,-0,0,0,0
785,786,0,-0,1,-0,0,0,0
785,849,0,-0,1,-0,0,0,0
785,850,0,-0,1,-0,0,0,0
785,851,0,-0,1,-0,0,0,0
786,787,0,-0,1,-0,0,0,0
786,850,0,-0,1,-0,0,0,0
786,851,0,-0,1,-0,0,0,0
786,852,0,-0,1,-0,0,0,0
787,788,0,-0,1,-0,0,0,0
787,851,0,-0,1,-0,0,0,0
787,852,0,-0,1,-0,0,0,0
787,853,0,-0,1,-0,0,0,0
788,789,0,-0,1,-0,0,0,0
788,852,0,-0,1,-0,0,0,0
788,853,0,-0,1,-0,0,0,0
788,854,0,-0,1,-0,0,0,0
789,790,0,-0,1,-0,0,0,0
789,853,0,-0,1,-0,0,0,0
789,854,0,-0,1,-0,0,0,0
789,855,0,-0,1,-0,0,0,0
790,791,0,-0,1,-0,0,0,0
790,854,0,-0,1,-0,0,0,0
790,855,0,-0,1,-0,0,0,0
790,856,0,-0,1,-0,0,0,0
791,792,0,-0,1,-0,0,0,0
791,855,0,-0,1,-0,0,0,0
791,856,0,-0,1,-0,0,0,0
791,857,0,-0,1,-0,0,0,0
792,793,0,-0,1,-0,0,0,0
792,856,0,-0,1,-0,0,0,0
792,857,0,-0,1,-0,0,0,0
792,858,0,-0,1,-0,0,0,0
793,794,0,-0,1,-0,0,0,0
793,857,0,-0,1,-0,0,0,0
793,858,0,-0,1,-0,0,0,0
793,859,0,-0,1,-0,0,0,0
794,795,0,-0,1,-0,0,0,0
794,858,0,-0,1,-0,0,0,0
794,859,0,-0,1,-0,0,0,0
794,860,0,-0,1,-0,0,0,0
795,796,0,-0,1,-0,0,0,0
795,859,0,-0,1,-0,0,0,0
795,860,0,-0,1,-0,0,0,0
795,861,0,-0,1,-0,0,0,0
796,797,0,-0,1,-0,0,0,0
796,860,0,-0,1,-0,0,0,0
796,861,0,-0,1,-0,0,0,0
796,862,0,-0,1,-0,0,0,0
797,798,0,-0,1,-0,0,0,0
797,861,0,-0,1,-0,0,0,0
797,862,0,-0,1,-0,0,0,0
797,863,0,-0,1,-0,0,0,0
798,799,0,-0,1,-0,0,0,0
798,862,0,-0,1,-0,0,0,0
798,863,0,-0,1,-0,0,0,0
798,864,0,-0,1,-0,0,0,0
799,800,0,-0,1,-0,0,0,0
799,863,0,-0,1,-0,0,0,0
799,864,0,-0,1,-0,0,0,0
799,865,0,-0,1,-0,0,0,0
800,801,0,-0,1,-0,0,0,0
800,864,0,-0,1,-0,0,0,0
800,865,0,-0,1,-0,0,0,0
800,866,0,-6.0281760941451005e-41,-0,0,0,0,0
801,802,0,-2.4112703079417753e-40,-0,0,0,0,0
801,865,0,-0,1,-0,0,0,0
801,866,0,-1.0038929844322259e-56,-0,0,0,0,0
801,867,0,-6.0281761574542876e-41,-0,0,0,0,0
802,803,-4.8225406158835507e-40,-1.5383007125959429e-47,5.4189449032257019e-09,-8.3359668061502494e-56,0,0,0
802,866,1.2056352188290199e-40,-3.2429066225233777e-48,6.2551795355939791e-06,-2.0284963141050421e-53,0,0,0
802,867,2.7863634578058005e-73,-6.4548341479858045e-64,1.3120678853046177e-09,-8.4691805905397683e-73,0,0,0
802,868,-1.2056351539615234e-40,1.6224481310746342e-34,3.7154755707176096e-06,6.0281663957642458e-40,0,0,0
803,804,-4.8225409234854237e-40,1.9731167624771124e-34,5.4189449032257019e-09,1.0692211023494546e-42,0,0,0
803,867,1.2056352314908575e-40,-3.0246706991103728e-50,1.3120678853046177e-09,-3.9685732879245866e-59,0,0,0
803,868,0,2.7019189070687347e-50,5.4189449032257019e-09,1.4641549690389279e-58,0,0,0
803,869,-1.2056352608063207e-40,2.205121826477866e-32,5.4189449032257019e-09,1.1949433682583982e-40,0,0,0
804,805,3.9462287024133215e-34,9.6506216768041425e-33,0.075705376846257583,7.3060395084311982e-34,0,0,0
804,868,-3.2448950565141146e-34,1.1291689404553946e-34,0.075705376846257583,8.5484160160265037e-36,0,0,0
804,869,0,3.6640507870639004e-48,0.075705376846257583,2.7738834561849929e-49,0,0,0
804,870,9.865571756033263e-35,1.846815038938501e-32,0.075705376846257583,1.3981382848817508e-33,0,0,0
805,806,1.969586622384962e-32,-8.0391757450303761e-33,1,-8.0391757450303761e-33,0,0,0
805,869,-4.4102436408993788e-32,1.9589234926515694e-32,1,1.9589234926515694e-32,0,0,0
805,870,0,2.6737770281477471e-48,1,2.6737770281477471e-48,0,0,0
805,871,4.9239665559623784e-33,-7.678499234639513e-31,1,-7.678499234639513e-31,0,0,0
806,807,3.6175147337889385e-33,-4.8681090638441301e-31,0.77811254466131463,-3.7879367313565661e-31,0,0,0
806,870,-3.7034956496330357e-32,1.8065288906441571e-32,1,1.8065288906441571e-32,0,0,0
806,871,0,-1.2753800174753371e-46,0.77811254466131463,-9.9238919080792644e-47,0,0,0
806,872,9.0437868344719425e-34,-5.7817280450042887e-31,0.67410831244221059,-3.8975109354176424e-31,0,0,0
807,808,-9.7000429803503696e-31,2.7736369727283555e-31,0.83911350157711084,2.327396232289828e-31,0,0,0
807,871,1.5307758803719401e-30,-6.4413740293159042e-31,1,-6.4413740293159042e-31,0,0,0
807,872,-1.1967337072809889e-62,-7.6017538581273223e-47,0.67410831244221059,-5.1244054649032727e-47,0,0,0
807,873,-2.4250107450876449e-31,3.6345596228297951e-29,0.83911350157711084,3.0498080518034928e-29,0,0,0
808,809,-4.1527690348936305e-31,5.1096089060166526e-29,0.31839497354818092,1.6268737924727218e-29,0,0,0
808,872,1.1554412303174105e-30,-5.2581100222253453e-31,0.67410831244221059,-3.5445356737178021e-31,0,0,0
808,873,0,6.0412100828488166e-45,0.31839497354818092,1.9234909245276528e-45,0,0,0
808,874,-1.038192258723442e-31,2.4593071643842974e-29,0.25540284014583947,6.2811403457476048e-30,0,0,0
809,810,1.0177690121684369e-28,-3.1597058749401337e-29,0.81810084883478795,-2.5849580583567899e-29,0,0,0
809,873,-7.244869138208713e-29,2.3502233038938106e-29,1,2.3502233038938106e-29,0,0,0
809,874,3.8295478632991643e-61,1.9682671124290362e-45,0.25540284014583947,5.0270101068002615e-46,0,0,0
809,875,2.5444225304210777e-29,-1.3955783116108717e-27,0.81810084883478795,-1.1417238013442743e-27,0,0,0
810,811,3.8582783718041209e-29,-1.5447749451813933e-27,0.18220465472132302,-2.8146518550892647e-28,0,0,0
810,874,-4.9082324061813602e-29,1.9718314066151675e-29,0.25540284014583947,5.036113415382794e-30,0,0,0
810,875,0,-2.3109498430265807e-43,0.18220465472132302,-4.210658182269538e-44,0,0,0
810,876,9.6456959295101916e-30,-3.2122110423155576e-27,0.014619650324892585,-4.6961402208412188e-29,0,0,0
811,812,-3.0509671066447453e-27,-1.1304069224080687e-26,0.0059696513467093603,-6.7481352066829107e-29,0,0,0
811,875,2.7657123979175326e-27,-1.0014853106281731e-27,1,-1.0014853106281731e-27,0,0,0
811,876,0,-4.7062642216991929e-43,0.014619650324892585,-6.8803937257794955e-45,0,0,0
811,877,-7.6274177666118633e-28,-2.8260173060199881e-27,7.4748943044243807e-05,-2.1124180664973542e-31,0,0,0
812,813,-2.5659105554806122e-26,6.3341060980847081e-38,0.0059696513467093603,3.7812404998631348e-40,0,0,0
812,876,6.4147763887016064e-27,-3.7676100987893819e-41,0.014619650324892585,-5.5081142204834773e-43,0,0,0
812,877,0,3.0587364693743084e-56,0.0059696513467093603,1.8259590283629372e-58,0,0,0
812,878,-6.4147763887018045e-27,4.8476201671788691e-24,0.0059696513467093603,2.8938602259334792e-26,0,0,0
813,814,-2.5659105554679498e-26,1.3937360511973176e-24,0.00012881766940416801,1.7953782987980665e-28,0,0,0
813,877,6.414776388701163e-27,-1.5651594252895788e-38,7.4748943044243807e-05,-1.1699401273613209e-42,0,0,0
813,878,0,8.0729092863588254e-40,0.00012881766940416801,1.0399333595800091e-43,0,0,0
813,879,-6.4147763886764866e-27,4.7336724880200802e-23,0.00012881766940416801,6.0978065762937612e-27,0,0,0
814,815,2.7618129968399569e-24,1.2225378191137617e-22,0.1186094270326295,1.4500451025080371e-23,0,0,0
814,878,-9.6888255579690364e-24,4.4991861543795239e-24,0.1186094270326295,5.3364589188409506e-25,0,0,0
814,879,0,7.8251223613159655e-39,0.1186094270326295,9.281332797359035e-40,0,0,0
814,880,6.9045324920999639e-25,6.2946895501739114e-23,0.0032043569586838083,2.0170432262854024e-25,0,0,0
815,816,2.472693768195923e-22,1.9704743423965645e-23,0.074707290466546311,1.4720879905429697e-24,0,0,0
815,879,-9.4667034984012913e-23,1.6424845389557428e-23,1,1.6424845389557428e-23,0,0,0
815,880,8.0311439606135691e-55,5.3929277749989614e-39,0.0032043569586838083,1.728086564349711e-41,0,0,0
815,881,6.1817344204898076e-23,4.7106117126347659e-24,0.001257898013274517,5.9254691146309423e-27,0,0,0
816,817,2.8667886366752362e-22,-2.1691440510175023e-25,0.074707290466546311,-1.6205087468314549e-26,0,0,0
816,880,-1.2658424425268823e-22,2.7457264167903662e-23,0.0032043569586838083,8.7982875502841686e-26,0,0,0
816,881,-1.5685828048073377e-55,-3.5900306620258951e-41,0.074707290466546311,-2.682014634517761e-42,0,0,0
816,882,7.1669715916881576e-23,-1.859279729693856e-20,0.074707290466546311,-1.3890175082480061e-21,0,0,0
817,818,2.8624503485732021e-22,-2.079049636503343e-21,0.0028910832728352822,-6.0107056274890887e-24,0,0,0
817,881,-7.1238567630167609e-23,-1.6134554208120868e-25,0.0028910832728352822,-4.6646339785752355e-28,0,0,0
817,882,0,-3.0963137168111771e-36,0.0028910832728352822,-8.9517007941232351e-39,0,0,0
817,883,7.1561258714329582e-23,-1.8905103147972992e-20,0.0028910832728352822,-5.4656227482330348e-23,0,0,0
818,819,-3.8718542381493652e-21,5.2537901040380326e-22,1,5.2537901040380326e-22,0,0,0
818,882,3.7113924877960244e-20,-1.807298065921145e-20,1,-1.807298065921145e-20,0,0,0
818,883,-4.1119457078341474e-52,-3.0617742905770514e-36,1,-3.0617742905770514e-36,0,0,0
818,884,-9.6796355953734072e-22,-6.2505465791235662e-21,1,-6.2505465791235662e-21,0,0,0
819,820,-2.8210962173417592e-21,9.9007482216920116e-22,1,9.9007482216920116e-22,0,0,0
819,883,3.7738645037231659e-20,-1.8516685491448106e-20,1,-1.8516685491448106e-20,0,0,0
819,884,-2.0559728539170737e-52,-1.0627984045704396e-36,1,-1.0627984045704396e-36,0,0,0
819,885,-7.0527405433544008e-22,-1.1721057011656718e-21,1,-1.1721057011656718e-21,0,0,0
820,821,-8.4094657300335697e-22,3.3726299348903702e-22,1,3.3726299348903702e-22,0,0,0
820,884,1.3469056717784473e-20,-6.6294100372668173e-21,1,-6.6294100372668173e-21,0,0,0
820,885,0,-2.3641495539705289e-37,1,-2.3641495539705289e-37,0,0,0
820,886,-2.1023664325083917e-22,-1.5501404799498908e-22,1,-1.5501404799498908e-22,0,0,0
821,822,-1.6642058602528292e-22,7.0729992233128371e-23,1,7.0729992233128371e-23,0,0,0
821,885,3.0494854566667842e-21,-1.5039401550802316e-21,1,-1.5039401550802316e-21,0,0,0
821,886,0,-3.9856417560865403e-38,1,-3.9856417560865403e-38,0,0,0
821,887,-4.1605146506320731e-23,-1.5339101749915108e-23,1,-1.5339101749915108e-23,0,0,0
822,823,-2.49606015590262e-23,1.0954205428422202e-23,1,1.0954205428422202e-23,0,0,0
822,886,5.2026473924081724e-22,-2.5701229442553037e-22,1,-2.5701229442553037e-22,0,0,0
822,887,0,-5.4992010625527302e-39,1,-5.4992010625527302e-39,0,0,0
822,888,-6.24015038975655e-24,-1.1771413849068827e-24,1,-1.1771413849068827e-24,0,0,0
823,824,-3.0521907021818009e-24,1.3664697700448781e-24,1,1.3664697700448781e-24,0,0,0
823,887,7.2283350006150958e-23,-3.5760151165302745e-23,1,-3.5760151165302745e-23,0,0,0
823,888,1.0038929950766961e-55,-6.5209383593097273e-40,1,-6.5209383593097273e-40,0,0,0
823,889,-7.6304767554545022e-25,-6.5195163799000291e-26,1,-6.5195163799000291e-26,0,0,0
824,825,-3.1925116209204461e-25,1.4509447131658936e-25,1,1.4509447131658936e-25,0,0,0
824,888,8.5944331595703153e-24,-4.2573101845236517e-24,1,-4.2573101845236517e-24,0,0,0
824,889,-1.2548662438458702e-56,-6.7747908335006321e-41,1,-6.7747908335006321e-41,0,0,0
824,890,-7.9812790523011153e-26,-1.4518139615203232e-28,1,-1.4518139615203232e-28,0,0,0
825,826,-2.9062219458865879e-26,1.3406064188868701e-26,1,1.3406064188868701e-26,0,0,0
825,889,8.9343800314345084e-25,-4.4308622413936715e-25,1,-4.4308622413936715e-25,0,0,0
825,890,-7.8429140240366886e-58,-6.0649484143692288e-42,1,-6.0649484143692288e-42,0,0,0
825,891,-7.2655548647164698e-27,6.5882275867633952e-28,1,6.5882275867633952e-28,0,0,0
826,827,-2.2500910811284803e-27,1.0548146327293345e-27,1,1.0548146327293345e-27,0,0,0
826,890,8.0103153315315218e-26,-3.9770315272516554e-26,1,-3.9770315272516554e-26,0,0,0
826,891,-9.8036425300458607e-59,-4.4842351307874999e-43,1,-4.4842351307874999e-43,0,0,0
826,892,-5.6252277028212008e-28,1.0750001868826269e-28,1,1.0750001868826269e-28,0,0,0
827,828,-1.4046181566981149e-28,6.6924389586427e-29,1,6.6924389586427e-29,0,0,0
827,891,5.9479093473637905e-27,-2.9563969467231689e-27,1,-2.9563969467231689e-27,0,0,0
827,892,0,-2.6013131564484757e-44,1,-2.6013131564484757e-44,0,0,0
827,893,-3.5115453917452872e-29,9.9996908012396124e-30,1,9.9996908012396124e-30,0,0,0
828,829,-6.6130364969574934e-30,3.1980736495974164e-30,1,3.1980736495974164e-30,0,0,0
828,892,3.4752273290559474e-28,-1.7293473689067768e-28,1,-1.7293473689067768e-28,0,0,0
828,893,0,-1.1210043885435354e-45,1,-1.1210043885435354e-45,0,0,0
828,894,-1.6532591242393734e-30,5.9803663470226985e-31,1,5.9803663470226985e-31,0,0,0
829,830,-2.1688919776266005e-31,1.0624413571280752e-31,1,1.0624413571280752e-31,0,0,0
829,893,1.511607231497365e-29,-7.5309250077664929e-30,1,-7.5309250077664929e-30,0,0,0
829,894,5.9836685364049443e-63,-3.3553456296256572e-47,1,-3.3553456296256572e-47,0,0,0
829,895,-5.4222299440665023e-32,2.279730527912512e-32,1,2.279730527912512e-32,0,0,0
830,831,-4.4009263370450112e-33,2.1791301565035654e-33,1,2.1791301565035654e-33,0,0,0
830,894,4.5718585483483366e-31,-2.2804281162528619e-31,1,-2.2804281162528619e-31,0,0,0
830,895,0,-6.2678673069695376e-49,1,-6.2678673069695376e-49,0,0,0
830,896,-1.1002315842612528e-33,5.1000368348224816e-34,1,5.1000368348224816e-34,0,0,0
831,832,-4.2666024037880956e-35,2.1311350769954681e-35,1,2.1311350769954681e-35,0,0,0
831,895,8.6276888824147739e-33,-4.3085111882026521e-33,1,-4.3085111882026521e-33,0,0,0
831,896,0,-5.7918429458530667e-51,1,-5.7918429458530667e-51,0,0,0
831,897,-1.0666506009470239e-35,5.2709106118329138e-36,1,5.2709106118329138e-36,0,0,0
832,833,-4.3322497971590925e-38,2.1661248985795463e-38,1,2.1661248985795463e-38,0,0,0
832,896,8.0224217296756371e-35,-4.0106693336131736e-35,1,-4.0106693336131736e-35,0,0,0
832,897,0,-9.4802633503070313e-54,1,-9.4802633503070313e-54,0,0,0
832,898,-1.0830624492897731e-38,5.4153122464488657e-39,1,5.4153122464488657e-39,0,0,0
833,834,0,-0,1,-0,0,0,0
833,897,1.2468478580440943e-37,-6.2342392902204717e-38,1,-6.2342392902204717e-38,0,0,0
833,898,0,-0,1,-0,0,0,0
833,899,0,-0,1,-0,0,0,0
834,835,0,-0,1,-0,0,0,0
834,898,0,-0,1,-0,0,0,0
834,899,0,-0,1,-0,0,0,0
834,900,0,-0,1,-0,0,0,0
835,836,0,-0,1,-0,0,0,0
835,899,0,-0,1,-0,0,0,0
835,900,0,-0,1,-0,0,0,0
835,901,0,-0,1,-0,0,0,0
836,837,0,-0,1,-0,0,0,0
836,900,0,-0,1,-0,0,0,0
836,901,0,-0,1,-0,0,0,0
836,902,0,-0,1,-0,0,0,0
837,838,0,-0,1,-0,0,0,0
837,901,0,-0,1,-0,0,0,0
837,902,0,-0,1,-0,0,0,0
837,903,0,-0,1,-0,0,0,0
838,839,0,-0,1,-0,0,0,0
838,902,0,-0,1,-0,0,0,0
838,903,0,-0,1,-0,0,0,0
838,904,0,-0,1,-0,0,0,0
839,840,0,-0,1,-0,0,0,0
839,903,0,-0,1,-0,0,0,0
839,904,0,-0,1,-0,0,0,0
839,905,0,-0,1,-0,0,0,0
840,841,0,-0,1,-0,0,0,0
840,904,0,-0,1,-0,0,0,0
840,905,0,-0,1,-0,0,0,0
840,906,0,-0,1,-0,0,0,0
841,842,0,-0,1,-0,0,0,0
841,905,0,-0,1,-0,0,0,0
841,906,0,-0,1,-0,0,0,0
841,907,0,-0,1,-0,0,0,0
842,843,0,-0,1,-0,0,0,0
842,906,0,-0,1,-0,0,0,0
842,907,0,-0,1,-0,0,0,0
842,908,0,-0,1,-0,0,0,0
843,844,0,-0,1,-0,0,0,0
843,907,0,-0,1,-0,0,0,0
843,908,0,-0,1,-0,0,0,0
843,909,0,-0,1,-0,0,0,0
844,908,0,-0,1,-0,0,0,0
844,909,0,-0,1,-0,0,0,0
845,846,0,-0,1,-0,0,0,0
845,910,0,-0,1,-0,0,0,0
845,911,0,-0,1,-0,0,0,0
846,847,0,-0,1,-0,0,0,0
846,910,0,-0,1,-0,0,0,0
846,911,0,-0,1,-0,0,0,0
846,912,0,-0,1,-0,0,0,0
847,848,0,-0,1,-0,0,0,0
847,911,0,-0,1,-0,0,0,0
847,912,0,-0,1,-0,0,0,0
847,913,0,-0,1,-0,0,0,0
848,849,0,-0,1,-0,0,0,0
848,912,0,-0,1,-0,0,0,0
848,913,0,-0,1,-0,0,0,0
848,914,0,-0,1,-0,0,0,0
849,850,0,-0,1,-0,0,0,0
849,913,0,-0,1,-0,0,0,0
849,914,0,-0,1,-0,0,0,0
849,915,0,-0,1,-0,0,0,0
850,851,0,-0,1,-0,0,0,0
850,914,0,-0,1,-0,0,0,0
850,915,0,-0,1,-0,0,0,0
850,916,0,-0,1,-0,0,0,0
851,852,0,-0,1,-0,0,0,0
851,915,0,-0,1,-0,0,0,0
851,916,0,-0,1,-0,0,0,0
851,917,0,-0,1,-0,0,0,0
852,853,0,-0,1,-0,0,0,0
852,916,0,-0,1,-0,0,0,0
852,917,0,-0,1,-0,0,0,0
852,918,0,-0,1,-0,0,0,0
853,854,0,-0,1,-0,0,0,0
853,917,0,-0,1,-0,0,0,0
853,918,0,-0,1,-0,0,0,0
853,919,0,-0,1,-0,0,0,0
854,855,0,-0,1,-0,0,0,0
854,918,0,-0,1,-0,0,0,0
854,919,0,-0,1,-0,0,0,0
854,920,0,-0,1,-0,0,0,0
855,856,0,-0,1,-0,0,0,0
855,919,0,-0,1,-0,0,0,0
855,920,0,-0,1,-0,0,0,0
855,921,0,-0,1,-0,0,0,0
856,857,0,-0,1,-0,0,0,0
856,920,0,-0,1,-0,0,0,0
856,921,0,-0,1,-0,0,0,0
856,922,0,-0,1,-0,0,0,0
857,858,0,-0,1,-0,0,0,0
857,921,0,-0,1,-0,0,0,0
857,922,0,-0,1,-0,0,0,0
857,923,0,-0,1,-0,0,0,0
858,859,0,-0,1,-0,0,0,0
858,922,0,-0,1,-0,0,0,0
858,923,0,-0,1,-0,0,0,0
858,924,0,-0,1,-0,0,0,0
859,860,0,-0,1,-0,0,0,0
859,923,0,-0,1,-0,0,0,0
859,924,0,-0,1,-0,0,0,0
859,925,0,-0,1,-0,0,0,0
860,861,0,-0,1,-0,0,0,0
860,924,0,-0,1,-0,0,0,0
860,925,0,-0,1,-0,0,0,0
860,926,0,-0,1,-0,0,0,0
861,862,0,-0,1,-0,0,0,0
861,925,0,-0,1,-0,0,0,0
861,926,0,-0,1,-0,0,0,0
861,927,0,-0,1,-0,0,0,0
862,863,0,-0,1,-0,0,0,0
862,926,0,-0,1,-0,0,0,0
862,927,0,-0,1,-0,0,0,0
862,928,0,-0,1,-0,0,0,0
863,864,0,-0,1,-0,0,0,0
863,927,0,-0,1,-0,0,0,0
863,928,0,-0,1,-0,0,0,0
863,929,0,-0,1,-0,0,0,0
864,865,0,-0,1,-0,0,0,0
864,928,0,-0,1,-0,0,0,0
864,929,0,-0,1,-0,0,0,0
864,930,0,-4.7490189871989168e-41,-0,0,0,0,0
865,866,0,-2.4112704376580402e-40,-0,0,0,0,0
865,929,0,-0,1,-0,0,0,0
865,930,0,-7.9087053359554213e-57,-0,0,0,0,0
865,931,0,-6.0281761577042037e-41,-0,0,0,0,0
866,867,-4.8225408753160804e-40,-2.5323674638303325e-48,1.3120678853046177e-09,-3.3226380230820825e-57,0,0,0
866,930,9.4980379743978336e-41,1.2791571069461845e-41,6.2551795355939791e-06,8.0013573581793726e-47,0,0,0
866,931,-2.7863628350051836e-73,-1.0584716949563427e-64,6.2038799614502955e-10,-6.5666313381019841e-74,0,0,0
866,932,-1.2056352186999967e-40,1.0046055649882191e-34,6.2551795355939791e-06,6.2839881714581358e-40,0,0,0
867,868,-4.822540925327575e-40,6.4897925242986915e-34,1.3120678853046177e-09,8.5150483534223019e-43,0,0,0
867,931,1.2056352315408407e-40,-2.4991648407635654e-51,6.2038799614502955e-10,-1.5504518675974202e-60,0,0,0
867,932,-2.9217131525414767e-66,1.6730043433747391e-50,1.3120678853046177e-09,2.1950952709171346e-59,0,0,0
867,933,-1.2056351597511429e-40,9.1239193885818398e-32,1.3120678853046177e-09,1.1971201617866375e-40,0,0,0
868,869,1.2979580226056445e-33,8.7555893806684766e-32,0.022716953959946551,1.9890032085284271e-33,0,0,0
868,932,-2.0092099243412199e-34,-6.1784256608644744e-35,0.0027754157473118234,-1.714769987275872e-37,0,0,0
868,933,2.9918342682024721e-63,1.5167358880970477e-47,0.022716953959946551,3.4455619339299274e-49,0,0,0
868,934,3.2448950565140774e-34,1.8375768131276672e-31,0.022716953959946551,4.1744147861686521e-33,0,0,0
869,870,1.764097456359752e-31,-1.4134959825326877e-32,1,-1.4134959825326877e-32,0,0,0
869,933,-1.8247838765107328e-31,6.9187975621039741e-32,1,6.9187975621039741e-32,0,0,0
869,934,0,2.695655496505671e-47,1,2.695655496505671e-47,0,0,0
869,935,4.4102436408993569e-32,-2.7014846427150027e-30,1,-2.7014846427150027e-30,0,0,0
870,871,1.4813982598532136e-31,-3.1356216737365412e-30,1,-3.1356216737365412e-30,0,0,0
870,934,-3.6783985213118478e-31,1.6540244781742725e-31,1,1.6540244781742725e-31,0,0,0
870,935,-9.5738696582479109e-62,-4.4929908173263565e-46,1,-4.4929908173263565e-46,0,0,0
870,936,3.7034956496329804e-32,-3.8196157700213808e-30,1,-3.8196157700213808e-30,0,0,0
871,872,-6.1231035214877612e-30,7.5066930010905946e-31,1,7.5066930010905946e-31,0,0,0
871,935,5.3588668490210114e-30,-1.9140454843245356e-30,1,-1.9140454843245356e-30,0,0,0
871,936,0,-5.055473292637637e-46,1,-5.055473292637637e-46,0,0,0
871,937,-1.5307758803719284e-30,8.8828713911369713e-29,1,8.8828713911369713e-29,0,0,0
872,873,-4.6217649212696281e-30,1.4720826522480908e-28,0.67410831244221059,9.9234315248241395e-29,0,0,0
872,936,7.602196583546432e-30,-3.2233776766145106e-30,1,-3.2233776766145106e-30,0,0,0
872,937,0,1.4761699627054286e-44,0.67410831244221059,9.9509844243723735e-45,0,0,0
872,938,-1.1554412303174209e-30,7.4720030226113212e-29,0.49172402417496203,3.6741633949259185e-29,0,0,0
873,874,2.8979476552834852e-28,-4.6732734640547045e-29,1,-4.6732734640547045e-29,0,0,0
873,937,-1.7612665194236749e-28,5.1838980280140179e-29,1,5.1838980280140179e-29,0,0,0
873,938,7.6590957265983287e-61,6.3146094886186648e-45,0.49172402417496203,3.1050451888369689e-45,0,0,0
873,939,7.2448691382087164e-29,-1.8198871552939709e-27,1,-1.8198871552939709e-27,0,0,0
874,875,1.9632929624725427e-28,-5.6295894439586919e-27,0.25540284014583947,-1.4378131328420871e-27,0,0,0
874,938,-1.4828461922190901e-28,4.9601147580047702e-29,0.49172402417496203,2.4390075891757236e-29,0,0,0
874,939,0,-3.0112645237898059e-43,0.25540284014583947,-7.690855118063252e-44,0,0,0
874,940,4.9082324061813787e-29,-3.2319293563817099e-27,0.039882182620235719,-1.2889639680691625e-28,0,0,0
875,876,-1.1062849591670128e-26,-7.2981279815681462e-27,0.014619650324892585,-1.0669607911684042e-28,0,0,0
875,939,3.5673256192058551e-27,-4.0080661064416121e-28,1,-4.0080661064416121e-28,0,0,0
875,940,0,-3.0384561456742807e-43,0.039882182620235719,-1.2118026288535921e-44,0,0,0
875,941,-2.7657123979175326e-27,-1.8245319947386858e-27,4.4153928294465543e-05,-8.0560254866650116e-32,0,0,0
876,877,-2.5659105554806426e-26,8.853883732155048e-40,0.014619650324892585,1.2944068418136172e-41,0,0,0
876,940,6.4147763887016064e-27,-4.7095126234867272e-43,0.039882182620235719,-1.8782564250220307e-44,0,0,0
876,941,0,1.0880474625546099e-52,0.014619650324892585,1.5906873439435055e-54,0,0,0
876,942,-6.4147763887018045e-27,1.427326926616877e-24,0.014619650324892585,2.086702056644236e-26,0,0,0
877,878,-2.5659105554807218e-26,1.9390480668715477e-23,7.4748943044243807e-05,1.4494179351063238e-27,0,0,0
877,941,6.4147763873949036e-27,6.5312933916300983e-37,7.4748943044243807e-05,4.8820727773620422e-41,0,0,0
877,942,0,2.376976826396278e-40,7.4748943044243807e-05,1.7767650541378278e-44,0,0,0
877,943,-6.4147763886981877e-27,5.6220265669234e-23,7.4748943044243807e-05,4.2024054364418275e-27,0,0,0
878,879,3.8755302231876134e-23,1.6995641885208777e-22,0.68990014603767269,1.1725295818609521e-22,0,0,0
878,942,-2.8482390768450526e-24,-3.4202932405619923e-24,0.15329865082552749,-5.2432633920582477e-25,0,0,0
878,943,1.6062287921227138e-54,8.555264080843143e-39,0.68990014603767269,5.9022779387645404e-39,0,0,0
878,944,9.6888255579690335e-24,9.2407194254283751e-23,0.00014062085621063418,1.2994378776059776e-26,0,0,0
879,880,3.7866813993605165e-22,6.3834418537350609e-23,0.0032043569586838083,2.0454826324369411e-25,0,0,0
879,943,-1.124341165620793e-22,8.8835407890331925e-24,1,8.8835407890331925e-24,0,0,0
879,944,0,8.3130318531013645e-39,0.00014062085621063418,1.1689856568893887e-42,0,0,0
879,945,9.4667034984012913e-23,1.7644933675996578e-23,3.8833724249752726e-05,6.8521848877882683e-28,0,0,0
880,881,5.0633697701075292e-22,-1.1069135324504124e-22,0.0032043569586838083,-3.5469460803687545e-25,0,0,0
880,944,-1.9450321406653653e-22,3.3959484906924158e-23,0.00014062085621063418,4.7754118440837839e-27,0,0,0
880,945,-3.5136254827684368e-55,2.8083019937157257e-40,3.8833724249752726e-05,1.0905682523398731e-44,0,0,0
880,946,1.2658424425274602e-22,-5.7431791811466674e-19,0.0032043569586838083,-1.8403196174075302e-21,0,0,0
881,882,2.8495427052068102e-22,-7.4370326891180818e-20,0.001257898013274517,-9.3550286442992744e-23,0,0,0
881,945,-1.2995690233600607e-22,2.9359167352919239e-23,3.8833724249752726e-05,1.1401258091856083e-27,0,0,0
881,946,-1.3158226265069272e-50,-9.5638537968515786e-35,0.001257898013274517,-1.2030352690307547e-37,0,0,0
881,947,7.1238567630162848e-23,-8.4825905400265418e-19,0.001257898013274517,-1.06702337877206e-21,0,0,0
882,883,-1.4845569951184098e-19,-1.249440318542823e-21,1,-1.249440318542823e-21,0,0,0
882,946,1.1485092519850806e-18,-5.5569766355356026e-19,1,-5.5569766355356026e-19,0,0,0
882,947,0,-1.3816722304269435e-34,1,-1.3816722304269435e-34,0,0,0
882,948,-3.7113924877960226e-20,-3.3931398528816339e-19,1,-3.3931398528816339e-19,0,0,0
883,884,-1.5095458014892664e-19,4.853917663889436e-20,1,4.853917663889436e-20,0,0,0
883,947,1.6964468694376783e-18,-8.2935411220022322e-19,1,-8.2935411220022322e-19,0,0,0
883,948,0,-5.645511145377833e-35,1,-5.645511145377833e-35,0,0,0
883,949,-3.7738645037231647e-20,-7.3299791335610724e-20,1,-7.3299791335610724e-20,0,0,0
884,885,-5.3876226871137891e-20,2.0839142522235378e-20,1,2.0839142522235378e-20,0,0,0
884,948,7.1574189545428702e-19,-3.5113641936825134e-19,1,-3.5113641936825134e-19,0,0,0
884,949,-1.644778283133659e-51,-1.4227716587433994e-35,1,-1.4227716587433994e-35,0,0,0
884,950,-1.3469056717784474e-20,-1.1001804876588613e-20,1,-1.1001804876588613e-20,0,0,0
885,886,-1.2197941826667137e-20,5.058441434851933e-21,1,5.058441434851933e-21,0,0,0
885,949,1.8433822770845312e-19,-9.0644371125893167e-20,1,-9.0644371125893167e-20,0,0,0
885,950,0,-2.6997721570244603e-36,1,-2.6997721570244603e-36,0,0,0
885,951,-3.0494854566667842e-21,-1.2514938691424535e-21,1,-1.2514938691424535e-21,0,0,0
886,887,-2.0810589569632693e-21,8.9596277846933275e-22,1,8.9596277846933275e-22,0,0,0
886,950,3.5472666470961702e-20,-1.7476200865860443e-20,1,-1.7476200865860443e-20,0,0,0
886,951,0,-4.190155269182712e-37,1,-4.190155269182712e-37,0,0,0
886,952,-5.2026473924081733e-22,-1.1195176557873747e-22,1,-1.1195176557873747e-22,0,0,0
887,888,-2.8913340002460383e-22,1.2737783369316128e-22,1,1.2737783369316128e-22,0,0,0
887,951,5.5524731949516905e-21,-2.7400949224727696e-21,1,-2.7400949224727696e-21,0,0,0
887,952,6.4249151684908553e-54,-5.594565813883471e-38,1,-5.594565813883471e-38,0,0,0
887,953,-7.2283350006150958e-23,-7.6043282066095872e-24,1,-7.6043282066095872e-24,0,0,0
888,889,-3.4377732638281261e-23,1.5401990312853728e-23,1,1.5401990312853728e-23,0,0,0
888,952,7.4416827039829237e-22,-3.6778691861936101e-22,1,-3.6778691861936101e-22,0,0,0
888,953,8.0311439606135691e-55,-6.56954268150599e-39,1,-6.56954268150599e-39,0,0,0
888,954,-8.5944331595703153e-24,-1.811838238793552e-25,1,-1.811838238793552e-25,0,0,0
889,890,-3.5737520125738034e-24,1.6266696996562714e-24,1,1.6266696996562714e-24,0,0,0
889,953,8.7492006419370136e-23,-4.3299284208113334e-23,1,-4.3299284208113334e-23,0,0,0
889,954,0,-6.7140982808346727e-40,1,-6.7140982808346727e-40,0,0,0
889,955,-8.9343800314345084e-25,5.9995750725556166e-26,1,5.9995750725556166e-26,0,0,0
890,891,-3.2041261326126087e-25,1.4831048793590285e-25,1,1.4831048793590285e-25,0,0,0
890,954,8.9568008073290261e-24,-4.4383488270068551e-24,1,-4.4383488270068551e-24,0,0,0
890,955,1.2548662438458702e-56,-5.7732431200415459e-41,1,-5.7732431200415459e-41,0,0,0
890,956,-8.0103153315315218e-26,1.3014167918411541e-26,1,1.3014167918411541e-26,0,0,0
891,892,-2.3791637389455162e-26,1.1200773228916392e-26,1,1.1200773228916392e-26,0,0,0
891,955,7.7344650169233844e-25,-3.8374929617248733e-25,1,-3.8374929617248733e-25,0,0,0
891,956,-7.8429140240366886e-58,-4.0073701133398787e-42,1,-4.0073701133398787e-42,0,0,0
891,957,-5.9479093473637905e-27,1.5064305360786488e-27,1,1.5064305360786488e-27,0,0,0
892,893,-1.3900909316223788e-27,6.6481332118124211e-28,1,6.6481332118124211e-28,0,0,0
892,956,5.4074817478492141e-26,-2.6863647372793272e-26,1,-2.6863647372793272e-26,0,0,0
892,957,2.4509106325114652e-59,-2.1545478254011153e-43,1,-2.1545478254011153e-43,0,0,0
892,958,-3.4752273290559469e-28,1.1467089808433203e-28,1,1.1467089808433203e-28,0,0,0
893,894,-6.0464289259894601e-29,2.9317772920277636e-29,1,2.9317772920277636e-29,0,0,0
893,957,2.9350482752064933e-27,-1.4599661014457598e-27,1,-1.4599661014457598e-27,0,0,0
893,958,0,-8.5818739133345107e-45,1,-8.5818739133345107e-45,0,0,0
893,959,-1.511607231497365e-29,5.8957675420822903e-30,1,5.8957675420822903e-30,0,0,0
894,895,-1.8287434193393346e-30,8.9711633190483773e-31,1,8.9711633190483773e-31,0,0,0
894,958,1.1818093673693063e-28,-5.8861875441047897e-29,1,-5.8861875441047897e-29,0,0,0
894,959,0,-2.3875496379729154e-46,1,-2.3875496379729154e-46,0,0,0
894,960,-4.5718585483483366e-31,1.98996107036181e-31,1,1.98996107036181e-31,0,0,0
895,896,-3.4510755529659107e-32,1.709492933023604e-32,1,1.709492933023604e-32,0,0,0
895,959,3.3245372308090683e-30,-1.6579547709633269e-30,1,-1.6579547709633269e-30,0,0,0
895,960,7.4795856705061804e-64,-4.2104613029495131e-48,1,-4.2104613029495131e-48,0,0,0
895,961,-8.6276888824147753e-33,4.0431930934297692e-33,1,4.0431930934297692e-33,0,0,0
896,897,-3.2089686918702544e-34,1.6019906502190389e-34,1,1.6019906502190389e-34,0,0,0
896,960,5.91936407624716e-32,-2.9556708272587422e-32,1,-2.9556708272587422e-32,0,0,0
896,961,0,-3.8392495704127119e-50,1,-3.8392495704127119e-50,0,0,0
896,962,-8.022421729675636e-35,3.9509936600646294e-35,1,3.9509936600646294e-35,0,0,0
897,898,-4.9873914321763773e-37,2.4936957160881887e-37,1,2.4936957160881887e-37,0,0,0
897,961,5.4130269555523682e-34,-2.7058900538471621e-34,1,-2.7058900538471621e-34,0,0,0
897,962,0,-8.9899696825105019e-53,1,-8.9899696825105019e-53,0,0,0
897,963,-1.2468478580440943e-37,6.2342392902204717e-38,1,6.2342392902204717e-38,0,0,0
898,899,0,-0,1,-0,0,0,0
898,962,1.2043440954637783e-36,-6.0217204773188913e-37,1,-6.0217204773188913e-37,0,0,0
898,963,0,-0,1,-0,0,0,0
898,964,0,-0,1,-0,0,0,0
899,900,0,-0,1,-0,0,0,0
899,963,0,-0,1,-0,0,0,0
899,964,0,-0,1,-0,0,0,0
899,965,0,-0,1,-0,0,0,0
900,901,0,-0,1,-0,0,0,0
900,964,0,-0,1,-0,0,0,0
900,965,0,-0,1,-0,0,0,0
900,966,0,-0,1,-0,0,0,0
901,902,0,-0,1,-0,0,0,0
901,965,0,-0,1,-0,0,0,0
901,966,0,-0,1,-0,0,0,0
901,967,0,-0,1,-0,0,0,0
902,903,0,-0,1,-0,0,0,0
902,966,0,-0,1,-0,0,0,0
902,967,0,-0,1,-0,0,0,0
902,968,0,-0,1,-0,0,0,0
903,904,0,-0,1,-0,0,0,0
903,967,0,-0,1,-0,0,0,0
903,968,0,-0,1,-0,0,0,0
903,969,0,-0,1,-0,0,0,0
904,905,0,-0,1,-0,0,0,0
904,968,0,-0,1,-0,0,0,0
904,969,0,-0,1,-0,0,0,0
904,970,0,-0,1,-0,0,0,0
905,906,0,-0,1,-0,0,0,0
905,969,0,-0,1,-0,0,0,0
905,970,0,-0,1,-0,0,0,0
905,971,0,-0,1,-0,0,0,0
906,907,0,-0,1,-0,0,0,0
906,970,0,-0,1,-0,0,0,0
906,971,0,-0,1,-0,0,0,0
906,972,0,-0,1,-0,0,0,0
907,908,0,-0,1,-0,0,0,0
907,971,0,-0,1,-0,0,0,0
907,972,0,-0,1,-0,0,0,0
907,973,0,-0,1,-0,0,0,0
908,909,0,-0,1,-0,0,0,0
908,972,0,-0,1,-0,0,0,0
908,973,0,-0,1,-0,0,0,0
908,974,0,-0,1,-0,0,0,0
909,973,0,-0,1,-0,0,0,0
909,974,0,-0,1,-0,0,0,0
910,911,0,-0,1,-0,0,0,0
910,975,0,-0,1,-0,0,0,0
910,976,0,-0,1,-0,0,0,0
911,912,0,-0,1,-0,0,0,0
911,975,0,-0,1,-0,0,0,0
911,976,0,-0,1,-0,0,0,0
911,977,0,-0,1,-0,0,0,0
912,913,0,-0,1,-0,0,0,0
912,976,0,-0,1,-0,0,0,0
912,977,0,-0,1,-0,0,0,0
912,978,0,-0,1,-0,0,0,0
913,914,0,-0,1,-0,0,0,0
913,977,0,-0,1,-0,0,0,0
913,978,0,-0,1,-0,0,0,0
913,979,0,-0,1,-0,0,0,0
914,915,0,-0,1,-0,0,0,0
914,978,0,-0,1,-0,0,0,0
914,979,0,-0,1,-0,0,0,0
914,980,0,-0,1,-0,0,0,0
915,916,0,-0,1,-0,0,0,0
915,979,0,-0,1,-0,0,0,0
915,980,0,-0,1,-0,0,0,0
915,981,0,-0,1,-0,0,0,0
916,917,0,-0,1,-0,0,0,0
916,980,0,-0,1,-0,0,0,0
916,981,0,-0,1,-0,0,0,0
916,982,0,-0,1,-0,0,0,0
917,918,0,-0,1,-0,0,0,0
917,981,0,-0,1,-0,0,0,0
917,982,0,-0,1,-0,0,0,0
917,983,0,-0,1,-0,0,0,0
918,919,0,-0,1,-0,0,0,0
918,982,0,-0,1,-0,0,0,0
918,983,0,-0,1,-0,0,0,0
918,984,0,-0,1,-0,0,0,0
919,920,0,-0,1,-0,0,0,0
919,983,0,-0,1,-0,0,0,0
919,984,0,-0,1,-0,0,0,0
919,985,0,-0,1,-0,0,0,0
920,921,0,-0,1,-0,0,0,0
920,984,0,-0,1,-0,0,0,0
920,985,0,-0,1,-0,0,0,0
920,986,0,-0,1,-0,0,0,0
921,922,0,-0,1,-0,0,0,0
921,985,0,-0,1,-0,0,0,0
921,986,0,-0,1,-0,0,0,0
921,987,0,-0,1,-0,0,0,0
922,923,0,-0,1,-0,0,0,0
922,986,0,-0,1,-0,0,0,0
922,987,0,-0,1,-0,0,0,0
922,988,0,-0,1,-0,0,0,0
923,924,0,-0,1,-0,0,0,0
923,987,0,-0,1,-0,0,0,0
923,988,0,-0,1,-0,0,0,0
923,989,0,-0,1,-0,0,0,0
924,925,0,-0,1,-0,0,0,0
924,988,0,-0,1,-0,0,0,0
924,989,0,-0,1,-0,0,0,0
924,990,0,-0,1,-0,0,0,0
925,926,0,-0,1,-0,0,0,0
925,989,0,-0,1,-0,0,0,0
925,990,0,-0,1,-0,0,0,0
925,991,0,-0,1,-0,0,0,0
926,927,0,-0,1,-0,0,0,0
926,990,0,-0,1,-0,0,0,0
926,991,0,-0,1,-0,0,0,0
926,992,0,-0,1,-0,0,0,0
927,928,0,-0,1,-0,0,0,0
927,991,0,-0,1,-0,0,0,0
927,992,0,-0,1,-0,0,0,0
927,993,0,-0,1,-0,0,0,0
928,929,0,-0,1,-0,0,0,0
928,992,0,-0,1,-0,0,0,0
928,993,0,-0,1,-0,0,0,0
928,994,0,-1.8941527404874933e-41,-0,0,0,0,0
929,930,0,-1.8996075948795667e-40,-0,0,0,0,0
929,993,0,-0,1,-0,0,0,0
929,994,0,-3.1543979769690825e-57,-0,0,0,0,0
929,995,0,-6.0281761424083272e-41,-0,0,0,0,0
930,931,-3.7992151897591334e-40,-5.1166286820211507e-41,6.2038799614502955e-10,-3.1742950150572852e-50,0,0,0
930,994,3.7883054809749867e-41,2.8548662467114229e-41,1,2.8548662467114229e-41,0,0,0
930,995,0,-2.130224588741256e-57,1,-2.130224588741256e-57,0,0,0
930,996,-9.4980379743978336e-41,-1.2515601885908563e-41,3.7663319951310939e-12,-4.7137911821220477e-53,0,0,0
931,932,-4.8225409263802331e-40,4.0184222599529022e-34,6.2038799614502955e-10,2.4929809335167621e-43,0,0,0
931,995,1.2056352284816654e-40,1.5295876522327775e-49,6.2038799614502955e-10,9.4893781849687309e-59,0,0,0
931,996,5.5509571276461822e-73,4.5958207097348512e-59,6.2038799614502955e-10,2.8511920007542316e-68,0,0,0
931,997,-1.2056351597511429e-40,3.5888313952580153e-31,6.2038799614502955e-10,2.2264679178064908e-40,0,0,0
932,933,8.0368396973653125e-34,3.6455493331727829e-31,0.0027754157473118234,1.0117915026889859e-33,0,0,0
932,996,1.200115835294209e-40,-1.0046055622285276e-34,3.7663319951310939e-12,-3.7836780715079644e-46,0,0,0
932,997,1.1967337072809889e-62,5.9749318654262399e-47,0.0027754157473118234,1.6582919988419195e-49,0,0,0
932,998,2.0092099243405199e-34,9.6560757601512733e-31,0.0027754157473118234,2.679962472195983e-33,0,0,0
933,934,7.2991355060429295e-31,3.7072292896022309e-31,1,3.7072292896022309e-31,0,0,0
933,997,-7.1776627893103955e-31,2.676439456399832e-31,1,2.676439456399832e-31,0,0,0
933,998,0,1.4562831652006472e-46,1,1.4562831652006472e-46,0,0,0
933,999,1.8247838765107357e-31,-4.2673387600248437e-30,1,-4.2673387600248437e-30,0,0,0
934,935,1.471359408524737e-30,-1.1453413402304391e-29,1,-1.1453413402304391e-29,0,0,0
934,998,-1.9314160730226889e-30,7.8178811044575197e-31,1,7.8178811044575197e-31,0,0,0
934,999,0,-7.2608910421904681e-46,1,-7.2608910421904681e-46,0,0,0
934,1000,3.678398521311864e-31,-1.7308778388747915e-29,1,-1.7308778388747915e-29,0,0,0
935,936,-2.1435467396084043e-29,-4.4866594690508411e-30,1,-4.4866594690508411e-30,0,0,0
935,999,8.3521991323986128e-30,-1.4966661416888012e-30,1,-1.4966661416888012e-30,0,0,0
935,1000,3.8295478632991643e-61,-2.4056465216812637e-45,1,-2.4056465216812637e-45,0,0,0
935,1001,-5.3588668490210072e-30,1.4578332953045494e-28,1,1.4578332953045494e-28,0,0,0
936,937,-3.0408786334185773e-29,3.6745769705182788e-28,1,3.6745769705182788e-28,0,0,0
936,1000,3.4249716925364645e-29,-1.3323760170909107e-29,1,-1.3323760170909107e-29,0,0,0
936,1001,0,2.446459608191638e-44,1,2.446459608191638e-44,0,0,0
936,1002,-7.6021965835464432e-30,1.9111510421379448e-28,0.9968416271911853,1.9051149146529185e-28,0,0,0
937,938,7.0450660776946995e-28,-5.5684065440916976e-29,1,-5.5684065440916976e-29,0,0,0
937,1001,-2.8620779221188887e-28,5.5040570134760703e-29,1,5.5040570134760703e-29,0,0,0
937,1002,0,1.6528558513668339e-44,0.9968416271911853,1.6476355163889866e-44,0,0,0
937,1003,1.7612665194236731e-28,-2.2866653065033549e-27,1,-2.2866653065033549e-27,0,0,0
938,939,5.9313847688763539e-28,-7.4312204768555268e-27,0.49172402417496203,-3.65410963741078e-27,0,0,0
938,1002,-3.7462801184404254e-28,1.1317169631106677e-28,0.9968416271911853,1.1281425790271045e-28,0,0,0
938,1003,0,-3.784879560003385e-43,0.49172402417496203,-1.8611162082624243e-43,0,0,0
938,1004,1.482846192219093e-28,-3.2815305039617577e-27,0.042965540676052141,-1.4099273234767477e-28,0,0,0
939,940,-1.4269302476823421e-26,-5.6949015389915026e-27,0.039882182620235719,-2.2712510318232053e-28,0,0,0
939,1003,4.3972039610643432e-27,-4.1493917092924402e-28,1,-4.1493917092924402e-28,0,0,0
939,1004,0,-2.370979054335603e-43,0.042965540676052141,-1.0187039700112399e-44,0,0,0
939,1005,-3.5673256192058544e-27,-1.4237253780981888e-27,2.973093047813399e-05,-4.232868023619228e-32,0,0,0
940,941,-2.5659105554806426e-26,2.613404628830304e-36,0.039882182620235719,1.0422828066757954e-37,0,0,0
940,1004,6.4147763887016064e-27,-0,1,-0,0,0,0
940,1005,3.9214569974097785e-59,1.1073953040187865e-51,0.039882182620235719,4.4165341747668699e-53,0,0,0
940,1006,-6.4147763887015785e-27,4.3873326736573422e-25,0.039882182620235719,1.7497640290652916e-26,0,0,0
941,942,-2.5659105549579887e-26,5.7093077064648949e-24,4.4153928294465543e-05,2.5208836308229049e-28,0,0,0
941,1005,6.4147763754022317e-27,5.996335614166879e-36,4.4153928294465543e-05,2.647617727374744e-40,0,0,0
941,1006,0,7.3063766264660676e-41,4.4153928294465543e-05,3.2260522965734178e-45,0,0,0
941,1007,-6.414776387381634e-27,7.6933021272525458e-23,4.4153928294465543e-05,3.3968951047436814e-27,0,0,0
942,943,1.1392956307380214e-23,2.1917175497046849e-22,0.15329865082552749,3.3598734336035918e-23,0,0,0
942,1006,-8.7105175834276682e-25,-9.8859365925114292e-25,0.037689212689717672,-3.7259316687222605e-26,0,0,0
942,1007,0,1.2574224052970696e-38,0.15329865082552749,1.9276115824983038e-39,0,0,0
942,1008,2.848239076845046e-24,1.2530227963015134e-22,5.8165580831946753e-06,7.288279874254763e-28,0,0,0
943,944,4.4973646624831719e-22,1.6413819500891447e-22,0.00014062085621063418,2.3081253519021594e-26,0,0,0
943,1007,-1.5385962776866353e-22,2.0712755603292113e-23,1,2.0712755603292113e-23,0,0,0
943,1008,0,1.174216405567267e-38,5.8165580831946753e-06,6.8298979252220846e-44,0,0,0
943,1009,1.1243411656207932e-22,4.2011079612889311e-23,1.1508312408367884e-06,4.8347662879794508e-29,0,0,0
944,945,7.7801285626614613e-22,-1.2909262346106092e-22,0.00014062085621063418,-1.8153115241571388e-26,0,0,0
944,1008,-2.5345279833714771e-22,2.9474792135305578e-23,5.8165580831946753e-06,1.7144184044509451e-28,0,0,0
944,1009,-6.5253044679985245e-55,1.6262505686437848e-40,1.1508312408367884e-06,1.8715399598238594e-46,0,0,0
944,1010,1.9450321406647933e-22,-1.34473531000268e-17,0.00014062085621063418,-1.8909783066924942e-21,0,0,0
945,946,5.198276093438997e-22,-2.2972784177748332e-18,3.8833724249752726e-05,-8.921187660077612e-23,0,0,0
945,1009,-1.9645627578785793e-22,3.3249686725925923e-23,1.1508312408367884e-06,3.826477823223182e-29,0,0,0
945,1010,0,-2.2394287802270279e-33,3.8833724249752726e-05,-8.6965359728296501e-38,0,0,0
945,1011,1.2995690233597492e-22,-3.1990590573593745e-17,3.8833724249752726e-05,-1.2423137729216785e-21,0,0,0
946,947,-4.5940370079403234e-18,-1.0958752349051951e-18,1,-1.0958752349051951e-18,0,0,0
946,1010,2.6894511696839532e-17,-1.2873001222427226e-17,1,-1.2873001222427226e-17,0,0,0
946,1011,0,-5.2318601066719901e-33,1,-5.2318601066719901e-33,0,0,0
946,1012,-1.1485092519850808e-18,-1.5290131156837538e-17,1,-1.5290131156837538e-17,0,0,0
947,948,-6.7857874777507133e-18,1.9614099479667824e-18,1,1.9614099479667824e-18,0,0,0
947,1011,6.3981051190285154e-17,-3.114230216042374e-17,1,-3.114230216042374e-17,0,0,0
947,1012,0,-2.5006933770573688e-33,1,-2.5006933770573688e-33,0,0,0
947,1013,-1.6964468694376783e-18,-3.7705699644083846e-18,1,-3.7705699644083846e-18,0,0,0
948,949,-2.8629675818171481e-18,1.0628073354916679e-18,1,1.0628073354916679e-18,0,0,0
948,1012,3.1728771565660157e-17,-1.5506514835102932e-17,1,-1.5506514835102932e-17,0,0,0
948,1013,1.0526581012055417e-49,-7.0958613175299543e-34,1,-7.0958613175299543e-34,0,0,0
948,1014,-7.1574189545428702e-19,-6.3795876406434513e-19,1,-6.3795876406434513e-19,0,0,0
949,950,-7.373529108338123e-19,2.9773112247498276e-19,1,2.9773112247498276e-19,0,0,0
949,1013,9.2375867982544482e-18,-4.5266242852729974e-18,1,-4.5266242852729974e-18,0,0,0
949,1014,2.6316452530138543e-50,-1.5048972034147278e-34,1,-1.5048972034147278e-34,0,0,0
949,1015,-1.8433822770845305e-19,-8.2247318301379476e-20,1,-8.2247318301379476e-20,0,0,0
950,951,-1.4189066588384681e-19,5.9840386552020023e-20,1,5.9840386552020023e-20,0,0,0
950,1014,1.9916594235829772e-18,-9.7809337855600775e-19,1,-9.7809337855600775e-19,0,0,0
950,1015,0,-2.6092477998250525e-35,1,-2.6092477998250525e-35,0,0,0
950,1016,-3.5472666470961702e-20,-8.439641995155154e-21,1,-8.439641995155154e-21,0,0,0
951,952,-2.2209892779806762e-20,9.6166098491067985e-21,1,9.6166098491067985e-21,0,0,0
951,1015,3.4883286431121203e-19,-1.7164019555813019e-19,1,-1.7164019555813019e-19,0,0,0
951,1016,0,-3.8968392901117819e-36,1,-3.8968392901117819e-36,0,0,0
951,1017,-5.5524731949516905e-21,-6.7917752686648804e-22,1,-6.7917752686648804e-22,0,0,0
952,953,-2.9766730815931695e-21,1.3133525279578444e-21,1,1.3133525279578444e-21,0,0,0
952,1016,5.2351950461272013e-20,-2.5803891095436861e-20,1,-2.5803891095436861e-20,0,0,0
952,1017,1.0279864269585368e-52,-5.1347759196960033e-37,1,-5.1347759196960033e-37,0,0,0
952,1018,-7.4416827039829237e-22,-2.7812136474539905e-23,1,-2.7812136474539905e-23,0,0,0
953,954,-3.4996802567748054e-22,1.5707041122408218e-22,1,1.5707041122408218e-22,0,0,0
953,1017,6.9108282486846669e-21,-3.4116681211326485e-21,1,-3.4116681211326485e-21,0,0,0
953,1018,0,-5.9310934241274732e-38,1,-5.9310934241274732e-38,0,0,0
953,1019,-8.7492006419370136e-23,4.2007999105244622e-24,1,4.2007999105244622e-24,0,0,0
954,955,-3.5827203229316104e-23,1.6366708611273376e-23,1,1.6366708611273376e-23,0,0,0
954,1018,7.9979254334737201e-22,-3.9541787127002151e-22,1,-3.9541787127002151e-22,0,0,0
954,1019,0,-5.839795796185782e-39,1,-5.839795796185782e-39,0,0,0
954,1020,-8.9568008073290261e-24,1.2483855636454281e-24,1,1.2483855636454281e-24,0,0,0
955,956,-3.0937860067693538e-24,1.4387433684276925e-24,1,1.4387433684276925e-24,0,0,0
955,1019,7.9090406598321203e-23,-3.9158480048314433e-23,1,-3.9158480048314433e-23,0,0,0
955,1020,1.0038929950766961e-55,-4.735031682034237e-40,1,-4.735031682034237e-40,0,0,0
955,1021,-7.7344650169233854e-25,1.7597748164088889e-25,1,1.7597748164088889e-25,0,0,0
956,957,-2.1629926991396856e-25,1.0227953840657129e-25,1,1.0227953840657129e-25,0,0,0
956,1020,6.46002968003817e-24,-3.202977431279839e-24,1,-3.202977431279839e-24,0,0,0
956,1021,-6.2743312192293509e-57,-3.0593587740829372e-41,1,-3.0593587740829372e-41,0,0,0
956,1022,-5.4074817478492141e-26,1.6409609268501264e-26,1,1.6409609268501264e-26,0,0,0
957,958,-1.1740193100825973e-26,5.6337346769391265e-27,1,5.6337346769391265e-27,0,0,0
957,1021,4.2149153841056072e-25,-2.0927824506767709e-25,1,-2.0927824506767709e-25,0,0,0
957,1022,0,-1.5254922880139459e-42,1,-1.5254922880139459e-42,0,0,0
957,1023,-2.9350482752064933e-27,1.0687726426983409e-27,1,1.0687726426983409e-27,0,0,0
958,959,-4.7272374694772251e-28,2.2971279901224308e-28,1,2.2971279901224308e-28,0,0,0
958,1022,2.1255598941489612e-26,-1.0568709002376341e-26,1,-1.0568709002376341e-26,0,0,0
958,1023,0,-5.6564923834285909e-44,1,-5.6564923834285909e-44,0,0,0
958,1024,-1.1818093673693063e-28,4.853837897476637e-29,1,4.853837897476637e-29,0,0,0
959,960,-1.3298148923236273e-29,6.5306871800931936e-30,1,6.5306871800931936e-30,0,0,0
959,1023,7.9750298980981158e-28,-3.970892262895012e-28,1,-3.970892262895012e-28,0,0,0
959,1024,0,-1.4804525569280378e-45,1,-1.4804525569280378e-45,0,0,0
959,1025,-3.3245372308090683e-30,1.4820291814168373e-30,1,1.4820291814168373e-30,0,0,0
960,961,-2.367745630498864e-31,1.1730467613383274e-31,1,1.1730467613383274e-31,0,0,0
960,1024,2.1104178787397887e-29,-1.0522492573317707e-29,1,-1.0522492573317707e-29,0,0,0
960,1025,-2.9918342682024721e-63,-2.5087034717340596e-47,1,-2.5087034717340596e-47,0,0,0
960,1026,-5.91936407624716e-32,2.7934221974442997e-32,1,2.7934221974442997e-32,0,0,0
961,962,-2.1652107822209473e-33,1.0801967029195461e-33,1,1.0801967029195461e-33,0,0,0
961,1025,3.6047886797539362e-31,-1.7996878263991921e-31,1,-1.7996878263991921e-31,0,0,0
961,1026,-4.6747410440663627e-65,-2.3180575109668982e-49,1,-2.3180575109668982e-49,0,0,0
961,1027,-5.4130269555523682e-34,2.657006479416301e-34,1,2.657006479416301e-34,0,0,0
962,963,-4.8173763818551131e-36,2.4086881909275565e-36,1,2.4086881909275565e-36,0,0,0
962,1026,3.3251968135856099e-33,-1.6619962347450731e-33,1,-1.6619962347450731e-33,0,0,0
962,1027,9.1303536016921147e-68,-7.241753510616837e-52,1,-7.241753510616837e-52,0,0,0
962,1028,-1.2043440954637783e-36,6.0217204773188913e-37,1,6.0217204773188913e-37,0,0,0
963,964,0,-0,1,-0,0,0,0
963,1027,9.9013996719765645e-36,-4.9506998359882822e-36,1,-4.9506998359882822e-36,0,0,0
963,1028,0,-0,1,-0,0,0,0
963,1029,0,-0,1,-0,0,0,0
964,965,0,-0,1,-0,0,0,0
964,1028,0,-0,1,-0,0,0,0
964,1029,0,-0,1,-0,0,0,0
964,1030,0,-0,1,-0,0,0,0
965,966,0,-0,1,-0,0,0,0
965,1029,0,-0,1,-0,0,0,0
965,1030,0,-0,1,-0,0,0,0
965,1031,0,-0,1,-0,0,0,0
966,967,0,-0,1,-0,0,0,0
966,1030,0,-0,1,-0,0,0,0
966,1031,0,-0,1,-0,0,0,0
966,1032,0,-0,1,-0,0,0,0
967,968,0,-0,1,-0,0,0,0
967,1031,0,-0,1,-0,0,0,0
967,1032,0,-0,1,-0,0,0,0
967,1033,0,-0,1,-0,0,0,0
968,969,0,-0,1,-0,0,0,0
968,1032,0,-0,1,-0,0,0,0
968,1033,0,-0,1,-0,0,0,0
968,1034,0,-0,1,-0,0,0,0
969,970,0,-0,1,-0,0,0,0
969,1033,0,-0,1,-0,0,0,0
969,1034,0,-0,1,-0,0,0,0
969,1035,0,-0,1,-0,0,0,0
970,971,0,-0,1,-0,0,0,0
970,1034,0,-0,1,-0,0,0,0
970,1035,0,-0,1,-0,0,0,0
970,1036,0,-0,1,-0,0,0,0
971,972,0,-0,1,-0,0,0,0
971,1035,0,-0,1,-0,0,0,0
971,1036,0,-0,1,-0,0,0,0
971,1037,0,-0,1,-0,0,0,0
972,973,0,-0,1,-0,0,0,0
972,1036,0,-0,1,-0,0,0,0
972,1037,0,-0,1,-0,0,0,0
972,1038,0,-0,1,-0,0,0,0
973,974,0,-0,1,-0,0,0,0
973,1037,0,-0,1,-0,0,0,0
973,1038,0,-0,1,-0,0,0,0
973,1039,0,-0,1,-0,0,0,0
974,1038,0,-0,1,-0,0,0,0
974,1039,0,-0,1,-0,0,0,0
975,976,0,-0,1,-0,0,0,0
975,1040,0,-0,1,-0,0,0,0
975,1041,0,-0,1,-0,0,0,0
976,977,0,-0,1,-0,0,0,0
976,1040,0,-0,1,-0,0,0,0
976,1041,0,-0,1,-0,0,0,0
976,1042,0,-0,1,-0,0,0,0
977,978,0,-0,1,-0,0,0,0
977,1041,0,-0,1,-0,0,0,0
977,1042,0,-0,1,-0,0,0,0
977,1043,0,-0,1,-0,0,0,0
978,979,0,-0,1,-0,0,0,0
978,1042,0,-0,1,-0,0,0,0
978,1043,0,-0,1,-0,0,0,0
978,1044,0,-0,1,-0,0,0,0
979,980,0,-0,1,-0,0,0,0
979,1043,0,-0,1,-0,0,0,0
979,1044,0,-0,1,-0,0,0,0
979,1045,0,-0,1,-0,0,0,0
980,981,0,-0,1,-0,0,0,0
980,1044,0,-0,1,-0,0,0,0
980,1045,0,-0,1,-0,0,0,0
980,1046,0,-0,1,-0,0,0,0
981,982,0,-0,1,-0,0,0,0
981,1045,0,-0,1,-0,0,0,0
981,1046,0,-0,1,-0,0,0,0
981,1047,0,-0,1,-0,0,0,0
982,983,0,-0,1,-0,0,0,0
982,1046,0,-0,1,-0,0,0,0
982,1047,0,-0,1,-0,0,0,0
982,1048,0,-0,1,-0,0,0,0
983,984,0,-0,1,-0,0,0,0
983,1047,0,-0,1,-0,0,0,0
983,1048,0,-0,1,-0,0,0,0
983,1049,0,-0,1,-0,0,0,0
984,985,0,-0,1,-0,0,0,0
984,1048,0,-0,1,-0,0,0,0
984,1049,0,-0,1,-0,0,0,0
984,1050,0,-0,1,-0,0,0,0
985,986,0,-0,1,-0,0,0,0
985,1049,0,-0,1,-0,0,0,0
985,1050,0,-0,1,-0,0,0,0
985,1051,0,-0,1,-0,0,0,0
986,987,0,-0,1,-0,0,0,0
986,1050,0,-0,1,-0,0,0,0
986,1051,0,-0,1,-0,0,0,0
986,1052,0,-0,1,-0,0,0,0
987,988,0,-0,1,-0,0,0,0
987,1051,0,-0,1,-0,0,0,0
987,1052,0,-0,1,-0,0,0,0
987,1053,0,-0,1,-0,0,0,0
988,989,0,-0,1,-0,0,0,0
988,1052,0,-0,1,-0,0,0,0
988,1053,0,-0,1,-0,0,0,0
988,1054,0,-0,1,-0,0,0,0
989,990,0,-0,1,-0,0,0,0
989,1053,0,-0,1,-0,0,0,0
989,1054,0,-0,1,-0,0,0,0
989,1055,0,-0,1,-0,0,0,0
990,991,0,-0,1,-0,0,0,0
990,1054,0,-0,1,-0,0,0,0
990,1055,0,-0,1,-0,0,0,0
990,1056,0,-0,1,-0,0,0,0
991,992,0,-0,1,-0,0,0,0
991,1055,0,-0,1,-0,0,0,0
991,1056,0,-0,1,-0,0,0,0
991,1057,0,-0,1,-0,0,0,0
992,993,0,-0,1,-0,0,0,0
992,1056,0,-0,1,-0,0,0,0
992,1057,0,-0,1,-0,0,0,0
992,1058,0,-9.4841978399710194e-46,-0,0,0,0,0
993,994,0,-7.5766109619499733e-41,-0,0,0,0,0
993,1057,0,-0,1,-0,0,0,0
993,1058,0,-1.5794362218054009e-61,-0,0,0,0,0
993,1059,0,-2.9503136999904825e-41,-0,0,0,0,0
994,995,-1.5153221923899947e-40,-1.6536093607683336e-40,1,-1.6536093607683336e-40,0,0,0
994,1058,1.8968395679962995e-45,1.8940578985090934e-41,1,1.8940578985090934e-41,0,0,0
994,1059,0,-1.7588613224256247e-57,1,-1.7588613224256247e-57,0,0,0
994,1060,-3.7883054809749867e-41,-4.1340234175080382e-41,1.2492540133664569e-11,-5.1644453456728327e-52,0,0,0
995,996,-4.8225409139266618e-40,1.1038786647421911e-42,1,1.1038786647421911e-42,0,0,0
995,1059,5.900627399980965e-41,3.0778624424178447e-41,1,3.0778624424178447e-41,0,0,0
995,1060,5.5727256181103157e-73,-2.595790959133379e-65,1.2492540133664569e-11,-3.2428022735577383e-76,0,0,0
995,1061,-1.2056352284816654e-40,9.0235476735396578e-42,1,9.0235476735396578e-42,0,0,0
996,997,-4.8004647985819773e-40,1.4355325581021024e-30,3.7663319951310939e-12,5.4066922036323345e-42,0,0,0
996,1060,1.2056352315991062e-40,-2.7596982205759041e-43,1.2492540133664569e-11,-3.4475640777347178e-54,0,0,0
996,1061,-6.9659069837128561e-73,1.456764377020378e-57,3.7663319951310939e-12,5.4866582825390657e-69,0,0,0
996,1062,-1.2001151217235987e-40,8.0497522673088014e-30,3.7663319951310939e-12,3.0318039517244203e-41,0,0,0
997,998,2.8710651157241589e-30,2.4272995881832986e-30,1,2.4272995881832986e-30,0,0,0
997,1061,1.0251640863745409e-40,-3.58883139516778e-31,5.5686320464044691e-12,-1.998488151627376e-42,0,0,0
997,1062,0,1.2807869977565688e-45,1,1.2807869977565688e-45,0,0,0
997,1063,7.1776627893103981e-31,-6.4874413371903906e-30,1,-6.4874413371903906e-30,0,0,0
998,999,7.7256642920907529e-30,-2.0567230410842603e-29,1,-2.0567230410842603e-29,0,0,0
998,1062,-1.6099504534497593e-29,7.0840442307374514e-30,1,7.0840442307374514e-30,0,0,0
998,1063,0,-1.1814326574104782e-45,1,-1.1814326574104782e-45,0,0,0
998,1064,1.9314160730226861e-30,-4.325495915989254e-29,1,-4.325495915989254e-29,0,0,0
999,1000,-3.3408796529594451e-29,-5.1795035585932065e-29,1,-5.1795035585932065e-29,0,0,0
999,1063,1.2257116395449741e-29,-1.9524586315255646e-30,1,-1.9524586315255646e-30,0,0,0
999,1064,0,-6.3471147599717236e-45,1,-6.3471147599717236e-45,0,0,0
999,1065,-8.3521991323986338e-30,1.616912150946795e-28,1,1.616912150946795e-28,0,0,0
1000,1001,-1.369988677014586e-28,6.4091501827450706e-28,1,6.4091501827450706e-28,0,0,0
1000,1064,8.4578502246762395e-29,-2.5164392660698872e-29,1,-2.5164392660698872e-29,0,0,0
1000,1065,-6.1272765812786629e-60,2.9083398021739085e-44,1,2.9083398021739085e-44,0,0,0
1000,1066,-3.4249716925364679e-29,4.7483883306715352e-28,1,4.7483883306715352e-28,0,0,0
1001,1002,1.1448311688475555e-27,1.7684043926430724e-28,0.9968416271911853,1.76281911229436e-28,0,0,0
1001,1065,-3.1503023105696034e-28,1.4411219422535752e-29,1,1.4411219422535752e-29,0,0,0
1001,1066,0,5.2393102939228873e-44,1,5.2393102939228873e-44,0,0,0
1001,1067,2.8620779221188842e-28,-2.5723173123969202e-27,1,-2.5723173123969202e-27,0,0,0
1002,1003,1.4985120473761692e-27,-9.5436639458167706e-27,0.9968416271911853,-9.5135214971138383e-27,0,0,0
1002,1066,-9.1542794920894234e-28,2.7039996868244997e-28,1,2.7039996868244997e-28,0,0,0
1002,1067,0,-4.3573934830559688e-43,0.9968416271911853,-4.3436312099617781e-43,0,0,0
1002,1068,3.7462801184404276e-28,-3.3947022002728261e-27,0.066710195825815666,-2.2646124855052754e-28,0,0,0
1003,1004,-1.7588815844257373e-26,-4.0351448552745265e-27,0.042965540676052141,-1.7337218041306019e-28,0,0,0
1003,1067,4.8584268325819517e-27,-2.3061143575880456e-28,1,-2.3061143575880456e-28,0,0,0
1003,1068,0,-1.6799665222588254e-43,0.066710195825815666,-1.1207089568070076e-44,0,0,0
1003,1069,-4.3972039610643432e-27,-1.0087748197865577e-27,2.510533702715425e-05,-2.5325631835248323e-32,0,0,0
1004,1005,-2.565910555480642e-26,2.6598747085497822e-35,0.042965540676052141,1.14282954983398e-36,0,0,0
1004,1068,6.4147763887016093e-27,-1.8838050493946909e-42,0.066710195825815666,-1.2566900374278018e-43,0,0,0
1004,1069,1.9607359855948425e-59,1.8974875127665615e-48,0.042965540676052141,8.1526576912072705e-50,0,0,0
1004,1070,-6.4147763887015225e-27,3.3326674305183428e-25,0.042965540676052141,1.4318985804569003e-26,0,0,0
1005,1006,-2.5659105501608866e-26,1.754933069436338e-24,2.973093047813399e-05,5.2175793081190058e-29,0,0,0
1005,1069,6.4147536006374586e-27,1.1387382387142827e-32,2.973093047813399e-05,3.3855747408007087e-37,0,0,0
1005,1070,0,5.5500061720589987e-41,2.973093047813399e-05,1.6500684765470064e-45,0,0,0
1005,1071,-6.4147763754169103e-27,9.4018439211188437e-23,2.973093047813399e-05,2.7952556798505103e-27,0,0,0
1006,1007,3.4842070333710732e-24,3.0597715202064154e-22,0.037689212689717672,1.1532037960700036e-23,0,0,0
1006,1070,-6.6011870971496712e-25,-1.0546652431389992e-25,0.023149323326913888,-2.441478671508294e-27,0,0,0
1006,1071,0,1.5584151626473649e-38,0.037689212689717672,5.8735440523897495e-40,0,0,0
1006,1072,8.7105175834276829e-25,1.3851931127987278e-22,2.4549787539141668e-06,3.4006196619891066e-28,0,0,0
1007,1008,6.1543851107465412e-22,1.9918634113696834e-22,5.8165580831946753e-06,1.1585789226022053e-27,0,0,0
1007,1071,-1.8803046364600143e-22,1.7085417938668957e-23,1,1.7085417938668957e-23,0,0,0
1007,1072,0,1.032924134137455e-38,2.4549787539141668e-06,2.5358068037126387e-44,0,0,0
1007,1073,1.5385962776866351e-22,5.0667470186632239e-23,1.9409388021543479e-08,9.8342458892233118e-31,0,0,0
1008,1009,1.0138111933485909e-21,-1.1399304509857954e-22,5.8165580831946753e-06,-6.6304716789611794e-28,0,0,0
1008,1072,-2.7790967431808837e-22,1.2228437990470344e-23,2.4549787539141668e-06,3.002055546016154e-29,0,0,0
1008,1073,6.2743312192293507e-55,1.45031470564797e-40,1.9409388021543479e-08,2.8149720875272064e-48,0,0,0
1008,1074,2.5345279832252795e-22,-2.0985847269451841e-16,5.8165580831946753e-06,-1.2206539956781901e-21,0,0,0
1009,1010,7.8582510315773078e-22,-5.3789416306230648e-17,1.1508312408367884e-06,-6.1902540711585993e-23,0,0,0
1009,1073,-2.5519456814192802e-22,2.9369146177035038e-23,1.9409388021543479e-08,5.7003715401150331e-31,0,0,0
1009,1074,0,-3.4948451498804751e-32,1.1508312408367884e-06,-4.0219769803693788e-38,0,0,0
1009,1075,1.9645627572875109e-22,-1.0141721774771468e-15,1.1508312408367884e-06,-1.1671410254281723e-21,0,0,0
1010,1011,-1.0757804678735813e-16,-7.4173078986891238e-17,1,-7.4173078986891238e-17,0,0,0
1010,1074,4.1971669193623848e-16,-1.9641109011969948e-16,1,-1.9641109011969948e-16,0,0,0
1010,1075,-2.6948047390861868e-47,-1.6665416103799172e-31,1,-1.6665416103799172e-31,0,0,0
1010,1076,-2.6894511696839474e-17,-5.7434777918261956e-16,1,-5.7434777918261956e-16,0,0,0
1011,1012,-2.5592420476114062e-16,6.4504559249249993e-17,1,6.4504559249249993e-17,0,0,0
1011,1075,2.0283441584980177e-15,-9.8218155365386629e-16,1,-9.8218155365386629e-16,0,0,0
1011,1076,0,-9.2560044534933427e-32,1,-9.2560044534933427e-32,0,0,0
1011,1077,-6.3981051190285154e-17,-1.6036787887295358e-16,1,-1.6036787887295358e-16,0,0,0
1012,1013,-1.2691508626264063e-16,4.4982369534811415e-17,1,4.4982369534811415e-17,0,0,0
1012,1076,1.1755900700620784e-15,-5.7193064924820914e-16,1,-5.7193064924820914e-16,0,0,0
1012,1077,-3.3685059238577335e-48,-2.939215848795076e-32,1,-2.939215848795076e-32,0,0,0
1012,1078,-3.1728771565660157e-17,-3.0345908446523305e-17,1,-3.0345908446523305e-17,0,0,0
1013,1014,-3.6950347193017793e-17,1.449185474934294e-17,1,1.449185474934294e-17,0,0,0
1013,1077,3.8471680893619228e-16,-1.8773961106896891e-16,1,-1.8773961106896891e-16,0,0,0
1013,1078,0,-6.9263762775650123e-33,1,-6.9263762775650123e-33,0,0,0
1013,1079,-9.2375867982544498e-18,-4.3884373378274148e-18,1,-4.3884373378274148e-18,0,0,0
1014,1015,-7.9666376943319087e-18,3.2856531185435303e-18,1,3.2856531185435303e-18,0,0,0
1014,1078,9.2420588458706761e-17,-4.5214464517561892e-17,1,-4.5214464517561892e-17,0,0,0
1014,1079,-2.1053162024110835e-49,-1.3341662816462574e-33,1,-1.3341662816462574e-33,0,0,0
1014,1080,-1.9916594235829772e-18,-5.1015273665400782e-19,1,-5.1015273665400782e-19,0,0,0
1015,1016,-1.3953314572448481e-18,5.9296182769988007e-19,1,5.9296182769988007e-19,0,0,0
1015,1079,1.8014461473909278e-17,-8.8328143047990325e-18,1,-8.8328143047990325e-18,0,0,0
1015,1080,0,-2.2175028751401498e-34,1,-2.2175028751401498e-34,0,0,0
1015,1081,-3.4883286431121203e-19,-4.7601676094122884e-20,1,-4.7601676094122884e-20,0,0,0
1016,1017,-2.0940780184508805e-19,9.0882244425174686e-20,1,9.0882244425174686e-20,0,0,0
1016,1080,3.0119648968909924e-18,-1.4798064732148604e-18,1,-1.4798064732148604e-18,0,0,0
1016,1081,0,-3.2614266790424948e-35,1,-3.2614266790424948e-35,0,0,0
1016,1082,-5.2351950461272013e-20,-2.6645270776122462e-21,1,-2.6645270776122462e-21,0,0,0
1017,1018,-2.7643312994738662e-20,1.2222071410674588e-20,1,1.2222071410674588e-20,0,0,0
1017,1081,4.4403621649945783e-19,-2.185626941253866e-19,1,-2.185626941253866e-19,0,0,0
1017,1082,8.2238914156682948e-52,-4.2274664075868546e-36,1,-4.2274664075868546e-36,0,0,0
1017,1083,-6.9108282486846684e-21,2.2451475567187417e-22,1,2.2451475567187417e-22,0,0,0
1018,1019,-3.1991701733894884e-21,1.4414042734981017e-21,1,1.4414042734981017e-21,0,0,0
1018,1082,5.7681004616496504e-20,-2.8440606036574561e-20,1,-2.8440606036574561e-20,0,0,0
1018,1083,-1.0279864269585368e-52,-4.7145672316064162e-37,1,-4.7145672316064162e-37,0,0,0
1018,1084,-7.9979254334737211e-22,9.6630998592769913e-23,1,9.6630998592769913e-23,0,0,0
1019,1020,-3.1636162639328481e-22,1.4526075383656607e-22,1,1.4526075383656607e-22,0,0,0
1019,1083,6.4617987373409192e-21,-3.1913541653712984e-21,1,-3.1913541653712984e-21,0,0,0
1019,1084,0,-4.391821402911872e-38,1,-4.391821402911872e-38,0,0,0
1019,1085,-7.9090406598321203e-23,1.6341414608172225e-23,1,1.6341414608172225e-23,0,0,0
1020,1021,-2.584011872015268e-23,1.2077076283255218e-23,1,1.2077076283255218e-23,0,0,0
1020,1084,6.0653054616183221e-22,-3.0003525824089705e-22,1,-3.0003525824089705e-22,0,0,0
1020,1085,-4.0155719803067845e-55,-3.3263015427002995e-39,1,-3.3263015427002995e-39,0,0,0
1020,1086,-6.46002968003817e-24,1.8187147518504765e-24,1,1.8187147518504765e-24,0,0,0
1021,1022,-1.6859661536422429e-24,8.0047187893814211e-25,1,8.0047187893814211e-25,0,0,0
1021,1085,4.6407577381976752e-23,-2.2993042921783095e-23,1,-2.2993042921783095e-23,0,0,0
1021,1086,0,-1.9993245708393927e-40,1,-1.9993245708393927e-40,0,0,0
1021,1087,-4.2149153841056072e-25,1.4427298702712638e-25,1,1.4427298702712638e-25,0,0,0
1022,1023,-8.5022395765958447e-26,4.0916191903359606e-26,1,4.0916191903359606e-26,0,0,0
1022,1086,2.822600176337217e-24,-1.4006722886978638e-24,1,-1.4006722886978638e-24,0,0,0
1022,1087,0,-9.3000578417339095e-42,1,-9.3000578417339095e-42,0,0,0
1022,1088,-2.1255598941489612e-26,8.2811887353256652e-27,1,8.2811887353256652e-27,0,0,0
1023,1024,-3.1900119592392463e-27,1.5527976220448275e-27,1,1.5527976220448275e-27,0,0,0
1023,1087,1.3294556435630793e-25,-6.607403068324906e-26,1,-6.607403068324906e-26,0,0,0
1023,1088,0,-3.2438372663216638e-43,1,-3.2438372663216638e-43,0,0,0
1023,1089,-7.9750298980981158e-28,3.3953923719501791e-28,1,3.3953923719501791e-28,0,0,0
1024,1025,-8.4416715149591547e-29,4.1487399838844982e-29,1,4.1487399838844982e-29,0,0,0
1024,1088,4.6932214708382828e-27,-2.3360586460254427e-27,1,-2.3360586460254427e-27,0,0,0
1024,1089,0,-8.1035458870152771e-45,1,-8.1035458870152771e-45,0,0,0
1024,1090,-2.1104178787397887e-29,9.5641738028768821e-30,1,9.5641738028768821e-30,0,0,0
1025,1026,-1.4419154719015747e-30,7.1430734232361605e-31,1,7.1430734232361605e-31,0,0,0
1025,1089,1.1842451541977576e-28,-5.9032018275900183e-29,1,-5.9032018275900183e-29,0,0,0
1025,1090,2.3934674145619777e-62,-1.3450509986374054e-46,1,-1.3450509986374054e-46,0,0,0
1025,1091,-3.6047886797539358e-31,1.7084610415109405e-31,1,1.7084610415109405e-31,0,0,0
1026,1027,-1.3300787254342439e-32,6.6305908278272672e-33,1,6.6305908278272672e-33,0,0,0
1026,1090,1.9758311816441213e-30,-9.8625299241526779e-31,1,-9.8625299241526779e-31,0,0,0
1026,1091,0,-1.287425404585253e-48,1,-1.287425404585253e-48,0,0,0
1026,1092,-3.3251968135856099e-33,1.6275730734874451e-33,1,1.6275730734874451e-33,0,0,0
1027,1028,-3.9605598687906258e-35,1.9802799343953129e-35,1,1.9802799343953129e-35,0,0,0
1027,1091,1.8786659673205481e-32,-9.3883791367667527e-33,1,-9.3883791367667527e-33,0,0,0
1027,1092,0,-5.0084325802287904e-51,1,-5.0084325802287904e-51,0,0,0
1027,1093,-9.9013996719765645e-36,4.9506998359882822e-36,1,4.9506998359882822e-36,0,0,0
1028,1029,0,-0,1,-0,0,0,0
1028,1092,7.0050666610719546e-35,-3.5025333305359773e-35,1,-3.5025333305359773e-35,0,0,0
1028,1093,0,-0,1,-0,0,0,0
1028,1094,0,-0,1,-0,0,0,0
1029,1030,0,-0,1,-0,0,0,0
1029,1093,0,-0,1,-0,0,0,0
1029,1094,0,-0,1,-0,0,0,0
1029,1095,0,-0,1,-0,0,0,0
1030,1031,0,-0,1,-0,0,0,0
1030,1094,0,-0,1,-0,0,0,0
1030,1095,0,-0,1,-0,0,0,0
1030,1096,0,-0,1,-0,0,0,0
1031,1032,0,-0,1,-0,0,0,0
1031,1095,0,-0,1,-0,0,0,0
1031,1096,0,-0,1,-0,0,0,0
1031,1097,0,-0,1,-0,0,0,0
1032,1033,0,-0,1,-0,0,0,0
1032,1096,0,-0,1,-0,0,0,0
1032,1097,0,-0,1,-0,0,0,0
1032,1098,0,-0,1,-0,0,0,0
1033,1034,0,-0,1,-0,0,0,0
1033,1097,0,-0,1,-0,0,0,0
1033,1098,0,-0,1,-0,0,0,0
1033,1099,0,-0,1,-0,0,0,0
1034,1035,0,-0,1,-0,0,0,0
1034,1098,0,-0,1,-0,0,0,0
1034,1099,0,-0,1,-0,0,0,0
1034,1100,0,-0,1,-0,0,0,0
1035,1036,0,-0,1,-0,0,0,0
1035,1099,0,-0,1,-0,0,0,0
1035,1100,0,-0,1,-0,0,0,0
1035,1101,0,-0,1,-0,0,0,0
1036,1037,0,-0,1,-0,0,0,0
1036,1100,0,-0,1,-0,0,0,0
1036,1101,0,-0,1,-0,0,0,0
1036,1102,0,-0,1,-0,0,0,0
1037,1038,0,-0,1,-0,0,0,0
1037,1101,0,-0,1,-0,0,0,0
1037,1102,0,-0,1,-0,0,0,0
1037,1103,0,-0,1,-0,0,0,0
1038,1039,0,-0,1,-0,0,0,0
1038,1102,0,-0,1,-0,0,0,0
1038,1103,0,-0,1,-0,0,0,0
1038,1104,0,-0,1,-0,0,0,0
1039,1103,0,-0,1,-0,0,0,0
1039,1104,0,-0,1,-0,0,0,0
1040,1041,0,-0,1,-0,0,0,0
1040,1105,0,-0,1,-0,0,0,0
1040,1106,0,-0,1,-0,0,0,0
1041,1042,0,-0,1,-0,0,0,0
1041,1105,0,-0,1,-0,0,0,0
1041,1106,0,-0,1,-0,0,0,0
1041,1107,0,-0,1,-0,0,0,0
1042,1043,0,-0,1,-0,0,0,0
1042,1106,0,-0,1,-0,0,0,0
1042,1107,0,-0,1,-0,0,0,0
1042,1108,0,-0,1,-0,0,0,0
1043,1044,0,-0,1,-0,0,0,0
1043,1107,0,-0,1,-0,0,0,0
1043,1108,0,-0,1,-0,0,0,0
1043,1109,0,-0,1,-0,0,0,0
1044,1045,0,-0,1,-0,0,0,0
1044,1108,0,-0,1,-0,0,0,0
1044,1109,0,-0,1,-0,0,0,0
1044,1110,0,-0,1,-0,0,0,0
1045,1046,0,-0,1,-0,0,0,0
1045,1109,0,-0,1,-0,0,0,0
1045,1110,0,-0,1,-0,0,0,0
1045,1111,0,-0,1,-0,0,0,0
1046,1047,0,-0,1,-0,0,0,0
1046,1110,0,-0,1,-0,0,0,0
1046,1111,0,-0,1,-0,0,0,0
1046,1112,0,-0,1,-0,0,0,0
1047,1048,0,-0,1,-0,0,0,0
1047,1111,0,-0,1,-0,0,0,0
1047,1112,0,-0,1,-0,0,0,0
1047,1113,0,-0,1,-0,0,0,0
1048,1049,0,-0,1,-0,0,0,0
1048,1112,0,-0,1,-0,0,0,0
1048,1113,0,-0,1,-0,0,0,0
1048,1114,0,-0,1,-0,0,0,0
1049,1050,0,-0,1,-0,0,0,0
1049,1113,0,-0,1,-0,0,0,0
1049,1114,0,-0,1,-0,0,0,0
1049,1115,0,-0,1,-0,0,0,0
1050,1051,0,-0,1,-0,0,0,0
1050,1114,0,-0,1,-0,0,0,0
1050,1115,0,-0,1,-0,0,0,0
1050,1116,0,-0,1,-0,0,0,0
1051,1052,0,-0,1,-0,0,0,0
1051,1115,0,-0,1,-0,0,0,0
1051,1116,0,-0,1,-0,0,0,0
1051,1117,0,-0,1,-0,0,0,0
1052,1053,0,-0,1,-0,0,0,0
1052,1116,0,-0,1,-0,0,0,0
1052,1117,0,-0,1,-0,0,0,0
1052,1118,0,-0,1,-0,0,0,0
1053,1054,0,-0,1,-0,0,0,0
1053,1117,0,-0,1,-0,0,0,0
1053,1118,0,-0,1,-0,0,0,0
1053,1119,0,-0,1,-0,0,0,0
1054,1055,0,-0,1,-0,0,0,0
1054,1118,0,-0,1,-0,0,0,0
1054,1119,0,-0,1,-0,0,0,0
1054,1120,0,-0,1,-0,0,0,0
1055,1056,0,-0,1,-0,0,0,0
1055,1119,0,-0,1,-0,0,0,0
1055,1120,0,-0,1,-0,0,0,0
1055,1121,0,-0,1,-0,0,0,0
1056,1057,0,-0,1,-0,0,0,0
1056,1120,0,-0,1,-0,0,0,0
1056,1121,0,-0,1,-0,0,0,0
1056,1122,0,-2.2118494239072093e-36,-0,0,0,0,0
1057,1058,0,-3.7936791359884078e-45,-0,0,0,0,0
1057,1121,0,-0,1,-0,0,0,0
1057,1122,0,-3.6834692361385094e-52,-0,0,0,0,0
1057,1123,0,-7.8319321811704652e-36,-0,0,0,0,0
1058,1059,-7.5873582719851979e-45,-1.1800875432048329e-40,1,-1.1800875432048329e-40,0,0,0
1058,1122,4.4236988478144186e-36,-2.2118494229587895e-36,1,-2.2118494229587895e-36,0,0,0
1058,1123,0,-1.304278715067783e-51,1,-1.304278715067783e-51,0,0,0
1058,1124,-1.8968395679962995e-45,-6.0280813160171314e-41,0.20013164515606041,-1.2064098309090182e-41,0,0,0
1059,1060,-2.360250959992386e-40,-1.2311449832020196e-40,1.2492540133664569e-11,-1.5380128113011022e-51,0,0,0
1059,1123,1.566386436234093e-35,-7.8319026780334656e-36,1,-7.8319026780334656e-36,0,0,0
1059,1124,0,-5.1256706512598797e-57,0.20013164515606041,-1.0258088999647753e-57,0,0,0
1059,1125,-5.900627399980965e-41,-3.0778624580050383e-41,0.039408766732551774,-1.2129476364239898e-42,0,0,0
1060,1061,-4.8225409263964248e-40,3.6094191317646809e-41,1.2492540133664569e-11,4.5090813362786996e-52,0,0,0
1060,1124,1.2056352315991062e-40,-0,1,-0,0,0,0
1060,1125,2.7863627934851324e-73,1.7832721878304911e-71,1.2492540133664569e-11,2.2277599375720232e-82,0,0,0
1060,1126,-1.2056513285795773e-40,2.6328598600997244e-29,1.2492540133664569e-11,3.2891107468610288e-40,0,0,0
1061,1062,-4.1006563454981636e-40,3.2199009069200212e-29,5.5686320464044691e-12,1.7930443376521644e-40,0,0,0
1061,1125,1.2056352315991044e-40,-9.0235478294115938e-42,0.039408766732551774,-3.5560689150930539e-43,0,0,0
1061,1126,0,4.3845924559396225e-45,5.5686320464044691e-12,2.4416182060568657e-56,0,0,0
1061,1127,-1.0251468396242108e-40,2.6992378382407244e-29,5.5686320464044691e-12,1.503106232689482e-40,0,0,0
1062,1063,6.4398018137990371e-29,-5.671324185989467e-29,1,-5.671324185989467e-29,0,0,0
1062,1126,-5.2657197201873921e-29,1.8278846333688165e-29,0.21697973102523363,3.9661391609352358e-30,0,0,0
1062,1127,0,3.1545809489786697e-45,0.0369140035012313,1.1644821219551617e-46,0,0,0
1062,1128,1.6099504534497615e-29,-1.733956916293402e-28,1,-1.733956916293402e-28,0,0,0
1063,1064,-4.9028465581798962e-29,-1.4464277170262531e-28,1,-1.4464277170262531e-28,0,0,0
1063,1127,-5.3984756764711979e-29,3.3120936580080865e-29,0.0369140035012313,1.222626368881165e-30,0,0,0
1063,1128,-3.0636382906393315e-60,-2.6515020373379923e-44,1,-2.6515020373379923e-44,0,0,0
1063,1129,-1.2257116395449762e-29,1.6375352978163567e-28,1,1.6375352978163567e-28,0,0,0
1064,1065,-3.3831400898704962e-28,7.9921746660744564e-28,1,7.9921746660744564e-28,0,0,0
1064,1128,3.3069187872418277e-28,-1.2305668823871019e-28,1,-1.2305668823871019e-28,0,0,0
1064,1129,0,3.3292405949951548e-44,1,3.3292405949951548e-44,0,0,0
1064,1130,-8.4578502246762485e-29,8.4549458889218349e-28,1,8.4549458889218349e-28,0,0,0
1065,1066,1.2601209242278415e-27,1.2007954363039641e-27,1,1.2007954363039641e-27,0,0,0
1065,1129,-3.1524994316782154e-28,1.0985605543059305e-31,1,1.0985605543059305e-31,0,0,0
1065,1130,0,1.0752902272598103e-43,1,1.0752902272598103e-43,0,0,0
1065,1131,3.1503023105696078e-28,-2.6790702577999406e-27,1,-2.6790702577999406e-27,0,0,0
1066,1067,3.6617117968357701e-27,-1.1547709563581789e-26,1,-1.1547709563581789e-26,0,0,0
1066,1130,-1.6064106755376047e-27,3.4549136316433107e-28,1,3.4549136316433107e-28,0,0,0
1066,1131,0,-4.9614797551654755e-43,1,-4.9614797551654755e-43,0,0,0
1066,1132,9.154279492089427e-28,-3.6651021689552764e-27,0.079025284782033467,-2.8963574265693924e-28,0,0,0
1067,1068,-1.9433707330327807e-26,-3.1126991122393158e-27,0.066710195825815666,-2.0764876732432732e-28,0,0,0
1067,1131,5.0431102845429193e-27,-9.2341725980484065e-29,1,-9.2341725980484065e-29,0,0,0
1067,1132,0,-1.2959213336768905e-43,0.079025284782033467,-1.0241055244892889e-44,0,0,0
1067,1133,-4.8584268325819525e-27,-7.7815864016551009e-28,1.8509470379769605e-05,-1.4403304300905303e-32,0,0,0
1068,1069,-2.5659105554806437e-26,4.5576128303192029e-32,0.066710195825815666,3.0403924440884402e-33,0,0,0
1068,1132,6.4147763887016093e-27,-0,1,-0,0,0,0
1068,1133,1.9606985876664901e-59,2.6874992762746174e-48,0.066710195825815666,1.792836030020176e-49,0,0,0
1068,1134,-6.4147763887016351e-27,1.8858720789256786e-25,0.066710195825815666,1.2580689568757011e-26,0,0,0
1069,1070,-2.5659014402549746e-26,1.333066926631209e-24,2.510533702715425e-05,3.3467094472829209e-29,0,0,0
1069,1133,6.4147441129129721e-27,4.7438622431204428e-33,2.510533702715425e-05,1.1909626042393067e-37,0,0,0
1069,1134,6.2743312192293509e-57,3.140607715532748e-41,2.510533702715425e-05,7.8846015168530619e-46,0,0,0
1069,1135,-6.4147536006442745e-27,7.9048172575462983e-23,2.510533702715425e-05,1.98453101388765e-27,0,0,0
1070,1071,2.6404748388598325e-24,3.7474068987257296e-22,0.023149323326913888,8.6749933936109561e-24,0,0,0
1070,1134,-3.707596393964341e-25,-1.4467953515926646e-25,0.014806042033556196,-2.142131278963471e-27,0,0,0
1070,1135,1.6062287921227138e-54,1.3108665127349075e-38,0.023149323326913888,3.0345672741724452e-40,0,0,0
1070,1136,6.6011870971498714e-25,1.7051437685958831e-22,5.7566089212427198e-07,9.8158458303004927e-29,0,0,0
1071,1072,7.5212185458400582e-22,1.797584213441739e-22,2.4549787539141668e-06,4.4130310523709784e-28,0,0,0
1071,1135,-1.5808993039732533e-22,-1.4970266624338061e-23,1,-1.4970266624338061e-23,0,0,0
1071,1136,1.6062287921227138e-54,1.2794632751852184e-38,5.7566089212427198e-07,7.3653697043336569e-45,0,0,0
1071,1137,1.8803046364600143e-22,4.4939605323098432e-23,2.277637789232466e-09,1.0235614331708148e-31,0,0,0
1072,1073,1.1116386972723535e-21,-4.5430212352320761e-23,2.4549787539141668e-06,-1.115302061107564e-28,0,0,0
1072,1136,-3.4168887242889164e-22,3.1889599055401606e-23,5.7566089212427198e-07,1.8357595041717828e-29,0,0,0
1072,1137,-1.2849830333989876e-54,-2.1557826260765458e-48,2.4549787539141668e-06,-5.2924005450752084e-54,0,0,0
1072,1138,2.7790967438112237e-22,-8.6656281438014378e-16,2.4549787539141668e-06,-2.1273932982353187e-21,0,0,0
1073,1074,1.0207782725091459e-21,-8.3943389426161318e-16,1.9409388021543479e-08,-1.6292898172158949e-23,0,0,0
1073,1137,-2.779096742921983e-22,1.135755307513515e-23,2.277637789232466e-09,2.5868392077141219e-32,0,0,0
1073,1138,0,-1.4431169642990922e-31,1.9409388021543479e-08,-2.8010017120552989e-39,0,0,0
1073,1139,2.551945668529727e-22,-2.7056351334015888e-14,1.9409388021543479e-08,-5.2514722148911988e-22,0,0,0
1074,1075,-1.6788667677449545e-15,-3.2172549331235585e-15,0.43204651288225859,-1.3900037749092775e-15,0,0,0
1074,1138,1.7331253508506134e-15,-6.5670432945718748e-16,0.43204651288225859,-2.8372681553665977e-16,0,0,0
1074,1139,0,-4.4708391756160534e-30,0.43204651288225859,-1.9316104754823075e-30,0,0,0
1074,1140,-4.1971669193624006e-16,-1.7988095469219821e-14,0.43204651288225859,-7.7716939208695795e-15,0,0,0
1075,1076,-8.1133766339920708e-15,1.7055081768718787e-15,1,1.7055081768718787e-15,0,0,0
1075,1139,5.4112702412837211e-14,-2.6042179127169595e-14,1,-2.6042179127169595e-14,0,0,0
1075,1140,0,-2.8616745200058979e-30,1,-2.8616745200058979e-30,0,0,0
1075,1141,-2.0283441584980169e-15,-5.6419543778543608e-15,1,-5.6419543778543608e-15,0,0,0
1076,1077,-4.7023602802483138e-15,1.5817465222517724e-15,1,1.5817465222517724e-15,0,0,0
1076,1140,3.6395907630375878e-14,-1.7610158780156901e-14,1,-1.7610158780156901e-14,0,0,0
1076,1141,0,-1.0105801898761532e-30,1,-1.0105801898761532e-30,0,0,0
1076,1142,-1.1755900700620783e-15,-1.185601693035283e-15,1,-1.185601693035283e-15,0,0,0
1077,1078,-1.5388672357447691e-15,5.84592440954971e-16,1,5.84592440954971e-16,0,0,0
1077,1141,1.3312252914206737e-14,-6.4637680526352728e-15,1,-6.4637680526352728e-15,0,0,0
1077,1142,0,-2.6329577245102658e-31,1,-2.6329577245102658e-31,0,0,0
1077,1143,-3.8471680893619233e-16,-1.9072314928518145e-16,1,-1.9072314928518145e-16,0,0,0
1078,1079,-3.6968235383482705e-16,1.4881225396959497e-16,1,1.4881225396959497e-16,0,0,0
1078,1142,3.5467934561326441e-15,-1.7271864338369688e-15,1,-1.7271864338369688e-15,0,0,0
1078,1143,-6.7370118477154671e-48,-5.6100334298690614e-32,1,-5.6100334298690614e-32,0,0,0
1078,1144,-9.2420588458706761e-17,-2.4880318670827286e-17,1,-2.4880318670827286e-17,0,0,0
1079,1080,-7.2057845895637111e-17,3.0004993154036572e-17,1,3.0004993154036572e-17,0,0,0
1079,1143,7.6616310750655528e-16,-3.7407432301632301e-16,1,-3.7407432301632301e-16,0,0,0
1079,1144,0,-1.033896004863245e-32,1,-1.033896004863245e-32,0,0,0
1079,1145,-1.8014461473909278e-17,-2.6535474580082847e-18,1,-2.6535474580082847e-18,0,0,0
1080,1081,-1.2047859587563973e-17,5.1358573607830698e-18,1,5.1358573607830698e-18,0,0,0
1080,1144,1.4218122580036134e-16,-6.9584630451735176e-17,1,-6.9584630451735176e-17,0,0,0
1080,1145,-2.1053162024110835e-49,-1.6911132072223886e-33,1,-1.6911132072223886e-33,0,0,0
1080,1146,-3.0119648968909932e-18,-1.8587836097553758e-19,1,-1.8587836097553758e-19,0,0,0
1081,1082,-1.7761448659978313e-18,7.7271042376592273e-19,1,7.7271042376592273e-19,0,0,0
1081,1145,2.3321556389925848e-17,-1.1438760086713195e-17,1,-1.1438760086713195e-17,0,0,0
1081,1146,0,-2.4477798141264261e-34,1,-2.4477798141264261e-34,0,0,0
1081,1147,-4.4403621649945783e-19,8.9278759434756612e-21,1,8.9278759434756612e-21,0,0,0
1082,1083,-2.3072401846598602e-19,1.0243841175831117e-19,1,1.0243841175831117e-19,0,0,0
1082,1146,3.3837216188420682e-18,-1.6630203071127858e-18,1,-1.6630203071127858e-18,0,0,0
1082,1147,0,-3.0683743878713047e-35,1,-3.0683743878713047e-35,0,0,0
1082,1148,-5.7681004616496504e-20,6.120453322795648e-21,1,6.120453322795648e-21,0,0,0
1083,1084,-2.5847194949363677e-20,1.1710536382358172e-20,1,1.1710536382358172e-20,0,0,0
1083,1147,4.2618046461250654e-19,-2.0985933293758279e-19,1,-2.0985933293758279e-19,0,0,0
1083,1148,4.1119457078341474e-52,-3.2455953952374144e-36,1,-3.2455953952374144e-36,0,0,0
1083,1149,-6.4617987373409192e-21,1.2270035405112333e-21,1,1.2270035405112333e-21,0,0,0
1084,1085,-2.4261221846473288e-21,1.1202459375597111e-21,1,1.1202459375597111e-21,0,0,0
1084,1148,4.5440097970905214e-20,-2.241678371237169e-20,1,-2.241678371237169e-20,0,0,0
1084,1149,5.1399321347926842e-53,-2.8321187979435012e-37,1,-2.8321187979435012e-37,0,0,0
1084,1150,-6.065305461618324e-22,1.5991186288566252e-22,1,1.5991186288566252e-22,0,0,0
1085,1086,-1.8563030952790701e-22,8.7169954411279073e-23,1,8.7169954411279073e-23,0,0,0
1085,1149,4.0077916563184518e-21,-1.9806920394682376e-21,1,-1.9806920394682376e-21,0,0,0
1085,1150,0,-2.0008931429104973e-38,1,-2.0008931429104973e-38,0,0,0
1085,1151,-4.6407577381976758e-23,1.5040121344287725e-23,1,1.5040121344287725e-23,0,0,0
1086,1087,-1.1290400705348868e-23,5.3793092239618192e-24,1,5.3793092239618192e-24,0,0,0
1086,1150,2.8670682039050726e-22,-1.4194211010708502e-22,1,-1.4194211010708502e-22,0,0,0
1086,1151,0,-1.1244950401720993e-39,1,-1.1244950401720993e-39,0,0,0
1086,1152,-2.822600176337217e-24,1.0490117302256013e-24,1,1.0490117302256013e-24,0,0,0
1087,1088,-5.3178225742523173e-25,2.5650468577093932e-25,1,2.5650468577093932e-25,0,0,0
1087,1151,1.632733469340131e-23,-8.0971945645225018e-24,1,-8.0971945645225018e-24,0,0,0
1087,1152,6.2743312192293509e-57,-4.9263189488533167e-41,1,-4.9263189488533167e-41,0,0,0
1087,1153,-1.3294556435630793e-25,5.4293245612513483e-26,1,5.4293245612513483e-26,0,0,0
1088,1089,-1.8772885883353134e-26,9.1495939108370148e-27,1,9.1495939108370148e-27,0,0,0
1088,1152,7.2457671588601461e-25,-3.5994174720758819e-25,1,-3.5994174720758819e-25,0,0,0
1088,1153,-1.9607285060091721e-58,-1.6375110984214749e-42,1,-1.6375110984214749e-42,0,0,0
1088,1154,-4.6932214708382828e-27,2.0491123736748649e-27,1,2.0491123736748649e-27,0,0,0
1089,1090,-4.7369806167910304e-28,2.328973684762633e-28,1,2.328973684762633e-28,0,0,0
1089,1153,2.4359073131280956e-26,-1.2120324307930591e-26,1,-1.2120324307930591e-26,0,0,0
1089,1154,0,-3.9682607872080543e-44,1,-3.9682607872080543e-44,0,0,0
1089,1155,-1.1842451541977576e-28,5.4278166746542805e-29,1,5.4278166746542805e-29,0,0,0
1090,1091,-7.9033247265764854e-30,3.9140890439418319e-30,1,3.9140890439418319e-30,0,0,0
1090,1154,5.9499672348855268e-28,-2.9651044615345431e-28,1,-2.9651044615345431e-28,0,0,0
1090,1155,-9.5738696582479109e-62,-6.5717021366757143e-46,1,-6.5717021366757143e-46,0,0,0
1090,1156,-1.9758311816441213e-30,9.3890144308227632e-31,1,9.3890144308227632e-31,0,0,0
1091,1092,-7.5146638692821924e-32,3.7433218013189528e-32,1,3.7433218013189528e-32,0,0,0
1091,1155,9.8681819266901554e-30,-4.9246976335084745e-30,1,-4.9246976335084745e-30,0,0,0
1091,1156,7.4795856705061804e-64,-6.5981916435889232e-48,1,-6.5981916435889232e-48,0,0,0
1091,1157,-1.8786659673205481e-32,9.1782637217659358e-33,1,9.1782637217659358e-33,0,0,0
1092,1093,-2.8020266644287818e-34,1.4010133322143909e-34,1,1.4010133322143909e-34,0,0,0
1092,1156,9.8028295479568621e-32,-4.8979122406478953e-32,1,-4.8979122406478953e-32,0,0,0
1092,1157,0,-2.9982813154157621e-50,1,-2.9982813154157621e-50,0,0,0
1092,1158,-7.0050666610719546e-35,3.5025333305359773e-35,1,3.5025333305359773e-35,0,0,0
1093,1094,0,-0,1,-0,0,0,0
1093,1157,4.3013222967360863e-34,-2.1506611483680432e-34,1,-2.1506611483680432e-34,0,0,0
1093,1158,0,-0,1,-0,0,0,0
1093,1159,0,-0,1,-0,0,0,0
1094,1095,0,-0,1,-0,0,0,0
1094,1158,0,-0,1,-0,0,0,0
1094,1159,0,-0,1,-0,0,0,0
1094,1160,0,-0,1,-0,0,0,0
1095,1096,0,-0,1,-0,0,0,0
1095,1159,0,-0,1,-0,0,0,0
1095,1160,0,-0,1,-0,0,0,0
1095,1161,0,-0,1,-0,0,0,0
1096,1097,0,-0,1,-0,0,0,0
1096,1160,0,-0,1,-0,0,0,0
1096,1161,0,-0,1,-0,0,0,0
1096,1162,0,-0,1,-0,0,0,0
1097,1098,0,-0,1,-0,0,0,0
1097,1161,0,-0,1,-0,0,0,0
1097,1162,0,-0,1,-0,0,0,0
1097,1163,0,-0,1,-0,0,0,0
1098,1099,0,-0,1,-0,0,0,0
1098,1162,0,-0,1,-0,0,0,0
1098,1163,0,-0,1,-0,0,0,0
1098,1164,0,-0,1,-0,0,0,0
1099,1100,0,-0,1,-0,0,0,0
1099,1163,0,-0,1,-0,0,0,0
1099,1164,0,-0,1,-0,0,0,0
1099,1165,0,-0,1,-0,0,0,0
1100,1101,0,-0,1,-0,0,0,0
1100,1164,0,-0,1,-0,0,0,0
1100,1165,0,-0,1,-0,0,0,0
1100,1166,0,-0,1,-0,0,0,0
1101,1102,0,-0,1,-0,0,0,0
1101,1165,0,-0,1,-0,0,0,0
1101,1166,0,-0,1,-0,0,0,0
1101,1167,0,-0,1,-0,0,0,0
1102,1103,0,-0,1,-0,0,0,0
1102,1166,0,-0,1,-0,0,0,0
1102,1167,0,-0,1,-0,0,0,0
1102,1168,0,-0,1,-0,0,0,0
1103,1104,0,-0,1,-0,0,0,0
1103,1167,0,-0,1,-0,0,0,0
1103,1168,0,-0,1,-0,0,0,0
1103,1169,0,-0,1,-0,0,0,0
1104,1168,0,-0,1,-0,0,0,0
1104,1169,0,-0,1,-0,0,0,0
1105,1106,0,-0,1,-0,0,0,0
1105,1170,0,-0,1,-0,0,0,0
1105,1171,0,-0,1,-0,0,0,0
1106,1107,0,-0,1,-0,0,0,0
1106,1170,0,-0,1,-0,0,0,0
1106,1171,0,-0,1,-0,0,0,0
1106,1172,0,-0,1,-0,0,0,0
1107,1108,0,-0,1,-0,0,0,0
1107,1171,0,-0,1,-0,0,0,0
1107,1172,0,-0,1,-0,0,0,0
1107,1173,0,-0,1,-0,0,0,0
1108,1109,0,-0,1,-0,0,0,0
1108,1172,0,-0,1,-0,0,0,0
1108,1173,0,-0,1,-0,0,0,0
1108,1174,0,-0,1,-0,0,0,0
1109,1110,0,-0,1,-0,0,0,0
1109,1173,0,-0,1,-0,0,0,0
1109,1174,0,-0,1,-0,0,0,0
1109,1175,0,-0,1,-0,0,0,0
1110,1111,0,-0,1,-0,0,0,0
1110,1174,0,-0,1,-0,0,0,0
1110,1175,0,-0,1,-0,0,0,0
1110,1176,0,-0,1,-0,0,0,0
1111,1112,0,-0,1,-0,0,0,0
1111,1175,0,-0,1,-0,0,0,0
1111,1176,0,-0,1,-0,0,0,0
1111,1177,0,-0,1,-0,0,0,0
1112,1113,0,-0,1,-0,0,0,0
1112,1176,0,-0,1,-0,0,0,0
1112,1177,0,-0,1,-0,0,0,0
1112,1178,0,-0,1,-0,0,0,0
1113,1114,0,-0,1,-0,0,0,0
1113,1177,0,-0,1,-0,0,0,0
1113,1178,0,-0,1,-0,0,0,0
1113,1179,0,-0,1,-0,0,0,0
1114,1115,0,-0,1,-0,0,0,0
1114,1178,0,-0,1,-0,0,0,0
1114,1179,0,-0,1,-0,0,0,0
1114,1180,0,-0,1,-0,0,0,0
1115,1116,0,-0,1,-0,0,0,0
1115,1179,0,-0,1,-0,0,0,0
1115,1180,0,-0,1,-0,0,0,0
1115,1181,0,-0,1,-0,0,0,0
1116,1117,0,-0,1,-0,0,0,0
1116,1180,0,-0,1,-0,0,0,0
1116,1181,0,-0,1,-0,0,0,0
1116,1182,0,-0,1,-0,0,0,0
1117,1118,0,-0,1,-0,0,0,0
1117,1181,0,-0,1,-0,0,0,0
1117,1182,0,-0,1,-0,0,0,0
1117,1183,0,-0,1,-0,0,0,0
1118,1119,0,-0,1,-0,0,0,0
1118,1182,0,-0,1,-0,0,0,0
1118,1183,0,-0,1,-0,0,0,0
1118,1184,0,-0,1,-0,0,0,0
1119,1120,0,-0,1,-0,0,0,0
1119,1183,0,-0,1,-0,0,0,0
1119,1184,0,-0,1,-0,0,0,0
1119,1185,0,-2.2998372432248802e-36,-0,0,0,0,0
1120,1121,0,-0,1,-0,0,0,0
1120,1184,0,-0,1,-0,0,0,0
1120,1185,0,-3.8299983904780641e-52,-0,0,0,0,0
1120,1186,0,-1.1614291383555908e-33,-0,0,0,0,0
1121,1122,0,-8.8473976956288373e-36,1,-8.8473976956288373e-36,0,0,0
1121,1185,4.5996744864497604e-36,-2.2998372432248802e-36,1,-2.2998372432248802e-36,0,0,0
1121,1186,0,-1.9341680563094012e-49,0.44716904222818932,-8.6490007724823342e-50,0,0,0
1121,1187,0,1.993631820794914e-33,1,1.993631820794914e-33,0,0,0
1122,1123,-1.7694795391257677e-35,-2.2480331029053018e-35,1,-2.2480331029053018e-35,0,0,0
1122,1186,2.3228582767111816e-33,-1.1592172889316836e-33,0.44716904222818932,-5.1836608482593922e-34,0,0,0
1122,1187,0,3.3237473943439714e-49,1,3.3237473943439714e-49,0,0,0
1122,1188,-4.4236988478144808e-36,-3.1666034898425503e-32,1,-3.1666034898425503e-32,0,0,0
1123,1124,-6.2655457449363721e-35,3.1327487597635542e-35,1,3.1327487597635542e-35,0,0,0
1123,1187,-3.9872636415898279e-33,2.0014637529760846e-33,1,2.0014637529760846e-33,0,0,0
1123,1188,7.4795856705061804e-64,-5.2725182246307491e-48,0.83828764008570245,-4.4198868598345684e-48,0,0,0
1123,1189,-1.5663864362333781e-35,-1.1154620616337815e-31,0.049782884219851442,-5.5530918665951338e-33,0,0,0
1124,1125,-4.8225409263964248e-40,4.2832767789939018e-55,0.20013164515606041,8.5721922843880092e-56,0,0,0
1124,1188,6.3336493495698817e-32,-3.1668246687567645e-32,1,-3.1668246687567645e-32,0,0,0
1124,1189,0,-1.8577479227501349e-47,0.049782884219851442,-9.2484049747939479e-49,0,0,0
1124,1190,-1.2056168350789171e-40,2.6856623308056506e-29,0.096386988721213887,2.5886290478835325e-30,0,0,0
1125,1126,-4.8226053143183094e-40,1.0531439440398898e-28,0.039408766732551774,4.1503104026467575e-30,0,0,0
1125,1189,2.2310807619111863e-31,-1.1155403803527756e-31,0.049782884219851442,-5.5534817597671269e-33,0,0,0
1125,1190,0,4.4725262340433476e-45,0.039408766732551774,1.7625674306263256e-46,0,0,0
1125,1191,-1.2056513285795773e-40,2.7020405961674065e-29,0.0070345223302876536,1.9007564911083385e-31,0,0,0
1126,1127,2.1062878880749568e-28,2.655119125676118e-30,0.0369140035012313,9.8011076701394409e-32,0,0,0
1126,1190,-5.3713246615992445e-29,5.2802470705926266e-31,0.096386988721213887,5.0894711483843413e-32,0,0,0
1126,1191,-1.6754271901933846e-61,1.1520906906428507e-46,0.0070345223302876536,8.1044076898436586e-49,0,0,0
1126,1192,5.2657197201873977e-29,-1.2140560033402381e-27,0.21697973102523363,-2.6342554505433497e-28,0,0,0
1127,1128,2.1593902705884792e-28,-7.6935327097778956e-28,0.0369140035012313,-2.8399909338557879e-29,0,0,0
1127,1191,-5.4040811923227562e-29,2.802757925779151e-32,0.0070345223302876536,1.9716063215284144e-34,0,0,0
1127,1192,-2.4509106325114652e-59,-2.0229148075340112e-43,0.0369140035012313,-7.4673884288003135e-45,0,0,0
1127,1193,5.3984756764711946e-29,-8.0967486529106057e-28,0.0369140035012313,-2.9888340812213194e-29,0,0,0
1128,1129,-1.3227675148967311e-27,1.2918836437840088e-27,1,1.2918836437840088e-27,0,0,0
1128,1192,2.3754548094786023e-27,-1.0223814653772097e-27,1,-1.0223814653772097e-27,0,0,0
1128,1193,-1.2254553162557326e-59,-1.0280718735432793e-43,1,-1.0280718735432793e-43,0,0,0
1128,1194,-3.3069187872418308e-28,1.9566694108356686e-27,1,1.9566694108356686e-27,0,0,0
1129,1130,1.260999772671286e-27,2.5823214647395666e-27,1,2.5823214647395666e-27,0,0,0
1129,1193,1.5653649738174087e-27,-9.4030745849261513e-28,1,-9.4030745849261513e-28,0,0,0
1129,1194,0,2.720654534809631e-43,1,2.720654534809631e-43,0,0,0
1129,1195,3.1524994316782185e-28,-2.3888036091682728e-27,1,-2.3888036091682728e-27,0,0,0
1130,1131,6.4256427021504179e-27,-1.329904192016105e-26,1,-1.329904192016105e-26,0,0,0
1130,1194,-3.5826469429471544e-27,9.8811813370477476e-28,1,9.8811813370477476e-28,0,0,0
1130,1195,-9.8036425300458607e-59,-5.0532644324860468e-43,1,-5.0532644324860468e-43,0,0,0
1130,1196,1.6064106755376045e-27,-4.0105935321196073e-27,0.033280623712587117,-1.3347505420660831e-28,0,0,0
1131,1132,-2.017244113817168e-26,-2.74333220831738e-27,0.079025284782033467,-2.1679260901400573e-28,0,0,0
1131,1195,4.4623572751687234e-27,2.9037650468709824e-28,1,2.9037650468709824e-28,0,0,0
1131,1196,-2.4509106325114652e-59,-1.1421414682011496e-43,0.033280623712587117,-3.8011180429744243e-45,0,0,0
1131,1197,-5.0431102845429207e-27,-6.85827688713793e-28,1.2326327905106429e-05,-8.4537369774874715e-33,0,0,0
1132,1133,-2.5659105554806437e-26,6.4551577275673803e-32,0.079025284782033467,5.1012067773395623e-33,0,0,0
1132,1196,6.4147763887016093e-27,-0,1,-0,0,0,0
1132,1197,-5.8821892578203516e-59,8.9317978878830614e-49,0.079025284782033467,7.0583787170552399e-50,0,0,0
1132,1198,-6.4147763887016351e-27,1.5577843642856972e-25,0.079025284782033467,1.2310435301667618e-26,0,0,0
1133,1134,-2.5658976451651785e-26,7.5434876701869408e-25,1.8509470379769605e-05,1.3962596159148241e-29,0,0,0
1133,1197,6.4147656619705051e-27,-1.0774528766969287e-32,1.2326327905106429e-05,-1.3281037460466549e-37,0,0,0
1133,1198,0,2.5942318341966385e-41,1.8509470379769605e-05,4.801785729331805e-46,0,0,0
1133,1199,-6.4147441129074648e-27,8.3361453317668501e-23,1.8509470379769605e-05,1.5429763509979318e-27,0,0,0
1134,1135,1.483038557585752e-24,3.1543834151585776e-22,0.014806042033556196,4.6703933434790443e-24,0,0,0
1134,1198,-3.0514209646843782e-25,-3.2808771463998143e-26,0.012378805936802382,-4.0613341497773281e-28,0,0,0
1134,1199,0,1.38510646495583e-38,0.014806042033556196,2.0507944541086449e-40,0,0,0
1134,1200,3.7075963939642353e-25,1.7355086602013161e-22,1.5664048286412502e-07,2.7185091454880481e-29,0,0,0
1135,1136,6.3235972158930131e-22,3.6719788406313254e-22,5.7566089212427198e-07,2.1138146152592789e-28,0,0,0
1135,1199,-1.6671649189122408e-22,4.3132807469493941e-24,1,4.3132807469493941e-24,0,0,0
1135,1200,-3.2124575842454276e-54,1.5769265999859933e-38,1.5664048286412502e-07,2.4701054406308892e-45,0,0,0
1135,1201,1.580899303973253e-22,9.271832026893804e-23,2.3709384122812748e-11,2.198294270478227e-33,0,0,0
1136,1137,1.3667554897155666e-21,-1.275583962733866e-22,5.7566089212427198e-07,-7.3430380196679141e-29,0,0,0
1136,1200,-3.4747249167965971e-22,2.8918096253840411e-24,1.5664048286412502e-07,4.5297445607128066e-31,0,0,0
1136,1201,-1.3050608935997049e-54,1.5301913955182919e-40,2.3709384122812748e-11,3.6279895577766073e-51,0,0,0
1136,1202,3.4168887225077364e-22,-2.1030023697784709e-15,5.7566089212427198e-07,-1.2106162203261327e-21,0,0,0
1137,1138,1.1116386975244895e-21,-3.4662512575205751e-15,2.277637789232466e-09,-7.894864851103418e-24,0,0,0
1137,1201,-3.4352657093520141e-22,3.2808448321501544e-23,2.3709384122812748e-11,7.7786810372793132e-34,0,0,0
1137,1202,0,-3.5022024245471393e-31,2.277637789232466e-09,-7.9767485876901294e-40,0,0,0
1137,1203,2.779096947701427e-22,-5.9740075415698939e-13,2.277637789232466e-09,-1.3606625329839332e-21,0,0,0
1138,1139,-6.9325014034024489e-15,-1.0475915412397322e-13,0.062751120017729436,-6.5737542533892588e-15,0,0,0
1138,1202,4.2060043978680696e-15,-1.236439523508728e-15,0.062751120017729436,-7.7587964934360391e-17,0,0,0
1138,1203,0,-9.9342899130707072e-29,0.062751120017729436,-6.2338781862601885e-30,0,0,0
1138,1204,-1.733125350850585e-15,-4.6853101391047108e-13,0.062751120017729436,-2.9400845885924433e-14,0,0,0
1139,1140,-2.1645080965134884e-13,3.5433589564922666e-14,1,3.5433589564922666e-14,0,0,0
1139,1203,1.1948015080360693e-12,-5.7034440281161597e-13,1,-5.7034440281161597e-13,0,0,0
1139,1204,0,-7.3664611973580308e-29,1,-7.3664611973580308e-29,0,0,0
1139,1205,-5.4112702412837198e-14,-1.6372512088561814e-13,1,-1.6372512088561814e-13,0,0,0
1140,1141,-1.4558363052150351e-13,4.6167309432338285e-14,1,4.6167309432338285e-14,0,0,0
1140,1204,9.3879515317179258e-13,-4.5119962277070844e-13,1,-4.5119962277070844e-13,0,0,0
1140,1205,0,-2.8740929349266118e-29,1,-2.8740929349266118e-29,0,0,0
1140,1206,-3.6395907630375878e-14,-3.7956178452186383e-14,1,-3.7956178452186383e-14,0,0,0
1141,1142,-5.3249011656826947e-14,1.9530918916148186e-14,1,1.9530918916148186e-14,0,0,0
1141,1205,3.8156294418407345e-13,-1.8412534563493336e-13,1,-1.8412534563493336e-13,0,0,0
1141,1206,-1.7246750330151596e-45,-8.2430738585388923e-30,1,-8.2430738585388923e-30,0,0,0
1141,1207,-1.331225291420674e-14,-6.746422960013719e-15,1,-6.746422960013719e-15,0,0,0
1142,1143,-1.4187173824530576e-14,5.561260697252178e-15,1,5.561260697252178e-15,0,0,0
1142,1206,1.1230826453474865e-13,-5.4380735539308006e-14,1,-5.4380735539308006e-14,0,0,0
1142,1207,-2.1558437912689495e-46,-1.9366429608398577e-30,1,-1.9366429608398577e-30,0,0,0
1142,1208,-3.5467934561326437e-15,-9.8064560073395251e-16,1,-9.8064560073395251e-16,0,0,0
1143,1144,-3.0646524300262211e-15,1.2479637634123876e-15,1,1.2479637634123876e-15,0,0,0
1143,1207,2.6805098834234178e-14,-1.3019467863363811e-14,1,-1.3019467863363811e-14,0,0,0
1143,1208,0,-3.9484428644104257e-31,1,-3.9484428644104257e-31,0,0,0
1143,1209,-7.6616310750655528e-16,-1.184196471900035e-16,1,-1.184196471900035e-16,0,0,0
1144,1145,-5.6872490320144536e-16,2.3771933882087098e-16,1,2.3771933882087098e-16,0,0,0
1144,1208,5.5080846576005487e-15,-2.6829517159000939e-15,1,-2.6829517159000939e-15,0,0,0
1144,1209,0,-7.167776173318551e-32,1,-7.167776173318551e-32,0,0,0
1144,1210,-1.4218122580036134e-16,-9.9290269689485959e-18,1,-9.9290269689485959e-18,0,0,0
1145,1146,-9.3286225559703392e-17,3.9875669542167561e-17,1,3.9875669542167561e-17,0,0,0
1145,1209,1.0030024018865623e-15,-4.8984042274831824e-16,1,-4.8984042274831824e-16,0,0,0
1145,1210,0,-1.1550570778867627e-32,1,-1.1550570778867627e-32,0,0,0
1145,1211,-2.3321556389925845e-17,2.4684484457977418e-19,1,2.4684484457977418e-19,0,0,0
1146,1147,-1.3534886475368273e-17,5.9150823084591229e-18,1,5.9150823084591229e-18,0,0,0
1146,1210,1.6203927973825854e-16,-7.9327779059708226e-17,1,-7.9327779059708226e-17,0,0,0
1146,1211,0,-1.6190503173078222e-33,1,-1.6190503173078222e-33,0,0,0
1146,1212,-3.3837216188420682e-18,3.2073845083336686e-19,1,3.2073845083336686e-19,0,0,0
1147,1148,-1.7047218584500262e-18,7.6148073328320254e-19,1,7.6148073328320254e-19,0,0,0
1147,1211,2.2827866700766299e-17,-1.1200843118076896e-17,1,-1.1200843118076896e-17,0,0,0
1147,1212,0,-1.9285108947798797e-34,1,-1.9285108947798797e-34,0,0,0
1147,1213,-4.2618046461250654e-19,7.5371725159512248e-20,1,7.5371725159512248e-20,0,0,0
1148,1149,-1.8176039188362083e-19,8.2864612629173506e-20,1,8.2864612629173506e-20,0,0,0
1148,1212,2.7422447171753345e-18,-1.3484023096022146e-18,1,-1.3484023096022146e-18,0,0,0
1148,1213,0,-1.915109040705828e-35,1,-1.915109040705828e-35,0,0,0
1148,1214,-4.5440097970905208e-20,1.133285155100695e-20,1,1.133285155100695e-20,0,0,0
1149,1150,-1.6031166625273807e-20,7.4421696718558887e-21,1,7.4421696718558887e-21,0,0,0
1149,1213,2.7543701429348205e-19,-1.3571461131858176e-19,1,-1.3571461131858176e-19,0,0,0
1149,1214,2.0559728539170737e-52,-1.5626336235452119e-36,1,-1.5626336235452119e-36,0,0,0
1149,1215,-4.0077916563184518e-21,1.2392349609854106e-21,1,1.2392349609854106e-21,0,0,0
1150,1151,-1.1468272815620287e-21,5.4075897139421176e-22,1,5.4075897139421176e-22,0,0,0
1150,1214,2.277439486889131e-20,-1.1243844024250401e-20,1,-1.1243844024250401e-20,0,0,0
1150,1215,0,-1.0346847661633552e-37,1,-1.0346847661633552e-37,0,0,0
1150,1216,-2.8670682039050726e-22,1.0224128816675055e-22,1,1.0224128816675055e-22,0,0,0
1151,1152,-6.5309338773605241e-23,3.1205515955030588e-23,1,3.1205515955030588e-23,0,0,0
1151,1215,1.5293217343476306e-21,-7.5649719982711457e-22,1,-7.5649719982711457e-22,0,0,0
1151,1216,0,-5.4870199520333387e-39,1,-5.4870199520333387e-39,0,0,0
1151,1217,-1.632733469340131e-23,6.4249765959693631e-24,1,6.4249765959693631e-24,0,0,0
1152,1153,-2.8983068635440585e-24,1.4004352855094672e-24,1,1.4004352855094672e-24,0,0,0
1152,1216,8.2224244057006137e-23,-4.0749833670560063e-23,1,-4.0749833670560063e-23,0,0,0
1152,1217,0,-2.2921704414340691e-40,1,-2.2921704414340691e-40,0,0,0
1152,1218,-7.2457671588601461e-25,3.0585462574472768e-25,1,3.0585462574472768e-25,0,0,0
1153,1154,-9.7436292525123822e-26,4.7528152815584807e-26,1,4.7528152815584807e-26,0,0,0
1153,1217,3.4773815014625842e-24,-1.7265112141656517e-24,1,-1.7265112141656517e-24,0,0,0
1153,1218,0,-7.3698040391433074e-42,1,-7.3698040391433074e-42,0,0,0
1153,1219,-2.4359073131280956e-26,1.0824633803549082e-26,1,1.0824633803549082e-26,0,0,0
1154,1155,-2.3799868939542107e-27,1.1702570831237251e-27,1,1.1702570831237251e-27,0,0,0
1154,1218,1.1286746439655924e-25,-5.613623383653534e-26,1,-5.613623383653534e-26,0,0,0
1154,1219,-2.4509106325114652e-59,-1.7609320674079943e-43,1,-1.7609320674079943e-43,0,0,0
1154,1220,-5.9499672348855268e-28,2.7484050471750412e-28,1,2.7484050471750412e-28,0,0,0
1155,1156,-3.9472727706760622e-29,1.9540307262421171e-29,1,1.9540307262421171e-29,0,0,0
1155,1219,2.7098055241827918e-27,-1.3499686711280508e-27,1,-1.3499686711280508e-27,0,0,0
1155,1220,0,-2.9515999750030234e-45,1,-2.9515999750030234e-45,0,0,0
1155,1221,-9.8681819266901554e-30,4.6982555022864357e-30,1,4.6982555022864357e-30,0,0,0
1156,1157,-3.9211318191827448e-31,1.9519632649979005e-31,1,1.9519632649979005e-31,0,0,0
1156,1220,4.5315714053544497e-29,-2.2608842879032464e-29,1,-2.2608842879032464e-29,0,0,0
1156,1221,5.9836685364049443e-63,-3.1111998530595986e-47,1,-3.1111998530595986e-47,0,0,0
1156,1222,-9.8028295479568621e-32,4.786028535385011e-32,1,4.786028535385011e-32,0,0,0
1157,1158,-1.7205289186944345e-33,8.6026445934721726e-34,1,8.6026445934721726e-34,0,0,0
1157,1221,4.7167092211728446e-31,-2.3562039494380543e-31,1,-2.3562039494380543e-31,0,0,0
1157,1222,0,-1.5634098534068551e-49,1,-1.5634098534068551e-49,0,0,0
1157,1223,-4.3013222967360863e-34,2.1506611483680432e-34,1,2.1506611483680432e-34,0,0,0
1158,1159,0,-0,1,-0,0,0,0
1158,1222,2.3077247718684007e-33,-1.1538623859342003e-33,1,-1.1538623859342003e-33,0,0,0
1158,1223,0,-0,1,-0,0,0,0
1158,1224,0,-0,1,-0,0,0,0
1159,1160,0,-0,1,-0,0,0,0
1159,1223,0,-0,1,-0,0,0,0
1159,1224,0,-0,1,-0,0,0,0
1159,1225,0,-0,1,-0,0,0,0
1160,1161,0,-0,1,-0,0,0,0
1160,1224,0,-0,1,-0,0,0,0
1160,1225,0,-0,1,-0,0,0,0
1160,1226,0,-0,1,-0,0,0,0
1161,1162,0,-0,1,-0,0,0,0
1161,1225,0,-0,1,-0,0,0,0
1161,1226,0,-0,1,-0,0,0,0
1161,1227,0,-0,1,-0,0,0,0
1162,1163,0,-0,1,-0,0,0,0
1162,1226,0,-0,1,-0,0,0,0
1162,1227,0,-0,1,-0,0,0,0
1162,1228,0,-0,1,-0,0,0,0
1163,1164,0,-0,1,-0,0,0,0
1163,1227,0,-0,1,-0,0,0,0
1163,1228,0,-0,1,-0,0,0,0
1163,1229,0,-0,1,-0,0,0,0
1164,1165,0,-0,1,-0,0,0,0
1164,1228,0,-0,1,-0,0,0,0
1164,1229,0,-0,1,-0,0,0,0
1164,1230,0,-0,1,-0,0,0,0
1165,1166,0,-0,1,-0,0,0,0
1165,1229,0,-0,1,-0,0,0,0
1165,1230,0,-0,1,-0,0,0,0
1165,1231,0,-0,1,-0,0,0,0
1166,1167,0,-0,1,-0,0,0,0
1166,1230,0,-0,1,-0,0,0,0
1166,1231,0,-0,1,-0,0,0,0
1166,1232,0,-0,1,-0,0,0,0
1167,1168,0,-0,1,-0,0,0,0
1167,1231,0,-0,1,-0,0,0,0
1167,1232,0,-0,1,-0,0,0,0
1167,1233,0,-0,1,-0,0,0,0
1168,1169,0,-0,1,-0,0,0,0
1168,1232,0,-0,1,-0,0,0,0
1168,1233,0,-0,1,-0,0,0,0
1168,1234,0,-0,1,-0,0,0,0
1169,1233,0,-0,1,-0,0,0,0
1169,1234,0,-0,1,-0,0,0,0
1170,1171,0,-0,1,-0,0,0,0
1170,1235,0,-0,1,-0,0,0,0
1170,1236,0,-0,1,-0,0,0,0
1171,1172,0,-0,1,-0,0,0,0
1171,1235,0,-0,1,-0,0,0,0
1171,1236,0,-0,1,-0,0,0,0
1171,1237,0,-0,1,-0,0,0,0
1172,1173,0,-0,1,-0,0,0,0
1172,1236,0,-0,1,-0,0,0,0
1172,1237,0,-0,1,-0,0,0,0
1172,1238,0,-0,1,-0,0,0,0
1173,1174,0,-0,1,-0,0,0,0
1173,1237,0,-0,1,-0,0,0,0
1173,1238,0,-0,1,-0,0,0,0
1173,1239,0,-0,1,-0,0,0,0
1174,1175,0,-0,1,-0,0,0,0
1174,1238,0,-0,1,-0,0,0,0
1174,1239,0,-0,1,-0,0,0,0
1174,1240,0,-0,1,-0,0,0,0
1175,1176,0,-0,1,-0,0,0,0
1175,1239,0,-0,1,-0,0,0,0
1175,1240,0,-0,1,-0,0,0,0
1175,1241,0,-0,1,-0,0,0,0
1176,1177,0,-0,1,-0,0,0,0
1176,1240,0,-0,1,-0,0,0,0
1176,1241,0,-0,1,-0,0,0,0
1176,1242,0,-0,1,-0,0,0,0
1177,1178,0,-0,1,-0,0,0,0
1177,1241,0,-0,1,-0,0,0,0
1177,1242,0,-0,1,-0,0,0,0
1177,1243,0,-0,1,-0,0,0,0
1178,1179,0,-0,1,-0,0,0,0
1178,1242,0,-0,1,-0,0,0,0
1178,1243,0,-0,1,-0,0,0,0
1178,1244,0,-0,1,-0,0,0,0
1179,1180,0,-0,1,-0,0,0,0
1179,1243,0,-0,1,-0,0,0,0
1179,1244,0,-0,1,-0,0,0,0
1179,1245,0,-0,1,-0,0,0,0
1180,1181,0,-0,1,-0,0,0,0
1180,1244,0,-0,1,-0,0,0,0
1180,1245,0,-0,1,-0,0,0,0
1180,1246,0,-0,1,-0,0,0,0
1181,1182,0,-0,1,-0,0,0,0
1181,1245,0,-0,1,-0,0,0,0
1181,1246,0,-0,1,-0,0,0,0
1181,1247,0,-0,1,-0,0,0,0
1182,1183,0,-0,1,-0,0,0,0
1182,1246,0,-0,1,-0,0,0,0
1182,1247,0,-0,1,-0,0,0,0
1182,1248,0,-1.5385900755814693e-34,-0,0,0,0,0
1183,1184,0,-0,1,-0,0,0,0
1183,1247,0,-0,1,-0,0,0,0
1183,1248,0,-2.5622671910554619e-50,-0,0,0,0,0
1183,1249,0,-2.8729065437773101e-33,-0,0,0,0,0
1184,1185,0,-9.1993489728995208e-36,0.098457086822069426,-9.0574110053128331e-37,0,0,0
1184,1248,3.0771801511629385e-34,-1.5385900755814693e-34,0.098457086822069426,-1.5148509665509907e-35,0,0,0
1184,1249,0,-4.7843504887467779e-49,0.041431050556246012,-1.9822066697806808e-50,0,0,0
1184,1250,0,-2.9623440400724445e-33,0.033325199122009035,-9.872070500331092e-35,0,0,0
1185,1186,-1.8398697945798713e-35,-4.6365172044494637e-33,0.44716904222818932,-2.0733069575881886e-33,0,0,0
1185,1249,5.7458130875546202e-33,-2.8706067065340854e-33,0.041431050556246012,-1.1893225158551255e-34,0,0,0
1185,1250,0,-4.9294638418338274e-49,0.033325199122009035,-1.6427536409385596e-50,0,0,0
1185,1251,-4.5996744864509418e-36,7.7089694526906298e-33,1,7.7089694526906298e-33,0,0,0
1186,1187,-9.2914331068447279e-33,1.262024383660202e-32,0.44716904222818932,5.6433823490995346e-33,0,0,0
1186,1250,5.924688080144889e-33,-1.8009149017168535e-33,0.033325199122009035,-6.0015847701507475e-35,0,0,0
1186,1251,0,1.4768351131682625e-48,0.44716904222818932,6.6039494308441151e-49,0,0,0
1186,1252,-2.3228582767111984e-33,1.9463389808977788e-31,0.44716904222818932,8.7034253793944979e-32,0,0,0
1187,1188,1.5949054566359304e-32,-1.346475142745773e-31,1,-1.346475142745773e-31,0,0,0
1187,1251,-1.5413339230894812e-32,5.7130377946524921e-33,1,5.7130377946524921e-33,0,0,0
1187,1252,5.9836685364049443e-63,3.1887632056630939e-47,1,3.1887632056630939e-47,0,0,0
1187,1253,3.9872636415898396e-33,-2.3852274929781429e-31,1,-2.3852274929781429e-31,0,0,0
1188,1189,-2.5334597398279522e-31,-3.1954316539083964e-31,0.049782884219851442,-1.590778040589701e-32,0,0,0
1188,1252,-3.8694493790284455e-31,2.2514071569927169e-31,1,2.2514071569927169e-31,0,0,0
1188,1253,5.9836685364049443e-63,-3.4116188329242361e-47,1,-3.4116188329242361e-47,0,0,0
1188,1254,-6.3336493495698379e-32,4.2301148276464529e-30,0.36311885802938509,1.5360344655481491e-30,0,0,0
1189,1190,-8.9243230476445507e-31,1.0787270938436713e-28,0.049782884219851442,5.3702146017636306e-30,0,0,0
1189,1253,4.7305823495403881e-31,-1.2497507938146007e-31,1,-1.2497507938146007e-31,0,0,0
1189,1254,0,7.1775928850339987e-46,0.049782884219851442,3.5732127557287702e-47,0,0,0
1189,1255,-2.2310807619111723e-31,2.6264744778977445e-29,0.020388057526892853,5.354871274829509e-31,0,0,0
1190,1191,2.1485298646396978e-28,6.5513061447023333e-31,0.0070345223302876536,4.6085309367459283e-33,0,0,0
1190,1254,-8.3968931617972112e-30,-2.2658176727097617e-29,0.096386988721213887,-2.1839534246380291e-30,0,0,0
1190,1255,0,-1.1714505484222771e-46,0.096386988721213887,-1.1291259079823784e-47,0,0,0
1190,1256,5.371324661599259e-29,-3.1906632261917439e-27,0.096386988721213887,-3.0753842039613554e-28,0,0,0
1191,1192,2.1616324769291092e-28,-4.8589912428036599e-27,0.0070345223302876536,-3.4180682400174504e-29,0,0,0
1191,1255,-5.230638148176377e-29,-8.6721522073189528e-31,0.0070345223302876536,-6.1004448354038539e-33,0,0,0
1191,1256,0,-5.31379441922391e-43,0.0070345223302876536,-3.7380005500588511e-45,0,0,0
1191,1257,5.4040811923227293e-29,-3.22748842665692e-27,0.0070345223302876536,-2.2703839408063071e-29,0,0,0
1192,1193,-9.5018192379144091e-27,1.6201796713223861e-27,1,1.6201796713223861e-27,0,0,0
1192,1256,6.3276132057674952e-27,-1.9760791981444468e-27,0.12367761960632043,-2.4439677138007159e-28,0,0,0
1192,1257,4.9018212650229304e-59,-3.3518864616488672e-43,0.034712826914680757,-1.1635345458087885e-44,0,0,0
1192,1258,-2.3754548094786026e-27,1.5451724762925848e-26,1,1.5451724762925848e-26,0,0,0
1193,1194,-6.261459895269637e-27,1.0296023833529128e-26,1,1.0296023833529128e-26,0,0,0
1193,1257,6.400936041390613e-27,-2.4177855337866022e-27,0.034712826914680757,-8.3928170751153345e-29,0,0,0
1193,1258,3.9214570120183443e-58,2.5057755612282054e-42,1,2.5057755612282054e-42,0,0,0
1193,1259,-1.5653649738174091e-27,-7.2690847183821664e-29,1,-7.2690847183821664e-29,0,0,0
1194,1195,1.4330587771788615e-26,-1.6090008436231756e-26,1,-1.6090008436231756e-26,0,0,0
1194,1258,-2.8527994716373094e-26,1.247267388671297e-26,1,1.247267388671297e-26,0,0,0
1194,1259,0,-4.4076355991120107e-43,1,-4.4076355991120107e-43,0,0,0
1194,1260,3.5826469429471536e-27,-4.998711443742851e-27,1,-4.998711443742851e-27,0,0,0
1195,1196,-1.7849429100674894e-26,-3.9048382270657724e-27,0.033280623712587117,-1.2995545169350177e-28,0,0,0
1195,1259,1.7107466681850526e-27,1.3758053034918356e-27,1,1.3758053034918356e-27,0,0,0
1195,1260,4.9018212650229304e-59,-1.6257151203317941e-43,1,-1.6257151203317941e-43,0,0,0
1195,1261,-4.4623572751687234e-27,-9.7620923262523888e-28,1,-9.7620923262523888e-28,0,0,0
1196,1197,-2.5659105554806443e-26,2.145346220779665e-32,0.033280623712587117,7.1398460306988877e-34,0,0,0
1196,1260,6.4147759445385491e-27,2.2208153049467865e-34,4.9870645047822951e-06,1.1075349178977388e-39,0,0,0
1196,1261,1.9607278047980155e-59,5.3980354237585946e-50,0.033280623712587117,1.7964998572532551e-51,0,0,0
1196,1262,-6.4147763887015225e-27,4.6776264981386823e-25,0.033280623712587117,1.5567432735258007e-26,0,0,0
1197,1198,-2.5659062647881983e-26,6.2311372426081656e-25,1.2326327905106429e-05,7.6807040874108956e-30,0,0,0
1197,1261,6.4147757404192012e-27,-5.0392243476428702e-33,1,-5.0392243476428702e-33,0,0,0
1197,1262,-1.2548662438458702e-56,7.789812868927487e-41,1.2326327905106429e-05,9.6019787741818056e-46,0,0,0
1197,1263,-6.414765661983098e-27,1.106716216445398e-22,1.2326327905106429e-05,1.3641746981804717e-27,0,0,0
1198,1199,1.2205683858738005e-24,3.328226995895113e-22,0.012378805936802382,4.1199476095812383e-24,0,0,0
1198,1262,-9.2911052323903484e-25,3.1198421338529858e-25,0.012378805936802382,3.8619920328425553e-27,0,0,0
1198,1263,0,1.840458505821951e-38,0.012378805936802382,2.2782678678307206e-40,0,0,0
1198,1264,3.0514209646843566e-25,2.0487978882643505e-22,1.2529152323767683e-08,2.5669700822677611e-30,0,0,0
1199,1200,6.6686596756489643e-22,3.6151199957687116e-22,1.5664048286412502e-07,5.6627414174896463e-29,0,0,0
1199,1263,-2.2133682852341762e-22,2.7310168316096766e-23,1,2.7310168316096766e-23,0,0,0
1199,1264,0,2.0262810417735573e-38,1.2529152323767683e-08,2.5387583823143565e-46,0,0,0
1199,1265,1.6671649189122411e-22,9.0377999894201992e-23,8.2832810514979627e-12,7.4862637399592824e-34,0,0,0
1200,1201,1.3898899667186389e-21,-7.8918414889165844e-24,1.5664048286412502e-07,-1.2361818615110291e-30,0,0,0
1200,1264,-4.1006471974933851e-22,3.1296114034839398e-23,1.2529152323767683e-08,3.9211377988450644e-31,0,0,0
1200,1265,6.4249151684923158e-55,-2.6316452530138543e-51,1.5664048286412502e-07,-4.1222218315917259e-58,0,0,0
1200,1266,3.4747249214528502e-22,-1.6172185701726324e-14,1.5664048286412502e-07,-2.5332189772867101e-21,0,0,0
1201,1202,1.3741062832736555e-21,-8.4120094827892797e-15,2.3709384122812748e-11,-1.9944356407219443e-25,0,0,0
1201,1265,-3.4747249167962807e-22,1.9729603722133434e-24,8.2832810514979627e-12,1.6342585266511156e-35,0,0,0
1201,1266,4.3116875825378989e-46,-2.6932099383569841e-30,2.3709384122812748e-11,-6.3854348951882581e-41,0,0,0
1201,1267,3.4352651766132521e-22,-1.1037374749937913e-11,2.3709384122812748e-11,-2.6168935765371227e-22,0,0,0
1202,1203,-1.6824017591472121e-14,-2.3811910072764021e-12,0.0088618863503600893,-2.110184408498294e-14,0,0,0
1202,1266,3.2344371055980157e-14,-1.4069183329056042e-14,0.0088618863503600893,-1.2467950370447546e-16,0,0,0
1202,1267,2.2075840422594042e-43,-1.8377419165716923e-27,0.0088618863503600893,-1.628586000595127e-29,0,0,0
1202,1268,-4.2060043978679055e-15,-9.9756622281882093e-12,0.0088618863503600893,-8.8403184935783802e-14,0,0,0
1203,1204,-4.7792060321442757e-12,5.1201270972855277e-13,1,5.1201270972855277e-13,0,0,0
1203,1267,2.2074749499532294e-11,-1.0439973995748113e-11,1,-1.0439973995748113e-11,0,0,0
1203,1268,0,-1.5621444931561334e-27,1,-1.5621444931561334e-27,0,0,0
1203,1269,-1.1948015080360693e-12,-3.9031539987191979e-12,1,-3.9031539987191979e-12,0,0,0
1204,1205,-3.7551806126871703e-12,1.1144644179754385e-12,1,1.1144644179754385e-12,0,0,0
1204,1268,1.9955530460774284e-11,-9.5083676538012464e-12,1,-9.5083676538012464e-12,0,0,0
1204,1269,1.1037920211297021e-43,-6.7132252692692152e-28,1,-6.7132252692692152e-28,0,0,0
1204,1270,-9.3879515317179278e-13,-9.8955643866577722e-13,1,-9.8955643866577722e-13,0,0,0
1205,1206,-1.5262517767362938e-12,5.385093592986496e-13,1,5.385093592986496e-13,0,0,0
1205,1269,9.0011095054744642e-12,-4.3097732806451951e-12,1,-4.3097732806451951e-12,0,0,0
1205,1270,2.7594800528242553e-44,-2.1119315349199045e-28,1,-2.1119315349199045e-28,0,0,0
1205,1271,-3.8156294418407345e-13,-1.9327592521552206e-13,1,-1.9327592521552206e-13,0,0,0
1206,1207,-4.492330581389946e-13,1.7100633140102892e-13,1,1.7100633140102892e-13,0,0,0
1206,1270,2.9179080305033466e-12,-1.402799882984299e-12,1,-1.402799882984299e-12,0,0,0
1206,1271,0,-5.4606863204606715e-29,1,-5.4606863204606715e-29,0,0,0
1206,1272,-1.1230826453474861e-13,-3.1152441161355024e-14,1,-3.1152441161355024e-14,0,0,0
1207,1208,-1.0722039533693671e-13,4.259402835326726e-14,1,4.259402835326726e-14,0,0,0
1207,1271,7.6811479461511751e-13,-3.7065484789044166e-13,1,-3.7065484789044166e-13,0,0,0
1207,1272,1.7246750330151596e-45,-1.2307492360521361e-29,1,-1.2307492360521361e-29,0,0,0
1207,1273,-2.6805098834234178e-14,-4.2360155250639764e-15,1,-4.2360155250639764e-15,0,0,0
1208,1209,-2.2032338630402195e-14,9.0101645114279736e-15,1,9.0101645114279736e-15,0,0,0
1208,1272,1.7461314685745871e-13,-8.4552531099929083e-14,1,-8.4552531099929083e-14,0,0,0
1208,1273,0,-2.4787709573893756e-30,1,-2.4787709573893756e-30,0,0,0
1208,1274,-5.5080846576005487e-15,-4.1458492308856545e-16,1,-4.1458492308856545e-16,0,0,0
1209,1210,-4.0120096075462493e-15,1.6819262442966074e-15,1,1.6819262442966074e-15,0,0,0
1209,1273,3.5277129884362125e-14,-1.7137063741237784e-14,1,-1.7137063741237784e-14,0,0,0
1209,1274,-5.3896094781723736e-47,-4.441657127005994e-31,1,-4.441657127005994e-31,0,0,0
1209,1275,-1.0030024018865623e-15,3.7498418116340129e-18,1,3.7498418116340129e-18,0,0,0
1210,1211,-6.4815711895303415e-16,2.7842282607498443e-16,1,2.7842282607498443e-16,0,0,0
1210,1274,6.3372545037776791e-15,-3.0876076120197104e-15,1,-3.0876076120197104e-15,0,0,0
1210,1275,0,-6.939977247253115e-32,1,-6.939977247253115e-32,0,0,0
1210,1276,-1.6203927973825854e-16,1.4026492369501766e-17,1,1.4026492369501766e-17,0,0,0
1211,1212,-9.1311466803065197e-17,4.017124396718193e-17,1,4.017124396718193e-17,0,0,0
1211,1275,9.9550271826329413e-16,-4.8633742578126398e-16,1,-4.8633742578126398e-16,0,0,0
1211,1276,1.6842529619288668e-48,-9.2557984858595087e-33,1,-9.2557984858595087e-33,0,0,0
1211,1277,-2.2827866700766299e-17,3.8165673682906561e-18,1,3.8165673682906561e-18,0,0,0
1212,1213,-1.0968978868701338e-17,4.9336154057637053e-18,1,4.9336154057637053e-18,0,0,0
1212,1276,1.3398629499925503e-16,-6.5622025141039837e-17,1,-6.5622025141039837e-17,0,0,0
1212,1277,0,-1.0368778541610938e-33,1,-1.0368778541610938e-33,0,0,0
1212,1278,-2.7422447171753345e-18,6.5397202824148892e-19,1,6.5397202824148892e-19,0,0,0
1213,1214,-1.1017480571739282e-18,5.0532523884918149e-19,1,5.0532523884918149e-19,0,0,0
1213,1277,1.5194731964184989e-17,-7.4596474749457521e-18,1,-7.4596474749457521e-18,0,0,0
1213,1278,-2.6316452530138543e-50,-9.6494782697482257e-35,1,-9.6494782697482257e-35,0,0,0
1213,1279,-2.7543701429348205e-19,8.1910898544452943e-20,1,8.1910898544452943e-20,0,0,0
1214,1215,-9.109757947556524e-20,4.249014626908736e-20,1,4.249014626908736e-20,0,0,0
1214,1278,1.4343006606923566e-18,-7.0576313291173256e-19,1,-7.0576313291173256e-19,0,0,0
1214,1279,0,-7.3974844862782671e-36,1,-7.3974844862782671e-36,0,0,0
1214,1280,-2.277439486889131e-20,7.8402726753911856e-21,1,7.8402726753911856e-21,0,0,0
1215,1216,-6.117286937390523e-21,2.8941949805812493e-21,1,2.8941949805812493e-21,0,0,0
1215,1279,1.1161521720457614e-19,-5.5042947735114252e-20,1,-5.5042947735114252e-20,0,0,0
1215,1280,-1.0279864269585368e-52,-4.6334001500236518e-37,1,-4.6334001500236518e-37,0,0,0
1215,1281,-1.5293217343476309e-21,5.8259118841552982e-22,1,5.8259118841552982e-22,0,0,0
1216,1217,-3.2889697622802455e-22,1.574937251110871e-22,1,1.574937251110871e-22,0,0,0
1216,1280,7.0938495181089403e-21,-3.5058126370259663e-21,1,-3.5058126370259663e-21,0,0,0
1216,1281,0,-2.3474148746446698e-38,1,-2.3474148746446698e-38,0,0,0
1216,1282,-8.2224244057006137e-23,3.3676945453281495e-23,1,3.3676945453281495e-23,0,0,0
1217,1218,-1.3909526005850337e-23,6.7290280741320496e-24,1,6.7290280741320496e-24,0,0,0
1217,1281,3.6413935751657125e-22,-1.8033098800755434e-22,1,-1.8033098800755434e-22,0,0,0
1217,1282,0,-9.486554582699892e-40,1,-9.486554582699892e-40,0,0,0
1217,1283,-3.4773815014625835e-24,1.5023769630334617e-24,1,1.5023769630334617e-24,0,0,0
1218,1219,-4.5146985758623696e-25,2.2031531774475287e-25,1,2.2031531774475287e-25,0,0,0
1218,1282,1.4870353150443141e-23,-7.3787428430232906e-24,1,-7.3787428430232906e-24,0,0,0
1218,1283,0,-2.9956046892967825e-41,1,-2.9956046892967825e-41,0,0,0
1218,1284,-1.1286746439655924e-25,5.0782689668390728e-26,1,5.0782689668390728e-26,0,0,0
1219,1220,-1.0839222096731167e-26,5.3289796202584947e-27,1,5.3289796202584947e-27,0,0,0
1219,1283,4.7262757539566041e-25,-2.3495888493573883e-25,1,-2.3495888493573883e-25,0,0,0
1219,1284,0,-7.1545099308248345e-43,1,-7.1545099308248345e-43,0,0,0
1219,1285,-2.7098055241827918e-27,1.2588403010377552e-27,1,1.2588403010377552e-27,0,0,0
1220,1221,-1.8126285621417797e-28,8.9688086262854418e-29,1,8.9688086262854418e-29,0,0,0
1220,1284,1.1302085059777783e-26,-5.6283846728621202e-27,1,-5.6283846728621202e-27,0,0,0
1220,1285,-1.5318191453196657e-60,-1.2224322225618274e-44,1,-1.2224322225618274e-44,0,0,0
1220,1286,-4.5315714053544497e-29,2.1617156913084977e-29,1,2.1617156913084977e-29,0,0,0
1221,1222,-1.8866836884691375e-30,9.3872639469083204e-31,1,9.3872639469083204e-31,0,0,0
1221,1285,1.921249221072813e-28,-9.5826625592582022e-29,1,-9.5826625592582022e-29,0,0,0
1221,1286,0,-1.3403689035828491e-46,1,-1.3403689035828491e-46,0,0,0
1221,1287,-4.7167092211728446e-31,2.3039738801388481e-31,1,2.3039738801388481e-31,0,0,0
1222,1223,-9.2308990874736027e-33,4.6154495437368014e-33,1,4.6154495437368014e-33,0,0,0
1222,1286,2.0814002273745421e-30,-1.0395462513013367e-30,1,-1.0395462513013367e-30,0,0,0
1222,1287,0,-7.1346439736550585e-49,1,-7.1346439736550585e-49,0,0,0
1222,1288,-2.3077247718684007e-33,1.1538623859342003e-33,1,1.1538623859342003e-33,0,0,0
1223,1224,0,-0,1,-0,0,0,0
1223,1287,1.0876146089514818e-32,-5.4380730447574092e-33,1,-5.4380730447574092e-33,0,0,0
1223,1288,0,-0,1,-0,0,0,0
1223,1289,0,-0,1,-0,0,0,0
1224,1225,0,-0,1,-0,0,0,0
1224,1288,0,-0,1,-0,0,0,0
1224,1289,0,-0,1,-0,0,0,0
1224,1290,0,-0,1,-0,0,0,0
1225,1226,0,-0,1,-0,0,0,0
1225,1289,0,-0,1,-0,0,0,0
1225,1290,0,-0,1,-0,0,0,0
1225,1291,0,-0,1,-0,0,0,0
1226,1227,0,-0,1,-0,0,0,0
1226,1290,0,-0,1,-0,0,0,0
1226,1291,0,-0,1,-0,0,0,0
1226,1292,0,-0,1,-0,0,0,0
1227,1228,0,-0,1,-0,0,0,0
1227,1291,0,-0,1,-0,0,0,0
1227,1292,0,-0,1,-0,0,0,0
1227,1293,0,-0,1,-0,0,0,0
1228,1229,0,-0,1,-0,0,0,0
1228,1292,0,-0,1,-0,0,0,0
1228,1293,0,-0,1,-0,0,0,0
1228,1294,0,-0,1,-0,0,0,0
1229,1230,0,-0,1,-0,0,0,0
1229,1293,0,-0,1,-0,0,0,0
1229,1294,0,-0,1,-0,0,0,0
1229,1295,0,-0,1,-0,0,0,0
1230,1231,0,-0,1,-0,0,0,0
1230,1294,0,-0,1,-0,0,0,0
1230,1295,0,-0,1,-0,0,0,0
1230,1296,0,-0,1,-0,0,0,0
1231,1232,0,-0,1,-0,0,0,0
1231,1295,0,-0,1,-0,0,0,0
1231,1296,0,-0,1,-0,0,0,0
1231,1297,0,-0,1,-0,0,0,0
1232,1233,0,-0,1,-0,0,0,0
1232,1296,0,-0,1,-0,0,0,0
1232,1297,0,-0,1,-0,0,0,0
1232,1298,0,-0,1,-0,0,0,0
1233,1234,0,-0,1,-0,0,0,0
1233,1297,0,-0,1,-0,0,0,0
1233,1298,0,-0,1,-0,0,0,0
1233,1299,0,-0,1,-0,0,0,0
1234,1298,0,-0,1,-0,0,0,0
1234,1299,0,-0,1,-0,0,0,0
1235,1236,0,-0,1,-0,0,0,0
1235,1300,0,-0,1,-0,0,0,0
1235,1301,0,-0,1,-0,0,0,0
1236,1237,0,-0,1,-0,0,0,0
1236,1300,0,-0,1,-0,0,0,0
1236,1301,0,-0,1,-0,0,0,0
1236,1302,0,-0,1,-0,0,0,0
1237,1238,0,-0,1,-0,0,0,0
1237,1301,0,-0,1,-0,0,0,0
1237,1302,0,-0,1,-0,0,0,0
1237,1303,0,-0,1,-0,0,0,0
1238,1239,0,-0,1,-0,0,0,0
1238,1302,0,-0,1,-0,0,0,0
1238,1303,0,-0,1,-0,0,0,0
1238,1304,0,-0,1,-0,0,0,0
1239,1240,0,-0,1,-0,0,0,0
1239,1303,0,-0,1,-0,0,0,0
1239,1304,0,-0,1,-0,0,0,0
1239,1305,0,-0,1,-0,0,0,0
1240,1241,0,-0,1,-0,0,0,0
1240,1304,0,-0,1,-0,0,0,0
1240,1305,0,-0,1,-0,0,0,0
1240,1306,0,-0,1,-0,0,0,0
1241,1242,0,-0,1,-0,0,0,0
1241,1305,0,-0,1,-0,0,0,0
1241,1306,0,-0,1,-0,0,0,0
1241,1307,0,-0,1,-0,0,0,0
1242,1243,0,-0,1,-0,0,0,0
1242,1306,0,-0,1,-0,0,0,0
1242,1307,0,-0,1,-0,0,0,0
1242,1308,0,-0,1,-0,0,0,0
1243,1244,0,-0,1,-0,0,0,0
1243,1307,0,-0,1,-0,0,0,0
1243,1308,0,-0,1,-0,0,0,0
1243,1309,0,-0,1,-0,0,0,0
1244,1245,0,-0,1,-0,0,0,0
1244,1308,0,-0,1,-0,0,0,0
1244,1309,0,-0,1,-0,0,0,0
1244,1310,0,-0,1,-0,0,0,0
1245,1246,0,-0,1,-0,0,0,0
1245,1309,0,-0,1,-0,0,0,0
1245,1310,0,-0,1,-0,0,0,0
1245,1311,0,-0,1,-0,0,0,0
1246,1247,0,-0,1,-0,0,0,0
1246,1310,0,-0,1,-0,0,0,0
1246,1311,0,-0,1,-0,0,0,0
1246,1312,0,-0,1,-0,0,0,0
1247,1248,0,-6.1543603023258771e-34,-0,0,0,0,0
1247,1311,0,-0,1,-0,0,0,0
1247,1312,0,-0,1,-0,0,0,0
1247,1313,0,-2.8079795291499532e-34,-0,0,0,0,0
1248,1249,-1.2308720604651766e-33,-1.0876190144876651e-32,0.041431050556246012,-4.5061198375172915e-34,0,0,0
1248,1312,0,1.5385900755814693e-34,-0,-0,0,0,0
1248,1313,2.9217131525414767e-66,-2.1139580978521161e-50,0.15439953467432088,-3.2639414662937922e-51,0,0,0
1248,1314,-3.0771801511629582e-34,9.4796418220932413e-33,1,9.4796418220932413e-33,0,0,0
1249,1250,-2.2983252350218481e-32,-3.577499851805369e-34,0.033325199122009035,-1.1922089492037173e-35,0,0,0
1249,1313,5.6159590582999063e-34,2.5921085908623147e-33,0.041431050556246012,1.0739378207529617e-34,0,0,0
1249,1314,0,2.031489869377247e-48,0.041431050556246012,8.4166759482670328e-50,0,0,0
1249,1315,-5.7458130875545928e-33,8.748637184698366e-31,0.041431050556246012,3.624652294974918e-32,0,0,0
1250,1251,-2.3698752320579559e-32,4.2676054622079404e-32,0.033325199122009035,1.4221880180225302e-33,0,0,0
1250,1314,-1.8651565629070185e-32,1.2288126854607539e-32,0.033325199122009035,4.0950427426630277e-34,0,0,0
1250,1315,2.3934674145619777e-62,1.4570897088330684e-46,0.033325199122009035,4.8557804685492171e-48,0,0,0
1250,1316,-5.9246880801448438e-33,8.7663664718934483e-31,0.012986241429676523,1.1384215146502991e-32,0,0,0
1251,1252,6.1653356923579282e-32,7.430631973438994e-31,0.86841175586704167,6.4528481592559377e-31,0,0,0
1251,1315,-1.7439816238521186e-30,8.6428414231061203e-31,0.065406040374994437,5.6529403507435327e-32,0,0,0
1251,1316,0,1.4421258079941191e-46,0.012986241429676523,1.8727793914578961e-48,0,0,0
1251,1317,1.5413339230894955e-32,8.6603310190083399e-31,0.43427100620151138,3.7609306656629122e-31,0,0,0
1252,1253,1.5477797516113782e-30,-1.7200063457137666e-30,1,-1.7200063457137666e-30,0,0,0
1252,1316,-1.747348606298545e-30,6.8020183419785015e-31,0.012986241429676523,8.8332652398020822e-33,0,0,0
1252,1317,0,1.132872633310732e-46,0.43427100620151138,4.919737383660074e-47,0,0,0
1252,1318,3.8694493790284394e-31,-1.1658503142354579e-29,1,-1.1658503142354579e-29,0,0,0
1253,1254,-1.8922329398161556e-30,1.7739902793502492e-29,0.36311885802938509,6.4416932439289234e-30,0,0,0
1253,1317,-1.7474795430325629e-30,1.1102688889933009e-30,0.43427100620151138,4.8215758757735494e-31,0,0,0
1253,1318,-3.8295478632991643e-61,-1.8699211439142896e-45,1,-1.8699211439142896e-45,0,0,0
1253,1319,-4.730582349540389e-31,-2.8865854019999617e-30,1,-2.8865854019999617e-30,0,0,0
1254,1255,3.3587572647188828e-29,8.7818976639933132e-29,0.020388057526892853,1.7904583476878162e-30,0,0,0
1254,1318,2.2930061346806315e-29,-1.5663477254301761e-29,0.36311885802938509,-5.687703973351304e-30,0,0,0
1254,1319,0,-1.2192848564755313e-45,0.36311885802938509,-4.4274532469591763e-46,0,0,0
1254,1320,8.3968931617967936e-30,-3.2115866409221543e-27,0.013938676890216311,-4.4765268492749058e-29,0,0,0
1255,1256,2.0922552592705418e-28,-1.2759839174498516e-26,0.020388057526892853,-2.6014833512357676e-28,0,0,0
1255,1319,6.2462290389539603e-30,-2.9276305260358863e-29,0.020388057526892853,-5.968869958230724e-31,0,0,0
1255,1320,0,-5.3849281451947667e-43,0.013938676890216311,-7.5058773492901676e-45,0,0,0
1255,1321,5.2306381481763546e-29,-3.2335413850823228e-27,0.0023280449547914122,-7.5278297076501366e-30,0,0,0
1256,1257,-2.5310452823069981e-26,-1.466456712462355e-28,0.034712826914680757,-5.0904858037577497e-30,0,0,0
1256,1320,6.4147763886825111e-27,-4.3581591457508375e-29,0.013938676890216311,-6.0746972168762062e-31,0,0,0
1256,1321,-9.8036425300458607e-59,-7.2577929429208288e-45,0.0023280449547914122,-1.6896468243687551e-47,0,0,0
1256,1322,-6.3276132057674937e-27,2.5648397311638323e-25,0.12367761960632043,3.1721327262205759e-26,0,0,0
1257,1258,-2.5603744165562438e-26,6.9857861515527399e-26,0.034712826914680757,2.4249638554182407e-27,0,0,0
1257,1321,6.4147763886828835e-27,-6.9201736461350515e-30,0.0023280449547914122,-1.6110475343165197e-32,0,0,0
1257,1322,0,4.2719267212697741e-41,0.034712826914680757,1.4829065286763734e-42,0,0,0
1257,1323,-6.4009360413906202e-27,1.2807278893169268e-25,0.034712826914680757,4.4457685546662897e-27,0,0,0
1258,1259,1.1411197886549237e-25,-6.0477482769116293e-26,1,-6.0477482769116293e-26,0,0,0
1258,1322,-5.0664033302699887e-25,2.3905616915531293e-25,0.0049980019341370179,1.1948031958056401e-27,0,0,0
1258,1323,3.1371656096146754e-57,1.8419986128527944e-41,0.0049980019341370179,9.2063126297159709e-44,0,0,0
1258,1324,2.8527994716379195e-26,2.3163077266361462e-22,4.0049886535462331e-09,9.2767861632992353e-31,0,0,0
1259,1260,-6.8429866727402088e-27,-9.4080585527069924e-27,1,-9.4080585527069924e-27,0,0,0
1259,1323,-2.4974464182199476e-25,1.2572769424508992e-25,1,1.2572769424508992e-25,0,0,0
1259,1324,0,3.8576790434448113e-38,4.0049886535462331e-09,1.5449960798019555e-46,0,0,0
1259,1325,-1.7107466681847028e-27,-4.0398106268295982e-24,1,-4.0398106268295982e-24,0,0,0
1260,1261,-2.5659103778154196e-26,4.0823869524645519e-34,1,4.0823869524645519e-34,0,0,0
1260,1324,-4.6329007332194562e-22,2.3164824404894506e-22,4.0049886535462331e-09,9.2774858902993375e-31,0,0,0
1260,1325,0,-6.723719268339073e-40,4.9870645047822951e-06,-3.3531621703254576e-45,0,0,0
1260,1326,-6.414774154824893e-27,-2.1715232649116756e-15,4.9870645047822951e-06,-1.0829526595749978e-20,0,0,0
1261,1262,-2.5659102961676627e-26,1.8710505979589085e-24,1,1.8710505979589085e-24,0,0,0
1261,1325,8.0813320003273811e-24,-4.0374586122934808e-24,1,-4.0374586122934808e-24,0,0,0
1261,1326,5.3896094781723736e-47,-3.6163126908212051e-31,1,-3.6163126908212051e-31,0,0,0
1261,1327,-6.4147757404184787e-27,1.2377669388254511e-22,1,1.2377669388254511e-22,0,0,0
1262,1263,3.7164420929561261e-24,4.4081543600035718e-22,1,4.4081543600035718e-22,0,0,0
1262,1326,4.3430465298297663e-15,-2.1715232653794382e-15,1,-2.1715232653794382e-15,0,0,0
1262,1327,0,2.0535062189528736e-38,1,2.0535062189528736e-38,0,0,0
1262,1328,9.2911052323906055e-25,2.0803561747041161e-22,1.6829926375805844e-09,3.5012241255723353e-31,0,0,0
1263,1264,8.8534731409367047e-22,3.7745578245184169e-22,1.2529152323767683e-08,4.7292009938260414e-30,0,0,0
1263,1327,-2.4754697298934979e-22,1.3105072232966073e-23,1,1.3105072232966073e-23,0,0,0
1263,1328,0,1.6292260618997866e-38,1.6829926375805844e-09,2.7419754671317501e-47,0,0,0
1263,1329,2.2133682852341762e-22,9.5092762570861475e-23,1.3022578564841805e-13,1.2383529715268918e-35,0,0,0
1264,1265,1.640258878997354e-21,-1.2518445613942079e-22,1.2529152323767683e-08,-1.5684551195388175e-30,0,0,0
1264,1328,-4.1700034546406239e-22,3.4678128573619196e-24,1.6829926375805844e-09,5.8363035074473996e-33,0,0,0
1264,1329,-1.2799635687227876e-54,1.2137240510985261e-40,1.3022578564841805e-13,1.5805816811468626e-53,0,0,0
1264,1330,4.1006472232256001e-22,-1.0589634100287797e-13,1.2529152323767683e-08,-1.3267913869547035e-21,0,0,0
1265,1266,1.3898899685811401e-21,-6.4688742806905296e-14,8.2832810514979627e-12,-5.3583503753766373e-25,0,0,0
1265,1329,-4.1152235366514057e-22,3.2024930992756261e-23,1.3022578564841805e-13,4.1704717988680571e-36,0,0,0
1265,1330,3.4493500660303191e-45,-1.7635283395530985e-29,8.2832810514979627e-12,-1.4607800878799845e-40,0,0,0
1265,1331,3.4747948655016033e-22,-1.7227759920782927e-10,8.2832810514979627e-12,-1.4270237731157727e-21,0,0,0
1266,1267,-1.2937748422391644e-13,-4.4084810256952635e-11,0.0036999222549356082,-1.6311037057431262e-13,0,0,0
1266,1330,2.117926815956912e-13,-8.9724155269855518e-14,0.0036999222549356082,-3.3197239888823645e-16,0,0,0
1266,1331,0,-2.8687290380212828e-26,0.0036999222549356082,-1.0614074411154963e-28,0,0,0
1266,1332,-3.2344371055979109e-14,-1.7370045077328123e-10,0.0036999222549356082,-6.426781635084103e-13,0,0,0
1267,1268,-8.8298997998129187e-11,4.2384380775160229e-12,1,4.2384380775160229e-12,0,0,0
1267,1331,3.4455519841531108e-10,-1.6124022445788935e-10,1,-1.6124022445788935e-10,0,0,0
1267,1332,-3.5321344676150468e-42,-2.7091537048558567e-26,1,-2.7091537048558567e-26,0,0,0
1267,1333,-2.2074749499532303e-11,-7.5413222633393172e-11,1,-7.5413222633393172e-11,0,0,0
1268,1269,-7.9822121843097136e-11,2.1908841910599646e-11,1,2.1908841910599646e-11,0,0,0
1268,1332,3.4743324591761843e-10,-1.6373885772842207e-10,1,-1.6373885772842207e-10,0,0,0
1268,1333,1.7660672338075234e-42,-1.2735284852145407e-26,1,-1.2735284852145407e-26,0,0,0
1268,1334,-1.9955530460774284e-11,-2.0829318251319967e-11,1,-2.0829318251319967e-11,0,0,0
1269,1270,-3.6004438021897857e-11,1.2166402949942234e-11,1,1.2166402949942234e-11,0,0,0
1269,1333,1.7290119476631868e-10,-8.1950042630422117e-11,1,-8.1950042630422117e-11,0,0,0
1269,1334,8.830336169037617e-43,-4.380917083929829e-27,1,-4.380917083929829e-27,0,0,0
1269,1335,-9.0011095054744642e-12,-4.4418279884991174e-12,1,-4.4418279884991174e-12,0,0,0
1270,1271,-1.1671632122013388e-11,4.2995864717764596e-12,1,4.2995864717764596e-12,0,0,0
1270,1334,6.1614166963414218e-11,-2.9348129466455432e-11,1,-2.9348129466455432e-11,0,0,0
1270,1335,0,-1.2462412312094237e-27,1,-1.2462412312094237e-27,0,0,0
1270,1336,-2.917908030503347e-12,-7.9184819596120773e-13,1,-7.9184819596120773e-13,0,0,0
1271,1272,-3.0724591784604701e-12,1.1870032955153175e-12,1,1.1870032955153175e-12,0,0,0
1271,1335,1.7884765482472697e-11,-8.55832534392879e-12,1,-8.55832534392879e-12,0,0,0
1271,1336,-5.5189601056485106e-44,-3.1087546102459398e-28,1,-3.1087546102459398e-28,0,0,0
1271,1337,-7.6811479461511751e-13,-1.2104993994598169e-13,1,-1.2104993994598169e-13,0,0,0
1272,1273,-6.9845258742983485e-13,2.7867203394619316e-13,1,2.7867203394619316e-13,0,0,0
1272,1336,4.5016044224257625e-12,-2.163495637784152e-12,1,-2.163495637784152e-12,0,0,0
1272,1337,0,-6.9577804155642398e-29,1,-6.9577804155642398e-29,0,0,0
1272,1338,-1.7461314685745869e-13,-1.3633224946489273e-14,1,-1.3633224946489273e-14,0,0,0
1273,1274,-1.411085195374485e-13,5.7879750761168905e-14,1,5.7879750761168905e-14,0,0,0
1273,1337,1.010214674507081e-12,-4.8746877231135942e-13,1,-4.8746877231135942e-13,0,0,0
1273,1338,-1.7246750330151596e-45,-1.3872442100554981e-29,1,-1.3872442100554981e-29,0,0,0
1273,1339,-3.5277129884362137e-14,-1.9896569098978172e-17,1,-1.9896569098978172e-17,0,0,0
1274,1275,-2.534901801511072e-14,1.0683503571028773e-14,1,1.0683503571028773e-14,0,0,0
1274,1338,2.0187959675043724e-13,-9.7771171123329776e-14,1,-9.7771171123329776e-14,0,0,0
1274,1339,0,-2.4130421426667783e-30,1,-2.4130421426667783e-30,0,0,0
1274,1340,-6.3372545037776791e-15,5.1485966832738947e-16,1,5.1485966832738947e-16,0,0,0
1275,1276,-3.9820108730531765e-15,1.7230328465280784e-15,1,1.7230328465280784e-15,0,0,0
1275,1339,3.5316923022560084e-14,-1.7160710152148396e-14,1,-1.7160710152148396e-14,0,0,0
1275,1340,5.3896094781723736e-47,-3.5904882807410523e-31,1,-3.5904882807410523e-31,0,0,0
1275,1341,-9.9550271826329413e-16,1.5994649297205745e-16,1,1.5994649297205745e-16,0,0,0
1276,1277,-5.3594517999702002e-16,2.3758312607014e-16,1,2.3758312607014e-16,0,0,0
1276,1340,5.3075351671229008e-15,-2.586774436061823e-15,1,-2.586774436061823e-15,0,0,0
1276,1341,-6.7370118477154671e-48,-4.5099210809190036e-32,1,-4.5099210809190036e-32,0,0,0
1276,1342,-1.3398629499925501e-16,3.0904832629785626e-17,1,3.0904832629785626e-17,0,0,0
1277,1278,-6.0778927856739955e-17,2.7520862606985261e-17,1,2.7520862606985261e-17,0,0,0
1277,1341,6.7560973231917927e-16,-3.3020750017749716e-16,1,-3.3020750017749716e-16,0,0,0
1277,1342,0,-4.7446961172896813e-33,1,-4.7446961172896813e-33,0,0,0
1277,1343,-1.5194731964184989e-17,4.3822685912369792e-18,1,4.3822685912369792e-18,0,0,0
1278,1279,-5.7372026427694265e-18,2.6453708869755606e-18,1,2.6453708869755606e-18,0,0,0
1278,1342,7.2176629739683752e-17,-3.53711645394957e-17,1,-3.53711645394957e-17,0,0,0
1278,1343,0,-4.1599175113082938e-34,1,-4.1599175113082938e-34,0,0,0
1278,1344,-1.4343006606923566e-18,4.7964158983100874e-19,1,4.7964158983100874e-19,0,0,0
1279,1280,-4.4646086881830455e-19,2.0904273537293441e-19,1,2.0904273537293441e-19,0,0,0
1279,1343,6.4301947817110302e-18,-3.159289782253227e-18,1,-3.159289782253227e-18,0,0,0
1279,1344,0,-3.0259317037520102e-35,1,-3.0259317037520102e-35,0,0,0
1279,1345,-1.1161521720457614e-19,4.1356079654473998e-20,1,4.1356079654473998e-20,0,0,0
1280,1281,-2.8375398072435761e-20,1.3459420321184737e-20,1,1.3459420321184737e-20,0,0,0
1280,1344,4.7501748103033924e-19,-2.3396181575611513e-19,1,-2.3396181575611513e-19,0,0,0
1280,1345,0,-1.815981396717726e-36,1,-1.815981396717726e-36,0,0,0
1280,1346,-7.0938495181089403e-21,2.8293284759909884e-21,1,2.8293284759909884e-21,0,0,0
1281,1282,-1.456557430066285e-21,6.9853800873225622e-22,1,6.9853800873225622e-22,0,0,0
1281,1345,2.8903057895628142e-20,-1.4269459269055785e-20,1,-1.4269459269055785e-20,0,0,0
1281,1346,1.2849830336981711e-53,-8.9183094959843106e-38,1,-8.9183094959843106e-38,0,0,0
1281,1347,-3.6413935751657125e-22,1.5338460016693656e-22,1,1.5338460016693656e-22,0,0,0
1282,1283,-5.9481412601772562e-23,2.8795451150094958e-23,1,2.8795451150094958e-23,0,0,0
1282,1346,1.4351925661269627e-21,-7.1016110648825977e-22,1,-7.1016110648825977e-22,0,0,0
1282,1347,0,-3.5388195733999895e-39,1,-3.5388195733999895e-39,0,0,0
1282,1348,-1.4870353150443141e-23,6.5311847175126782e-24,1,6.5311847175126782e-24,0,0,0
1283,1284,-1.8905103015826417e-24,9.226509806717654e-25,1,9.226509806717654e-25,0,0,0
1283,1347,5.7370157182698088e-23,-2.8448764803651213e-23,1,-2.8448764803651213e-23,0,0,0
1283,1348,-1.2548662438458702e-56,-1.1119073495453519e-40,1,-1.1119073495453519e-40,0,0,0
1283,1349,-4.7262757539566041e-25,2.1459373232685593e-25,1,2.1459373232685593e-25,0,0,0
1284,1285,-4.5208340239111134e-26,2.2219920275341005e-26,1,2.2219920275341005e-26,0,0,0
1284,1348,1.8079837154177834e-24,-8.9834081517900274e-25,1,-8.9834081517900274e-25,0,0,0
1284,1349,0,-2.6760282058755454e-42,1,-2.6760282058755454e-42,0,0,0
1284,1350,-1.1302085059777783e-26,5.2753968029414476e-27,1,5.2753968029414476e-27,0,0,0
1285,1286,-7.6849968842912521e-28,3.8008704375981356e-28,1,3.8008704375981356e-28,0,0,0
1285,1349,4.344011074194854e-26,-2.162399290992063e-26,1,-2.162399290992063e-26,0,0,0
1285,1350,0,-4.6559966864279737e-44,1,-4.6559966864279737e-44,0,0,0
1285,1351,-1.921249221072813e-28,9.1879317012754291e-29,1,9.1879317012754291e-29,0,0,0
1286,1287,-8.3256009094981684e-30,4.1410481625700545e-30,1,4.1410481625700545e-30,0,0,0
1286,1350,7.5129145389488887e-28,-3.7460502683375715e-28,1,-3.7460502683375715e-28,0,0,0
1286,1351,0,-5.2332204023548943e-46,1,-5.2332204023548943e-46,0,0,0
1286,1352,-2.0814002273745421e-30,1.0180906129750146e-30,1,1.0180906129750146e-30,0,0,0
1287,1288,-4.3504584358059273e-32,2.1752292179029637e-32,1,2.1752292179029637e-32,0,0,0
1287,1351,8.3662880817727203e-30,-4.1777059678416024e-30,1,-4.1777059678416024e-30,0,0,0
1287,1352,0,-2.859617154321457e-48,1,-2.859617154321457e-48,0,0,0
1287,1353,-1.0876146089514818e-32,5.4380730447574092e-33,1,5.4380730447574092e-33,0,0,0
1288,1289,0,-0,1,-0,0,0,0
1288,1352,4.5219001424513177e-32,-2.2609500712256589e-32,1,-2.2609500712256589e-32,0,0,0
1288,1353,0,-0,1,-0,0,0,0
1288,1354,0,-0,1,-0,0,0,0
1289,1290,0,-0,1,-0,0,0,0
1289,1353,0,-0,1,-0,0,0,0
1289,1354,0,-0,1,-0,0,0,0
1289,1355,0,-0,1,-0,0,0,0
1290,1291,0,-0,1,-0,0,0,0
1290,1354,0,-0,1,-0,0,0,0
1290,1355,0,-0,1,-0,0,0,0
1290,1356,0,-0,1,-0,0,0,0
1291,1292,0,-0,1,-0,0,0,0
1291,1355,0,-0,1,-0,0,0,0
1291,1356,0,-0,1,-0,0,0,0
1291,1357,0,-0,1,-0,0,0,0
1292,1293,0,-0,1,-0,0,0,0
1292,1356,0,-0,1,-0,0,0,0
1292,1357,0,-0,1,-0,0,0,0
1292,1358,0,-0,1,-0,0,0,0
1293,1294,0,-0,1,-0,0,0,0
1293,1357,0,-0,1,-0,0,0,0
1293,1358,0,-0,1,-0,0,0,0
1293,1359,0,-0,1,-0,0,0,0
1294,1295,0,-0,1,-0,0,0,0
1294,1358,0,-0,1,-0,0,0,0
1294,1359,0,-0,1,-0,0,0,0
1294,1360,0,-0,1,-0,0,0,0
1295,1296,0,-0,1,-0,0,0,0
1295,1359,0,-0,1,-0,0,0,0
1295,1360,0,-0,1,-0,0,0,0
1295,1361,0,-0,1,-0,0,0,0
1296,1297,0,-0,1,-0,0,0,0
1296,1360,0,-0,1,-0,0,0,0
1296,1361,0,-0,1,-0,0,0,0
1296,1362,0,-0,1,-0,0,0,0
1297,1298,0,-0,1,-0,0,0,0
1297,1361,0,-0,1,-0,0,0,0
1297,1362,0,-0,1,-0,0,0,0
1297,1363,0,-0,1,-0,0,0,0
1298,1299,0,-0,1,-0,0,0,0
1298,1362,0,-0,1,-0,0,0,0
1298,1363,0,-0,1,-0,0,0,0
1298,1364,0,-0,1,-0,0,0,0
1299,1363,0,-0,1,-0,0,0,0
1299,1364,0,-0,1,-0,0,0,0
1300,1301,0,-0,1,-0,0,0,0
1300,1365,0,-0,1,-0,0,0,0
1300,1366,0,-0,1,-0,0,0,0
1301,1302,0,-0,1,-0,0,0,0
1301,1365,0,-0,1,-0,0,0,0
1301,1366,0,-0,1,-0,0,0,0
1301,1367,0,-0,1,-0,0,0,0
1302,1303,0,-0,1,-0,0,0,0
1302,1366,0,-0,1,-0,0,0,0
1302,1367,0,-0,1,-0,0,0,0
1302,1368,0,-0,1,-0,0,0,0
1303,1304,0,-0,1,-0,0,0,0
1303,1367,0,-0,1,-0,0,0,0
1303,1368,0,-0,1,-0,0,0,0
1303,1369,0,-0,1,-0,0,0,0
1304,1305,0,-0,1,-0,0,0,0
1304,1368,0,-0,1,-0,0,0,0
1304,1369,0,-0,1,-0,0,0,0
1304,1370,0,-0,1,-0,0,0,0
1305,1306,0,-0,1,-0,0,0,0
1305,1369,0,-0,1,-0,0,0,0
1305,1370,0,-0,1,-0,0,0,0
1305,1371,0,-0,1,-0,0,0,0
1306,1307,0,-0,1,-0,0,0,0
1306,1370,0,-0,1,-0,0,0,0
1306,1371,0,-0,1,-0,0,0,0
1306,1372,0,-0,1,-0,0,0,0
1307,1308,0,-0,1,-0,0,0,0
1307,1371,0,-0,1,-0,0,0,0
1307,1372,0,-0,1,-0,0,0,0
1307,1373,0,-0,1,-0,0,0,0
1308,1309,0,-0,1,-0,0,0,0
1308,1372,0,-0,1,-0,0,0,0
1308,1373,0,-0,1,-0,0,0,0
1308,1374,0,-0,1,-0,0,0,0
1309,1310,0,-0,1,-0,0,0,0
1309,1373,0,-0,1,-0,0,0,0
1309,1374,0,-0,1,-0,0,0,0
1309,1375,0,-0,1,-0,0,0,0
1310,1311,0,-0,1,-0,0,0,0
1310,1374,0,-0,1,-0,0,0,0
1310,1375,0,-0,1,-0,0,0,0
1310,1376,0,-0,1,-0,0,0,0
1311,1312,0,-0,1,-0,0,0,0
1311,1375,0,-0,1,-0,0,0,0
1311,1376,0,-0,1,-0,0,0,0
1311,1377,0,-0,1,-0,0,0,0
1312,1313,0,-1.1231918116599813e-33,-0,0,0,0,0
1312,1376,0,-0,1,-0,0,0,0
1312,1377,0,-0,1,-0,0,0,0
1312,1378,0,-1.4512306216068444e-75,-0,0,0,0,0
1313,1314,-2.2463836233199656e-33,3.8426323069800359e-32,0.15439953467432088,5.933006401222297e-33,0,0,0
1313,1377,0,2.8079795291499532e-34,0.15439953467432088,4.335507326757714e-35,0,0,0
1313,1378,0,4.6762252889075775e-50,0.15439953467432088,7.2200700863962166e-51,0,0,0
1313,1379,-5.6159590582995941e-34,8.001431653228743e-31,0.0065532691746336986,5.2435535406042278e-33,0,0,0
1314,1315,7.4606262516281026e-32,3.4506601164460971e-30,0.065406040374994437,2.2569401489665644e-31,0,0,0
1314,1378,0,-9.3257828145350926e-33,0.0040550395538335319,-3.78164181834008e-35,0,0,0
1314,1379,0,1.3165078769729466e-46,0.0065532691746336986,8.6274304883292643e-49,0,0,0
1314,1380,1.8651565629070191e-32,-1.3227594879410233e-31,1,-1.3227594879410233e-31,0,0,0
1315,1316,6.9759264954084745e-30,6.7339648928520231e-33,0.012986241429676523,8.7448893877542168e-35,0,0,0
1315,1379,-1.5997247347399189e-30,-7.2128444556100038e-32,0.065406040374994437,-4.717635956821827e-33,0,0,0
1315,1380,-2.3934674145619777e-62,-1.6569095727208443e-46,0.065406040374994437,-1.0837189441109433e-47,0,0,0
1315,1381,1.7439816238521081e-30,-1.3046520292465633e-28,0.065406040374994437,-8.5332123300219136e-30,0,0,0
1316,1317,6.9893944251941799e-30,2.6187346803631128e-34,0.43427100620151138,1.1372405446160822e-34,0,0,0
1316,1380,2.4590033195913427e-31,-9.9662446912883945e-31,0.012986241429676523,-1.2942405970830304e-32,0,0,0
1316,1381,-3.0636382906393315e-60,-2.1727101187509689e-44,0.012986241429676523,-2.8215338158801229e-46,0,0,0
1316,1382,1.7473486062985422e-30,-2.8722201341020799e-28,0.012986241429676523,-3.7299344100627489e-30,0,0,0
1317,1318,6.9899181721302529e-30,-4.9355081779677758e-29,0.43427100620151138,-2.143348102561854e-29,0,0,0
1317,1381,2.5918642422546053e-28,-1.3046695188424657e-28,0.43427100620151138,-5.6658014470815923e-29,0,0,0
1317,1382,0,-4.7832084772754544e-44,0.43427100620151138,-2.0772087582980106e-44,0,0,0
1317,1383,1.7474795430326014e-30,-4.2304605009561618e-28,0.43427100620151138,-1.8371663384459823e-28,0,0,0
1318,1319,-9.172024538722526e-29,3.33676646157047e-29,0.14121141358354661,4.7118950883653502e-30,0,0,0
1318,1382,5.7269667821411749e-28,-2.7488330843365558e-28,0.34324413444238766,-9.4352083275969989e-29,0,0,0
1318,1383,0,-6.8396501737405012e-44,0.34324413444238766,-2.3476698037742849e-44,0,0,0
1318,1384,-2.2930061346806461e-29,-3.1959231631927909e-27,0.0022649409925828944,-7.2385773814605438e-30,0,0,0
1319,1320,-2.4984916155815566e-29,-1.2817060319287117e-26,0.013938676890216311,-1.7865286247295583e-28,0,0,0
1319,1383,8.443446206481997e-28,-4.1904919580462285e-28,0.14121141358354661,-5.9174529300619198e-29,0,0,0
1319,1384,0,-5.3361733021396218e-43,0.0022649409925828944,-1.2086117655542456e-45,0,0,0
1319,1385,-6.2462290389534502e-30,-3.2042650798219199e-27,0.00020109351428636475,-6.4435692560646893e-31,0,0,0
1320,1321,-2.565910555473005e-26,-7.4221918946150811e-40,0.0023280449547914122,-1.7279196393752351e-42,0,0,0
1320,1384,6.414776387732389e-27,4.7506172496645198e-37,0.013938676890216311,6.6217318872161808e-39,0,0,0
1320,1385,-7.8429140240365214e-59,-2.34503129318697e-56,0.00020109351428636475,-4.7157058385846637e-60,0,0,0
1320,1386,-6.414776388682816e-27,2.2838084684370647e-24,0.013938676890216311,3.1833268320684018e-26,0,0,0
1321,1322,-2.5659105554731491e-26,1.0261102188313637e-24,0.0023280449547914122,2.3888307180102683e-27,0,0,0
1321,1385,6.4147763886827931e-27,4.4740369923123907e-41,0.0023280449547914122,1.0415759247503006e-43,0,0,0
1321,1386,5.0194649753834807e-56,3.8033051182391177e-40,0.0023280449547914122,8.8542652920489341e-43,0,0,0
1321,1387,-6.414776388682816e-27,1.748552193373588e-24,0.0023280449547914122,4.0707081119728392e-27,0,0,0
1322,1323,2.0265613321079962e-24,-5.1379138241000859e-25,0.0087581950208350801,-4.4998851271713096e-27,0,0,0
1322,1386,-4.5612021604854466e-24,2.0272809137292234e-24,0.057147769370047181,1.1585458210609617e-25,0,0,0
1322,1387,0,2.4847201607321144e-40,0.057147769370047181,1.4199621469462543e-41,0,0,0
1322,1388,5.0664033302701972e-25,2.4286577247822724e-22,3.7760470532095698e-11,9.1707258449187574e-33,0,0,0
1323,1324,9.9897856728799466e-25,9.2608065736024717e-22,4.0049886535462331e-09,3.7089425249964267e-30,0,0,0
1323,1387,-3.4906896103584932e-24,1.6204724842682494e-24,0.0087581950208350801,1.4192414043118434e-26,0,0,0
1323,1388,0,4.0466666738153115e-38,3.7760470532095698e-11,1.5280403768981678e-48,0,0,0
1323,1389,2.4974464182199866e-25,2.4279469793718855e-22,8.7233104345795243e-11,2.1179735219760606e-32,0,0,0
1324,1325,1.8531602932877825e-21,-9.4274281064454613e-22,4.0049886535462331e-09,-3.7756742598436925e-30,0,0,0
1324,1388,-4.8623818528948164e-22,1.1474055983767961e-23,3.7760470532095698e-11,4.332657528586864e-34,0,0,0
1324,1389,3.6140147822761058e-54,1.8775870187160005e-39,8.7233104345795243e-11,1.6378774432196349e-49,0,0,0
1324,1390,4.6329011617271938e-22,-7.120706842139082e-13,4.0049886535462331e-09,-2.8518350107996051e-21,0,0,0
1325,1326,-3.2325328561725581e-23,-8.6860930434968675e-15,3.7099331420521323e-07,-3.2224824457017503e-21,0,0,0
1325,1389,-4.8583914051619905e-22,2.4696023625826324e-22,8.7233104345795243e-11,2.1543108058779324e-32,0,0,0
1325,1390,-1.3797400264121277e-44,-1.1858359027698097e-28,3.7099331420521323e-07,-4.3993719167210269e-35,0,0,0
1325,1391,-8.0813338395164204e-24,-1.7330078759514502e-14,3.7099331420521323e-07,-6.4293433544296555e-21,0,0,0
1326,1327,-1.7372186119319065e-14,8.6860935547534787e-15,1,8.6860935547534787e-15,0,0,0
1326,1390,1.4241413679645262e-12,-7.0989916071734819e-13,1,-7.0989916071734819e-13,0,0,0
1326,1391,4.3116875825378989e-46,-2.5244066001973091e-30,1,-2.5244066001973091e-30,0,0,0
1326,1392,-4.3430465298297663e-15,2.1715235046337133e-15,0.0028847469698949674,6.2642958500478051e-18,0,0,0
1327,1328,9.9018789195739934e-22,3.3890674494942506e-22,1.6829926375805844e-09,5.7037755657628326e-31,0,0,0
1327,1391,3.4660157527110342e-14,-1.7330078887328655e-14,1,-1.7330078887328655e-14,0,0,0
1327,1392,3.2124575842454276e-54,1.9308778599363169e-38,0.0028847469698949674,5.5700940556885694e-41,0,0,0
1327,1393,2.4754697298934984e-22,8.4726686236360493e-23,5.5001869888198079e-14,4.6601261724304827e-36,0,0,0
1328,1329,1.6680013818562494e-21,-1.095598359784345e-23,1.6829926375805844e-09,-1.843883973262417e-32,0,0,0
1328,1392,-4.7943766126953997e-22,3.1218657902738842e-23,0.0028847469698949674,9.0057928789113454e-26,0,0,0
1328,1393,-3.8549491010851636e-54,-1.6582963046481639e-49,1.6829926375805844e-09,-2.7909004716499496e-58,0,0,0
1328,1394,4.1700043788836108e-22,-1.5171528480022711e-12,1.6829926375805844e-09,-2.5533570732722376e-21,0,0,0
1329,1330,1.6460894189805251e-21,-4.2358536401442711e-13,1.3022578564841805e-13,-5.5161736817949919e-26,0,0,0
1329,1393,-4.1700034546207078e-22,2.7389958984650888e-24,5.5001869888198079e-14,1.5064989603168501e-37,0,0,0
1329,1394,0,-2.5265670355870677e-28,1.3022578564841805e-13,-3.2902417720272048e-41,0,0,0
1329,1395,4.1155416938407562e-22,-2.2752657860696503e-09,1.3022578564841805e-13,-2.962982745498857e-22,0,0,0
1330,1331,-8.4717072638279913e-13,-6.8868681146743069e-10,0.0022114591083151744,-1.5230027219961849e-12,0,0,0
1330,1394,3.0343056955875417e-12,-1.4112565069959251e-12,0.0022114591083151744,-3.120936056565196e-15,0,0,0
1330,1395,0,-3.7889023414205652e-25,0.0022114591083151744,-8.3790025934511997e-28,0,0,0
1330,1396,-2.1179268159569978e-13,-2.4417691240713161e-09,0.0022114591083151744,-5.3998725698302774e-12,0,0,0
1331,1332,-1.3782207936612443e-09,-5.7560950046148156e-12,1,-5.7560950046148156e-12,0,0,0
1331,1395,4.5505315721388886e-09,-2.1029881868617888e-09,1,-2.1029881868617888e-09,0,0,0
1331,1396,-5.6514151481840749e-41,-3.7796389704766061e-25,1,-3.7796389704766061e-25,0,0,0
1331,1397,-3.4455519841531134e-10,-1.1580389202909331e-09,1,-1.1580389202909331e-09,0,0,0
1332,1333,-1.3897329836704737e-09,3.4906410230259951e-10,1,3.4906410230259951e-10,0,0,0
1332,1396,4.8837500408242284e-09,-2.2681583974533053e-09,1,-2.2681583974533053e-09,0,0,0
1332,1397,0,-1.9261257531263063e-25,1,-1.9261257531263063e-25,0,0,0
1332,1398,-3.4743324591761848e-10,-3.4734409917900538e-10,1,-3.4734409917900538e-10,0,0,0
1333,1334,-6.916047790652747e-10,2.2257405560580894e-10,1,2.2257405560580894e-10,0,0,0
1333,1397,2.6606330389971771e-09,-1.2438659221154294e-09,1,-1.2438659221154294e-09,0,0,0
1333,1398,0,-7.237712508567453e-26,1,-7.237712508567453e-26,0,0,0
1333,1399,-1.7290119476631868e-10,-8.064356654988153e-11,1,-8.064356654988153e-11,0,0,0
1334,1335,-2.4645666785365687e-10,8.7458802961883028e-11,1,8.7458802961883028e-11,0,0,0
1334,1398,1.0421214442756291e-09,-4.9025363865610749e-10,1,-4.9025363865610749e-10,0,0,0
1334,1399,0,-2.2696358201401782e-26,1,-2.2696358201401782e-26,0,0,0
1334,1400,-6.1614166963414205e-11,-1.5905785744107849e-11,1,-1.5905785744107849e-11,0,0,0
1335,1336,-7.1539061929890776e-11,2.676632212009387e-11,1,2.676632212009387e-11,0,0,0
1335,1399,3.3418832786608171e-10,-1.5815178119180453e-10,1,-1.5815178119180453e-10,0,0,0
1335,1400,0,-6.2900495619708718e-27,1,-6.2900495619708718e-27,0,0,0
1335,1401,-1.7884765482472697e-11,-2.7419118014450112e-12,1,-2.7419118014450112e-12,0,0,0
1336,1337,-1.800641768970305e-11,6.9827794958373646e-12,1,6.9827794958373646e-12,0,0,0
1336,1400,9.3425738451629902e-11,-4.4462067014602069e-11,1,-4.4462067014602069e-11,0,0,0
1336,1401,0,-1.5709920583531737e-27,1,-1.5709920583531737e-27,0,0,0
1336,1402,-4.5016044224257625e-12,-3.5298312742648986e-13,1,-3.5298312742648986e-13,0,0,0
1337,1338,-4.040858698028324e-12,1.6166701555132873e-12,1,1.6166701555132873e-12,0,0,0
1337,1401,2.3368589085362718e-11,-1.117918720542782e-11,1,-1.117918720542782e-11,0,0,0
1337,1402,0,-3.495000957619285e-28,1,-3.495000957619285e-28,0,0,0
1337,1403,-1.0102146745070808e-12,-2.4657370039976156e-15,1,-2.4657370039976156e-15,0,0,0
1338,1339,-8.0751838700174894e-13,3.3312534745575435e-13,1,3.3312534745575435e-13,0,0,0
1338,1402,5.2075706772787418e-12,-2.5028455402641527e-12,1,-2.5028455402641527e-12,0,0,0
1338,1403,1.3797400264121277e-44,-6.7718043819495697e-29,1,-6.7718043819495697e-29,0,0,0
1338,1404,-2.0187959675043724e-13,1.589372086165097e-14,1,1.589372086165097e-14,0,0,0
1339,1340,-1.4126769209024034e-13,6.0018775710874361e-14,1,6.0018775710874361e-14,0,0,0
1339,1403,1.0151461485150761e-12,-4.8991461274625801e-13,1,-4.8991461274625801e-13,0,0,0
1339,1404,0,-1.1222292429050759e-29,1,-1.1222292429050759e-29,0,0,0
1339,1405,-3.5316923022560084e-14,5.5504244778955021e-15,1,5.5504244778955021e-15,0,0,0
1340,1341,-2.1230140668491603e-14,9.2638508696074446e-15,1,9.2638508696074446e-15,0,0,0
1340,1404,1.7009215502713528e-13,-8.2392309930006206e-14,1,-8.2392309930006206e-14,0,0,0
1340,1405,-2.1558437912689495e-46,-1.5744521436305715e-30,1,-1.5744521436305715e-30,0,0,0
1340,1406,-5.3075351671229008e-15,1.1982357845099938e-15,1,1.1982357845099938e-15,0,0,0
1341,1342,-2.7024389292767171e-15,1.2068662051589913e-15,1,1.2068662051589913e-15,0,0,0
1341,1405,2.4216074066769083e-14,-1.1770232167224952e-14,1,-1.1770232167224952e-14,0,0,0
1341,1406,2.6948047390861868e-47,-1.8613892642103133e-31,1,-1.8613892642103133e-31,0,0,0
1341,1407,-6.7560973231917927e-16,1.9057851189114678e-16,1,1.9057851189114678e-16,0,0,0
1342,1343,-2.8870651895873501e-16,1.3149286991594543e-16,1,1.3149286991594543e-16,0,0,0
1342,1406,2.9110635981029135e-15,-1.4194434841816148e-15,1,-1.4194434841816148e-15,0,0,0
1342,1407,0,-1.8508201537803701e-32,1,-1.8508201537803701e-32,0,0,0
1342,1408,-7.2176629739683752e-17,2.3591881326985575e-17,1,2.3591881326985575e-17,0,0,0
1343,1344,-2.5720779126844115e-17,1.1910354601361379e-17,1,1.1910354601361379e-17,0,0,0
1343,1407,2.9445270853688576e-16,-1.4401125687758733e-16,1,-1.4401125687758733e-16,0,0,0
1343,1408,0,-1.5456529642855699e-33,1,-1.5456529642855699e-33,0,0,0
1343,1409,-6.4301947817110287e-18,2.3280825752094394e-18,1,2.3280825752094394e-18,0,0,0
1344,1345,-1.900069924121357e-18,8.9222884626942209e-19,1,8.9222884626942209e-19,0,0,0
1344,1408,2.4992867085712607e-17,-1.2258924802341132e-17,1,-1.2258924802341132e-17,0,0,0
1344,1409,0,-1.081644898866372e-34,1,-1.081644898866372e-34,0,0,0
1344,1410,-4.7501748103033924e-19,1.8513856052254573e-19,1,1.8513856052254573e-19,0,0,0
1345,1346,-1.1561223158251257e-19,5.4935730659002349e-20,1,5.4935730659002349e-20,0,0,0
1345,1409,1.7740296312921494e-18,-8.7256328669826067e-19,1,-8.7256328669826067e-19,0,0,0
1345,1410,8.2238914156682948e-52,-6.3147239179011938e-36,1,-6.3147239179011938e-36,0,0,0
1345,1411,-2.8903057895628142e-20,1.1901811339648164e-20,1,1.1901811339648164e-20,0,0,0
1346,1347,-5.7407702645078509e-21,2.7556448178885295e-21,1,2.7556448178885295e-21,0,0,0
1346,1410,1.0474035998524775e-19,-5.1652583709560396e-20,1,-5.1652583709560396e-20,0,0,0
1346,1411,-5.1399321347926842e-53,-3.0510949185531948e-37,1,-3.0510949185531948e-37,0,0,0
1346,1412,-1.4351925661269627e-21,6.1662846536687111e-22,1,6.1662846536687111e-22,0,0,0
1347,1348,-2.2948062873079235e-22,1.1112434693456061e-22,1,1.1112434693456061e-22,0,0,0
1347,1411,5.0994352163318087e-21,-2.5210325295745558e-21,1,-2.5210325295745558e-21,0,0,0
1347,1412,-1.6062287921227138e-54,-1.2037494185645142e-38,1,-1.2037494185645142e-38,0,0,0
1347,1413,-5.7370157182698088e-23,2.5503316139505029e-23,1,2.5503316139505029e-23,0,0,0
1348,1349,-7.2319348616711335e-24,3.5290872093516693e-24,1,3.5290872093516693e-24,0,0,0
1348,1412,2.0193563539322059e-22,-1.0006382583890141e-22,1,-1.0006382583890141e-22,0,0,0
1348,1413,0,-3.7932500376344045e-40,1,-3.7932500376344045e-40,0,0,0
1348,1414,-1.8079837154177834e-24,8.2697522989420383e-25,1,8.2697522989420383e-25,0,0,0
1349,1350,-1.7376044296779418e-25,8.5377638576107313e-26,1,8.5377638576107313e-26,0,0,0
1349,1413,6.3635249036880261e-24,-3.1600423964730391e-24,1,-3.1600423964730391e-24,0,0,0
1349,1414,1.5685828048073377e-57,-9.2087291864795831e-42,1,-9.2087291864795831e-42,0,0,0
1349,1415,-4.3440110741948546e-26,2.0371808162467369e-26,1,2.0371808162467369e-26,0,0,0
1350,1351,-3.0051658155795555e-27,1.4858503316262322e-27,1,1.4858503316262322e-27,0,0,0
1350,1414,1.5403325562937585e-25,-7.6640982087740468e-26,1,-7.6640982087740468e-26,0,0,0
1350,1415,0,-1.619706837917783e-43,1,-1.619706837917783e-43,0,0,0
1350,1416,-7.5129145389488869e-28,3.6042748770466849e-28,1,3.6042748770466849e-28,0,0,0
1351,1352,-3.3465152327090887e-29,1.6642138160696417e-29,1,1.6642138160696417e-29,0,0,0
1351,1415,2.6964944170138134e-27,-1.3440640644660205e-27,1,-1.3440640644660205e-27,0,0,0
1351,1416,0,-1.8377125158102498e-45,1,-1.8377125158102498e-45,0,0,0
1351,1417,-8.3662880817727203e-30,4.0999364204539049e-30,1,4.0999364204539049e-30,0,0,0
1352,1353,-1.8087600569805271e-31,9.0438002849026354e-32,1,9.0438002849026354e-32,0,0,0
1352,1416,3.0436478485551742e-29,-1.5195629742063616e-29,1,-1.5195629742063616e-29,0,0,0
1352,1417,-1.4959171341012361e-63,-1.0091614164353433e-47,1,-1.0091614164353433e-47,0,0,0
1352,1418,-4.5219001424513177e-32,2.2609500712256589e-32,1,2.2609500712256589e-32,0,0,0
1353,1354,0,-0,1,-0,0,0,0
1353,1417,1.6641524086491029e-31,-8.3207620432455146e-32,1,-8.3207620432455146e-32,0,0,0
1353,1418,0,-0,1,-0,0,0,0
1353,1419,0,-0,1,-0,0,0,0
1354,1355,0,-0,1,-0,0,0,0
1354,1418,0,-0,1,-0,0,0,0
1354,1419,0,-0,1,-0,0,0,0
1354,1420,0,-0,1,-0,0,0,0
1355,1356,0,-0,1,-0,0,0,0
1355,1419,0,-0,1,-0,0,0,0
1355,1420,0,-0,1,-0,0,0,0
1355,1421,0,-0,1,-0,0,0,0
1356,1357,0,-0,1,-0,0,0,0
1356,1420,0,-0,1,-0,0,0,0
1356,1421,0,-0,1,-0,0,0,0
1356,1422,0,-0,1,-0,0,0,0
1357,1358,0,-0,1,-0,0,0,0
1357,1421,0,-0,1,-0,0,0,0
1357,1422,0,-0,1,-0,0,0,0
1357,1423,0,-0,1,-0,0,0,0
1358,1359,0,-0,1,-0,0,0,0
1358,1422,0,-0,1,-0,0,0,0
1358,1423,0,-0,1,-0,0,0,0
1358,1424,0,-0,1,-0,0,0,0
1359,1360,0,-0,1,-0,0,0,0
1359,1423,0,-0,1,-0,0,0,0
1359,1424,0,-0,1,-0,0,0,0
1359,1425,0,-0,1,-0,0,0,0
1360,1361,0,-0,1,-0,0,0,0
1360,1424,0,-0,1,-0,0,0,0
1360,1425,0,-0,1,-0,0,0,0
1360,1426,0,-0,1,-0,0,0,0
1361,1362,0,-0,1,-0,0,0,0
1361,1425,0,-0,1,-0,0,0,0
1361,1426,0,-0,1,-0,0,0,0
1361,1427,0,-0,1,-0,0,0,0
1362,1363,0,-0,1,-0,0,0,0
1362,1426,0,-0,1,-0,0,0,0
1362,1427,0,-0,1,-0,0,0,0
1362,1428,0,-0,1,-0,0,0,0
1363,1364,0,-0,1,-0,0,0,0
1363,1427,0,-0,1,-0,0,0,0
1363,1428,0,-0,1,-0,0,0,0
1363,1429,0,-0,1,-0,0,0,0
1364,1428,0,-0,1,-0,0,0,0
1364,1429,0,-0,1,-0,0,0,0
1365,1366,0,-0,1,-0,0,0,0
1365,1430,0,-0,1,-0,0,0,0
1365,1431,0,-0,1,-0,0,0,0
1366,1367,0,-0,1,-0,0,0,0
1366,1430,0,-0,1,-0,0,0,0
1366,1431,0,-0,1,-0,0,0,0
1366,1432,0,-0,1,-0,0,0,0
1367,1368,0,-0,1,-0,0,0,0
1367,1431,0,-0,1,-0,0,0,0
1367,1432,0,-0,1,-0,0,0,0
1367,1433,0,-0,1,-0,0,0,0
1368,1369,0,-0,1,-0,0,0,0
1368,1432,0,-0,1,-0,0,0,0
1368,1433,0,-0,1,-0,0,0,0
1368,1434,0,-0,1,-0,0,0,0
1369,1370,0,-0,1,-0,0,0,0
1369,1433,0,-0,1,-0,0,0,0
1369,1434,0,-0,1,-0,0,0,0
1369,1435,0,-0,1,-0,0,0,0
1370,1371,0,-0,1,-0,0,0,0
1370,1434,0,-0,1,-0,0,0,0
1370,1435,0,-0,1,-0,0,0,0
1370,1436,0,-0,1,-0,0,0,0
1371,1372,0,-0,1,-0,0,0,0
1371,1435,0,-0,1,-0,0,0,0
1371,1436,0,-0,1,-0,0,0,0
1371,1437,0,-0,1,-0,0,0,0
1372,1373,0,-0,1,-0,0,0,0
1372,1436,0,-0,1,-0,0,0,0
1372,1437,0,-0,1,-0,0,0,0
1372,1438,0,-0,1,-0,0,0,0
1373,1374,0,-0,1,-0,0,0,0
1373,1437,0,-0,1,-0,0,0,0
1373,1438,0,-0,1,-0,0,0,0
1373,1439,0,-0,1,-0,0,0,0
1374,1375,0,-0,1,-0,0,0,0
1374,1438,0,-0,1,-0,0,0,0
1374,1439,0,-0,1,-0,0,0,0
1374,1440,0,-0,1,-0,0,0,0
1375,1376,0,-0,1,-0,0,0,0
1375,1439,0,-0,1,-0,0,0,0
1375,1440,0,-0,1,-0,0,0,0
1375,1441,0,-0,1,-0,0,0,0
1376,1377,0,-0,1,-0,0,0,0
1376,1440,0,-0,1,-0,0,0,0
1376,1441,0,-0,1,-0,0,0,0
1376,1442,0,1.0054731016504411e-58,0,0,0,0,0
1377,1378,0,-5.8049224864273778e-75,0.0040550395538335319,-2.3539190289400712e-77,0,0,0
1377,1441,0,-0,1,-0,0,0,0
1377,1442,0,1.6744490821403862e-74,0.067984349848627057,1.1383633220394448e-75,0,0,0
1377,1443,0,2.0135369735954707e-31,0.010442654321358011,2.1026670578530873e-33,0,0,0
1378,1379,0,3.1994494694798372e-30,0.0040550395538335319,1.297389414923245e-32,0,0,0
1378,1442,-2.0109462033008823e-58,1.0054731016504411e-58,0.0040550395538335319,4.0772331975082226e-61,0,0,0
1378,1443,0,3.3532126635296234e-47,0.0040550395538335319,1.3597409983028112e-49,0,0,0
1378,1444,0,1.6699951460398807e-31,0.0028584984926081081,4.7736786076178559e-34,0,0,0
1379,1380,6.3988989389596743e-30,-3.6912501333981064e-30,0.0065532691746336986,-2.4189755715060339e-32,0,0,0
1379,1443,-4.0270739471909415e-31,-5.9850867001041226e-31,0.0065532691746336986,-3.9221884179302472e-33,0,0,0
1379,1444,0,-1.0539283658561131e-46,0.0065532691746336986,-6.9066762722369333e-49,0,0,0
1379,1445,1.5997247347398741e-30,-1.9315766822878729e-27,0.0065532691746336986,-1.2658141930478346e-29,0,0,0
1380,1381,-9.8360132783643025e-31,-5.1788104778700285e-28,0.010834574600124129,-5.6110208462387315e-30,0,0,0
1380,1444,-3.3399902920797613e-31,2.8994968058355527e-31,0.0028584984926081081,8.2882072488029519e-34,0,0,0
1380,1445,0,-3.215184568174696e-43,0.010834574600124129,-3.4835157057056627e-45,0,0,0
1380,1446,-2.4590033195877642e-31,-3.2070913515924328e-27,0.00088904208791969793,-2.8512391913689425e-30,0,0,0
1381,1382,-1.0367456969018423e-27,-6.2702050797731375e-28,1,-6.2702050797731375e-28,0,0,0
1381,1445,3.8615536398410054e-27,-1.8011836078077725e-27,1,-1.8011836078077725e-27,0,0,0
1381,1446,9.8036425300458607e-59,-5.1252686921949015e-43,0.00088904208791969793,-4.5565795792584149e-46,0,0,0
1381,1447,-2.591864242254603e-28,-3.0777868566489506e-27,0.0014728683276515337,-4.5331747804204104e-30,0,0,0
1382,1383,-2.2907867128564696e-27,-5.432958848681646e-28,1,-5.432958848681646e-28,0,0,0
1382,1446,6.4144286035168237e-27,-2.9208659626513531e-27,0.00088904208791969793,-2.5967727739691374e-30,0,0,0
1382,1447,0,-4.8644950228848128e-43,0.0014728683276515337,-7.1647606492255632e-46,0,0,0
1382,1448,-5.7269667821411713e-28,-2.9210398174353627e-27,0.38032490141840897,-1.1109441806053516e-27,0,0,0
1383,1384,-3.3773784825927995e-27,-1.1140863534168377e-26,0.0022649409925828944,-2.5233398511309896e-29,0,0,0
1383,1447,6.4147601375233615e-27,-2.7852077584375808e-27,0.0014728683276515337,-4.1022442933320365e-30,0,0,0
1383,1448,0,-4.6383161415336321e-43,0.38032490141840897,-1.7640671292761936e-43,0,0,0
1383,1449,-8.4434462064819988e-28,-2.7852158835499723e-27,0.049577029309669347,-1.3808272949251358e-28,0,0,0
1384,1385,-2.565910555092955e-26,-1.9008101575755764e-36,0.00020109351428636475,-3.822405945780914e-40,0,0,0
1384,1448,6.4147763130848429e-27,3.7323772929505525e-35,0.0022649409925828944,8.4536143305892802e-38,0,0,0
1384,1449,3.9214570120326105e-59,-1.3119626579408573e-54,0.049577029309669347,-6.5043211145925585e-56,0,0,0
1384,1450,-6.4147763877324743e-27,1.2645407368382267e-23,0.0022649409925828944,2.864110151655878e-26,0,0,0
1385,1386,-2.5659105554731264e-26,9.1352338737482587e-24,0.00020109351428636475,1.8370362834998785e-27,0,0,0
1385,1449,6.4147763877481445e-27,4.6732446667732555e-37,0.00020109351428636475,9.3975919316144563e-41,0,0,0
1385,1450,0,2.1058833624214704e-39,0.00020109351428636475,4.2347948602651979e-43,0,0,0
1385,1451,-6.41477638868372e-27,2.2729969885792984e-23,0.00020109351428636475,4.5708495239573521e-27,0,0,0
1386,1387,1.8244808641941787e-23,-2.1410251002539058e-24,0.1040520445378965,-2.2277803908837372e-25,0,0,0
1386,1450,-2.5284399960376805e-23,1.0361598899945679e-23,0.4347959260280907,4.5051809888335274e-24,0,0,0
1386,1451,0,3.4049698756126622e-39,0.4347959260280907,1.4804670301647603e-39,0,0,0
1386,1452,4.5612021604854657e-24,2.4083849156449712e-22,1.2055375785764387e-12,2.9033985194866592e-34,0,0,0
1387,1388,1.3962758441434058e-23,9.65494991358246e-22,3.7760470532095698e-11,3.6457545170069036e-32,0,0,0
1387,1451,-4.5453524995197284e-23,2.0981417692419396e-23,0.1040520445378965,2.1831594081998328e-24,0,0,0
1387,1452,-6.4249151684908553e-54,4.0196803858732047e-38,1.2055375785764387e-12,4.8458757590367884e-50,0,0,0
1387,1453,3.4906896103585145e-24,2.4143721007999702e-22,1.8989464994101299e-12,4.5847634490875845e-34,0,0,0
1388,1389,1.9449527411579262e-21,-7.9808954656488397e-25,3.7760470532095698e-11,-3.0136236805036917e-35,0,0,0
1388,1452,-4.8623818528947976e-22,-8.9506359594919581e-37,3.7760470532095698e-11,-3.379802253919122e-47,0,0,0
1388,1453,-2.5709072170792264e-54,1.0568586078864912e-41,1.8989464994101299e-12,2.0069179538175156e-53,0,0,0
1388,1454,4.8624698796566679e-22,-6.4083526513989398e-11,3.7760470532095698e-11,-2.4198241145242699e-21,0,0,0
1389,1390,1.9433569545130362e-21,-2.8482827369007311e-12,8.7233104345795243e-11,-2.4846454519438874e-22,0,0,0
1389,1453,-4.8636510977035249e-22,2.6298462707669963e-25,1.8989464994101299e-12,4.9939373698597719e-37,0,0,0
1389,1454,1.7660672338075234e-42,-1.0672050995251131e-26,8.7233104345795243e-11,-9.3095613805238979e-37,0,0,0
1389,1455,4.8583936290419235e-22,-2.8409377329255661e-12,8.7233104345795243e-11,-2.4782381769620288e-22,0,0,0
1390,1391,-5.6965654718581047e-12,2.778962420874832e-12,1,2.778962420874832e-12,0,0,0
1390,1454,1.2816705302749254e-10,-6.3371455829764004e-11,1,-6.3371455829764004e-11,0,0,0
1390,1455,0,-3.5452758207494571e-28,1,-3.5452758207494571e-28,0,0,0
1390,1456,-1.4241413679645262e-12,7.1207068422548388e-13,0.00042886785213861042,3.0538422491465395e-16,0,0,0
1391,1392,-1.3864063010844137e-13,6.9320316013096007e-14,0.0028847469698949674,1.9997157157094031e-16,0,0,0
1391,1455,5.6818754653652929e-12,-2.8236076539190914e-12,1,-2.8236076539190914e-12,0,0,0
1391,1456,-4.3116875825378989e-46,2.8860379097843596e-30,0.00042886785213861042,1.237728879559823e-33,0,0,0
1391,1457,-3.4660157527110342e-14,1.7330079003273923e-14,1.6561094371838907e-07,2.8700507384464338e-21,0,0,0
1392,1393,1.9177506450781599e-21,-1.2487463161493846e-22,0.0028847469698949674,-3.6023171516794404e-25,0,0,0
1392,1456,-4.8644155436696071e-22,3.5019465487103194e-24,0.00042886785213861042,1.5018722946496143e-27,0,0,0
1392,1457,-2.5699651483048549e-54,-1.3281570331873165e-44,0.0028847469698949674,-3.831396977031801e-47,0,0,0
1392,1458,4.7943865523157654e-22,-4.9493922628681587e-11,0.0028847469698949674,-1.4277744333130516e-13,0,0,0
1393,1394,1.6680017515534443e-21,-6.0686113920090842e-12,5.5001869888198079e-14,-3.3378497418532027e-25,0,0,0
1393,1457,-4.7943750176320618e-22,3.1218578150567687e-23,1.6561094371838907e-07,5.1701381890617959e-30,0,0,0
1393,1458,0,-8.2423938722015563e-27,5.5001869888198079e-14,-4.5334707532611119e-40,0,0,0
1393,1459,4.1537192605739731e-22,-2.5039415821217047e-08,5.5001869888198079e-14,-1.3772146910750684e-21,0,0,0
1394,1395,-1.2137222782349765e-11,-9.094994532886603e-09,0.0042802522212481839,-3.8928870551627973e-11,0,0,0
1394,1458,9.898784525688372e-11,-4.7976769780648092e-11,0.0042802522212481839,-2.0535267542193174e-13,0,0,0
1394,1459,9.0422642370945198e-40,-4.1696477384782312e-24,0.0042802522212481839,-1.7847143994443915e-26,0,0,0
1394,1460,-3.0343056955818419e-12,-2.7009854377372906e-08,0.0042802522212481839,-1.1560898919434037e-10,0,0,0
1395,1396,-1.8202126288555555e-08,-6.664369373706795e-10,1,-6.664369373706795e-10,0,0,0
1395,1459,5.0078831642433678e-08,-2.2764150035147393e-08,1,-2.2764150035147393e-08,0,0,0
1395,1460,9.0422642370945198e-40,-4.1193891205078986e-24,1,-4.1193891205078986e-24,0,0,0
1395,1461,-4.5505315721388903e-09,-1.3723294616171738e-08,1,-1.3723294616171738e-08,0,0,0
1396,1397,-1.9535000163296914e-08,4.4462340036541033e-09,1,4.4462340036541033e-09,0,0,0
1396,1460,5.4022743060441387e-08,-2.4569496509808583e-08,1,-2.4569496509808583e-08,0,0,0
1396,1461,0,-2.257641637275888e-24,1,-2.257641637275888e-24,0,0,0
1396,1462,-4.8837500408242276e-09,-4.4664961831425673e-09,1,-4.4664961831425673e-09,0,0,0
1397,1398,-1.0642532155988709e-08,3.2370231894430957e-09,1,3.2370231894430957e-09,0,0,0
1397,1461,3.1997120804482363e-08,-1.4668243882742596e-08,1,-1.4668243882742596e-08,0,0,0
1397,1462,0,-9.2893271142859214e-25,1,-9.2893271142859214e-25,0,0,0
1397,1463,-2.6606330389971771e-09,-1.1299413517326379e-09,1,-1.1299413517326379e-09,0,0,0
1398,1399,-4.1684857771025164e-09,1.4158662328190945e-09,1,1.4158662328190945e-09,0,0,0
1398,1462,1.381674240710936e-08,-6.3873104814168665e-09,1,-6.3873104814168665e-09,0,0,0
1398,1463,0,-3.2294119863164541e-25,1,-3.2294119863164541e-25,0,0,0
1398,1464,-1.0421214442756291e-09,-2.4774699176996926e-10,1,-2.4774699176996926e-10,0,0,0
1399,1400,-1.3367533114643268e-09,4.8152517882890367e-10,1,4.8152517882890367e-10,0,0,0
1399,1463,4.9205157424624533e-09,-2.2931637072981855e-09,1,-2.2931637072981855e-09,0,0,0
1399,1464,-1.4128537870460187e-41,-1.0020543561163497e-25,1,-1.0020543561163497e-25,0,0,0
1399,1465,-3.3418832786608171e-10,-4.862514757957182e-11,1,-4.862514757957182e-11,0,0,0
1400,1401,-3.7370295380651961e-10,1.4011429873253438e-10,1,1.4011429873253438e-10,0,0,0
1400,1464,1.5376154278155678e-09,-7.2209484468196892e-10,1,-7.2209484468196892e-10,0,0,0
1400,1465,0,-2.8145226530517846e-26,1,-2.8145226530517846e-26,0,0,0
1400,1466,-9.342573845162989e-11,-7.1551301711266978e-12,1,-7.1551301711266978e-12,0,0,0
1401,1402,-9.3474356341450873e-11,3.6322036816167953e-11,1,3.6322036816167953e-11,0,0,0
1401,1465,4.3143862302522534e-10,-2.040350169699313e-10,1,-2.040350169699313e-10,0,0,0
1401,1466,0,-7.0249980589787675e-27,1,-7.0249980589787675e-27,0,0,0
1401,1467,-2.3368589085362718e-11,-4.7153040381181049e-14,1,-4.7153040381181049e-14,0,0,0
1402,1403,-2.0830282709114967e-11,8.3848490575273327e-12,1,8.3848490575273327e-12,0,0,0
1402,1466,1.0773599879388329e-10,-5.1264214058302277e-11,1,-5.1264214058302277e-11,0,0,0
1402,1467,0,-1.5200611177140512e-27,1,-1.5200611177140512e-27,0,0,0
1402,1468,-5.2075706772787418e-12,4.113173687755384e-13,1,4.113173687755384e-13,0,0,0
1403,1404,-4.0605845940603043e-12,1.6901079869758815e-12,1,1.6901079869758815e-12,0,0,0
1403,1467,2.3462895166125083e-11,-1.1223874508805003e-11,1,-1.1223874508805003e-11,0,0,0
1403,1468,0,-2.8059136607632634e-28,1,-2.8059136607632634e-28,0,0,0
1403,1469,-1.0151461485150761e-12,1.589709915478583e-13,1,1.589709915478583e-13,0,0,0
1404,1405,-6.8036862010854113e-13,2.9175216192073248e-13,1,2.9175216192073248e-13,0,0,0
1404,1468,4.3849359397276654e-12,-2.107421892350265e-12,1,-2.107421892350265e-12,0,0,0
1404,1469,0,-4.3890891787042676e-29,1,-4.3890891787042676e-29,0,0,0
1404,1470,-1.7009215502713528e-13,3.8043442856346195e-14,1,3.8043442856346195e-14,0,0,0
1405,1406,-9.6864296267076306e-14,4.2610020937332331e-14,1,4.2610020937332331e-14,0,0,0
1405,1469,6.9720416541935947e-13,-3.3649404567629526e-13,1,-3.3649404567629526e-13,0,0,0
1405,1470,8.6233751650757978e-46,-5.8111178575521066e-30,1,-5.8111178575521066e-30,0,0,0
1405,1471,-2.4216074066769083e-14,6.7376971645027111e-15,1,6.7376971645027111e-15,0,0,0
1406,1407,-1.1644254392411656e-14,5.2332217791320565e-15,1,5.2332217791320565e-15,0,0,0
1406,1470,9.4005269314442918e-14,-4.554710285817e-14,1,-4.554710285817e-14,0,0,0
1406,1471,0,-6.5194650841710735e-31,1,-6.5194650841710735e-31,0,0,0
1406,1472,-2.9110635981029139e-15,9.3565694995119343e-16,1,9.3565694995119343e-16,0,0,0
1407,1408,-1.1778108341475431e-15,5.3891968290234632e-16,1,5.3891968290234632e-16,0,0,0
1407,1471,1.0740679737763659e-14,-5.2231135146133871e-15,1,-5.2231135146133871e-15,0,0,0
1407,1472,0,-6.2058440858129421e-32,1,-6.2058440858129421e-32,0,0,0
1407,1473,-2.9445270853688576e-16,1.0462669573321542e-16,1,1.0462669573321542e-16,0,0,0
1408,1409,-9.997146834285043e-17,4.6437674908840912e-17,1,4.6437674908840912e-17,0,0,0
1408,1472,1.0397496982005271e-15,-5.0737841555740721e-16,1,-5.0737841555740721e-16,0,0,0
1408,1473,0,-5.0131940253002867e-33,1,-5.0131940253002867e-33,0,0,0
1408,1474,-2.4992867085712607e-17,9.549709704122494e-18,1,9.549709704122494e-18,0,0,0
1409,1410,-7.0961185251685977e-18,3.3385785426138037e-18,1,3.3385785426138037e-18,0,0,0
1409,1473,8.5199317070454892e-17,-4.1712643719581372e-17,1,-4.1712643719581372e-17,0,0,0
1409,1474,0,-3.4301045721902886e-34,1,-3.4301045721902886e-34,0,0,0
1409,1475,-1.7740296312921494e-18,7.1589549071775623e-19,1,7.1589549071775623e-19,0,0,0
1410,1411,-4.1896143994099106e-19,1.9928184953783192e-19,1,1.9928184953783192e-19,0,0,0
1410,1474,5.8934476774676194e-18,-2.8943536587411855e-18,1,-2.8943536587411855e-18,0,0,0
1410,1475,-3.2895565662673179e-51,-1.9775705229323716e-35,1,-1.9775705229323716e-35,0,0,0
1410,1476,-1.0474035998524775e-19,4.4107428461348212e-20,1,4.4107428461348212e-20,0,0,0
1411,1412,-2.0397740865327235e-20,9.794999161877178e-21,1,9.794999161877178e-21,0,0,0
1411,1475,3.4223864985663717e-19,-1.6856960732015263e-19,1,-1.6856960732015263e-19,0,0,0
1411,1476,0,-9.5141127028515641e-37,1,-9.5141127028515641e-37,0,0,0
1411,1477,-5.0994352163318102e-21,2.2230407461206371e-21,1,2.2230407461206371e-21,0,0,0
1412,1413,-8.0774254157288235e-22,3.9114422097906509e-22,1,3.9114422097906509e-22,0,0,0
1412,1476,1.6525503062551326e-20,-8.1617837135790526e-21,1,-8.1617837135790526e-21,0,0,0
1412,1477,0,-3.758810668530303e-38,1,-3.758810668530303e-38,0,0,0
1412,1478,-2.0193563539322059e-22,9.0644739369961607e-23,1,9.0644739369961607e-23,0,0,0
1413,1414,-2.5454099614752104e-23,1.24189832961173e-23,1,1.24189832961173e-23,0,0,0
1413,1477,6.5335372409053547e-22,-3.2349509959342377e-22,1,-3.2349509959342377e-22,0,0,0
1413,1478,0,-1.1892679965493943e-39,1,-1.1892679965493943e-39,0,0,0
1413,1479,-6.3635249036880261e-24,2.9307357585886792e-24,1,2.9307357585886792e-24,0,0,0
1414,1415,-6.1613302251750341e-25,3.0267352242472409e-25,1,3.0267352242472409e-25,0,0,0
1414,1478,2.0646156653297374e-23,-1.0246061698833999e-23,1,-1.0246061698833999e-23,0,0,0
1414,1479,0,-2.8978497175310299e-41,1,-2.8978497175310299e-41,0,0,0
1414,1480,-1.5403325562937585e-25,7.2604963867224559e-26,1,7.2604963867224559e-26,0,0,0
1415,1416,-1.0785977668055254e-26,5.3321158770565242e-27,1,5.3321158770565242e-27,0,0,0
1415,1479,5.0205338651066748e-25,-2.4967844604682687e-25,1,-2.4967844604682687e-25,0,0,0
1415,1480,0,-5.1016136964173617e-43,1,-5.1016136964173617e-43,0,0,0
1415,1481,-2.6964944170138134e-27,1.2983925297063286e-27,1,1.2983925297063286e-27,0,0,0
1416,1417,-1.2174591394220697e-28,6.0540126489373672e-29,1,6.0540126489373672e-29,0,0,0
1416,1480,8.8233278949267311e-27,-4.396445708220589e-27,1,-4.396445708220589e-27,0,0,0
1416,1481,-1.5318191453196657e-60,-5.7681259032164712e-45,1,-5.7681259032164712e-45,0,0,0
1416,1482,-3.0436478485551742e-29,1.4946450771265192e-29,1,1.4946450771265192e-29,0,0,0
1417,1418,-6.6566096345964117e-31,3.3283048172982058e-31,1,3.3283048172982058e-31,0,0,0
1417,1481,9.9709357601156535e-29,-4.9771471180145806e-29,1,-4.9771471180145806e-29,0,0,0
1417,1482,0,-3.1405020430567895e-47,1,-3.1405020430567895e-47,0,0,0
1417,1483,-1.6641524086491029e-31,8.3207620432455146e-32,1,8.3207620432455146e-32,0,0,0
1418,1419,0,-0,1,-0,0,0,0
1418,1482,5.4357694302135916e-31,-2.7178847151067958e-31,1,-2.7178847151067958e-31,0,0,0
1418,1483,0,-0,1,-0,0,0,0
1418,1484,0,-0,1,-0,0,0,0
1419,1420,0,-0,1,-0,0,0,0
1419,1483,0,-0,1,-0,0,0,0
1419,1484,0,-0,1,-0,0,0,0
1419,1485,0,-0,1,-0,0,0,0
1420,1421,0,-0,1,-0,0,0,0
1420,1484,0,-0,1,-0,0,0,0
1420,1485,0,-0,1,-0,0,0,0
1420,1486,0,-0,1,-0,0,0,0
1421,1422,0,-0,1,-0,0,0,0
1421,1485,0,-0,1,-0,0,0,0
1421,1486,0,-0,1,-0,0,0,0
1421,1487,0,-0,1,-0,0,0,0
1422,1423,0,-0,1,-0,0,0,0
1422,1486,0,-0,1,-0,0,0,0
1422,1487,0,-0,1,-0,0,0,0
1422,1488,0,-0,1,-0,0,0,0
1423,1424,0,-0,1,-0,0,0,0
1423,1487,0,-0,1,-0,0,0,0
1423,1488,0,-0,1,-0,0,0,0
1423,1489,0,-0,1,-0,0,0,0
1424,1425,0,-0,1,-0,0,0,0
1424,1488,0,-0,1,-0,0,0,0
1424,1489,0,-0,1,-0,0,0,0
1424,1490,0,-0,1,-0,0,0,0
1425,1426,0,-0,1,-0,0,0,0
1425,1489,0,-0,1,-0,0,0,0
1425,1490,0,-0,1,-0,0,0,0
1425,1491,0,-0,1,-0,0,0,0
1426,1427,0,-0,1,-0,0,0,0
1426,1490,0,-0,1,-0,0,0,0
1426,1491,0,-0,1,-0,0,0,0
1426,1492,0,-0,1,-0,0,0,0
1427,1428,0,-0,1,-0,0,0,0
1427,1491,0,-0,1,-0,0,0,0
1427,1492,0,-0,1,-0,0,0,0
1427,1493,0,-0,1,-0,0,0,0
1428,1429,0,-0,1,-0,0,0,0
1428,1492,0,-0,1,-0,0,0,0
1428,1493,0,-0,1,-0,0,0,0
1428,1494,0,-0,1,-0,0,0,0
1429,1493,0,-0,1,-0,0,0,0
1429,1494,0,-0,1,-0,0,0,0
1430,1431,0,-0,1,-0,0,0,0
1430,1495,0,-0,1,-0,0,0,0
1430,1496,0,-0,1,-0,0,0,0
1431,1432,0,-0,1,-0,0,0,0
1431,1495,0,-0,1,-0,0,0,0
1431,1496,0,-0,1,-0,0,0,0
1431,1497,0,-0,1,-0,0,0,0
1432,1433,0,-0,1,-0,0,0,0
1432,1496,0,-0,1,-0,0,0,0
1432,1497,0,-0,1,-0,0,0,0
1432,1498,0,-0,1,-0,0,0,0
1433,1434,0,-0,1,-0,0,0,0
1433,1497,0,-0,1,-0,0,0,0
1433,1498,0,-0,1,-0,0,0,0
1433,1499,0,-0,1,-0,0,0,0
1434,1435,0,-0,1,-0,0,0,0
1434,1498,0,-0,1,-0,0,0,0
1434,1499,0,-0,1,-0,0,0,0
1434,1500,0,-0,1,-0,0,0,0
1435,1436,0,-0,1,-0,0,0,0
1435,1499,0,-0,1,-0,0,0,0
1435,1500,0,-0,1,-0,0,0,0
1435,1501,0,-0,1,-0,0,0,0
1436,1437,0,-0,1,-0,0,0,0
1436,1500,0,-0,1,-0,0,0,0
1436,1501,0,-0,1,-0,0,0,0
1436,1502,0,-0,1,-0,0,0,0
1437,1438,0,-0,1,-0,0,0,0
1437,1501,0,-0,1,-0,0,0,0
1437,1502,0,-0,1,-0,0,0,0
1437,1503,0,-0,1,-0,0,0,0
1438,1439,0,-0,1,-0,0,0,0
1438,1502,0,-0,1,-0,0,0,0
1438,1503,0,-0,1,-0,0,0,0
1438,1504,0,-0,1,-0,0,0,0
1439,1440,0,-0,1,-0,0,0,0
1439,1503,0,-0,1,-0,0,0,0
1439,1504,0,-0,1,-0,0,0,0
1439,1505,0,-0,1,-0,0,0,0
1440,1441,0,-0,1,-0,0,0,0
1440,1504,0,-0,1,-0,0,0,0
1440,1505,0,-0,1,-0,0,0,0
1440,1506,0,1.4965815601282899e-58,0,0,0,0,0
1441,1442,0,4.0218924066017646e-58,0,0,0,0,0
1441,1505,0,-0,1,-0,0,0,0
1441,1506,0,2.4923089594257996e-74,0,0,0,0,0
1441,1507,0,4.1702264017788121e-58,0,0,0,0,0
1442,1443,0,8.054147894381883e-31,5.9581826716377517e-27,4.7988084419113819e-57,0,0,0
1442,1506,-2.9931631202565797e-58,4.9110845847784873e-59,5.9581826716377517e-27,2.9261139071974467e-85,0,0,0
1442,1507,9.6671379008939851e-90,5.2703729715914512e-74,5.9581826716377517e-27,3.1401844912404151e-100,0,0,0
1442,1508,2.0109462033008823e-58,3.2427709493571414e-58,5.9581826716377517e-27,1.9321021678550021e-84,0,0,0
1443,1444,1.6108295788763766e-30,-1.3741673102223612e-31,0.010442654321358011,-1.4349954200362455e-33,0,0,0
1443,1507,0,-2.0135369735954707e-31,0.010442654321358011,-2.1026670578530873e-33,0,0,0
1443,1508,0,-3.3532126635296234e-47,0.010442654321358011,-3.5016440711240025e-49,0,0,0
1443,1509,4.0270739471922526e-31,-3.0240866030551884e-27,0.010442654321358011,-3.1579491033555127e-29,0,0,0
1444,1445,1.3359961168315787e-30,-7.7237752777404271e-27,0.0028584984926081081,-2.2078399988664781e-29,0,0,0
1444,1508,0,-1.6699951460398807e-31,0.0028584984926081081,-4.7736786076178559e-34,0,0,0
1444,1509,0,-5.0360586515514915e-43,0.0028584984926081081,-1.4395566064145961e-45,0,0,0
1444,1510,3.3399902920811543e-31,-3.2062445186874931e-27,0.00033402018860615861,-1.0709503988494586e-30,0,0,0
1445,1446,-1.5446214559364022e-26,-5.1057499273516373e-27,0.00088904208791969793,-4.5392265758085459e-30,0,0,0
1445,1509,6.0477704987156575e-27,-1.0931084294373261e-27,1,-1.0931084294373261e-27,0,0,0
1445,1510,-4.9018212650229304e-59,-2.1238022994458431e-43,0.00033402018860615861,-7.0939284462309388e-47,0,0,0
1445,1511,-3.8615536398410054e-27,-1.2764361388191203e-27,1.7572546614305923e-05,-2.2430233549583656e-32,0,0,0
1446,1447,-2.5657714414067298e-26,-6.6306801307460292e-31,0.0014728683276515337,-9.7661187553641569e-34,0,0,0
1446,1510,6.412155038345778e-27,1.1367825855230333e-30,0.00088904208791969793,1.0106475633441501e-33,0,0,0
1446,1511,1.9607266361127545e-59,2.2365755730756981e-49,0.00088904208791969793,1.9884098172774136e-52,0,0,0
1446,1512,-6.4144286035179609e-27,1.870108203109354e-23,0.00088904208791969793,1.6626049015280947e-26,0,0,0
1447,1448,-2.565904055009344e-26,-3.2351122962502769e-32,0.38032490141840897,-1.2303937651488692e-32,0,0,0
1447,1511,6.4144259174792459e-27,1.6711002205764935e-31,0.0014728683276515337,2.461310587218609e-34,0,0,0
1447,1512,-4.0155719803067845e-55,3.1143558060543282e-39,0.0014728683276515337,4.587036027775083e-42,0,0,0
1447,1513,-6.4147601375231484e-27,4.1748414243293758e-24,0.0014728683276515337,6.1489917068623548e-27,0,0,0
1448,1449,-2.5659105252339369e-26,-1.4932660400888839e-34,0.049577029309669347,-7.4031694236620481e-36,0,0,0
1448,1512,-3.7395749633583563e-23,1.8701082204948323e-23,0.38032490141840897,7.1124872460145332e-24,0,0,0
1448,1513,0,6.9525076236428981e-40,0.38032490141840897,2.6442117765727219e-40,0,0,0
1448,1514,-6.4147763130759234e-27,7.9654022759416016e-23,0.38032490141840897,3.0294408353554601e-23,0,0,0
1449,1450,-2.5659105550987768e-26,5.0581629473529098e-23,0.049577029309669347,2.507686926939987e-24,0,0,0
1449,1513,-8.3432680885212283e-24,4.1748414324544882e-24,0.049577029309669347,2.0697623606001812e-25,0,0,0
1449,1514,-3.2124575842454276e-54,1.3265059510734211e-38,0.049577029309669347,6.5764224415817813e-40,0,0,0
1449,1515,-6.4147763877577922e-27,1.1377148106291473e-22,0.049577029309669347,5.6404520512606147e-24,0,0,0
1450,1451,1.011375998415072e-22,4.033825006964097e-23,1,4.033825006964097e-23,0,0,0
1450,1514,-1.5930163074251896e-22,6.7008615391071075e-23,1,6.7008615391071075e-23,0,0,0
1450,1515,0,1.6840874310841554e-38,1,1.6840874310841554e-38,0,0,0
1450,1516,2.5284399960376791e-23,2.3060828743643111e-22,7.4899710387643884e-13,1.7272493941979226e-34,0,0,0
1451,1452,1.8181409998078923e-22,8.8156932058856483e-22,1.2055375785764387e-12,1.0627649440896146e-33,0,0,0
1451,1515,-2.275365473494417e-22,9.1041511177122198e-23,0.9756914511752649,8.8828424157595459e-23,0,0,0
1451,1516,0,3.6724577532180223e-38,7.4899710387643884e-13,2.750660221268872e-50,0,0,0
1451,1517,4.5453524995197308e-23,2.2042269637853703e-22,1.1396589350323201e-13,2.5120669541171595e-35,0,0,0
1452,1453,1.9449527411579191e-21,2.5384896174549494e-25,1.8989464994101299e-12,4.8204559728550356e-37,0,0,0
1452,1516,-4.8650097483323895e-22,1.313947718796281e-25,7.4899710387643884e-13,9.8414303602346791e-38,0,0,0
1452,1517,3.8547922428140324e-54,5.0569933900048504e-42,1.1396589350323201e-13,5.7632477013184099e-55,0,0,0
1452,1518,4.8638220018118027e-22,-1.8673016791729224e-09,1.2055375785764387e-12,-2.2511023447818427e-21,0,0,0
1453,1454,1.9454651714468326e-21,-2.5633410605595785e-10,1.8989464994101299e-12,-4.8676475337438612e-22,0,0,0
1453,1517,-4.8629891775227141e-22,-3.3096009040585877e-26,1.8989464994101299e-12,-6.2847550512066559e-38,0,0,0
1453,1518,0,-3.1096819772084945e-25,1.8989464994101299e-12,-5.9051197048988414e-37,0,0,0
1453,1519,4.8636510977035249e-22,6.7932531443254378e-26,0.067361790269636582,4.5760569355659939e-27,0,0,0
1454,1455,-5.1266821210997017e-10,2.4497035512425453e-10,1,2.4497035512425453e-10,0,0,0
1454,1518,3.7346033583453575e-09,-1.8032181526589327e-09,1,-1.8032181526589327e-09,0,0,0
1454,1519,0,1.0672050995251185e-26,0.067361790269636582,7.1888846088897666e-28,0,0,0
1454,1520,-1.2816705302749254e-10,6.4083526513989489e-11,0.00016534621268389304,1.0595968404516005e-14,0,0,0
1455,1456,-2.2727501861461172e-11,1.136375093170347e-11,0.00042886785213861042,4.8735474543178003e-15,0,0,0
1455,1519,-4.8650100797348813e-22,2.8409377329258973e-12,0.067361790269636582,1.9137065173445112e-13,0,0,0
1455,1520,0,4.7311117239310391e-28,0.00016534621268389304,7.8227140533636147e-32,0,0,0
1455,1521,-5.6818754653652945e-12,2.8409376965338867e-12,0.24924917406876496,7.0810137444189085e-13,0,0,0
1456,1457,1.9457662174678425e-21,-1.4008105207508999e-23,0.00042886785213861042,-6.0076259928760678e-27,0,0,0
1456,1520,-4.8644052701924472e-22,-5.1367385795560601e-28,0.00042886785213861042,-2.2029820416117442e-31,0,0,0
1456,1521,0,-6.060482234522497e-36,0.00042886785213861042,-2.5991459988438694e-39,0,0,0
1456,1522,4.8867285418517332e-22,-5.6302807915704402e-08,0.00042886785213861042,-2.41464643001809e-11,0,0,0
1457,1458,1.9177546209263061e-21,-1.9797569051472635e-10,1.6561094371838907e-07,-3.2786940939443557e-17,0,0,0
1457,1521,7.2297519867182407e-20,-3.6388478684472806e-20,1.6561094371838907e-07,-6.0263302954120262e-27,0,0,0
1457,1522,0,-9.3763010548593861e-24,1.6561094371838907e-07,-1.5528180662829898e-30,0,0,0
1457,1523,4.5609466390616179e-22,-2.0908908743832848e-07,1.6561094371838907e-07,-3.4627441091878352e-14,0,0,0
1458,1459,-3.9595138102751989e-10,-9.9959687594353602e-08,0.29995670586548029,-2.9983578610144821e-08,0,0,0
1458,1522,1.1260561583140832e-07,-5.6253313993075712e-08,0.29995670586548029,-1.6873558759379517e-08,0,0,0
1458,1523,0,-3.4812085466912039e-23,0.29995670586548029,-1.0442118480962496e-23,0,0,0
1458,1524,-9.8987845256888115e-11,-2.2525710810009371e-07,0.29995670586548029,-6.7567380118488502e-08,0,0,0
1459,1460,-2.0031532656973468e-07,-7.8878228360154247e-09,1,-7.8878228360154247e-09,0,0,0
1459,1523,4.1817817487665649e-07,-1.8404967161711137e-07,1,-1.8404967161711137e-07,0,0,0
1459,1524,0,-3.3351186179670709e-23,1,-3.3351186179670709e-23,0,0,0
1459,1525,-5.0078831642433678e-08,-1.1969361630407847e-07,1,-1.1969361630407847e-07,0,0,0
1460,1461,-2.1609097224176557e-07,4.4051244511918053e-08,1,4.4051244511918053e-08,0,0,0
1460,1524,4.5061320404544428e-07,-1.9829523049250143e-07,1,-1.9829523049250143e-07,0,0,0
1460,1525,0,-1.9604594713463984e-23,1,-1.9604594713463984e-23,0,0,0
1460,1526,-5.4022743060441387e-08,-4.2521016544197293e-08,1,-4.2521016544197293e-08,0,0,0
1461,1462,-1.2798848321792945e-07,3.6360756794746006e-08,1,3.6360756794746006e-08,0,0,0
1461,1525,2.8946606425059065e-07,-1.2873447172305415e-07,1,-1.2873447172305415e-07,0,0,0
1461,1526,0,-8.9151732116949107e-24,1,-8.9151732116949107e-24,0,0,0
1461,1527,-3.199712080448237e-08,-1.1797225693824245e-08,1,-1.1797225693824245e-08,0,0,0
1462,1463,-5.5266969628437448e-08,1.7792453329293823e-08,1,1.7792453329293823e-08,0,0,0
1462,1526,1.3906477614883599e-07,-6.2624016870863317e-08,1,-6.2624016870863317e-08,0,0,0
1462,1527,4.5211321185472599e-40,-3.4784533407845751e-24,1,-3.4784533407845751e-24,0,0,0
1462,1528,-1.3816742407109362e-08,-2.9128024483411799e-09,1,-2.9128024483411799e-09,0,0,0
1463,1464,-1.9682062969849813e-08,6.765800629293771e-09,1,6.765800629293771e-09,0,0,0
1463,1527,5.5591572192130857e-08,-2.5335528224834206e-08,1,-2.5335528224834206e-08,0,0,0
1463,1528,-2.2605660592736299e-40,-1.225838727303081e-24,1,-1.225838727303081e-24,0,0,0
1463,1529,-4.9205157424624533e-09,-6.6390985535334003e-10,1,-6.6390985535334003e-10,0,0,0
1464,1465,-6.1504617112622712e-09,2.2123536095806851e-09,1,2.2123536095806851e-09,0,0,0
1464,1528,1.9642347303791724e-08,-9.0523659379880775e-09,1,-9.0523659379880775e-09,0,0,0
1464,1529,0,-3.9224623760327491e-25,1,-3.9224623760327491e-25,0,0,0
1464,1530,-1.5376154278155676e-09,-1.1247394493646986e-10,1,-1.1247394493646986e-10,0,0,0
1465,1466,-1.7257544921009016e-09,6.4740524846268419e-10,1,6.4740524846268419e-10,0,0,0
1465,1529,6.2483354531691334e-09,-2.9084484150719534e-09,1,-2.9084484150719534e-09,0,0,0
1465,1530,1.4128537870460187e-41,-1.108383963496731e-25,1,-1.108383963496731e-25,0,0,0
1465,1531,-4.3143862302522539e-10,2.3776462617714772e-13,1,2.3776462617714772e-13,0,0,0
1466,1467,-4.3094399517553318e-10,1.6854620725551642e-10,1,1.6854620725551642e-10,0,0,0
1466,1530,1.7625633176885075e-09,-8.2741365944731215e-10,1,-8.2741365944731215e-10,0,0,0
1466,1531,-3.5321344676150468e-42,-2.6914062227128105e-26,1,-2.6914062227128105e-26,0,0,0
1466,1532,-1.0773599879388331e-10,8.8390601910789369e-12,1,8.8390601910789369e-12,0,0,0
1467,1468,-9.3851580664500331e-11,3.8155918452794838e-11,1,3.8155918452794838e-11,0,0,0
1467,1531,4.3096309377287111e-10,-2.0375009930337299e-10,1,-2.0375009930337299e-10,0,0,0
1467,1532,0,-5.5451462792844059e-27,1,-5.5451462792844059e-27,0,0,0
1467,1533,-2.3462895166125083e-11,3.7299881320955546e-12,1,3.7299881320955546e-12,0,0,0
1468,1469,-1.7539743758910658e-11,7.3754635486166113e-12,1,7.3754635486166113e-12,0,0,0
1468,1532,9.0057878411725428e-11,-4.2836471235998884e-11,1,-4.2836471235998884e-11,0,0,0
1468,1533,0,-9.6739141382581738e-28,1,-9.6739141382581738e-28,0,0,0
1468,1534,-4.3849359397276654e-12,9.8328360808006227e-13,1,9.8328360808006227e-13,0,0,0
1469,1470,-2.7888166616774379e-12,1.2063977922098332e-12,1,1.2063977922098332e-12,0,0,0
1469,1533,1.6002918901933975e-11,-7.6528573682573066e-12,1,-7.6528573682573066e-12,0,0,0
1469,1534,-2.7594800528242553e-44,-1.4331573912186718e-28,1,-1.4331573912186718e-28,0,0,0
1469,1535,-6.9720416541935947e-13,1.9287452185335754e-13,1,1.9287452185335754e-13,0,0,0
1470,1471,-3.7602107725777167e-13,1.6652917915335852e-13,1,1.6652917915335852e-13,0,0,0
1470,1534,2.4183687235675413e-12,-1.1621817271265491e-12,1,-1.1621817271265491e-12,0,0,0
1470,1535,0,-1.8106337462536898e-29,1,-1.8106337462536898e-29,0,0,0
1470,1536,-9.4005269314442918e-14,2.9874626844490824e-14,1,2.9874626844490824e-14,0,0,0
1471,1472,-4.296271895105463e-14,1.9401860079126262e-14,1,1.9401860079126262e-14,0,0,0
1471,1535,3.1145512171264448e-13,-1.5035722098744042e-13,1,-1.5035722098744042e-13,0,0,0
1471,1536,4.3116875825378989e-46,-1.9580450500737105e-30,1,-1.9580450500737105e-30,0,0,0
1471,1537,-1.0740679737763658e-14,3.7598854923443594e-15,1,3.7598854923443594e-15,0,0,0
1472,1473,-4.1589987928021082e-15,1.9091007622601445e-15,1,1.9091007622601445e-15,0,0,0
1472,1536,3.4256015625461264e-14,-1.6608132963630369e-14,1,-1.6608132963630369e-14,0,0,0
1472,1537,2.6948047390861868e-47,-1.8161797523184145e-31,1,-1.8161797523184145e-31,0,0,0
1472,1538,-1.0397496982005271e-15,3.905507546422021e-16,1,3.905507546422021e-16,0,0,0
1473,1474,-3.4079726828181962e-16,1.5861173878597456e-16,1,1.5861173878597456e-16,0,0,0
1473,1537,3.2209087530749395e-15,-1.5678547180022423e-15,1,-1.5678547180022423e-15,0,0,0
1473,1538,0,-1.4442519833873913e-32,1,-1.4442519833873913e-32,0,0,0
1473,1539,-8.5199317070454892e-17,3.376229291278515e-17,1,3.376229291278515e-17,0,0,0
1474,1475,-2.3573790709870477e-17,1.1102418055221964e-17,1,1.1102418055221964e-17,0,0,0
1474,1538,2.5864818891612297e-16,-1.2637737061932767e-16,1,-1.2637737061932767e-16,0,0,0
1474,1539,2.1053162024110835e-49,-9.8098892071382514e-34,1,-9.8098892071382514e-34,0,0,0
1474,1540,-5.8934476774676194e-18,2.4364788349663458e-18,1,2.4364788349663458e-18,0,0,0
1475,1476,-1.3689545994265487e-18,6.5142629358817156e-19,1,6.5142629358817156e-19,0,0,0
1475,1539,1.7674731244884595e-17,-8.6662462975139801e-18,1,-8.6662462975139801e-18,0,0,0
1475,1540,0,-5.6475770533328279e-35,1,-5.6475770533328279e-35,0,0,0
1475,1541,-3.4223864985663717e-19,1.4651701201411104e-19,1,1.4651701201411104e-19,0,0,0
1476,1477,-6.6102012250205303e-20,3.1744298676921577e-20,1,3.1744298676921577e-20,0,0,0
1476,1540,1.0204900075349272e-18,-5.0198225223618792e-19,1,-5.0198225223618792e-19,0,0,0
1476,1541,4.1119457078341474e-52,-2.7210835889410544e-36,1,-2.7210835889410544e-36,0,0,0
1476,1542,-1.6525503062551326e-20,7.2895089695557914e-21,1,7.2895089695557914e-21,0,0,0
1477,1478,-2.6134148963621419e-21,1.2654151348744764e-21,1,1.2654151348744764e-21,0,0,0
1477,1541,4.9204625828415048e-20,-2.4275636052162257e-20,1,-2.4275636052162257e-20,0,0,0
1477,1542,-2.5699660673963421e-53,-1.0767481900674297e-37,1,-1.0767481900674297e-37,0,0,0
1477,1543,-6.5335372409053547e-22,2.9590840604510721e-22,1,2.9590840604510721e-22,0,0,0
1478,1479,-8.2584626613189497e-23,4.0288206533573412e-23,1,4.0288206533573412e-23,0,0,0
1478,1542,1.9464851234397436e-21,-9.6291948339322308e-22,1,-9.6291948339322308e-22,0,0,0
1478,1543,0,-3.4048393560434966e-39,1,-3.4048393560434966e-39,0,0,0
1478,1544,-2.0646156653297374e-23,9.575948961362167e-24,1,9.575948961362167e-24,0,0,0
1479,1480,-2.0082135460426699e-24,9.8646011723148162e-25,1,9.8646011723148162e-25,0,0,0
1479,1543,6.1536912000321059e-23,-3.05174293069052e-23,1,-3.05174293069052e-23,0,0,0
1479,1544,1.2548662438458702e-56,-8.2617691360063158e-41,1,-8.2617691360063158e-41,0,0,0
1479,1545,-5.0205338651066748e-25,2.3795472674313935e-25,1,2.3795472674313935e-25,0,0,0
1480,1481,-3.5293311579706924e-26,1.7447237074651145e-26,1,1.7447237074651145e-26,0,0,0
1480,1544,1.4942587305730432e-24,-7.4271770133905824e-25,1,-7.4271770133905824e-25,0,0,0
1480,1545,-3.9214570120183443e-58,-1.4422300961377054e-42,1,-1.4422300961377054e-42,0,0,0
1480,1546,-8.8233278949267311e-27,4.2651250734232973e-27,1,4.2651250734232973e-27,0,0,0
1481,1482,-3.9883743040462605e-28,1.9833156131627033e-28,1,1.9833156131627033e-28,0,0,0
1481,1545,2.6143933024388816e-26,-1.302211183339383e-26,1,-1.302211183339383e-26,0,0,0
1481,1546,0,-1.6101152950835403e-44,1,-1.6101152950835403e-44,0,0,0
1481,1547,-9.9709357601156513e-29,4.9065055785142807e-29,1,4.9065055785142807e-29,0,0,0
1482,1483,-2.1743077720854366e-30,1.0871538860427183e-30,1,1.0871538860427183e-30,0,0,0
1482,1546,2.9307774808013688e-28,-1.4626708556855775e-28,1,-1.4626708556855775e-28,0,0,0
1482,1547,-2.3934674145619777e-62,-8.623677504173242e-47,1,-8.623677504173242e-47,0,0,0
1482,1548,-5.4357694302135916e-31,2.7178847151067958e-31,1,2.7178847151067958e-31,0,0,0
1483,1484,0,-0,1,-0,0,0,0
1483,1547,1.5792460308709038e-30,-7.8962301543545189e-31,1,-7.8962301543545189e-31,0,0,0
1483,1548,0,-0,1,-0,0,0,0
1483,1549,0,-0,1,-0,0,0,0
1484,1485,0,-0,1,-0,0,0,0
1484,1548,0,-0,1,-0,0,0,0
1484,1549,0,-0,1,-0,0,0,0
1484,1550,0,-0,1,-0,0,0,0
1485,1486,0,-0,1,-0,0,0,0
1485,1549,0,-0,1,-0,0,0,0
1485,1550,0,-0,1,-0,0,0,0
1485,1551,0,-0,1,-0,0,0,0
1486,1487,0,-0,1,-0,0,0,0
1486,1550,0,-0,1,-0,0,0,0
1486,1551,0,-0,1,-0,0,0,0
1486,1552,0,-0,1,-0,0,0,0
1487,1488,0,-0,1,-0,0,0,0
1487,1551,0,-0,1,-0,0,0,0
1487,1552,0,-0,1,-0,0,0,0
1487,1553,0,-0,1,-0,0,0,0
1488,1489,0,-0,1,-0,0,0,0
1488,1552,0,-0,1,-0,0,0,0
1488,1553,0,-0,1,-0,0,0,0
1488,1554,0,-0,1,-0,0,0,0
1489,1490,0,-0,1,-0,0,0,0
1489,1553,0,-0,1,-0,0,0,0
1489,1554,0,-0,1,-0,0,0,0
1489,1555,0,-0,1,-0,0,0,0
1490,1491,0,-0,1,-0,0,0,0
1490,1554,0,-0,1,-0,0,0,0
1490,1555,0,-0,1,-0,0,0,0
1490,1556,0,-0,1,-0,0,0,0
1491,1492,0,-0,1,-0,0,0,0
1491,1555,0,-0,1,-0,0,0,0
1491,1556,0,-0,1,-0,0,0,0
1491,1557,0,-0,1,-0,0,0,0
1492,1493,0,-0,1,-0,0,0,0
1492,1556,0,-0,1,-0,0,0,0
1492,1557,0,-0,1,-0,0,0,0
1492,1558,0,-0,1,-0,0,0,0
1493,1494,0,-0,1,-0,0,0,0
1493,1557,0,-0,1,-0,0,0,0
1493,1558,0,-0,1,-0,0,0,0
1493,1559,0,-0,1,-0,0,0,0
1494,1558,0,-0,1,-0,0,0,0
1494,1559,0,-0,1,-0,0,0,0
1495,1496,0,-0,1,-0,0,0,0
1495,1560,0,-0,1,-0,0,0,0
1495,1561,0,-0,1,-0,0,0,0
1496,1497,0,-0,1,-0,0,0,0
1496,1560,0,-0,1,-0,0,0,0
1496,1561,0,-0,1,-0,0,0,0
1496,1562,0,-0,1,-0,0,0,0
1497,1498,0,-0,1,-0,0,0,0
1497,1561,0,-0,1,-0,0,0,0
1497,1562,0,-0,1,-0,0,0,0
1497,1563,0,-0,1,-0,0,0,0
1498,1499,0,-0,1,-0,0,0,0
1498,1562,0,-0,1,-0,0,0,0
1498,1563,0,-0,1,-0,0,0,0
1498,1564,0,-0,1,-0,0,0,0
1499,1500,0,-0,1,-0,0,0,0
1499,1563,0,-0,1,-0,0,0,0
1499,1564,0,-0,1,-0,0,0,0
1499,1565,0,-0,1,-0,0,0,0
1500,1501,0,-0,1,-0,0,0,0
1500,1564,0,-0,1,-0,0,0,0
1500,1565,0,-0,1,-0,0,0,0
1500,1566,0,-0,1,-0,0,0,0
1501,1502,0,-0,1,-0,0,0,0
1501,1565,0,-0,1,-0,0,0,0
1501,1566,0,-0,1,-0,0,0,0
1501,1567,0,-0,1,-0,0,0,0
1502,1503,0,-0,1,-0,0,0,0
1502,1566,0,-0,1,-0,0,0,0
1502,1567,0,-0,1,-0,0,0,0
1502,1568,0,-0,1,-0,0,0,0
1503,1504,0,-0,1,-0,0,0,0
1503,1567,0,-0,1,-0,0,0,0
1503,1568,0,-0,1,-0,0,0,0
1503,1569,0,-0,1,-0,0,0,0
1504,1505,0,-0,1,-0,0,0,0
1504,1568,0,-0,1,-0,0,0,0
1504,1569,0,-0,1,-0,0,0,0
1504,1570,0,-0,1,-0,0,0,0
1505,1506,0,5.9863262405131595e-58,0,0,0,0,0
1505,1569,0,-0,1,-0,0,0,0
1505,1570,0,-0,1,-0,0,0,0
1505,1571,0,3.1911395127730249e-58,0,0,0,0,0
1506,1507,1.1972652481026319e-57,1.0694579366602091e-57,0.0084094764003619232,8.9935812795237851e-60,0,0,0
1506,1570,0,-1.4965815601282899e-58,0,-0,0,0,0
1506,1571,4.8335689504469926e-90,2.8220058833817772e-74,1,2.8220058833817772e-74,0,0,0
1506,1572,2.9931631202565822e-58,1.3315046926747088e-57,1.5521663248206574e-30,2.0667167453103618e-87,0,0,0
1507,1508,3.3361811214230497e-57,3.1207059691508075e-59,0.00064241399502844537,2.0047851889512867e-62,0,0,0
1507,1571,-6.3822790255460498e-58,-9.7908688900578744e-59,0.0084094764003619232,-8.2336080869979428e-61,0,0,0
1507,1572,0,1.7721494413752545e-73,1.5521663248206574e-30,2.7506706854524099e-103,0,0,0
1507,1573,0,-1.1672537360180313e-27,0.0084094764003619232,-9.8159927462779214e-30,0,0,0
1508,1509,0,-1.2095540997431315e-26,0.00064241399502844537,-7.7703448141901975e-30,0,0,0
1508,1572,-2.9623256973750763e-57,1.0563384435867798e-57,1.5521663248206574e-30,1.6396129597488654e-87,0,0,0
1508,1573,0,-1.9438679599604301e-43,0.00064241399502844537,-1.2487679819659739e-46,0,0,0
1508,1574,0,-3.1843140839376373e-27,0.00049675117961126708,-1.5818117774487926e-30,0,0,0
1509,1510,-2.419108199486263e-26,-7.2876907926024115e-28,0.00033402018860615861,-2.4342358530484229e-31,0,0,0
1509,1573,2.334507472036063e-27,1.8566315133397972e-27,1,1.8566315133397972e-27,0,0,0
1509,1574,0,-2.6716767894642664e-44,0.00049675117961126708,-1.3271585967064172e-47,0,0,0
1509,1575,-6.0477704987156575e-27,6.3923975017042965e-28,1,6.3923975017042965e-28,0,0,0
1510,1511,-2.5648620153383112e-26,-4.5417582669361387e-30,1.7572546614305923e-05,-7.981025885664458e-35,0,0,0
1510,1574,6.3686281678752745e-27,2.1763435235251373e-29,0.00033402018860615861,7.2694267419965822e-33,0,0,0
1510,1575,0,1.3679591126283648e-43,0.00033402018860615861,4.5692596080563979e-47,0,0,0
1510,1576,-6.4121550383466397e-27,2.3853799398319605e-23,0.00033402018860615861,7.9676505740001876e-27,0,0,0
1511,1512,-2.5657703669923269e-26,7.4804328119002091e-23,1.7572546614305923e-05,1.3145025428229995e-27,0,0,0
1511,1575,4.7692909983747979e-27,8.22567459552224e-28,1.7572546614305923e-05,1.4454605026392657e-32,0,0,0
1511,1576,0,3.9724557866092927e-39,1.7572546614305923e-05,6.98061644834611e-44,0,0,0
1511,1577,-6.4144259174663495e-27,1.6506986056374638e-22,1.7572546614305923e-05,2.9006978193734123e-27,0,0,0
1512,1513,1.4958299853433425e-22,-5.8104963090124666e-23,0.84033557188931107,-4.8827667387947223e-23,0,0,0
1512,1576,-4.7701186641600854e-23,5.1527185040086469e-24,1,5.1527185040086469e-24,0,0,0
1512,1577,-3.2124575842454276e-54,2.4375298202205402e-38,1,2.4375298202205402e-38,0,0,0
1512,1578,3.7395749633583557e-23,2.1586501539921162e-22,1.4511393458540183e-10,3.1325021723917953e-32,0,0,0
1513,1514,3.3373072354084884e-23,3.0191672530799547e-22,0.84033557188931107,2.537113640246424e-22,0,0,0
1513,1577,-3.301333067015753e-22,1.6089501930652704e-22,0.84033557188931107,1.3520580806309215e-22,0,0,0
1513,1578,-6.4249151684908553e-54,3.8367851591127257e-38,1.4511393458540183e-10,5.5677099059772461e-48,0,0,0
1513,1579,8.343268088521221e-24,2.3256062082643959e-22,7.1203238107625883e-16,1.6559069259162276e-37,0,0,0
1514,1515,6.3720652297007594e-22,1.364698332138455e-22,1,1.364698332138455e-22,0,0,0
1514,1578,-4.6912578043200687e-22,1.5491207484474392e-22,1.4511393458540183e-10,2.2479900695509042e-32,0,0,0
1514,1579,-3.2124575842454276e-54,2.6159314631031404e-38,7.1203238107625883e-16,1.8626279084056307e-53,0,0,0
1514,1580,1.5930163074251889e-22,1.6319244466687241e-22,4.8153316084195911e-06,7.8582573705965584e-28,0,0,0
1515,1516,9.1014618939776679e-22,5.1792885496759459e-22,7.4899710387643884e-13,3.8792721238476844e-34,0,0,0
1515,1579,-4.7346450974140036e-22,1.2296398119597933e-22,7.1203238107625883e-16,8.7554336317589479e-38,0,0,0
1515,1580,-3.2124575842454276e-54,2.1495303264575562e-38,4.8153316084195911e-06,1.0350701324247552e-43,0,0,0
1515,1581,2.275365473494417e-22,1.3816973114963505e-22,0.4497423468594105,6.214077915217066e-23,0,0,0
1516,1517,1.9460038993329558e-21,-4.0411416193536097e-25,7.4899710387643884e-13,-3.0268033692503958e-37,0,0,0
1516,1580,-4.8568652007626375e-22,-4.0722737848764423e-25,7.4899710387643884e-13,-3.0501212710643994e-37,0,0,0
1516,1581,1.2046715940920354e-54,1.4467622779351232e-39,0.4497423468594105,6.5067026222620899e-40,0,0,0
1516,1582,4.8663671729273511e-22,-2.5654851610322192e-09,7.4899710387643884e-13,-1.9215409556511116e-21,0,0,0
1517,1518,1.9455288007247211e-21,-7.4692067166916895e-09,1.1396589350323201e-13,-8.5123481722811031e-22,0,0,0
1517,1581,-5.038760096487119e-22,8.788545948220251e-24,0.4497423468594105,3.9525812802343389e-24,0,0,0
1517,1582,0,-4.2723910426682228e-25,1.1396589350323201e-13,-4.8690686257288906e-38,0,0,0
1517,1583,4.8629891775227132e-22,1.0102854048384024e-25,0.91985278579659602,9.2931384409024632e-26,0,0,0
1518,1519,-1.493841343338143e-08,7.4692067166916895e-09,0.067361790269636582,5.0313913633034647e-10,0,0,0
1518,1582,5.130970322063952e-09,-6.9818348185929683e-10,1,-6.9818348185929683e-10,0,0,0
1518,1583,0,3.1096819772084945e-25,0.91985278579659602,2.8604496296767005e-25,0,0,0
1518,1584,-3.7346033583453575e-09,1.8619125765247826e-09,0.88957121586171495,1.6563038345273692e-09,0,0,0
1519,1520,1.9460038993329558e-21,-1.2089562798851939e-25,0.067361790269636582,-8.1437459370786497e-27,0,0,0
1519,1583,-4.8650097483323895e-22,-0,1,-0,0,0,0
1519,1584,-1.1037920211297021e-43,-8.9746587630492902e-28,0.067361790269636582,-6.0454908133808239e-29,0,0,0
1519,1585,4.5609466390616179e-22,-2.1429185401130736e-07,0.067361790269636582,-1.4435082926401267e-08,0,0,0
1520,1521,1.9457621080769996e-21,-1.4556792078840331e-19,0.00016534621268389304,-2.4069104390631429e-23,0,0,0
1520,1584,1.0778205295792464e-11,-5.3891026481394527e-12,0.00016534621268389304,-8.9106771263459714e-16,0,0,0
1520,1585,0,-3.5686762546944938e-23,0.00016534621268389304,-5.9006710300867459e-27,0,0,0
1520,1586,6.5156380558023107e-22,-8.4025977391992035e-07,0.00016534621268389304,-1.3893377128828303e-10,0,0,0
1521,1522,-2.8919659510678558e-19,-2.25211231662672e-07,0.24924917406876496,-5.6133713482930286e-08,0,0,0
1521,1585,4.2858370802261424e-07,-2.1429185401127096e-07,0.24924917406876496,-5.3412067621973646e-08,0,0,0
1521,1586,0,-1.3993136215082761e-22,0.24924917406876496,-3.4877776442411019e-23,0,0,0
1521,1587,-7.2193269658289606e-20,-1.2800158792306347e-06,0.24924917406876496,-3.1904290069313967e-07,0,0,0
1522,1523,-4.5042246332563331e-07,-6.111451180904963e-07,1,-6.111451180904963e-07,0,0,0
1522,1586,1.6805195478398401e-06,-7.8395696600421589e-07,1,-7.8395696600421589e-07,0,0,0
1522,1587,0,-2.0378916409629643e-22,1,-2.0378916409629643e-22,0,0,0
1522,1588,-1.1260561583140813e-07,-1.2353712408290715e-06,1,-1.2353712408290715e-06,0,0,0
1523,1524,-1.672712699506626e-06,-6.4870058337575634e-08,1,-6.4870058337575634e-08,0,0,0
1523,1587,2.5600317584613418e-06,-1.0709267917923427e-06,1,-1.0709267917923427e-06,0,0,0
1523,1588,0,-1.8028661252330292e-22,1,-1.8028661252330292e-22,0,0,0
1523,1589,-4.1817817487665649e-07,-7.1528708259869908e-07,1,-7.1528708259869908e-07,0,0,0
1524,1525,-1.8024528161817771e-06,3.2229427958970738e-07,1,3.2229427958970738e-07,0,0,0
1524,1588,2.5833480974895514e-06,-1.0663674467220536e-06,1,-1.0663674467220536e-06,0,0,0
1524,1589,1.4467622779351232e-38,-1.1641846953363657e-22,1,-1.1641846953363657e-22,0,0,0
1524,1590,-4.5061320404544428e-07,-2.8130348623907971e-07,1,-2.8130348623907971e-07,0,0,0
1525,1526,-1.1578642570023626e-06,3.0080257620350927e-07,1,3.0080257620350927e-07,0,0,0
1525,1589,1.8487523400740547e-06,-7.7964313791173187e-07,1,-7.7964313791173187e-07,0,0,0
1525,1590,-7.2338113896756158e-39,-6.0264635970948006e-23,1,-6.0264635970948006e-23,0,0,0
1525,1591,-2.8946606425059065e-07,-8.6916943979424238e-08,1,-8.6916943979424238e-08,0,0,0
1526,1527,-5.5625910459534395e-07,1.6694640791341025e-07,1,1.6694640791341025e-07,0,0,0
1526,1590,1.0132201765236036e-06,-4.3707770018738382e-07,1,-4.3707770018738382e-07,0,0,0
1526,1591,0,-2.6998001839190479e-23,1,-2.6998001839190479e-23,0,0,0
1526,1592,-1.3906477614883599e-07,-2.4949242760350893e-08,1,-2.4949242760350893e-08,0,0,0
1527,1528,-2.2236628876852343e-07,7.1898449776678272e-08,1,7.1898449776678272e-08,0,0,0
1527,1591,4.6329995220943912e-07,-2.0385419000865413e-07,1,-2.0385419000865413e-07,0,0,0
1527,1592,-1.808452847418904e-39,-1.1105424036823043e-23,1,-1.1105424036823043e-23,0,0,0
1527,1593,-5.5591572192130857e-08,-6.8446610270065699e-09,1,-6.8446610270065699e-09,0,0,0
1528,1529,-7.8569389215166898e-08,2.6788023701245182e-08,1,2.6788023701245182e-08,0,0,0
1528,1592,1.8896326166953774e-07,-8.4660457182873019e-08,1,-8.4660457182873019e-08,0,0,0
1528,1593,0,-4.1332393293252138e-24,1,-4.1332393293252138e-24,0,0,0
1528,1594,-1.9642347303791721e-08,-1.355379808263827e-09,1,-1.355379808263827e-09,0,0,0
1529,1530,-2.4993341812676534e-08,8.9715442709612517e-09,1,8.9715442709612517e-09,0,0,0
1529,1593,6.9280894246143999e-08,-3.1516279396487429e-08,1,-3.1516279396487429e-08,0,0,0
1529,1594,0,-1.3409916066867354e-24,1,-1.3409916066867354e-24,0,0,0
1529,1595,-6.2483354531691334e-09,3.1591493430729114e-11,1,3.1591493430729114e-11,0,0,0
1530,1531,-7.0502532707540285e-09,2.6632004478312724e-09,1,2.6632004478312724e-09,0,0,0
1530,1594,2.2353106920319375e-08,-1.0295271801315433e-08,1,-1.0295271801315433e-08,0,0,0
1530,1595,5.6514151481840749e-41,-3.6825452259407778e-25,1,-3.6825452259407778e-25,0,0,0
1530,1596,-1.7625633176885075e-09,1.5511312274776965e-10,1,1.5511312274776965e-10,0,0,0
1531,1532,-1.7238523750914844e-09,6.8181043072229132e-10,1,6.8181043072229132e-10,0,0,0
1531,1595,6.1851524663076749e-09,-2.8770946862674021e-09,1,-2.8770946862674021e-09,0,0,0
1531,1596,-1.4128537870460187e-41,-8.5046468069624255e-26,1,-8.5046468069624255e-26,0,0,0
1531,1597,-4.3096309377287111e-10,7.0807032931995658e-11,1,7.0807032931995658e-11,0,0,0
1532,1533,-3.6023151364690171e-10,1.4810991901958291e-10,1,1.4810991901958291e-10,0,0,0
1532,1596,1.452337072192968e-09,-6.8113959689062132e-10,1,-6.8113959689062132e-10,0,0,0
1532,1597,0,-1.6594321708181627e-26,1,-1.6594321708181627e-26,0,0,0
1532,1598,-9.0057878411725428e-11,2.0472439408274269e-11,1,2.0472439408274269e-11,0,0,0
1533,1534,-6.4011675607735901e-11,2.7169100356732867e-11,1,2.7169100356732867e-11,0,0,0
1533,1597,2.8934902790887977e-10,-1.3667305450347289e-10,1,-1.3667305450347289e-10,0,0,0
1533,1598,4.4151680845188085e-43,-2.7569680449626374e-27,1,-2.7569680449626374e-27,0,0,0
1533,1599,-1.6002918901933975e-11,4.4327722503241106e-12,1,4.4327722503241106e-12,0,0,0
1534,1535,-9.6734748942701651e-12,4.2138272037097928e-12,1,4.2138272037097928e-12,0,0,0
1534,1598,4.9112999595176896e-11,-2.3347315435804674e-11,1,-2.3347315435804674e-11,0,0,0
1534,1599,0,-3.9293615675547027e-28,1,-3.9293615675547027e-28,0,0,0
1534,1600,-2.4183687235675413e-12,7.6331834849963955e-13,1,7.6331834849963955e-13,0,0,0
1535,1536,-1.2458204868505777e-12,5.5439821217436642e-13,1,5.5439821217436642e-13,0,0,0
1535,1599,7.1373744012857533e-12,-3.4129596397865548e-12,1,-3.4129596397865548e-12,0,0,0
1535,1600,0,-4.8317758532169583e-29,1,-4.8317758532169583e-29,0,0,0
1535,1601,-3.1145512171264448e-13,1.0772213194420704e-13,1,1.0772213194420704e-13,0,0,0
1536,1537,-1.3702406250184505e-13,6.2070213744772643e-14,1,6.2070213744772643e-14,0,0,0
1536,1600,8.9173202656826168e-13,-4.287380054714002e-13,1,-4.287380054714002e-13,0,0,0
1536,1601,0,-5.1421235768375039e-30,1,-5.1421235768375039e-30,0,0,0
1536,1602,-3.4256015625461264e-14,1.2673439082827011e-14,1,1.2673439082827011e-14,0,0,0
1537,1538,-1.2883635012299758e-14,5.9245211283176335e-15,1,5.9245211283176335e-15,0,0,0
1537,1601,9.6010857824230377e-14,-4.6394974535577711e-14,1,-4.6394974535577711e-14,0,0,0
1537,1602,-1.0779218956344747e-46,-4.7364018596609861e-31,1,-4.7364018596609861e-31,0,0,0
1537,1603,-3.2209087530749395e-15,1.2551483303876044e-15,1,1.2551483303876044e-15,0,0,0
1538,1539,-1.0345927556644917e-15,4.819469153424767e-16,1,4.819469153424767e-16,0,0,0
1538,1602,8.909137459807241e-15,-4.3252446354455589e-15,1,-4.3252446354455589e-15,0,0,0
1538,1603,0,-3.7633554887695581e-32,1,-3.7633554887695581e-32,0,0,0
1538,1604,-2.5864818891612292e-16,1.0510437114502517e-16,1,1.0510437114502517e-16,0,0,0
1539,1540,-7.0698924979538382e-17,3.3308482474699334e-17,1,3.3308482474699334e-17,0,0,0
1539,1603,7.1061209229973054e-16,-3.4646868052742301e-16,1,-3.4646868052742301e-16,0,0,0
1539,1604,-4.2106324048221669e-49,-2.5616771521675973e-33,1,-2.5616771521675973e-33,0,0,0
1539,1605,-1.7674731244884595e-17,7.4396379104931839e-18,1,7.4396379104931839e-18,0,0,0
1540,1541,-4.0819600301397087e-18,1.9425707634130239e-18,1,1.9425707634130239e-18,0,0,0
1540,1604,4.8439446626072586e-17,-2.3709478309268832e-17,1,-2.3709478309268832e-17,0,0,0
1540,1605,0,-1.4779556048699346e-34,1,-1.4779556048699346e-34,0,0,0
1540,1606,-1.0204900075349272e-18,4.4288522627004761e-19,1,4.4288522627004761e-19,0,0,0
1541,1542,-1.9681850331366022e-19,9.4516281409950616e-20,1,9.4516281409950616e-20,0,0,0
1541,1605,2.795455423898226e-18,-1.3731253990349054e-18,1,-1.3731253990349054e-18,0,0,0
1541,1606,-8.2238914156682948e-52,-7.1205482482309063e-36,1,-7.1205482482309063e-36,0,0,0
1541,1607,-4.9204625828415048e-20,2.1943325360028843e-20,1,2.1943325360028843e-20,0,0,0
1542,1543,-7.7859404937589745e-21,3.7698964228788451e-21,1,3.7698964228788451e-21,0,0,0
1542,1606,1.3471955499483195e-19,-6.6386534935696111e-20,1,-6.6386534935696111e-20,0,0,0
1542,1607,5.1399321347926842e-53,-2.8073293564114991e-37,1,-2.8073293564114991e-37,0,0,0
1542,1608,-1.9464851234397436e-21,8.895831531971141e-22,1,8.895831531971141e-22,0,0,0
1543,1544,-2.4614764800128424e-22,1.2008530653949603e-22,1,1.2008530653949603e-22,0,0,0
1543,1607,5.3179751083573634e-21,-2.6282190981785217e-21,1,-2.6282190981785217e-21,0,0,0
1543,1608,0,-8.8081129927415235e-39,1,-8.8081129927415235e-39,0,0,0
1543,1609,-6.1536912000321059e-23,2.8753067068803385e-23,1,2.8753067068803385e-23,0,0,0
1544,1545,-5.9770349222921726e-24,2.9362295950973091e-24,1,2.9362295950973091e-24,0,0,0
1544,1608,1.6731881704551553e-22,-8.2912279157471254e-23,1,-8.2912279157471254e-23,0,0,0
1544,1609,0,-2.1120764571790872e-40,1,-2.1120764571790872e-40,0,0,0
1544,1610,-1.4942587305730432e-24,7.1225604974073229e-25,1,7.1225604974073229e-25,0,0,0
1545,1546,-1.0457573209755527e-25,5.1701710552617354e-26,1,5.1701710552617354e-26,0,0,0
1545,1609,4.0307778627143042e-24,-2.0023169648449577e-24,1,-2.0023169648449577e-24,0,0,0
1545,1610,0,-3.6306539497479787e-42,1,-3.6306539497479787e-42,0,0,0
1545,1611,-2.6143933024388816e-26,1.268643414062581e-26,1,1.268643414062581e-26,0,0,0
1546,1547,-1.1723109923205475e-27,5.8299700409853193e-28,1,5.8299700409853193e-28,0,0,0
1546,1610,6.97466310915787e-26,-3.4726776671749283e-26,1,-3.4726776671749283e-26,0,0,0
1546,1611,6.1272765812786629e-60,-3.9800412553779917e-44,1,-3.9800412553779917e-44,0,0,0
1546,1612,-2.9307774808013692e-28,1.4449499194667957e-28,1,1.4449499194667957e-28,0,0,0
1547,1548,-6.3169841234836151e-30,3.1584920617418075e-30,1,3.1584920617418075e-30,0,0,0
1547,1611,7.7106474313719071e-28,-3.8474274855315988e-28,1,-3.8474274855315988e-28,0,0,0
1547,1612,0,-2.0887609607835369e-46,1,-2.0887609607835369e-46,0,0,0
1547,1613,-1.5792460308709038e-30,7.8962301543545189e-31,1,7.8962301543545189e-31,0,0,0
1548,1549,0,-0,1,-0,0,0,0
1548,1612,4.0877641867777758e-30,-2.0438820933888879e-30,1,-2.0438820933888879e-30,0,0,0
1548,1613,0,-0,1,-0,0,0,0
1548,1614,0,-0,1,-0,0,0,0
1549,1550,0,-0,1,-0,0,0,0
1549,1613,0,-0,1,-0,0,0,0
1549,1614,0,-0,1,-0,0,0,0
1549,1615,0,-0,1,-0,0,0,0
1550,1551,0,-0,1,-0,0,0,0
1550,1614,0,-0,1,-0,0,0,0
1550,1615,0,-0,1,-0,0,0,0
1550,1616,0,-0,1,-0,0,0,0
1551,1552,0,-0,1,-0,0,0,0
1551,1615,0,-0,1,-0,0,0,0
1551,1616,0,-0,1,-0,0,0,0
1551,1617,0,-0,1,-0,0,0,0
1552,1553,0,-0,1,-0,0,0,0
1552,1616,0,-0,1,-0,0,0,0
1552,1617,0,-0,1,-0,0,0,0
1552,1618,0,-0,1,-0,0,0,0
1553,1554,0,-0,1,-0,0,0,0
1553,1617,0,-0,1,-0,0,0,0
1553,1618,0,-0,1,-0,0,0,0
1553,1619,0,-0,1,-0,0,0,0
1554,1555,0,-0,1,-0,0,0,0
1554,1618,0,-0,1,-0,0,0,0
1554,1619,0,-0,1,-0,0,0,0
1554,1620,0,-0,1,-0,0,0,0
1555,1556,0,-0,1,-0,0,0,0
1555,1619,0,-0,1,-0,0,0,0
1555,1620,0,-0,1,-0,0,0,0
1555,1621,0,-0,1,-0,0,0,0
1556,1557,0,-0,1,-0,0,0,0
1556,1620,0,-0,1,-0,0,0,0
1556,1621,0,-0,1,-0,0,0,0
1556,1622,0,-0,1,-0,0,0,0
1557,1558,0,-0,1,-0,0,0,0
1557,1621,0,-0,1,-0,0,0,0
1557,1622,0,-0,1,-0,0,0,0
1557,1623,0,-0,1,-0,0,0,0
1558,1559,0,-0,1,-0,0,0,0
1558,1622,0,-0,1,-0,0,0,0
1558,1623,0,-0,1,-0,0,0,0
1558,1624,0,-0,1,-0,0,0,0
1559,1623,0,-0,1,-0,0,0,0
1559,1624,0,-0,1,-0,0,0,0
1560,1561,0,-0,1,-0,0,0,0
1560,1625,0,-0,1,-0,0,0,0
1560,1626,0,-0,1,-0,0,0,0
1561,1562,0,-0,1,-0,0,0,0
1561,1625,0,-0,1,-0,0,0,0
1561,1626,0,-0,1,-0,0,0,0
1561,1627,0,-0,1,-0,0,0,0
1562,1563,0,-0,1,-0,0,0,0
1562,1626,0,-0,1,-0,0,0,0
1562,1627,0,-0,1,-0,0,0,0
1562,1628,0,-0,1,-0,0,0,0
1563,1564,0,-0,1,-0,0,0,0
1563,1627,0,-0,1,-0,0,0,0
1563,1628,0,-0,1,-0,0,0,0
1563,1629,0,-0,1,-0,0,0,0
1564,1565,0,-0,1,-0,0,0,0
1564,1628,0,-0,1,-0,0,0,0
1564,1629,0,-0,1,-0,0,0,0
1564,1630,0,-0,1,-0,0,0,0
1565,1566,0,-0,1,-0,0,0,0
1565,1629,0,-0,1,-0,0,0,0
1565,1630,0,-0,1,-0,0,0,0
1565,1631,0,-0,1,-0,0,0,0
1566,1567,0,-0,1,-0,0,0,0
1566,1630,0,-0,1,-0,0,0,0
1566,1631,0,-0,1,-0,0,0,0
1566,1632,0,-0,1,-0,0,0,0
1567,1568,0,-0,1,-0,0,0,0
1567,1631,0,-0,1,-0,0,0,0
1567,1632,0,-0,1,-0,0,0,0
1567,1633,0,-0,1,-0,0,0,0
1568,1569,0,-0,1,-0,0,0,0
1568,1632,0,-0,1,-0,0,0,0
1568,1633,0,-0,1,-0,0,0,0
1568,1634,0,-0,1,-0,0,0,0
1569,1570,0,-0,1,-0,0,0,0
1569,1633,0,-0,1,-0,0,0,0
1569,1634,0,-0,1,-0,0,0,0
1569,1635,0,5.1100879788830457e-59,0,0,0,0,0
1570,1571,0,1.27645580510921e-57,0,0,0,0,0
1570,1634,0,-0,1,-0,0,0,0
1570,1635,0,8.5100059980242859e-75,0,0,0,0,0
1570,1636,0,1.6731316451673599e-57,0,0,0,0,0
1571,1572,2.552911610218421e-57,4.648195589640941e-57,1.5521663248206574e-30,7.2147726654205683e-87,0,0,0
1571,1635,-1.0220175957766091e-58,-2.6801307148847205e-58,0.22414832766042886,-6.0074681765275978e-59,0,0,0
1571,1636,0,2.2548924292598994e-73,1,2.2548924292598994e-73,0,0,0
1571,1637,6.3822790255460483e-58,1.4199864864291012e-57,-0,-0,0,0,0
1572,1573,0,-4.6690149440721254e-27,1.5521663248206574e-30,-7.2470877662731586e-57,0,0,0
1572,1636,-3.3462632903347197e-57,1.9196879647982205e-58,1,1.9196879647982205e-58,0,0,0
1572,1637,0,4.295523753675687e-74,-0,-0,0,0,0
1572,1638,0,-1.3472809902859169e-27,1.5521663248206574e-30,-2.0912041831928275e-57,0,0,0
1573,1574,-9.3380298881442493e-27,-8.0682413916784258e-27,0.00049675117961126708,-4.007908428704709e-30,0,0,0
1573,1637,0,1.1672537360180313e-27,-0,-0,0,0,0
1573,1638,-6.1272765812786629e-60,-2.998056041223813e-44,1,-2.998056041223813e-44,0,0,0
1573,1639,-2.3345074720360623e-27,-1.6037563407444351e-27,0.00013702443860683357,-2.1975381225265593e-31,0,0,0
1574,1575,-2.5474512671501098e-26,3.198674339000954e-27,0.00049675117961126708,1.5889452510910138e-30,0,0,0
1574,1638,2.6945619805718338e-27,1.8370330936517209e-27,0.00049675117961126708,9.1254835625642772e-31,0,0,0
1574,1639,7.3527318975343955e-59,6.8828943740357405e-44,0.00049675117961126708,3.4190858994420077e-47,0,0,0
1574,1640,-6.3686281678726852e-27,5.482030946307658e-23,0.00049675117961126708,2.7232053392437998e-26,0,0,0
1575,1576,-1.9077163993504507e-26,9.541191186519847e-23,0.00010577434739384077,1.0092132711140021e-26,0,0,0
1575,1639,5.5420201535249341e-27,-3.8636457757506754e-28,0.00013702443860683357,-5.2941389339790028e-32,0,0,0
1575,1640,0,9.1292822958763718e-39,0.00010577434739384077,9.6564387702046749e-43,0,0,0
1575,1641,-4.7692909983688924e-27,2.0382516309235889e-22,0.00010577434739384077,2.1559473608537422e-26,0,0,0
1576,1577,1.9080474656640344e-22,5.6486424011994889e-22,1,5.6486424011994889e-22,0,0,0
1576,1640,-1.096342502979853e-22,3.0966531828192219e-23,1,3.0966531828192219e-23,0,0,0
1576,1641,-6.4249151684908553e-54,2.9971389557857837e-38,1,2.9971389557857837e-38,0,0,0
1576,1642,4.770118664160083e-23,2.1070562878804385e-22,1.2892390531482562e-12,2.7164992535170562e-34,0,0,0
1577,1578,1.3205332268063012e-21,2.7798494746086309e-22,1.4511393458540183e-10,4.033948948156205e-32,0,0,0
1577,1641,-4.0764555689371942e-22,3.8756125096072048e-23,1,3.8756125096072048e-23,0,0,0
1577,1642,0,1.1572337880970116e-38,1.2892390531482562e-12,1.491950993237361e-50,0,0,0
1577,1643,3.301333067015753e-22,6.9496236865215773e-23,2.297637073905831e-16,1.596771303184609e-38,0,0,0
1578,1579,1.8765031217280275e-21,8.6774586187870975e-24,7.1203238107625883e-16,6.1786315220256809e-39,0,0,0
1578,1642,-4.6911244421768851e-22,-6.6681071591460602e-27,1.4511393458540183e-10,-9.6763526610077108e-37,0,0,0
1578,1643,0,-0,1,-0,0,0,0
1578,1644,4.6912673538373996e-22,-7.5352566714742186e-12,1.4511393458540183e-10,-1.0934707437085225e-21,0,0,0
1579,1580,1.8938580389656014e-21,2.4444020669726639e-23,4.8153316084195911e-06,1.177060653677965e-28,0,0,0
1579,1643,-4.6912578043200687e-22,-2.1693646546967744e-24,7.1203238107625883e-16,-1.5446578805064202e-39,0,0,0
1579,1644,0,-1.2548723179700113e-27,7.1203238107625883e-16,-8.9350972451087141e-43,0,0,0
1579,1645,5.2125104446418485e-22,-1.1692065515005873e-06,7.1203238107625883e-16,-8.3251292483492459e-22,0,0,0
1580,1581,1.9427460803050546e-21,3.6378979144896221e-23,0.4497423468594105,1.6361167456975177e-23,0,0,0
1580,1644,1.507051334247931e-11,-7.5352566714824969e-12,4.8153316084195911e-06,-3.6284759627744268e-17,0,0,0
1580,1645,0,-1.9471200510277973e-22,4.8153316084195911e-06,-9.3760287271017203e-28,0,0,0
1580,1646,0,-3.1296862363928665e-06,4.8153316084195911e-06,-1.5070477058538318e-11,0,0,0
1581,1582,2.0157755235138399e-21,-1.0261940644128912e-08,0.4497423468594105,-4.6152292686225071e-09,0,0,0
1581,1645,2.3384131030011741e-06,-1.1692065515005873e-06,0.4497423468594105,-5.2584169843527231e-07,0,0,0
1581,1646,-5.7870491117404927e-38,-5.211974579243719e-22,0.4497423468594105,-2.3440456790406586e-22,0,0,0
1581,1647,0,-4.0199820806788442e-06,0.4497423468594105,-1.8079561752972796e-06,0,0,0
1582,1583,-2.0523881288255808e-08,1.0261940644128877e-08,0.91985278579659602,9.4394746891812619e-09,0,0,0
1582,1646,6.259372472785733e-06,-3.1271207512318343e-06,0.82501806942335454,-2.5799311250349979e-06,0,0,0
1582,1647,0,-6.6903426057826296e-22,0.82501806942335454,-5.5196535404036001e-22,0,0,0
1582,1648,-5.1309703220634673e-09,-4.5741094253321129e-06,0.82501806942335454,-3.7737229274186696e-06,0,0,0
1583,1584,1.9460060203088865e-21,-2.1556410592557931e-11,0.91985278579659602,-1.9828724335339664e-11,0,0,0
1583,1647,8.0399641613576885e-06,-4.0199820806788442e-06,0.91985278579659602,-3.6977917157648315e-06,0,0,0
1583,1648,0,-7.6216947927806533e-22,0.91985278579659602,-7.0108371876306932e-22,0,0,0
1583,1649,0,-4.7325366522618928e-06,0.91985278579659602,-4.3532370234675989e-06,0,0,0
1584,1585,-4.3112821183274124e-11,-8.5714585963463682e-07,0.88957121586171495,-7.6249228452601876e-07,0,0,0
1584,1648,9.1533498209862877e-06,-4.576669521390497e-06,0.88957121586171495,-4.0712734707405973e-06,0,0,0
1584,1649,0,-7.881247759676659e-22,0.88957121586171495,-7.0109311520829823e-22,0,0,0
1584,1650,-1.0778205295166968e-11,-4.8583636000174345e-06,0.88957121586171495,-4.3218604147658074e-06,0,0,0
1585,1586,-1.7143348320904567e-06,-2.5038716796344515e-06,1,-2.5038716796344515e-06,0,0,0
1585,1649,9.4650733045237856e-06,-4.5182447982505865e-06,1,-4.5182447982505865e-06,0,0,0
1585,1650,0,-7.7339420452994982e-22,1,-7.7339420452994982e-22,0,0,0
1585,1651,-4.2858370802261382e-07,-4.6043754264498074e-06,1,-4.6043754264498074e-06,0,0,0
1586,1587,-6.7220781913593594e-06,-1.7590244212430034e-06,1,-1.7590244212430034e-06,0,0,0
1586,1650,9.7167379782401643e-06,-4.018109215200163e-06,1,-4.018109215200163e-06,0,0,0
1586,1651,1.1574098223480985e-37,-6.6253794226553922e-22,1,-6.6253794226553922e-22,0,0,0
1586,1652,-1.6805195478398396e-06,-3.606502435892717e-06,1,-3.606502435892717e-06,0,0,0
1587,1588,-1.0240127033845366e-05,-4.663267805641947e-08,1,-4.663267805641947e-08,0,0,0
1587,1651,9.6373345609222275e-06,-3.5386514012304437e-06,1,-3.5386514012304437e-06,0,0,0
1587,1652,0,-5.2736920340389915e-22,1,-5.2736920340389915e-22,0,0,0
1587,1653,-2.5600317584613414e-06,-2.3866237380026687e-06,1,-2.3866237380026687e-06,0,0,0
1588,1589,-1.0333392389958205e-05,1.4691915148309939e-06,1,1.4691915148309939e-06,0,0,0
1588,1652,8.8935244196252732e-06,-3.1550881610678615e-06,1,-3.1550881610678615e-06,0,0,0
1588,1653,1.1574098223480985e-37,-3.955112185241968e-22,1,-3.955112185241968e-22,0,0,0
1588,1654,-2.5833480974895514e-06,-1.2094781829750371e-06,1,-1.2094781829750371e-06,0,0,0
1589,1590,-7.3950093602962189e-06,1.6710643271009016e-06,1,1.6710643271009016e-06,0,0,0
1589,1653,7.3332792344666792e-06,-2.7422634471963122e-06,1,-2.7422634471963122e-06,0,0,0
1589,1654,-5.7870491117404927e-38,-2.6258596325370078e-22,1,-2.6258596325370078e-22,0,0,0
1589,1655,-1.8487523400740547e-06,-4.1418364599142317e-07,1,-4.1418364599142317e-07,0,0,0
1590,1591,-4.0528807060944144e-06,1.0998404486283291e-06,1,1.0998404486283291e-06,0,0,0
1590,1654,5.0023044634396255e-06,-1.9945421434580108e-06,1,-1.9945421434580108e-06,0,0,0
1590,1655,0,-1.3854746146457468e-22,1,-1.3854746146457468e-22,0,0,0
1590,1656,-1.0132201765236036e-06,-1.494490864499596e-07,1,-1.494490864499596e-07,0,0,0
1591,1592,-1.8531998088377561e-06,5.4867338107980261e-07,1,5.4867338107980261e-07,0,0,0
1591,1655,2.6771196320569005e-06,-1.1069098399237307e-06,1,-1.1069098399237307e-06,0,0,0
1591,1656,1.4467622779351232e-38,-7.0678329623437365e-23,1,-7.0678329623437365e-23,0,0,0
1591,1657,-4.6329995220943907e-07,-5.2413075799730506e-08,1,-5.2413075799730506e-08,0,0,0
1592,1593,-7.5585304667815096e-07,2.3936473484678753e-07,1,2.3936473484678753e-07,0,0,0
1592,1656,1.3121183494235229e-06,-5.6157754387699251e-07,1,-5.6157754387699251e-07,0,0,0
1592,1657,0,-3.1571648806907538e-23,1,-3.1571648806907538e-23,0,0,0
1592,1658,-1.8896326166953774e-07,-1.2395617572397045e-08,1,-1.2395617572397045e-08,0,0,0
1593,1594,-2.7712357698457599e-07,9.385557465164924e-08,1,9.385557465164924e-08,0,0,0
1593,1657,5.681261038089001e-07,-2.4942260478137809e-07,1,-2.4942260478137809e-07,0,0,0
1593,1658,1.808452847418904e-39,-1.2029844001630979e-23,1,-1.2029844001630979e-23,0,0,0
1593,1659,-6.9280894246143999e-08,7.7064817803450945e-10,1,7.7064817803450945e-10,0,0,0
1594,1595,-8.9412427681277501e-08,3.2335908908023405e-08,1,3.2335908908023405e-08,0,0,0
1594,1658,2.1375449681433186e-07,-9.570069494700624e-08,1,-9.570069494700624e-08,0,0,0
1594,1659,4.5211321185472599e-40,-3.7791845461173335e-24,1,-3.7791845461173335e-24,0,0,0
1594,1660,-2.2353106920319378e-08,2.1680494478431861e-09,1,2.1680494478431861e-09,0,0,0
1595,1596,-2.47406098652307e-08,9.4656307882294134e-09,1,9.4656307882294134e-09,0,0,0
1595,1659,6.773959789007497e-08,-3.0777222711883655e-08,1,-3.0777222711883655e-08,0,0,0
1595,1660,0,-9.8519988486689436e-25,1,-9.8519988486689436e-25,0,0,0
1595,1661,-6.1851524663076749e-09,1.0672016238508642e-09,1,1.0672016238508642e-09,0,0,0
1596,1597,-5.8093482887718738e-09,2.3259760885681773e-09,1,2.3259760885681773e-09,0,0,0
1596,1660,1.8017008024633006e-08,-8.2823354762200186e-09,1,-8.2823354762200186e-09,0,0,0
1596,1661,0,-2.1636127443100221e-25,1,-2.1636127443100221e-25,0,0,0
1596,1662,-1.452337072192968e-09,3.3780159075816946e-10,1,3.3780159075816946e-10,0,0,0
1597,1598,-1.1573961116355191e-09,4.8047205662740574e-10,1,4.8047205662740574e-10,0,0,0
1597,1661,4.050749218605946e-09,-1.880700095348533e-09,1,-1.880700095348533e-09,0,0,0
1597,1662,0,-4.0582942237389603e-26,1,-4.0582942237389603e-26,0,0,0
1597,1663,-2.8934902790887977e-10,8.0664582427660588e-11,1,8.0664582427660588e-11,0,0,0
1598,1599,-1.9645199838070758e-10,8.3951250387782261e-11,1,8.3951250387782261e-11,0,0,0
1598,1662,7.7673389067662922e-10,-3.6381044554072618e-10,1,-3.6381044554072618e-10,0,0,0
1598,1663,0,-6.5703162459336621e-27,1,-6.5703162459336621e-27,0,0,0
1598,1664,-4.9112999595176896e-11,1.543702764897783e-11,1,1.543702764897783e-11,0,0,0
1599,1600,-2.8549497605143017e-11,1.2491284749434984e-11,1,1.2491284749434984e-11,0,0,0
1599,1663,1.2801986305355859e-10,-6.0441244326136411e-11,1,-6.0441244326136411e-11,0,0,0
1599,1664,0,-9.2439138809648044e-28,1,-9.2439138809648044e-28,0,0,0
1599,1665,-7.1373744012857533e-12,2.4421251980475123e-12,1,2.4421251980475123e-12,0,0,0
1600,1601,-3.5669281062730463e-12,1.5914423374880623e-12,1,1.5914423374880623e-12,0,0,0
1600,1664,1.823894429722123e-11,-8.6736061353264832e-12,1,-8.6736061353264832e-12,0,0,0
1600,1665,0,-1.133586540154997e-28,1,-1.133586540154997e-28,0,0,0
1600,1666,-8.9173202656826157e-13,3.2514744437673635e-13,1,3.2514744437673635e-13,0,0,0
1601,1602,-3.8404343129692151e-13,1.7420344072884625e-13,1,1.7420344072884625e-13,0,0,0
1601,1665,2.2531240051907287e-12,-1.0785565736832491e-12,1,-1.0785565736832491e-12,0,0,0
1601,1666,-1.7246750330151596e-45,-1.2109170332332703e-29,1,-1.2109170332332703e-29,0,0,0
1601,1667,-9.6010857824230377e-14,3.6810877071146175e-14,1,3.6810877071146175e-14,0,0,0
1602,1603,-3.5636549839228964e-14,1.639705073501502e-14,1,1.639705073501502e-14,0,0,0
1602,1666,2.4143713781478876e-13,-1.1626400017749079e-13,1,-1.1626400017749079e-13,0,0,0
1602,1667,0,-1.1224326653234233e-30,1,-1.1224326653234233e-30,0,0,0
1602,1668,-8.909137459807241e-15,3.5607532286853187e-15,1,3.5607532286853187e-15,0,0,0
1603,1604,-2.8424483691989222e-15,1.3243452913473158e-15,1,1.3243452913473158e-15,0,0,0
1603,1667,2.2389103681938017e-14,-1.0839245794819141e-14,1,-1.0839245794819141e-14,0,0,0
1603,1668,0,-8.9679839399298736e-32,1,-8.9679839399298736e-32,0,0,0
1603,1669,-7.1061209229973054e-16,2.9434078566088964e-16,1,2.9434078566088964e-16,0,0,0
1604,1605,-1.9375778650429037e-16,9.1287982404348735e-17,1,9.1287982404348735e-17,0,0,0
1604,1668,1.787631002436604e-15,-8.695957779052656e-16,1,-8.695957779052656e-16,0,0,0
1604,1669,0,-6.1193612137421243e-33,1,-6.1193612137421243e-33,0,0,0
1604,1670,-4.8439446626072586e-17,2.0705978586730501e-17,1,2.0705978586730501e-17,0,0,0
1605,1606,-1.1181821695592903e-17,5.3214717378067874e-18,1,5.3214717378067874e-18,0,0,0
1605,1669,1.2193052097795123e-16,-5.9567532777026491e-17,1,-5.9567532777026491e-17,0,0,0
1605,1670,-5.2632905060277086e-50,-3.5238762147560519e-34,1,-3.5238762147560519e-34,0,0,0
1605,1671,-2.795455423898226e-18,1.229087053013052e-18,1,1.229087053013052e-18,0,0,0
1606,1607,-5.388782199793278e-19,2.5880315977294921e-19,1,2.5880315977294921e-19,0,0,0
1606,1670,7.0274894526115865e-18,-3.4463849488083773e-18,1,-3.4463849488083773e-18,0,0,0
1606,1671,0,-1.6866654979127133e-35,1,-1.6866654979127133e-35,0,0,0
1606,1672,-1.3471955499483195e-19,6.0750919360944593e-20,1,6.0750919360944593e-20,0,0,0
1607,1608,-2.1271900433429454e-20,1.0301312582623697e-20,1,1.0301312582623697e-20,0,0,0
1607,1671,3.3728131787212168e-19,-1.6598167138188217e-19,1,-1.6598167138188217e-19,0,0,0
1607,1672,0,-6.5778558971263959e-37,1,-6.5778558971263959e-37,0,0,0
1607,1673,-5.3179751083573634e-21,2.4531875625591422e-21,1,2.4531875625591422e-21,0,0,0
1608,1609,-6.6927526818206211e-22,3.265760783656025e-22,1,3.265760783656025e-22,0,0,0
1608,1672,1.3217716272942761e-20,-6.5251987279486232e-21,1,-6.5251987279486232e-21,0,0,0
1608,1673,3.2124575842454276e-54,-2.0340493139278441e-38,1,-2.0340493139278441e-38,0,0,0
1608,1674,-1.6731881704551553e-22,7.8765724513547572e-23,1,7.8765724513547572e-23,0,0,0
1609,1610,-1.6123111450857217e-23,7.9220624632454521e-24,1,7.9220624632454521e-24,0,0,0
1609,1673,4.1159998323907946e-22,-2.0378460268818258e-22,1,-2.0378460268818258e-22,0,0,0
1609,1674,0,-4.7933242006465621e-40,1,-4.7933242006465621e-40,0,0,0
1609,1675,-4.0307778627143042e-24,1.9319909580412961e-24,1,1.9319909580412961e-24,0,0,0
1610,1611,-2.789865243663148e-25,1.3795113269688302e-25,1,1.3795113269688302e-25,0,0,0
1610,1674,9.7873680184203898e-24,-4.8588106936644054e-24,1,-4.8588106936644054e-24,0,0,0
1610,1675,0,-8.0809788477575702e-42,1,-8.0809788477575702e-42,0,0,0
1610,1676,-6.97466310915787e-26,3.3966800319036451e-26,1,3.3966800319036451e-26,0,0,0
1611,1612,-3.0842589725487625e-27,1.5339539579008257e-27,1,1.5339539579008257e-27,0,0,0
1611,1675,1.6679594663171158e-25,-8.3012440944287187e-26,1,-8.3012440944287187e-26,0,0,0
1611,1676,0,-8.6761074189086024e-44,1,-8.6761074189086024e-44,0,0,0
1611,1677,-7.7106474313719071e-28,3.8081277593353551e-28,1,3.8081277593353551e-28,0,0,0
1612,1613,-1.6351056747111103e-29,8.1755283735555517e-30,1,8.1755283735555517e-30,0,0,0
1612,1676,1.8130304535058081e-27,-9.0447134465951502e-28,1,-9.0447134465951502e-28,0,0,0
1612,1677,0,-4.4559581718966012e-46,1,-4.4559581718966012e-46,0,0,0
1612,1678,-4.0877641867777758e-30,2.0438820933888879e-30,1,2.0438820933888879e-30,0,0,0
1613,1614,0,-0,1,-0,0,0,0
1613,1677,9.4391912701196546e-30,-4.7195956350598273e-30,1,-4.7195956350598273e-30,0,0,0
1613,1678,0,-0,1,-0,0,0,0
1613,1679,0,-0,1,-0,0,0,0
1614,1615,0,-0,1,-0,0,0,0
1614,1678,0,-0,1,-0,0,0,0
1614,1679,0,-0,1,-0,0,0,0
1614,1680,0,-0,1,-0,0,0,0
1615,1616,0,-0,1,-0,0,0,0
1615,1679,0,-0,1,-0,0,0,0
1615,1680,0,-0,1,-0,0,0,0
1615,1681,0,-0,1,-0,0,0,0
1616,1617,0,-0,1,-0,0,0,0
1616,1680,0,-0,1,-0,0,0,0
1616,1681,0,-0,1,-0,0,0,0
1616,1682,0,-0,1,-0,0,0,0
1617,1618,0,-0,1,-0,0,0,0
1617,1681,0,-0,1,-0,0,0,0
1617,1682,0,-0,1,-0,0,0,0
1617,1683,0,-0,1,-0,0,0,0
1618,1619,0,-0,1,-0,0,0,0
1618,1682,0,-0,1,-0,0,0,0
1618,1683,0,-0,1,-0,0,0,0
1618,1684,0,-0,1,-0,0,0,0
1619,1620,0,-0,1,-0,0,0,0
1619,1683,0,-0,1,-0,0,0,0
1619,1684,0,-0,1,-0,0,0,0
1619,1685,0,-0,1,-0,0,0,0
1620,1621,0,-0,1,-0,0,0,0
1620,1684,0,-0,1,-0,0,0,0
1620,1685,0,-0,1,-0,0,0,0
1620,1686,0,-0,1,-0,0,0,0
1621,1622,0,-0,1,-0,0,0,0
1621,1685,0,-0,1,-0,0,0,0
1621,1686,0,-0,1,-0,0,0,0
1621,1687,0,-0,1,-0,0,0,0
1622,1623,0,-0,1,-0,0,0,0
1622,1686,0,-0,1,-0,0,0,0
1622,1687,0,-0,1,-0,0,0,0
1622,1688,0,-0,1,-0,0,0,0
1623,1624,0,-0,1,-0,0,0,0
1623,1687,0,-0,1,-0,0,0,0
1623,1688,0,-0,1,-0,0,0,0
1623,1689,0,-0,1,-0,0,0,0
1624,1688,0,-0,1,-0,0,0,0
1624,1689,0,-0,1,-0,0,0,0
1625,1626,0,-0,1,-0,0,0,0
1625,1690,0,-0,1,-0,0,0,0
1625,1691,0,-0,1,-0,0,0,0
1626,1627,0,-0,1,-0,0,0,0
1626,1690,0,-0,1,-0,0,0,0
1626,1691,0,-0,1,-0,0,0,0
1626,1692,0,-0,1,-0,0,0,0
1627,1628,0,-0,1,-0,0,0,0
1627,1691,0,-0,1,-0,0,0,0
1627,1692,0,-0,1,-0,0,0,0
1627,1693,0,-0,1,-0,0,0,0
1628,1629,0,-0,1,-0,0,0,0
1628,1692,0,-0,1,-0,0,0,0
1628,1693,0,-0,1,-0,0,0,0
1628,1694,0,-0,1,-0,0,0,0
1629,1630,0,-0,1,-0,0,0,0
1629,1693,0,-0,1,-0,0,0,0
1629,1694,0,-0,1,-0,0,0,0
1629,1695,0,-0,1,-0,0,0,0
1630,1631,0,-0,1,-0,0,0,0
1630,1694,0,-0,1,-0,0,0,0
1630,1695,0,-0,1,-0,0,0,0
1630,1696,0,-0,1,-0,0,0,0
1631,1632,0,-0,1,-0,0,0,0
1631,1695,0,-0,1,-0,0,0,0
1631,1696,0,-0,1,-0,0,0,0
1631,1697,0,-0,1,-0,0,0,0
1632,1633,0,-0,1,-0,0,0,0
1632,1696,0,-0,1,-0,0,0,0
1632,1697,0,-0,1,-0,0,0,0
1632,1698,0,-0,1,-0,0,0,0
1633,1634,0,-0,1,-0,0,0,0
1633,1697,0,-0,1,-0,0,0,0
1633,1698,0,-0,1,-0,0,0,0
1633,1699,0,-0,1,-0,0,0,0
1634,1635,0,2.0440351915532183e-58,0,0,0,0,0
1634,1698,0,-0,1,-0,0,0,0
1634,1699,0,-0,1,-0,0,0,0
1634,1700,0,1.2512386081127343e-58,0,0,0,0,0
1635,1636,4.0880703831064436e-58,6.4881230615141168e-57,0.22414832766042886,1.4543019338934511e-57,0,0,0
1635,1699,0,-5.1100879788830457e-59,0,-0,0,0,0
1635,1700,-2.4167844752234963e-90,1.2327302682376086e-74,0.22414832766042886,2.7631442808185184e-75,0,0,0
1635,1701,1.0220175957766074e-58,1.6220541120056625e-57,0.00094788627835790346,1.5375228355241812e-60,0,0,0
1636,1637,1.3385053161338879e-56,2.6387517015617471e-58,-0,-0,0,0,0
1636,1700,-2.5024772162254667e-58,-1.5480077843560865e-57,0.5414219645118743,-8.3812541568574625e-58,0,0,0
1636,1701,-7.7341823489330053e-90,3.8879944485422352e-78,0.00094788627835790346,3.6853765881048887e-81,0,0,0
1636,1702,3.3462632903347197e-57,-1.4697269138248185e-57,1,-1.4697269138248185e-57,0,0,0
1637,1638,0,-5.3891239611436675e-27,-0,0,0,0,0
1637,1701,-3.3463099835889858e-57,-6.5945445911910789e-59,-0,0,0,0,0
1637,1702,0,-2.5574470980347311e-73,-0,0,0,0,0
1637,1703,0,-1.070860458708982e-27,-0,0,0,0,0
1638,1639,-1.0778247922287335e-26,-5.6949163459061984e-27,0.00013702443860683357,-7.8034271521067687e-31,0,0,0
1638,1702,0,1.3472809902859169e-27,8.1049291921994428e-30,1.0919617028263701e-56,0,0,0
1638,1703,0,4.6033265795375787e-44,1,4.6033265795375787e-44,0,0,0
1638,1704,-2.6945619805718341e-27,-2.9829749432663651e-28,0.00015954735198696584,-4.7592575324161823e-32,0,0,0
1639,1640,-2.2168080614098746e-26,2.1927958463627766e-22,0.00013702443860683357,3.0046661982725597e-26,0,0,0
1639,1703,2.1417209174179641e-27,1.7001496180534846e-27,0.00013702443860683357,2.3296204696140127e-31,0,0,0
1639,1704,-2.4509106325114652e-59,1.8742200993680741e-43,0.00013702443860683357,2.5681395694155417e-47,0,0,0
1639,1705,-5.5420201535246865e-27,5.9100895131150582e-23,0.00013702443860683357,8.0982669765072517e-27,0,0,0
1640,1641,4.3853700119194128e-22,5.9602261319146815e-22,1,5.9602261319146815e-22,0,0,0
1640,1704,3.2911569692198174e-27,-5.4818770727477255e-23,0.00015954735198696584,-8.7461897087495925e-27,0,0,0
1640,1705,-7.0272509655368737e-55,7.1292954408017274e-40,1,7.1292954408017274e-40,0,0,0
1640,1706,1.096342502979853e-22,1.5937973447639378e-22,1,1.5937973447639378e-22,0,0,0
1641,1642,1.6305822275748777e-21,1.2293377464793828e-22,1.2892390531482562e-12,1.5849102322704904e-34,0,0,0
1641,1705,-1.1819624824214763e-22,-1.4472465432578588e-22,1,-1.4472465432578588e-22,0,0,0
1641,1706,1.2046715940920354e-54,1.7276315675596303e-39,1,1.7276315675596303e-39,0,0,0
1641,1707,4.0764555689371942e-22,2.7103324854761095e-23,3.28549844862003e-16,8.9047931762762277e-39,0,0,0
1642,1643,1.8764497768707541e-21,2.6672428636584241e-26,2.297637073905831e-16,6.1283560886523504e-42,0,0,0
1642,1706,-4.2839371925077287e-22,-2.0359362483457832e-23,1.2892390531482562e-12,-2.6248085210875308e-35,0,0,0
1642,1707,2.6101217871994098e-54,-6.0453622228564696e-40,1.2892390531482562e-12,-7.7939170681337122e-52,0,0,0
1642,1708,4.690750365954554e-22,-5.4938236063405181e-10,1.2892390531482562e-12,-7.0828519444019879e-22,0,0,0
1643,1644,1.8765069415349599e-21,-3.0141026685896874e-11,2.297637073905831e-16,-6.9253140359101668e-27,0,0,0
1643,1707,-4.6185220660324162e-22,-3.6367869143826205e-24,2.297637073905831e-16,-8.3560164443810998e-40,0,0,0
1643,1708,-1.4128537870460187e-41,-9.1490541914826871e-26,2.297637073905831e-16,-2.102120610152416e-41,0,0,0
1643,1709,5.2125104446418485e-22,-1.3239605214974002e-06,2.297637073905831e-16,-3.0419807785801245e-22,0,0,0
1644,1645,-6.0282053369778259e-11,-4.6767960649756633e-06,0.00018286247639440464,-8.5521051003305671e-10,0,0,0
1644,1708,1.0987647212676346e-09,-5.4184710396257765e-10,0.00018286247639440464,-9.9083503257733365e-14,0,0,0
1644,1709,0,-2.2048246332685364e-22,0.00018286247639440464,-4.031796924548696e-26,0,0,0
1644,1710,-1.5070513342705191e-11,-2.8457222097682704e-06,0.00018286247639440464,-5.2037581040878332e-10,0,0,0
1645,1646,-9.3536524120046981e-06,-7.8419187395691178e-06,1,-7.8419187395691178e-06,0,0,0
1645,1709,2.6479210429947999e-06,-1.5475396999681291e-07,1,-1.5475396999681291e-07,0,0,0
1645,1710,0,-2.7919719761532548e-22,1,-2.7919719761532548e-22,0,0,0
1645,1711,-2.3384131030011737e-06,-2.8187721547907205e-06,1,-2.8187721547907205e-06,0,0,0
1646,1647,-2.5037489891142932e-05,-3.5611833771439105e-06,1,-3.5611833771439105e-06,0,0,0
1646,1710,5.691459490049885e-06,2.8395649136792473e-07,1,2.8395649136792473e-07,0,0,0
1646,1711,2.8935245558702463e-38,-1.4293440929154655e-22,1,-1.4293440929154655e-22,0,0,0
1646,1712,-6.259372472785733e-06,-1.4957881986488754e-06,1,-1.4957881986488754e-06,0,0,0
1647,1648,-3.2159856645430754e-05,-2.2267713192572014e-06,1,-2.2267713192572014e-06,0,0,0
1647,1711,7.9759574125826151e-06,3.200337438753665e-08,1,3.200337438753665e-08,0,0,0
1647,1712,-5.7870491117404927e-38,-1.0083473295722761e-22,1,-1.0083473295722761e-22,0,0,0
1647,1713,-8.0399641613576885e-06,-8.2612442518379948e-07,1,-8.2612442518379948e-07,0,0,0
1648,1649,-3.6613399283945151e-05,-6.2344696707499561e-07,1,-6.2344696707499561e-07,0,0,0
1648,1712,9.2509488700834847e-06,-4.8799524548597611e-08,1,-4.8799524548597611e-08,0,0,0
1648,1713,-2.1701434169026848e-38,-4.4869374111106026e-23,1,-4.4869374111106026e-23,0,0,0
1648,1714,-9.1533498209862894e-06,-3.7202302924355527e-07,1,-3.7202302924355527e-07,0,0,0
1649,1650,-3.7860293218095149e-05,-5.0332934743275661e-07,1,-5.0332934743275661e-07,0,0,0
1649,1713,9.6922130117252847e-06,-1.1356985360075028e-07,1,-1.1356985360075028e-07,0,0,0
1649,1714,5.0636679727729316e-38,-3.5998085758072148e-23,1,-3.5998085758072148e-23,0,0,0
1649,1715,-9.4650733045237856e-06,-2.6974585211284727e-07,1,-2.6974585211284727e-07,0,0,0
1650,1651,-3.8866951912960657e-05,1.5880683463587259e-07,1,1.5880683463587259e-07,0,0,0
1650,1714,9.8973958794734002e-06,-9.0328950616617227e-08,1,-9.0328950616617227e-08,0,0,0
1650,1715,-2.1701434169026848e-38,-2.3966414728569778e-23,1,-2.3966414728569778e-23,0,0,0
1650,1716,-9.7167379782401643e-06,-1.4964383139273618e-07,0.48296826735305409,-7.2273221967822356e-08,0,0,0
1651,1652,-3.854933824368891e-05,1.4876202825939093e-06,1,1.4876202825939093e-06,0,0,0
1651,1715,1.0004565008749481e-05,-1.8361522391362626e-07,1,-1.8361522391362626e-07,0,0,0
1651,1716,-2.1701434169026848e-38,-3.1532366726323052e-23,0.48296826735305409,-1.5229132523353338e-23,0,0,0
1651,1717,-9.6373345609222275e-06,-1.8934554005170433e-07,0.24836109378687593,-4.7026065430908012e-08,0,0,0
1652,1653,-3.5574097678501099e-05,3.120490370317191e-06,1,3.120490370317191e-06,0,0,0
1652,1716,1.0016025641025638e-05,-5.6125061070018159e-07,0.48296826735305409,-2.7106623500071019e-07,0,0,0
1652,1717,-1.4467622779351232e-38,-9.3467002587640837e-23,0.24836109378687593,-2.3213566995647242e-23,0,0,0
1652,1718,-8.8935244196252749e-06,-5.61248750939585e-07,0.23139702942792154,-1.2987129373755136e-07,0,0,0
1653,1654,-2.9333116937866717e-05,4.6619495420541056e-06,1,4.6619495420541056e-06,0,0,0
1653,1717,1.0016025641025638e-05,-1.3413732032794794e-06,0.24836109378687593,-3.3314491594289698e-07,0,0,0
1653,1718,0,-2.2338320252205669e-22,0.23139702942792154,-5.1690209487699706e-23,0,0,0
1653,1719,-7.3332792344666792e-06,-8.9549585950762193e-07,1,-8.9549585950762193e-07,0,0,0
1654,1655,-2.0009217853758502e-05,4.6503696627654491e-06,1,4.6503696627654491e-06,0,0,0
1654,1718,1.0016021921504444e-05,-2.5068587290324094e-06,0.23139702942792154,-5.8007966309355446e-07,0,0,0
1654,1719,0,-3.4322265779837258e-22,1,-3.4322265779837258e-22,0,0,0
1654,1720,-5.0023044634396255e-06,-5.5866083906716228e-07,1,-5.5866083906716228e-07,0,0,0
1655,1656,-1.0708478528227602e-05,2.7300025652667557e-06,1,2.7300025652667557e-06,0,0,0
1655,1719,9.124270953481922e-06,-3.2235756607125107e-06,1,-3.2235756607125107e-06,0,0,0
1655,1720,0,-2.8664624919658577e-22,1,-2.8664624919658577e-22,0,0,0
1655,1721,-2.6771196320569005e-06,-2.9917137724752777e-07,1,-2.9917137724752777e-07,0,0,0
1656,1657,-5.2484733976940916e-06,1.4879844912292456e-06,1,1.4879844912292456e-06,0,0,0
1656,1720,6.11962614157395e-06,-2.4037538960752138e-06,1,-2.4037538960752138e-06,0,0,0
1656,1721,-2.8935245558702463e-38,-1.634812316460372e-22,1,-1.634812316460372e-22,0,0,0
1656,1722,-1.3121183494235229e-06,-8.4208638949180667e-08,1,-8.4208638949180667e-08,0,0,0
1657,1658,-2.2725044152356004e-06,7.0874321398913653e-07,1,7.0874321398913653e-07,0,0,0
1657,1721,3.2754623865519563e-06,-1.3536681413715279e-06,1,-1.3536681413715279e-06,0,0,0
1657,1722,1.4467622779351232e-38,-7.5973354566853775e-23,1,-7.5973354566853775e-23,0,0,0
1657,1723,-5.681261038089001e-07,9.9559118837282042e-09,1,9.9559118837282042e-09,0,0,0
1658,1659,-8.5501798725732744e-07,2.9202979784851378e-07,1,2.9202979784851378e-07,0,0,0
1658,1722,1.4805356273218842e-06,-6.3339056525377628e-07,1,-6.3339056525377628e-07,0,0,0
1658,1723,-3.6169056948378079e-39,-2.7849371411240889e-23,1,-2.7849371411240889e-23,0,0,0
1658,1724,-2.1375449681433186e-07,2.3283546950054411e-08,1,2.3283546950054411e-08,0,0,0
1659,1660,-2.7095839156029988e-07,9.9445179730883954e-08,1,9.9445179730883954e-08,0,0,0
1659,1723,5.4821428004144365e-07,-2.4023734107568438e-07,1,-2.4023734107568438e-07,0,0,0
1659,1724,0,-8.2806932164681908e-24,1,-8.2806932164681908e-24,0,0,0
1659,1725,-6.7739597890074983e-08,1.2425365282528425e-08,1,1.2425365282528425e-08,0,0,0
1660,1661,-7.2068032098532012e-08,2.7932517612054114e-08,1,2.7932517612054114e-08,0,0,0
1660,1724,1.6718740291422304e-07,-7.4585197444795016e-08,1,-7.4585197444795016e-08,0,0,0
1660,1725,-4.5211321185472599e-40,-2.0709983145393688e-24,1,-2.0709983145393688e-24,0,0,0
1660,1726,-1.8017008024633006e-08,4.3116651893029226e-09,1,4.3116651893029226e-09,0,0,0
1661,1662,-1.6202996874423784e-08,6.5480306558586332e-09,1,6.5480306558586332e-09,0,0,0
1661,1725,4.2888867325018131e-08,-1.9419059053206092e-08,1,-1.9419059053206092e-08,0,0,0
1661,1726,-5.6514151481840749e-41,-4.4488816192854857e-25,1,-4.4488816192854857e-25,0,0,0
1661,1727,-4.050749218605946e-09,1.138239559486317e-09,1,1.138239559486317e-09,0,0,0
1662,1663,-3.1069355627065169e-09,1.2974280552461413e-09,1,1.2974280552461413e-09,0,0,0
1662,1726,9.393677646027161e-09,-4.3084718776752658e-09,1,-4.3084718776752658e-09,0,0,0
1662,1727,0,-8.3061575031075116e-26,1,-8.3061575031075116e-26,0,0,0
1662,1728,-7.7673389067662922e-10,2.429722828446137e-10,1,2.429722828446137e-10,0,0,0
1663,1664,-5.1207945221423437e-10,2.1956183751267471e-10,1,2.1956183751267471e-10,0,0,0
1663,1727,1.7742700996333122e-09,-8.2312511828987688e-10,1,-8.2312511828987688e-10,0,0,0
1663,1728,-1.7660672338075234e-42,-1.355328032586006e-26,1,-1.355328032586006e-26,0,0,0
1663,1729,-1.2801986305355859e-10,4.3274122366607796e-11,1,4.3274122366607796e-11,0,0,0
1664,1665,-7.295577718888492e-11,3.1971640584060996e-11,1,3.1971640584060996e-11,0,0,0
1664,1728,2.9078932498740186e-10,-1.3627519034509031e-10,1,-1.3627519034509031e-10,0,0,0
1664,1729,2.2075840422594042e-43,-1.9345087218060424e-27,1,-1.9345087218060424e-27,0,0,0
1664,1730,-1.823894429722123e-11,6.5460667585969305e-12,1,6.5460667585969305e-12,0,0,0
1665,1666,-9.0124960207629147e-12,4.0233737347518796e-12,1,4.0233737347518796e-12,0,0,0
1665,1729,4.1471618320342995e-11,-1.9609247157576132e-11,1,-1.9609247157576132e-11,0,0,0
1665,1730,2.7594800528242553e-44,-2.4094782626077124e-28,1,-2.4094782626077124e-28,0,0,0
1665,1731,-2.2531240051907287e-12,8.4932392822594633e-13,1,8.4932392822594633e-13,0,0,0
1666,1667,-9.6574855125915506e-13,4.3809606826570153e-13,1,4.3809606826570153e-13,0,0,0
1666,1730,5.1468107800273683e-12,-2.4526868211062899e-12,1,-2.4526868211062899e-12,0,0,0
1666,1731,0,-2.6065733815032256e-29,1,-2.6065733815032256e-29,0,0,0
1666,1732,-2.4143713781478876e-13,9.4908698982861849e-14,1,9.4908698982861849e-14,0,0,0
1667,1668,-8.9556414727752042e-14,4.1202945359002814e-14,1,4.1202945359002814e-14,0,0,0
1667,1731,5.5447614873883611e-13,-2.6604352252844906e-13,1,-2.6604352252844906e-13,0,0,0
1667,1732,4.3116875825378989e-46,-2.4339393972888992e-30,1,-2.4339393972888992e-30,0,0,0
1667,1733,-2.2389103681938007e-14,9.1315785218882832e-15,1,9.1315785218882832e-15,0,0,0
1668,1669,-7.1505240097464161e-15,3.3314009629173053e-15,1,3.3314009629173053e-15,0,0,0
1668,1732,5.161973984906508e-14,-2.4916054423314238e-14,1,-2.4916054423314238e-14,0,0,0
1668,1733,-2.6948047390861868e-47,-1.9470388932170456e-31,1,-1.9470388932170456e-31,0,0,0
1668,1734,-1.787631002436604e-15,7.5344564361274012e-16,1,7.5344564361274012e-16,0,0,0
1669,1670,-4.8772208391180492e-16,2.2980606305067924e-16,1,2.2980606305067924e-16,0,0,0
1669,1733,4.1259466381614426e-15,-2.0020080585917455e-15,1,-2.0020080585917455e-15,0,0,0
1669,1734,-1.6842529619288668e-48,-1.3223521796987747e-32,1,-1.3223521796987747e-32,0,0,0
1669,1735,-1.2193052097795123e-16,5.2923505528548186e-17,1,5.2923505528548186e-17,0,0,0
1670,1671,-2.8109957810446346e-17,1.338041626947893e-17,1,1.338041626947893e-17,0,0,0
1670,1734,2.8073971521112354e-16,-1.3685611287925598e-16,1,-1.3685611287925598e-16,0,0,0
1670,1735,0,-7.5406518264902652e-34,1,-7.5406518264902652e-34,0,0,0
1670,1736,-7.027489452611585e-18,3.1313548511175412e-18,1,3.1313548511175412e-18,0,0,0
1671,1672,-1.3491252714884867e-18,6.4812720319835788e-19,1,6.4812720319835788e-19,0,0,0
1671,1735,1.608350992085484e-17,-7.8731143014913576e-18,1,-7.8731143014913576e-18,0,0,0
1671,1736,0,-3.5596395206814607e-35,1,-3.5596395206814607e-35,0,0,0
1671,1737,-3.3728131787212168e-19,1.5383498100733317e-19,1,1.5383498100733317e-19,0,0,0
1672,1673,-5.2870865091771043e-20,2.5612232579407364e-20,1,2.5612232579407364e-20,0,0,0
1672,1736,7.6477975037650325e-19,-3.7578101705178023e-19,1,-3.7578101705178023e-19,0,0,0
1672,1737,2.0559728539170737e-52,-1.3650447093099223e-36,1,-1.3650447093099223e-36,0,0,0
1672,1738,-1.3217716272942761e-20,6.1543400077284852e-21,1,6.1543400077284852e-21,0,0,0
1673,1674,-1.6463999329563179e-21,8.0362523044131816e-22,1,8.0362523044131816e-22,0,0,0
1673,1737,2.961135585745538e-20,-1.4599877937108148e-20,1,-1.4599877937108148e-20,0,0,0
1673,1738,-6.4249151684908553e-54,-4.1419890371434004e-38,1,-4.1419890371434004e-38,0,0,0
1673,1739,-4.1159998323907951e-22,1.951625078226706e-22,1,1.951625078226706e-22,0,0,0
1674,1675,-3.9149472073681565e-23,1.9241144143577362e-23,1,1.9241144143577362e-23,0,0,0
1674,1738,9.0903625748579104e-22,-4.4962444473368535e-22,1,-4.4962444473368535e-22,0,0,0
1674,1739,0,-9.5653481596441231e-40,1,-9.5653481596441231e-40,0,0,0
1674,1740,-9.7873680184203913e-24,4.7154582644631065e-24,1,4.7154582644631065e-24,0,0,0
1675,1676,-6.6718378652684634e-25,3.2996583235641157e-25,1,3.2996583235641157e-25,0,0,0
1675,1739,2.1274967593738343e-23,-1.0554085823553316e-23,1,-1.0554085823553316e-23,0,0,0
1675,1740,0,-1.5791996282526966e-41,1,-1.5791996282526966e-41,0,0,0
1675,1741,-1.6679594663171158e-25,8.149468554277405e-26,1,8.149468554277405e-26,0,0,0
1676,1677,-7.2521218140232324e-27,3.6071825244713773e-27,1,3.6071825244713773e-27,0,0,0
1676,1740,3.5645148949417736e-25,-1.7731922952033577e-25,1,-1.7731922952033577e-25,0,0,0
1676,1741,-2.4509106325114652e-59,-1.6599597468727921e-43,1,-1.6599597468727921e-43,0,0,0
1676,1742,-1.8130304535058081e-27,8.9678320663242233e-28,1,8.9678320663242233e-28,0,0,0
1677,1678,-3.7756765080478619e-29,1.8878382540239309e-29,1,1.8878382540239309e-29,0,0,0
1677,1741,3.8065755461634951e-27,-1.898568177446688e-27,1,-1.898568177446688e-27,0,0,0
1677,1742,0,-8.3473636093653599e-46,1,-8.3473636093653599e-46,0,0,0
1677,1743,-9.4391912701196546e-30,4.7195956350598273e-30,1,4.7195956350598273e-30,0,0,0
1678,1679,0,-0,1,-0,0,0,0
1678,1742,1.946404024096335e-29,-9.7320201204816748e-30,1,-9.7320201204816748e-30,0,0,0
1678,1743,0,-0,1,-0,0,0,0
1678,1744,0,-0,1,-0,0,0,0
1679,1680,0,-0,1,-0,0,0,0
1679,1743,0,-0,1,-0,0,0,0
1679,1744,0,-0,1,-0,0,0,0
1679,1745,0,-0,1,-0,0,0,0
1680,1681,0,-0,1,-0,0,0,0
1680,1744,0,-0,1,-0,0,0,0
1680,1745,0,-0,1,-0,0,0,0
1680,1746,0,-0,1,-0,0,0,0
1681,1682,0,-0,1,-0,0,0,0
1681,1745,0,-0,1,-0,0,0,0
1681,1746,0,-0,1,-0,0,0,0
1681,1747,0,-0,1,-0,0,0,0
1682,1683,0,-0,1,-0,0,0,0
1682,1746,0,-0,1,-0,0,0,0
1682,1747,0,-0,1,-0,0,0,0
1682,1748,0,-0,1,-0,0,0,0
1683,1684,0,-0,1,-0,0,0,0
1683,1747,0,-0,1,-0,0,0,0
1683,1748,0,-0,1,-0,0,0,0
1683,1749,0,-0,1,-0,0,0,0
1684,1685,0,-0,1,-0,0,0,0
1684,1748,0,-0,1,-0,0,0,0
1684,1749,0,-0,1,-0,0,0,0
1684,1750,0,-0,1,-0,0,0,0
1685,1686,0,-0,1,-0,0,0,0
1685,1749,0,-0,1,-0,0,0,0
1685,1750,0,-0,1,-0,0,0,0
1685,1751,0,-0,1,-0,0,0,0
1686,1687,0,-0,1,-0,0,0,0
1686,1750,0,-0,1,-0,0,0,0
1686,1751,0,-0,1,-0,0,0,0
1686,1752,0,-0,1,-0,0,0,0
1687,1688,0,-0,1,-0,0,0,0
1687,1751,0,-0,1,-0,0,0,0
1687,1752,0,-0,1,-0,0,0,0
1687,1753,0,-0,1,-0,0,0,0
1688,1689,0,-0,1,-0,0,0,0
1688,1752,0,-0,1,-0,0,0,0
1688,1753,0,-0,1,-0,0,0,0
1688,1754,0,-0,1,-0,0,0,0
1689,1753,0,-0,1,-0,0,0,0
1689,1754,0,-0,1,-0,0,0,0
1690,1691,0,-0,1,-0,0,0,0
1690,1755,0,-0,1,-0,0,0,0
1690,1756,0,-0,1,-0,0,0,0
1691,1692,0,-0,1,-0,0,0,0
1691,1755,0,-0,1,-0,0,0,0
1691,1756,0,-0,1,-0,0,0,0
1691,1757,0,-0,1,-0,0,0,0
1692,1693,0,-0,1,-0,0,0,0
1692,1756,0,-0,1,-0,0,0,0
1692,1757,0,-0,1,-0,0,0,0
1692,1758,0,-0,1,-0,0,0,0
1693,1694,0,-0,1,-0,0,0,0
1693,1757,0,-0,1,-0,0,0,0
1693,1758,0,-0,1,-0,0,0,0
1693,1759,0,-0,1,-0,0,0,0
1694,1695,0,-0,1,-0,0,0,0
1694,1758,0,-0,1,-0,0,0,0
1694,1759,0,-0,1,-0,0,0,0
1694,1760,0,-0,1,-0,0,0,0
1695,1696,0,-0,1,-0,0,0,0
1695,1759,0,-0,1,-0,0,0,0
1695,1760,0,-0,1,-0,0,0,0
1695,1761,0,-0,1,-0,0,0,0
1696,1697,0,-0,1,-0,0,0,0
1696,1760,0,-0,1,-0,0,0,0
1696,1761,0,-0,1,-0,0,0,0
1696,1762,0,-0,1,-0,0,0,0
1697,1698,0,-0,1,-0,0,0,0
1697,1761,0,-0,1,-0,0,0,0
1697,1762,0,-0,1,-0,0,0,0
1697,1763,0,-0,1,-0,0,0,0
1698,1699,0,-0,1,-0,0,0,0
1698,1762,0,-0,1,-0,0,0,0
1698,1763,0,-0,1,-0,0,0,0
1698,1764,0,1.4512306216068444e-75,0,0,0,0,0
1699,1700,0,5.004954432450937e-58,0,0,0,0,0
1699,1763,0,-0,1,-0,0,0,0
1699,1764,0,2.4167844752234963e-91,0,0,0,0,0
1699,1765,0,1.5313792304738564e-58,0,0,0,0,0
1700,1701,1.0009908864901867e-57,6.192124523932878e-57,0.00094788627835790346,5.8694298701194407e-60,0,0,0
1700,1764,0,-1.2512386081127343e-58,8.132691437741709e-17,-1.0175937514770287e-74,0,0,0
1700,1765,0,4.6652785361720815e-75,0.5414219645118743,2.5258842700493694e-75,0,0,0
1700,1766,2.5024772162254674e-58,7.5287718562758763e-58,1.0940264593091559e-16,8.2366756168679182e-74,0,0,0
1701,1702,1.3385239934355943e-56,-5.8790010418078051e-57,0.00094788627835790346,-5.5726244179814377e-60,0,0,0
1701,1765,-3.062758460947711e-58,-1.5200170687471072e-57,0.00094788627835790346,-1.4408033223351849e-60,0,0,0
1701,1766,0,-1.3241973273830346e-73,0.00094788627835790346,-1.2551884764645869e-76,0,0,0
1701,1767,3.3463099835916499e-57,-2.3071134181854261e-53,0.00094788627835790346,-2.1868811517133648e-56,0,0,0
1702,1703,0,-4.2834418348359282e-27,8.1049291921994428e-30,-3.4716992770250058e-56,0,0,0
1702,1766,-1.756002092877722e-57,6.7459631509631954e-58,1.0940264593091559e-16,7.3802621806783023e-74,0,0,0
1702,1767,0,-3.8418708933497227e-69,8.1049291921994428e-30,-3.1138091556171523e-98,0,0,0
1702,1768,0,-1.3252491557228912e-27,8.1049291921994428e-30,-1.0741050569156126e-56,0,0,0
1703,1704,-8.5668836696718535e-27,-2.2988721036142866e-27,0.00015954735198696584,-3.6677895668836521e-31,0,0,0
1703,1767,0,1.070860458708982e-27,1.6926407770638067e-25,1.812582078956076e-52,0,0,0
1703,1768,0,-4.2364228294385237e-44,0.0023466587452160379,-9.9414386811347826e-47,0,0,0
1703,1769,-2.1417209174179641e-27,-1.9994626017368294e-28,3.6665556471525023e-05,-7.3311408936684058e-33,0,0,0
1704,1705,-1.3164627876908203e-26,2.3639907879823373e-22,0.00015954735198696584,3.7716847034416274e-26,0,0,0
1704,1768,2.6504983114457824e-27,3.2032932888966237e-28,0.00015954735198696584,5.110769618810751e-32,0,0,0
1704,1769,-1.2254553162557326e-59,6.2412036493912161e-44,0.00015954735198696584,9.9576751547175609e-48,0,0,0
1704,1770,-3.2911569692125832e-27,8.9229219860247872e-23,0.00015954735198696584,1.423628574856533e-26,0,0,0
1705,1706,4.7278499296859043e-22,6.2039494201725052e-22,1,6.2039494201725052e-22,0,0,0
1705,1769,2.5416134377664497e-27,-5.9099394927792709e-23,3.6665556471525023e-05,-2.1669122021579431e-27,0,0,0
1705,1770,-8.0311439606135691e-55,5.0175613931540326e-39,1,5.0175613931540326e-39,0,0,0
1705,1771,1.1819624824214765e-22,1.6601642836530499e-22,1,1.6601642836530499e-22,0,0,0
1706,1707,1.7135748770030915e-21,6.6916974704937429e-23,3.28549844862003e-16,2.1985561657941772e-38,0,0,0
1706,1770,-1.7845514856352653e-22,-1.2496928534362318e-22,1,-1.2496928534362318e-22,0,0,0
1706,1771,2.4093431881840707e-54,1.8181610985089161e-39,1,1.8181610985089161e-39,0,0,0
1706,1772,4.2839371925077287e-22,9.1512462156057401e-24,1.0317889636501111e-16,9.4421548489068479e-40,0,0,0
1707,1708,1.8470306785530223e-21,-2.1975294425361924e-09,3.28549844862003e-16,-7.2199795742494989e-25,0,0,0
1707,1771,-4.5022910497275763e-22,-5.811550815241983e-24,3.28549844862003e-16,-1.9093841187554005e-39,0,0,0
1707,1772,0,-1.2619900892011296e-39,3.28549844862003e-16,-4.146266480244165e-55,0,0,0
1707,1773,5.2125104446418485e-22,-1.3247784519649457e-06,3.28549844862003e-16,-4.352557548696074e-22,0,0,0
1708,1709,-4.3950588850699843e-09,-5.2936445565470646e-06,0.0023698859012151923,-1.2545333600605436e-08,0,0,0
1708,1772,-4.4667753077863494e-22,5.4938236063404065e-10,1.0317889636501111e-16,5.6684665652624839e-26,0,0,0
1708,1773,0,-2.2052844044289852e-22,0.0023698859012151923,-5.2262724182259942e-25,0,0,0
1708,1774,-1.0987647212674961e-09,-3.2256692817054604e-06,0.0023698859012151923,-7.6444681526967064e-09,0,0,0
1709,1710,-1.05916841719792e-05,-6.0870768941101668e-06,1,-6.0870768941101668e-06,0,0,0
1709,1773,2.649556903929891e-06,-8.1793046754556085e-10,1,-8.1793046754556085e-10,0,0,0
1709,1774,-5.7870491117404927e-38,-3.1678961829906736e-22,1,-3.1678961829906736e-22,0,0,0
1709,1775,-2.6479210429947991e-06,-2.7860472678628336e-06,1,-2.7860472678628336e-06,0,0,0
1710,1711,-2.276583796019953e-05,-4.5689958450654628e-06,1,-4.5689958450654628e-06,0,0,0
1710,1774,6.4524373281321881e-06,-3.8048891904115234e-07,1,-3.8048891904115234e-07,0,0,0
1710,1775,-5.7870491117404927e-38,-2.1054458915236595e-22,1,-2.1054458915236595e-22,0,0,0
1710,1776,-5.6914594900498833e-06,-1.7346495865573997e-06,1,-1.7346495865573997e-06,0,0,0
1711,1712,-3.1903829650330461e-05,-2.5499829150017382e-06,1,-2.5499829150017382e-06,0,0,0
1711,1775,8.2200155787204672e-06,-1.2202908306892632e-07,1,-1.2202908306892632e-07,0,0,0
1711,1776,2.8935245558702463e-38,-9.8654522100066931e-23,1,-9.8654522100066931e-23,0,0,0
1711,1777,-7.9759574125826151e-06,-8.4879235707084376e-07,1,-8.4879235707084376e-07,0,0,0
1712,1713,-3.7003795480333939e-05,-8.8252828328360613e-07,1,-8.8252828328360613e-07,0,0,0
1712,1776,9.1607586631646836e-06,4.5095103459400486e-08,1,4.5095103459400486e-08,0,0,0
1712,1777,9.4039548065783001e-38,-3.5187957268047333e-23,1,-3.5187957268047333e-23,0,0,0
1712,1778,-9.2509488700834847e-06,-3.2636455406734878e-07,1,-3.2636455406734878e-07,0,0,0
1713,1714,-3.8768852046901152e-05,-4.1036573549622433e-07,1,-4.1036573549622433e-07,0,0,0
1713,1777,9.6735421267243008e-06,9.3354425004924464e-09,1,9.3354425004924464e-09,0,0,0
1713,1778,6.8721208201918353e-38,-1.7607995602649899e-23,1,-1.7607995602649899e-23,0,0,0
1713,1779,-9.6922130117252847e-06,-1.4087413899338822e-07,1,-1.4087413899338822e-07,0,0,0
1714,1715,-3.9589583517893601e-05,-2.1433825855216347e-07,1,-2.1433825855216347e-07,0,0,0
1714,1778,9.9036779782181831e-06,-3.1410493723910978e-09,1,-3.1410493723910978e-09,0,0,0
1714,1779,-4.6115547609182052e-38,-6.3753511002626829e-24,1,-6.3753511002626829e-24,0,0,0
1714,1780,-9.8973958794734002e-06,-5.3183953594551017e-08,1,-5.3183953594551017e-08,0,0,0
1715,1716,-4.0018260034997924e-05,-2.2921264552312385e-08,0.48296826735305409,-1.107024342637129e-08,0,0,0
1715,1779,9.9739612897120627e-06,1.5301859518708754e-08,1,1.5301859518708754e-08,0,0,0
1715,1780,0,6.6715140660231069e-26,1,6.6715140660231069e-26,0,0,0
1715,1781,-1.0004565008749483e-05,-4.8843947362108903e-09,1,-4.8843947362108903e-09,0,0,0
1716,1717,-4.0064102564102551e-05,-0,1,-0,0,0,0
1716,1780,1.00037637866625e-05,6.1309271815679456e-09,0.48296826735305409,2.961043278149614e-09,0,0,0
1716,1781,0,1.4087421260642421e-25,0.48296826735305409,6.8037774377250471e-26,0,0,0
1716,1782,-1.0016025641025636e-05,4.4107618724843564e-11,0.48296826735305409,2.1302580192606821e-11,0,0,0
1717,1718,-4.0064102564102551e-05,7.4390423864548532e-12,0.24836109378687593,1.847568703826859e-12,0,0,0
1717,1781,1.0014333798221901e-05,8.4592140186720518e-10,0.24836109378687593,2.100939646254665e-10,0,0,0
1717,1782,2.3147843233515209e-38,7.345394080456355e-27,0.24836109378687593,1.8243101081177839e-27,0,0,0
1717,1783,-1.0016025641025638e-05,-0,1,-0,0,0,0
1718,1719,-4.0064087686017777e-05,1.7835019360450437e-06,0.23139702942792154,4.1269704997977002e-07,0,0,0
1718,1782,1.0015937425788187e-05,4.2247858128229843e-11,0.23139702942792154,9.7760288705646544e-12,0,0,0
1718,1783,-4.6296348742243097e-38,-3.0971235519767452e-28,0.0011175035839937509,-3.4610466694054688e-31,0,0,0
1718,1784,-1.0016021921504444e-05,-1.8597605966137133e-12,8.2585191100714124e-06,-1.5358868427292163e-17,0,0,0
1719,1720,-3.6497083813927688e-05,6.0092896238159447e-06,1,6.0092896238159447e-06,0,0,0
1719,1783,1.0016025641025638e-05,-4.4587734377185747e-07,0.0011175035839937509,-4.9826952968666445e-10,0,0,0
1719,1784,0,-7.4253493982133383e-23,8.2585191100714124e-06,-6.1322389904102115e-28,0,0,0
1719,1785,-9.124270953481922e-06,-4.4587625310885811e-07,0.087441974478260687,-3.8988299944807275e-08,0,0,0
1720,1721,-2.44785045662958e-05,5.6883275100439867e-06,1,5.6883275100439867e-06,0,0,0
1720,1784,1.0016025641025638e-05,-1.9481997497258434e-06,8.2585191100714124e-06,-1.608924486334722e-11,0,0,0
1720,1785,0,-3.2444025117531394e-22,0.087441974478260687,-2.8369696162992289e-23,0,0,0
1720,1786,-6.11962614157395e-06,-3.5748328484285877e-07,1,-3.5748328484285877e-07,0,0,0
1721,1722,-1.3101849546207825e-05,3.5898535184601446e-06,1,3.5898535184601446e-06,0,0,0
1721,1785,1.0016023459699639e-05,-3.370280536573841e-06,0.087441974478260687,-2.9470398466366854e-07,0,0,0
1721,1786,0,-2.9635713255990841e-22,1,-2.9635713255990841e-22,0,0,0
1721,1787,-3.2754623865519563e-06,8.2214693314800559e-08,1,8.2214693314800559e-08,0,0,0
1722,1723,-5.9221425092875367e-06,1.8646426945608811e-06,1,1.8646426945608811e-06,0,0,0
1722,1786,6.8345927112596682e-06,-2.6770285419688918e-06,1,-2.6770285419688918e-06,0,0,0
1722,1787,0,-1.3576617934888998e-22,1,-1.3576617934888998e-22,0,0,0
1722,1788,-1.4805356273218844e-06,1.808344805482055e-07,1,1.808344805482055e-07,0,0,0
1723,1724,-2.1928571201657746e-06,7.6205375425444143e-07,1,7.6205375425444143e-07,0,0,0
1723,1787,3.1110329999223553e-06,-1.2814093599404557e-06,1,-1.2814093599404557e-06,0,0,0
1723,1788,0,-4.7516356364909728e-23,1,-4.7516356364909728e-23,0,0,0
1723,1789,-5.4821428004144365e-07,1.0739106162793993e-07,1,1.0739106162793993e-07,0,0,0
1724,1725,-6.6874961165689218e-07,2.4859707117840981e-07,1,2.4859707117840981e-07,0,0,0
1724,1788,1.1188666662254732e-06,-4.7583963165562509e-07,1,-4.7583963165562509e-07,0,0,0
1724,1789,0,-1.3842656510332857e-23,1,-1.3842656510332857e-23,0,0,0
1724,1790,-1.6718740291422304e-07,4.1095545134547984e-08,1,4.1095545134547984e-08,0,0,0
1725,1726,-1.7155546930007255e-07,6.6990379357981936e-08,1,6.6990379357981936e-08,0,0,0
1725,1789,3.3343215678556385e-07,-1.4527164473027285e-07,1,-1.4527164473027285e-07,0,0,0
1725,1790,0,-3.5061491476897319e-24,1,-3.5061491476897319e-24,0,0,0
1725,1791,-4.2888867325018131e-08,1.2080817070527208e-08,1,1.2080817070527208e-08,0,0,0
1726,1727,-3.7574710584108644e-08,1.5238815092787697e-08,1,1.5238815092787697e-08,0,0,0
1726,1790,8.4996312645127063e-08,-3.780131749954995e-08,1,-3.780131749954995e-08,0,0,0
1726,1791,0,-7.771746194876107e-25,1,-7.771746194876107e-25,0,0,0
1726,1792,-9.393677646027161e-09,2.9055358158974636e-09,1,2.9055358158974636e-09,0,0,0
1727,1728,-7.0970803985332497e-09,2.9669615492918217e-09,1,2.9669615492918217e-09,0,0,0
1727,1791,1.8727233183963719e-08,-8.4764815421652031e-09,1,-8.4764815421652031e-09,0,0,0
1727,1792,0,-1.5057421264832351e-25,1,-1.5057421264832351e-25,0,0,0
1727,1793,-1.7742700996333122e-09,5.8916045462089725e-10,1,5.8916045462089725e-10,0,0,0
1728,1729,-1.1631572999496074e-09,4.9863541333411769e-10,1,4.9863541333411769e-10,0,0,0
1728,1792,3.5826060142322333e-09,-1.6459083446224158e-09,1,-1.6459083446224158e-09,0,0,0
1728,1793,0,-2.5409663157237271e-26,1,-2.5409663157237271e-26,0,0,0
1728,1794,-2.9078932498740186e-10,1.0232377065316987e-10,1,1.0232377065316987e-10,0,0,0
1729,1730,-1.6588647328137193e-10,7.2649615080631246e-11,1,7.2649615080631246e-11,0,0,0
1729,1793,5.9594919039151793e-10,-2.7723878603558746e-10,1,-2.7723878603558746e-10,0,0,0
1729,1794,0,-3.7195384572962606e-27,1,-3.7195384572962606e-27,0,0,0
1729,1795,-4.1471618320342995e-11,1.53379854389819e-11,1,1.53379854389819e-11,0,0,0
1730,1731,-2.0587243120109473e-11,9.1846692625770646e-12,1,9.1846692625770646e-12,0,0,0
1730,1794,8.6141783681062092e-11,-4.049748645051736e-11,1,-4.049748645051736e-11,0,0,0
1730,1795,0,-4.7036013936672862e-28,1,-4.7036013936672862e-28,0,0,0
1730,1796,-5.1468107800273683e-12,1.9889310643805946e-12,1,1.9889310643805946e-12,0,0,0
1731,1732,-2.2179045949553444e-12,1.005712817779542e-12,1,1.005712817779542e-12,0,0,0
1731,1795,1.079564744237919e-11,-5.120585646820176e-12,1,-5.120585646820176e-12,0,0,0
1731,1796,6.8987001320606383e-45,-5.1165114022867276e-29,1,-5.1165114022867276e-29,0,0,0
1731,1797,-5.5447614873883611e-13,2.2281529633031521e-13,1,2.2281529633031521e-13,0,0,0
1732,1733,-2.0647895939626032e-13,9.4987586421807271e-14,1,9.4987586421807271e-14,0,0,0
1732,1796,1.1689486512661797e-12,-5.5866445570855729e-13,1,-5.5866445570855729e-13,0,0,0
1732,1797,-8.6233751650757978e-46,-4.765006408541993e-30,1,-4.765006408541993e-30,0,0,0
1732,1798,-5.161973984906508e-14,2.1478508101043039e-14,1,2.1478508101043039e-14,0,0,0
1733,1734,-1.6503786552645771e-14,7.6904138459006381e-15,1,7.6904138459006381e-15,0,0,0
1733,1797,1.0884555607820572e-13,-5.2359804720022133e-14,1,-5.2359804720022133e-14,0,0,0
1733,1798,5.3896094781723736e-47,-3.7776257195844783e-31,1,-3.7776257195844783e-31,0,0,0
1733,1799,-4.1259466381614419e-15,1.7706293178532942e-15,1,1.7706293178532942e-15,0,0,0
1734,1735,-1.1229588608444944e-15,5.2931241058053751e-16,1,5.2931241058053751e-16,0,0,0
1734,1798,8.6627236469790033e-15,-4.1909919658839403e-15,1,-4.1909919658839403e-15,0,0,0
1734,1799,-3.3685059238577335e-48,-2.5308779009502788e-32,1,-2.5308779009502788e-32,0,0,0
1734,1800,-2.8073971521112359e-16,1.2380628745129924e-16,1,1.2380628745129924e-16,0,0,0
1735,1736,-6.433403968341936e-17,3.063746034095667e-17,1,3.063746034095667e-17,0,0,0
1735,1799,5.8468800245485419e-16,-2.843022462669996e-16,1,-2.843022462669996e-16,0,0,0
1735,1800,2.1053162024110835e-49,-1.4191673159694377e-33,1,-1.4191673159694377e-33,0,0,0
1735,1801,-1.608350992085484e-17,7.2645914083963771e-18,1,7.2645914083963771e-18,0,0,0
1736,1737,-3.059119001506013e-18,1.4703367890380959e-18,1,1.4703367890380959e-18,0,0,0
1736,1800,3.3127140308525089e-17,-1.6181180279074292e-17,1,-1.6181180279074292e-17,0,0,0
1736,1801,1.3158226265069272e-50,-6.5743023832019601e-35,1,-6.5743023832019601e-35,0,0,0
1736,1802,-7.6477975037650325e-19,3.5274533852178975e-19,1,3.5274533852178975e-19,0,0,0
1737,1738,-1.184454234298215e-19,5.740463919993917e-20,1,5.740463919993917e-20,0,0,0
1737,1801,1.5543271040620844e-18,-7.6235787410231456e-19,1,-7.6235787410231456e-19,0,0,0
1737,1802,0,-2.4711663944689004e-36,1,-2.4711663944689004e-36,0,0,0
1737,1803,-2.9611355857455374e-20,1.3910057458731786e-20,1,1.3910057458731786e-20,0,0,0
1738,1739,-3.6361450299431642e-21,1.7755225797841055e-21,1,1.7755225797841055e-21,0,0,0
1738,1802,5.9289073332923712e-20,-2.9190018537718959e-20,1,-2.9190018537718959e-20,0,0,0
1738,1803,0,-7.3458296321272217e-38,1,-7.3458296321272217e-38,0,0,0
1738,1804,-9.0903625748579123e-22,4.3390209123004063e-22,1,4.3390209123004063e-22,0,0,0
1739,1740,-8.5099870374953371e-23,4.1837032208488329e-23,1,4.1837032208488329e-23,0,0,0
1739,1803,1.7912409399917988e-21,-8.8498298619903018e-22,1,-8.8498298619903018e-22,0,0,0
1739,1804,-2.0077859901533923e-55,-1.6617630131919597e-39,1,-1.6617630131919597e-39,0,0,0
1739,1805,-2.1274967593738343e-23,1.0297846234342713e-23,1,1.0297846234342713e-23,0,0,0
1740,1741,-1.4258059579767096e-24,7.0528982789602775e-25,1,7.0528982789602775e-25,0,0,0
1740,1804,4.1232075025710019e-23,-2.0437811768107925e-23,1,-2.0437811768107925e-23,0,0,0
1740,1805,-3.1371656096146754e-57,-2.6880467481788511e-41,1,-2.6880467481788511e-41,0,0,0
1740,1806,-3.5645148949417741e-25,1.746593713380146e-25,1,1.746593713380146e-25,0,0,0
1741,1742,-1.522630218465398e-26,7.5742230118450626e-27,1,7.5742230118450626e-27,0,0,0
1741,1805,6.7927512505291719e-25,-3.3773427475337685e-25,1,-3.3773427475337685e-25,0,0,0
1741,1806,-4.9018212650229304e-59,-2.769593947503142e-43,1,-2.769593947503142e-43,0,0,0
1741,1807,-3.8065755461634951e-27,1.8853535013304584e-27,1,1.8853535013304584e-27,0,0,0
1742,1743,-7.7856160963853398e-29,3.8928080481926699e-29,1,3.8928080481926699e-29,0,0,0
1742,1806,7.1327468181482218e-27,-3.5566413889536297e-27,1,-3.5566413889536297e-27,0,0,0
1742,1807,0,-1.3659492921437268e-45,1,-1.3659492921437268e-45,0,0,0
1742,1808,-1.946404024096335e-29,9.7320201204816748e-30,1,9.7320201204816748e-30,0,0,0
1743,1744,0,-0,1,-0,0,0,0
1743,1807,3.586854350257795e-29,-1.7934271751288975e-29,1,-1.7934271751288975e-29,0,0,0
1743,1808,0,-0,1,-0,0,0,0
1743,1809,0,-0,1,-0,0,0,0
1744,1745,0,-0,1,-0,0,0,0
1744,1808,0,-0,1,-0,0,0,0
1744,1809,0,-0,1,-0,0,0,0
1744,1810,0,-0,1,-0,0,0,0
1745,1746,0,-0,1,-0,0,0,0
1745,1809,0,-0,1,-0,0,0,0
1745,1810,0,-0,1,-0,0,0,0
1745,1811,0,-0,1,-0,0,0,0
1746,1747,0,-0,1,-0,0,0,0
1746,1810,0,-0,1,-0,0,0,0
1746,1811,0,-0,1,-0,0,0,0
1746,1812,0,-0,1,-0,0,0,0
1747,1748,0,-0,1,-0,0,0,0
1747,1811,0,-0,1,-0,0,0,0
1747,1812,0,-0,1,-0,0,0,0
1747,1813,0,-0,1,-0,0,0,0
1748,1749,0,-0,1,-0,0,0,0
1748,1812,0,-0,1,-0,0,0,0
1748,1813,0,-0,1,-0,0,0,0
1748,1814,0,-0,1,-0,0,0,0
1749,1750,0,-0,1,-0,0,0,0
1749,1813,0,-0,1,-0,0,0,0
1749,1814,0,-0,1,-0,0,0,0
1749,1815,0,-0,1,-0,0,0,0
1750,1751,0,-0,1,-0,0,0,0
1750,1814,0,-0,1,-0,0,0,0
1750,1815,0,-0,1,-0,0,0,0
1750,1816,0,-0,1,-0,0,0,0
1751,1752,0,-0,1,-0,0,0,0
1751,1815,0,-0,1,-0,0,0,0
1751,1816,0,-0,1,-0,0,0,0
1751,1817,0,-0,1,-0,0,0,0
1752,1753,0,-0,1,-0,0,0,0
1752,1816,0,-0,1,-0,0,0,0
1752,1817,0,-0,1,-0,0,0,0
1752,1818,0,-0,1,-0,0,0,0
1753,1754,0,-0,1,-0,0,0,0
1753,1817,0,-0,1,-0,0,0,0
1753,1818,0,-0,1,-0,0,0,0
1753,1819,0,-0,1,-0,0,0,0
1754,1818,0,-0,1,-0,0,0,0
1754,1819,0,-0,1,-0,0,0,0
1755,1756,0,-0,1,-0,0,0,0
1755,1820,0,-0,1,-0,0,0,0
1755,1821,0,-0,1,-0,0,0,0
1756,1757,0,-0,1,-0,0,0,0
1756,1820,0,-0,1,-0,0,0,0
1756,1821,0,-0,1,-0,0,0,0
1756,1822,0,-0,1,-0,0,0,0
1757,1758,0,-0,1,-0,0,0,0
1757,1821,0,-0,1,-0,0,0,0
1757,1822,0,-0,1,-0,0,0,0
1757,1823,0,-0,1,-0,0,0,0
1758,1759,0,-0,1,-0,0,0,0
1758,1822,0,-0,1,-0,0,0,0
1758,1823,0,-0,1,-0,0,0,0
1758,1824,0,-0,1,-0,0,0,0
1759,1760,0,-0,1,-0,0,0,0
1759,1823,0,-0,1,-0,0,0,0
1759,1824,0,-0,1,-0,0,0,0
1759,1825,0,-0,1,-0,0,0,0
1760,1761,0,-0,1,-0,0,0,0
1760,1824,0,-0,1,-0,0,0,0
1760,1825,0,-0,1,-0,0,0,0
1760,1826,0,-0,1,-0,0,0,0
1761,1762,0,-0,1,-0,0,0,0
1761,1825,0,-0,1,-0,0,0,0
1761,1826,0,-0,1,-0,0,0,0
1761,1827,0,-0,1,-0,0,0,0
1762,1763,0,-0,1,-0,0,0,0
1762,1826,0,-0,1,-0,0,0,0
1762,1827,0,-0,1,-0,0,0,0
1762,1828,0,-0,1,-0,0,0,0
1763,1764,0,5.8049224864273778e-75,0,0,0,0,0
1763,1827,0,-0,1,-0,0,0,0
1763,1828,0,-0,1,-0,0,0,0
1763,1829,0,9.5798807588186404e-62,0,0,0,0,0
1764,1765,0,6.1255169218954255e-58,8.132691437741709e-17,4.9816939022440876e-74,0,0,0
1764,1828,0,-1.4512306216068444e-75,0,-0,0,0,0
1764,1829,2.3601410890854456e-93,1.595370628740572e-77,8.132691437741709e-17,1.2974657052383057e-93,0,0,0
1764,1830,0,1.3223932505557884e-58,8.132691437741709e-17,1.0754616266122486e-74,0,0,0
1765,1766,1.2251033843790847e-57,2.8994524935659019e-57,1.0940264593091559e-16,3.172077745471007e-73,0,0,0
1765,1829,-1.9159761517640044e-61,-1.5304212423979743e-58,0.004402991622081744,-6.7384319085342144e-61,0,0,0
1765,1830,3.0209805940293704e-90,-3.4803157009333437e-75,1,-3.4803157009333437e-75,0,0,0
1765,1831,3.0627584609477117e-58,7.624017222929099e-58,1.1008756518182343e-19,8.3930949297655171e-77,0,0,0
1766,1767,7.0240083715103437e-57,-9.2281356111635618e-53,1.0940264593091559e-16,-1.0095824528706006e-68,0,0,0
1766,1830,-2.6447865011115753e-58,-7.4576172138328225e-58,1.0940264593091559e-16,-8.1588305553325359e-74,0,0,0
1766,1831,-3.6251767128352444e-90,6.2514325218811711e-75,1.1008756518182343e-19,6.8820498523236425e-94,0,0,0
1766,1832,0,-4.1867301430054999e-40,1.0940264593091559e-16,-4.5803935544352227e-56,0,0,0
1767,1768,0,-5.3009966228915648e-27,1.6926407770638067e-25,-8.9726830429837926e-52,0,0,0
1767,1831,-1.8310792906778923e-57,2.3070376566507807e-53,1.1008756518182343e-19,2.5397615840346401e-72,0,0,0
1767,1832,0,-6.9723063039849396e-56,1.6926407770638067e-25,-1.1801609960303947e-80,0,0,0
1767,1833,-4.6179077773528023e-53,-1.3854864074858308e-39,1.6926407770638067e-25,-2.3451307893781586e-64,0,0,0
1768,1769,-1.0601993245783127e-26,2.1776974736090504e-28,0.0023466587452160379,5.1103128208795505e-31,0,0,0
1768,1832,8.3755738563321799e-40,1.3252491557224724e-27,1.1609908862811183e-11,1.5386021918455368e-38,0,0,0
1768,1833,2.4509106325114652e-59,2.2069831890705985e-43,0.0023466587452160379,5.1790364011773009e-46,0,0,0
1768,1834,-2.6504983114450183e-27,1.3423287148100817e-23,0.0023466587452160379,3.1499874175636834e-26,0,0,0
1769,1770,-1.0166453751065799e-26,3.5691538035392864e-22,3.6665556471525023e-05,1.3086501033922802e-26,0,0,0
1769,1833,2.7709594898440041e-39,1.2708067188812793e-27,3.6665556471525023e-05,4.659483551553497e-32,0,0,0
1769,1834,4.0155719803067845e-55,2.2354173022094388e-39,3.6665556471525023e-05,8.1962819331584293e-44,0,0,0
1769,1835,-2.541613437751982e-27,1.506215481808992e-22,3.6665556471525023e-05,5.5226228806552864e-27,0,0,0
1770,1771,7.1382059425410603e-22,5.4354791281846215e-22,1,5.4354791281846215e-22,0,0,0
1770,1834,-2.6843923797890203e-23,-7.5805612382818156e-23,0.62860371791470082,-4.7651689782640174e-23,0,0,0
1770,1835,1.6062287921227138e-54,1.0223938877576625e-38,1,1.0223938877576625e-38,0,0,0
1770,1836,1.7845514856352653e-22,1.1845835924072322e-22,3.1162364494035882e-15,3.6914425680248607e-37,0,0,0
1771,1772,1.8009164198910301e-21,-7.0657865815465423e-24,1,-7.0657865815465423e-24,0,0,0
1771,1835,-3.0124055474836063e-22,-7.4494275112198499e-23,1,-7.4494275112198499e-23,0,0,0
1771,1836,1.6062287921227138e-54,-2.9024481091697889e-39,1,-2.9024481091697889e-39,0,0,0
1771,1837,4.5022910497275763e-22,-5.1364204331650599e-23,1,-5.1364204331650599e-23,0,0,0
1772,1773,2.0850041778567394e-21,-5.2991138078597829e-06,1.0317889636501111e-16,-5.4675671440756396e-22,0,0,0
1772,1836,-4.1537186704497295e-22,-1.5662172318505703e-23,1.0317889636501111e-16,-1.6160056545020455e-39,0,0,0
1772,1837,-3.2124575842454276e-54,-8.2596858829604424e-39,1.0317889636501111e-16,-8.5222527372552074e-55,0,0,0
1772,1838,5.2125104446418485e-22,-2.23751883552323e-06,1.0317889636501111e-16,-2.3086472404521171e-22,0,0,0
1773,1774,-1.0598227615719564e-05,-7.6057608484045941e-06,1,-7.6057608484045941e-06,0,0,0
1773,1837,-5.2125104446418485e-22,1.3247784519649457e-06,1.9706158164150625e-16,2.6106293706879843e-22,0,0,0
1773,1838,0,-1.5200180839974059e-22,1,-1.5200180839974059e-22,0,0,0
1773,1839,-2.649556903929891e-06,-2.673658972562317e-06,1,-2.673658972562317e-06,0,0,0
1774,1775,-2.5809749312528752e-05,-3.5351565011765586e-06,1,-3.5351565011765586e-06,0,0,0
1774,1838,4.4750376710464601e-06,9.8869982854286465e-07,1,9.8869982854286465e-07,0,0,0
1774,1839,2.8935245558702463e-38,-1.2860025718672321e-22,1,-1.2860025718672321e-22,0,0,0
1774,1840,-6.4524373281321873e-06,-1.4094624670186039e-06,1,-1.4094624670186039e-06,0,0,0
1775,1776,-3.2880062314881869e-05,-1.8814861688884312e-06,1,-1.8814861688884312e-06,0,0,0
1775,1839,7.9968748490545237e-06,1.1157036483297124e-07,1,1.1157036483297124e-07,0,0,0
1775,1840,2.8935245558702463e-38,-8.7542197112122288e-23,1,-8.7542197112122288e-23,0,0,0
1775,1841,-8.2200155787204672e-06,-7.51578941971776e-07,1,-7.51578941971776e-07,0,0,0
1776,1777,-3.6643034652658728e-05,-1.0255669271192383e-06,1,-1.0255669271192383e-06,0,0,0
1776,1840,9.271362262169396e-06,-5.5301799502356514e-08,1,-5.5301799502356514e-08,0,0,0
1776,1841,-6.5104302507080537e-38,-4.6830439484557842e-23,1,-4.6830439484557842e-23,0,0,0
1776,1842,-9.1607586631646836e-06,-3.6951864375916936e-07,1,-3.6951864375916936e-07,0,0,0
1777,1778,-3.8694168506897203e-05,-4.6027170298775854e-07,1,-4.6027170298775854e-07,0,0,0
1777,1841,9.7231734626640171e-06,-2.4815667969858603e-08,1,-2.4815667969858603e-08,0,0,0
1777,1842,-2.1701434169026848e-38,-1.8839415357634312e-23,1,-1.8839415357634312e-23,0,0,0
1777,1843,-9.6735421267243008e-06,-1.511505063242199e-07,1,-1.511505063242199e-07,0,0,0
1778,1779,-3.9614711912872719e-05,-1.4056662298776405e-07,1,-1.4056662298776405e-07,0,0,0
1778,1842,9.8997959506830215e-06,1.9410137675798525e-09,1,1.9410137675798525e-09,0,0,0
1778,1843,-9.2231095218364103e-38,-6.0089567617183558e-24,1,-6.0089567617183558e-24,0,0,0
1778,1844,-9.9036779782181831e-06,-5.0191363556624733e-08,1,-5.0191363556624733e-08,0,0,0
1779,1780,-3.9895845158848251e-05,-5.9604993900875627e-08,1,-5.9604993900875627e-08,0,0,0
1779,1843,9.9758431393727404e-06,-9.4092483033924652e-10,1,-9.4092483033924652e-10,0,0,0
1779,1844,-2.3057773804591026e-38,-2.5062798186287859e-24,1,-2.5062798186287859e-24,0,0,0
1779,1845,-9.9739612897120627e-06,-1.9143060325028529e-08,1,-1.9143060325028529e-08,0,0,0
1780,1781,-4.0015055146649998e-05,-2.1140023118802962e-08,1,-2.1140023118802962e-08,0,0,0
1780,1844,1.000406070533143e-05,-1.4845933446481229e-10,1,-1.4845933446481229e-10,0,0,0
1780,1845,-2.3057773804591026e-38,-7.0640357726797111e-25,1,-7.0640357726797111e-25,0,0,0
1780,1846,-1.00037637866625e-05,-5.6569705870400745e-09,1,-5.6569705870400745e-09,0,0,0
1781,1782,-4.0057335192887613e-05,-3.2072551325694463e-09,1,-3.2072551325694463e-09,0,0,0
1781,1845,1.001224741036212e-05,1.0431939298911154e-09,1,1.0431939298911154e-09,0,0,0
1781,1846,4.6299218601498034e-38,-6.1944584018758446e-26,1,-6.1944584018758446e-26,0,0,0
1781,1847,-1.0014333798221905e-05,-7.7307782959901048e-10,1,-7.7307782959901048e-10,0,0,0
1782,1783,-4.0063749703152747e-05,-1.7643047489937426e-10,0.0011175035839937509,-1.9716168802577024e-13,0,0,0
1782,1846,1.0015077727836579e-05,4.298489758030272e-10,1,4.298489758030272e-10,0,0,0
1782,1847,2.3147843233515209e-38,4.7854975887580892e-27,1,4.7854975887580892e-27,0,0,0
1782,1848,-1.0015937425788187e-05,-3.7922705663040159e-11,1,-3.7922705663040159e-11,0,0,0
1783,1784,-4.0064102564102551e-05,-0,1,-0,0,0,0
1783,1847,1.0015879953881101e-05,7.2843572268194661e-11,0.0011175035839937509,8.1402953080615328e-14,0,0,0
1783,1848,2.3148063991919434e-38,1.0299949329778524e-27,0.0011175035839937509,1.1510230290981531e-30,0,0,0
1783,1849,-1.0016025641025638e-05,-0,1,-0,0,0,0
1784,1785,-4.0064102564102557e-05,4.3626519975819113e-12,8.2585191100714124e-06,3.6029044892621433e-17,0,0,0
1784,1848,1.0016013271199513e-05,6.1849130618034036e-12,8.2585191100714124e-06,5.1078222715033698e-17,0,0,0
1784,1849,0,-0,1,-0,0,0,0
1784,1850,-1.0016025641025636e-05,5.5600111409513029e-22,8.2585191100714124e-06,4.5917458259756291e-27,0,0,0
1785,1786,-4.0064093838798556e-05,6.3628614968799416e-06,0.087441974478260687,5.5638117261888343e-07,0,0,0
1785,1849,1.0016025641025639e-05,-1.0906629993954778e-12,1,-1.0906629993954778e-12,0,0,0
1785,1850,4.6296403931844152e-38,-1.8163187601274619e-28,4.522003557852078e-07,-8.2133998954898576e-35,0,0,0
1785,1851,-1.0016023459699639e-05,1.9685193430827227e-08,0.087441974478260687,1.7213121815780194e-09,0,0,0
1786,1787,-2.7338370845038673e-05,7.4471194226746251e-06,1,7.4471194226746251e-06,0,0,0
1786,1850,1.0016025641025636e-05,-1.5907164648829845e-06,4.522003557852078e-07,-7.193225513734736e-13,0,0,0
1786,1851,-5.7870491117404927e-38,-2.61629081863972e-22,0.049817855055871364,-1.3033799678700061e-23,0,0,0
1786,1852,-6.8345927112596665e-06,8.5112859517099939e-07,1,8.5112859517099939e-07,0,0,0
1787,1788,-1.2444131999689421e-05,3.9843326673937637e-06,1,3.9843326673937637e-06,0,0,0
1787,1851,9.9766530728379847e-06,-3.4328100364578145e-06,0.049817855055871364,-1.710152328305959e-07,0,0,0
1787,1852,-2.8935245558702463e-38,-1.6830724489064041e-22,1,-1.6830724489064041e-22,0,0,0
1787,1853,-3.1110329999223553e-06,6.332285836669754e-07,1,6.332285836669754e-07,0,0,0
1788,1789,-4.4754666649018927e-06,1.5708690188798185e-06,1,1.5708690188798185e-06,0,0,0
1788,1852,5.1323355209176688e-06,-2.0067344273460979e-06,1,-2.0067344273460979e-06,0,0,0
1788,1853,1.4467622779351232e-38,-6.0427426925824097e-23,1,-6.0427426925824097e-23,0,0,0
1788,1854,-1.1188666662254732e-06,2.7754075240882623e-07,1,2.7754075240882623e-07,0,0,0
1789,1790,-1.3337286271422554e-06,4.9687168828087354e-07,1,4.9687168828087354e-07,0,0,0
1789,1853,1.8445758325884042e-06,-7.5557183790142022e-07,1,-7.5557183790142022e-07,0,0,0
1789,1854,0,-1.9180740714241111e-23,1,-1.9180740714241111e-23,0,0,0
1789,1855,-3.3343215678556385e-07,9.2323838700943171e-08,1,9.2323838700943171e-08,0,0,0
1790,1791,-3.399852505805083e-07,1.3253815892232669e-07,1,1.3253815892232669e-07,0,0,0
1790,1854,5.6378516140782071e-07,-2.3939442438134681e-07,1,-2.3939442438134681e-07,0,0,0
1790,1855,0,-5.3114318558825507e-24,1,-5.3114318558825507e-24,0,0,0
1790,1856,-8.4996312645127076e-08,2.5555986196126829e-08,1,2.5555986196126829e-08,0,0,0
1791,1792,-7.4908932735854874e-08,3.0289254339462968e-08,1,3.0289254339462968e-08,0,0,0
1791,1855,1.4878447938367753e-07,-6.5028623099856901e-08,1,-6.5028623099856901e-08,0,0,0
1791,1856,2.2605660592736299e-40,-1.2620826940959202e-24,1,-1.2620826940959202e-24,0,0,0
1791,1857,-1.8727233183963719e-08,6.0349867198185302e-09,1,6.0349867198185302e-09,0,0,0
1792,1793,-1.4330424056928933e-08,5.9733136476814316e-09,1,5.9733136476814316e-09,0,0,0
1792,1856,3.3884340252873411e-08,-1.515086711932059e-08,1,-1.515086711932059e-08,0,0,0
1792,1857,0,-2.5601635229253399e-25,1,-2.5601635229253399e-25,0,0,0
1792,1858,-3.5826060142322329e-09,1.2272640296761829e-09,1,1.2272640296761829e-09,0,0,0
1793,1794,-2.3837967615660717e-09,1.0196148134209116e-09,1,1.0196148134209116e-09,0,0,0
1793,1857,6.6572597443266583e-09,-3.03065527696757e-09,1,-3.03065527696757e-09,0,0,0
1793,1858,-7.0642689352300936e-42,-4.430862048002273e-26,1,-4.430862048002273e-26,0,0,0
1793,1859,-5.9594919039151793e-10,2.1559076701915532e-10,1,2.1559076701915532e-10,0,0,0
1794,1795,-3.4456713472424837e-10,1.5069227247736579e-10,1,1.5069227247736579e-10,0,0,0
1794,1858,1.1280779548798673e-09,-5.2096808559940253e-10,1,-5.2096808559940253e-10,0,0,0
1794,1859,0,-6.546919062889618e-27,1,-6.546919062889618e-27,0,0,0
1794,1860,-8.6141783681062092e-11,3.2711803916070834e-11,1,3.2711803916070834e-11,0,0,0
1795,1796,-4.3182589769516761e-11,1.9253397582226019e-11,1,1.9253397582226019e-11,0,0,0
1795,1859,1.6476765635320734e-10,-7.6986004455414074e-11,1,-7.6986004455414074e-11,0,0,0
1795,1860,0,-8.2621646245794348e-28,1,-8.2621646245794348e-28,0,0,0
1795,1861,-1.079564744237919e-11,4.2789146028135012e-12,1,4.2789146028135012e-12,0,0,0
1796,1797,-4.6757946050647187e-12,2.120206190375948e-12,1,2.120206190375948e-12,0,0,0
1796,1860,2.0718175848920422e-11,-9.774613598827119e-12,1,-9.774613598827119e-12,0,0,0
1796,1861,0,-8.9001271809608448e-29,1,-8.9001271809608448e-29,0,0,0
1796,1862,-1.1689486512661797e-12,4.8100910340084461e-13,1,4.8100910340084461e-13,0,0,0
1797,1798,-4.3538222431282287e-13,2.003656648624534e-13,1,2.003656648624534e-13,0,0,0
1797,1861,2.2378182367521868e-12,-1.0644863403369903e-12,1,-1.0644863403369903e-12,0,0,0
1797,1862,1.7246750330151596e-45,-8.167207609068161e-30,1,-8.167207609068161e-30,0,0,0
1797,1863,-1.0884555607820572e-13,4.6272062036613258e-14,1,4.6272062036613258e-14,0,0,0
1798,1799,-3.4650894587916013e-14,1.6156071289048299e-14,1,1.6156071289048299e-14,0,0,0
1798,1862,2.0693044446449062e-13,-9.9133860408755803e-14,1,-9.9133860408755803e-14,0,0,0
1798,1863,0,-6.3605024230863193e-31,1,-6.3605024230863193e-31,0,0,0
1798,1864,-8.6627236469790033e-15,3.7880809867161042e-15,1,3.7880809867161042e-15,0,0,0
1799,1800,-2.3387520098194167e-15,1.1031217242926582e-15,1,1.1031217242926582e-15,0,0,0
1799,1863,1.6301432004979181e-14,-7.8583720012621636e-15,1,-7.8583720012621636e-15,0,0,0
1799,1864,-6.7370118477154671e-48,-4.1789377882457007e-32,1,-4.1789377882457007e-32,0,0,0
1799,1865,-5.8468800245485419e-16,2.6199229599012972e-16,1,2.6199229599012972e-16,0,0,0
1800,1801,-1.3250856123410036e-16,6.3145626408926e-17,1,6.3145626408926e-17,0,0,0
1800,1864,1.0865616735467959e-15,-5.2671726661913534e-16,1,-5.2671726661913534e-16,0,0,0
1800,1865,-4.2106324048221669e-49,-2.2961857553740694e-33,1,-2.2961857553740694e-33,0,0,0
1800,1866,-3.3127140308525089e-17,1.5160628078924314e-17,1,1.5160628078924314e-17,0,0,0
1801,1802,-6.2173084162483369e-18,2.9900760614583213e-18,1,2.9900760614583213e-18,0,0,0
1801,1865,6.0703410474594678e-17,-2.9574541685266295e-17,1,-2.9574541685266295e-17,0,0,0
1801,1866,-1.3158226265069272e-50,-1.042130587337354e-34,1,-1.042130587337354e-34,0,0,0
1801,1867,-1.5543271040620844e-18,7.2446936874016281e-19,1,7.2446936874016281e-19,0,0,0
1802,1803,-2.3715629333169485e-19,1.1499566478586381e-19,1,1.1499566478586381e-19,0,0,0
1802,1866,2.805884150676458e-18,-1.3732975386717672e-18,1,-1.3732975386717672e-18,0,0,0
1802,1867,-8.2238914156682948e-52,-3.8385372587852899e-36,1,-3.8385372587852899e-36,0,0,0
1802,1868,-5.9289073332923712e-20,2.8077184344742426e-20,1,2.8077184344742426e-20,0,0,0
1803,1804,-7.1649637599671953e-21,3.5000177299321773e-21,1,3.5000177299321773e-21,0,0,0
1803,1867,1.0538836658175888e-19,-5.1798562820883547e-20,1,-5.1798562820883547e-20,0,0,0
1803,1868,-1.2849830336981711e-53,-1.1186582522363311e-37,1,-1.1186582522363311e-37,0,0,0
1803,1869,-1.7912409399917988e-21,8.6009759016279107e-22,1,8.6009759016279107e-22,0,0,0
1804,1805,-1.6492830010284008e-22,8.1105599801314211e-23,1,8.1105599801314211e-23,0,0,0
1804,1868,3.1347046434388568e-21,-1.5467362842065735e-21,1,-1.5467362842065735e-21,0,0,0
1804,1869,4.0155719803067845e-55,-2.4824879352602898e-39,1,-2.4824879352602898e-39,0,0,0
1804,1870,-4.1232075025710019e-23,2.0039686648356385e-23,1,2.0039686648356385e-23,0,0,0
1805,1806,-2.7171005002116687e-24,1.3442847564695379e-24,1,1.3442847564695379e-24,0,0,0
1805,1869,7.1045759666216648e-23,-3.5183242270581864e-23,1,-3.5183242270581864e-23,0,0,0
1805,1870,1.2548662438458702e-56,-3.9420683712681697e-41,1,-3.9420683712681697e-41,0,0,0
1805,1871,-6.7927512505291709e-25,3.3367511958760875e-25,1,3.3367511958760875e-25,0,0,0
1806,1807,-2.8530987272592893e-26,1.419375654929129e-26,1,1.419375654929129e-26,0,0,0
1806,1870,1.1527017289972463e-24,-5.7278449108954896e-25,1,-5.7278449108954896e-25,0,0,0
1806,1871,4.9018212650229304e-59,-3.9902573408396278e-43,1,-3.9902573408396278e-43,0,0,0
1806,1872,-7.1327468181482218e-27,3.5368206022945096e-27,1,3.5368206022945096e-27,0,0,0
1807,1808,-1.434741740103118e-28,7.17370870051559e-29,1,7.17370870051559e-29,0,0,0
1807,1871,1.1924885877699614e-26,-5.9445086670985185e-27,1,-5.9445086670985185e-27,0,0,0
1807,1872,-3.8295478632991643e-61,-1.9348747651269903e-45,1,-1.9348747651269903e-45,0,0,0
1807,1873,-3.586854350257795e-29,1.7934271751288975e-29,1,1.7934271751288975e-29,0,0,0
1808,1809,0,-0,1,-0,0,0,0
1808,1872,5.9105613559203256e-29,-2.9552806779601628e-29,1,-2.9552806779601628e-29,0,0,0
1808,1873,0,-0,1,-0,0,0,0
1808,1874,0,-0,1,-0,0,0,0
1809,1810,0,-0,1,-0,0,0,0
1809,1873,0,-0,1,-0,0,0,0
1809,1874,0,-0,1,-0,0,0,0
1809,1875,0,-0,1,-0,0,0,0
1810,1811,0,-0,1,-0,0,0,0
1810,1874,0,-0,1,-0,0,0,0
1810,1875,0,-0,1,-0,0,0,0
1810,1876,0,-0,1,-0,0,0,0
1811,1812,0,-0,1,-0,0,0,0
1811,1875,0,-0,1,-0,0,0,0
1811,1876,0,-0,1,-0,0,0,0
1811,1877,0,-0,1,-0,0,0,0
1812,1813,0,-0,1,-0,0,0,0
1812,1876,0,-0,1,-0,0,0,0
1812,1877,0,-0,1,-0,0,0,0
1812,1878,0,-0,1,-0,0,0,0
1813,1814,0,-0,1,-0,0,0,0
1813,1877,0,-0,1,-0,0,0,0
1813,1878,0,-0,1,-0,0,0,0
1813,1879,0,-0,1,-0,0,0,0
1814,1815,0,-0,1,-0,0,0,0
1814,1878,0,-0,1,-0,0,0,0
1814,1879,0,-0,1,-0,0,0,0
1814,1880,0,-0,1,-0,0,0,0
1815,1816,0,-0,1,-0,0,0,0
1815,1879,0,-0,1,-0,0,0,0
1815,1880,0,-0,1,-0,0,0,0
1815,1881,0,-0,1,-0,0,0,0
1816,1817,0,-0,1,-0,0,0,0
1816,1880,0,-0,1,-0,0,0,0
1816,1881,0,-0,1,-0,0,0,0
1816,1882,0,-0,1,-0,0,0,0
1817,1818,0,-0,1,-0,0,0,0
1817,1881,0,-0,1,-0,0,0,0
1817,1882,0,-0,1,-0,0,0,0
1817,1883,0,-0,1,-0,0,0,0
1818,1819,0,-0,1,-0,0,0,0
1818,1882,0,-0,1,-0,0,0,0
1818,1883,0,-0,1,-0,0,0,0
1818,1884,0,-0,1,-0,0,0,0
1819,1883,0,-0,1,-0,0,0,0
1819,1884,0,-0,1,-0,0,0,0
1820,1821,0,-0,1,-0,0,0,0
1820,1885,0,-0,1,-0,0,0,0
1820,1886,0,-0,1,-0,0,0,0
1821,1822,0,-0,1,-0,0,0,0
1821,1885,0,-0,1,-0,0,0,0
1821,1886,0,-0,1,-0,0,0,0
1821,1887,0,-0,1,-0,0,0,0
1822,1823,0,-0,1,-0,0,0,0
1822,1886,0,-0,1,-0,0,0,0
1822,1887,0,-0,1,-0,0,0,0
1822,1888,0,-0,1,-0,0,0,0
1823,1824,0,-0,1,-0,0,0,0
1823,1887,0,-0,1,-0,0,0,0
1823,1888,0,-0,1,-0,0,0,0
1823,1889,0,-0,1,-0,0,0,0
1824,1825,0,-0,1,-0,0,0,0
1824,1888,0,-0,1,-0,0,0,0
1824,1889,0,-0,1,-0,0,0,0
1824,1890,0,-0,1,-0,0,0,0
1825,1826,0,-0,1,-0,0,0,0
1825,1889,0,-0,1,-0,0,0,0
1825,1890,0,-0,1,-0,0,0,0
1825,1891,0,-0,1,-0,0,0,0
1826,1827,0,-0,1,-0,0,0,0
1826,1890,0,-0,1,-0,0,0,0
1826,1891,0,-0,1,-0,0,0,0
1826,1892,0,-0,1,-0,0,0,0
1827,1828,0,-0,1,-0,0,0,0
1827,1891,0,-0,1,-0,0,0,0
1827,1892,0,-0,1,-0,0,0,0
1827,1893,0,-0,1,-0,0,0,0
1828,1829,0,3.8319523035274562e-61,0,0,0,0,0
1828,1892,0,-0,1,-0,0,0,0
1828,1893,0,-0,1,-0,0,0,0
1828,1894,0,8.2578457665270623e-60,0,0,0,0,0
1829,1830,7.6639046070551472e-61,5.2857410499196258e-58,0.004402991622081744,2.3273073559289672e-60,0,0,0
1829,1893,0,-9.5798807588186404e-62,0,-0,0,0,0
1829,1894,0,1.3592538692828528e-75,0.004402991622081744,5.9847833987345952e-78,0,0,0
1829,1895,1.9159761517637868e-61,1.1797788337326066e-58,0.004402991622081744,5.1945563208340381e-61,0,0,0
1830,1831,1.0579146004446306e-57,3.1332012811388667e-57,1.1008756518182343e-19,3.4492650026514769e-76,0,0,0
1830,1894,-1.6515691533054142e-59,-1.2398147928905176e-58,0.47506735789841148,-5.8899553794186448e-59,0,0,0
1830,1895,-9.0629417820881111e-91,-2.3590534317213804e-75,0.96702642080323831,-2.281266996561123e-75,0,0,0
1830,1896,2.6447865011115753e-58,7.4576172138328225e-58,1.7885833930365938e-19,1.3338570300285218e-76,0,0,0
1831,1832,0,-1.6746920572022e-39,1.1008756518182343e-19,-1.8436277100672915e-58,0,0,0
1831,1895,-2.3614736436169772e-58,-7.9746596315944666e-58,1.1008756518182343e-19,-8.7791086199601184e-77,0,0,0
1831,1896,3.6251767128352444e-90,-6.2514325218811711e-75,1.1008756518182343e-19,-6.8820498523236425e-94,0,0,0
1831,1897,0,-4.2128925908622478e-40,1.1008756518182343e-19,-4.6378708770056866e-59,0,0,0
1832,1833,-3.3493841144043999e-39,-3.8672535727412148e-39,1.1609908862811183e-11,-4.489846152890644e-50,0,0,0
1832,1896,0,4.1867301430054999e-40,1.7885833930365938e-19,7.48831600490536e-59,0,0,0
1832,1897,-2.1768459324102675e-72,-4.356922798667421e-58,1.1609908862811183e-11,-5.0583476614832992e-69,0,0,0
1832,1898,-8.3734602860109998e-40,-1.1047417292973278e-39,0,-0,0,0,0
1833,1834,-1.4467622779351232e-38,5.3687847595780394e-23,0.00077303981129833363,4.150284357445577e-26,0,0,0
1833,1897,8.4257851817244956e-40,9.6419714839962907e-40,0.00077303981129833363,7.4536278165324057e-43,0,0,0
1833,1898,-2.507726514136628e-71,-2.2969682174970983e-56,0,-0,0,0,0
1833,1899,0,2.9885980552772179e-23,0.00077303981129833363,2.3103052766980674e-26,0,0,0
1834,1835,1.0737569519156086e-22,5.4879326190094082e-22,0.62860371791470082,3.4497348479746755e-22,0,0,0
1834,1898,3.6169056948378079e-39,-1.3421961898945099e-23,0,-0,0,0,0
1834,1899,4.0155719803067845e-55,2.7418098881005369e-39,0.62860371791470082,1.7235118894752873e-39,0,0,0
1834,1900,2.6843923797890215e-23,1.6018658136192919e-22,0.62860371791470082,1.0069388060415441e-22,0,0,0
1835,1836,1.2049622189934425e-21,2.2826262459322463e-22,3.1162364494035882e-15,7.113203107939345e-37,0,0,0
1835,1899,-5.9771961105544382e-23,-1.2073429682140813e-22,1,-1.2073429682140813e-22,0,0,0
1835,1900,-8.0311439606135691e-55,3.8283153125419069e-39,1,3.8283153125419069e-39,0,0,0
1835,1901,3.0124055474836063e-22,4.117008233371001e-23,3.0436196782679729e-16,1.253060727467924e-38,0,0,0
1836,1837,1.6614874681798918e-21,-1.3574234147103306e-22,3.1162364494035882e-15,-4.2300523221942146e-37,0,0,0
1836,1900,-3.4721708652174861e-22,-3.4077390261612177e-23,3.1162364494035882e-15,-1.0619320563378675e-37,0,0,0
1836,1901,-4.8186863763681415e-54,-2.6471448057890066e-39,3.1162364494035882e-15,-8.2491291306490853e-54,0,0,0
1836,1902,3.9093828334813864e-22,-5.0920665512648513e-07,3.1162364494035882e-15,-1.5868083389840354e-21,0,0,0
1837,1838,2.0850041778567394e-21,-8.9500753420929201e-06,1.9706158164150625e-16,-1.7637160027234758e-21,0,0,0
1837,1901,-3.8358071941578063e-22,1.8040011553162119e-23,3.0436196782679729e-16,5.49069341593858e-39,0,0,0
1837,1902,-1.4467622779351232e-38,-8.479994292206783e-23,1.9706158164150625e-16,-1.6710810875332139e-38,0,0,0
1837,1903,0,-2.9949214159959788e-06,1.9706158164150625e-16,-5.901839511281871e-22,0,0,0
1838,1839,-1.7900150684185834e-05,-7.0436743560161323e-06,1,-7.0436743560161323e-06,0,0,0
1838,1902,1.0184133102529698e-06,1.7283121803967445e-06,1,1.7283121803967445e-06,0,0,0
1838,1903,-2.8935245558702463e-38,-1.2613286756270319e-22,1,-1.2613286756270319e-22,0,0,0
1838,1904,-4.4750376710464592e-06,-2.0861717448073313e-06,1,-2.0861717448073313e-06,0,0,0
1839,1840,-3.1987499396218102e-05,-2.548974826229742e-06,1,-2.548974826229742e-06,0,0,0
1839,1903,5.9898428319919576e-06,1.0035160085312837e-06,1,1.0035160085312837e-06,0,0,0
1839,1904,5.0636679727729316e-38,-5.4165531360722309e-23,1,-5.4165531360722309e-23,0,0,0
1839,1905,-7.9968748490545254e-06,-8.0552459369129558e-07,1,-8.0552459369129558e-07,0,0,0
1840,1841,-3.7085449048677584e-05,-9.0362240098924667e-07,1,-9.0362240098924667e-07,0,0,0
1840,1904,8.6473811606611209e-06,3.1199055075413722e-07,1,3.1199055075413722e-07,0,0,0
1840,1905,2.5318339863864658e-38,-2.8024397325053801e-23,1,-2.8024397325053801e-23,0,0,0
1840,1906,-9.2713622621693943e-06,-3.1389219325918517e-07,1,-3.1389219325918517e-07,0,0,0
1841,1842,-3.8892693850656075e-05,-3.5324497603800473e-07,1,-3.5324497603800473e-07,0,0,0
1841,1905,9.6079240364371168e-06,5.7624713113451744e-08,1,5.7624713113451744e-08,0,0,0
1841,1906,4.70197740328915e-38,-1.465271121301573e-23,1,-1.465271121301573e-23,0,0,0
1841,1907,-9.7231734626640188e-06,-1.2851190002274814e-07,1,-1.2851190002274814e-07,0,0,0
1842,1843,-3.9599183802732079e-05,-1.5209437737944046e-07,1,-1.5209437737944046e-07,0,0,0
1842,1906,9.8991466486877658e-06,3.2465099762770806e-10,1,3.2465099762770806e-10,0,0,0
1842,1907,-2.2605660592736299e-38,-6.6947540866413835e-24,1,-6.6947540866413835e-24,0,0,0
1842,1908,-9.8997959506830215e-06,-5.2269355719434349e-08,1,-5.2269355719434349e-08,0,0,0
1843,1844,-3.9903372557490975e-05,-5.643513191737789e-08,1,-5.643513191737789e-08,0,0,0
1843,1907,9.9801972627095165e-06,-2.1770616683868507e-09,1,-2.1770616683868507e-09,0,0,0
1843,1908,9.2683208430218828e-38,-2.3723958422052053e-24,1,-2.3723958422052053e-24,0,0,0
1843,1909,-9.9758431393727404e-06,-1.8329322749381144e-08,1,-1.8329322749381144e-08,0,0,0
1844,1845,-4.0016242821325721e-05,-1.6373410061379249e-08,1,-1.6373410061379249e-08,0,0,0
1844,1908,1.0004334662121892e-05,-1.3697839522975721e-10,1,-1.3697839522975721e-10,0,0,0
1844,1909,-2.3057773804591026e-38,-7.0286106435613192e-25,1,-7.0286106435613192e-25,0,0,0
1844,1910,-1.0004060705331432e-05,-5.5077733026530719e-09,1,-5.5077733026530719e-09,0,0,0
1845,1846,-4.0048989641448488e-05,-5.6606349489217995e-09,1,-5.6606349489217995e-09,0,0,0
1845,1909,1.0012501784871505e-05,-1.2718725469186026e-10,1,-1.2718725469186026e-10,0,0,0
1845,1910,-2.3142545031813785e-38,-2.3554837868671089e-25,1,-2.3554837868671089e-25,0,0,0
1845,1911,-1.001224741036212e-05,-1.7611469705590831e-09,1,-1.7611469705590831e-09,0,0,0
1846,1847,-4.0060310911346323e-05,-1.6044520890387044e-09,1,-1.6044520890387044e-09,0,0,0
1846,1910,1.0015076251936738e-05,7.3794992218963908e-13,1,7.3794992218963908e-13,0,0,0
1846,1911,-2.3142545031813785e-38,-5.7618615433624473e-26,1,-5.7618615433624473e-26,0,0,0
1846,1912,-1.0015077727836583e-05,-4.4558310448924307e-10,1,-4.4558310448924307e-10,0,0,0
1847,1848,-4.0063519815524398e-05,-2.6663463682556503e-10,1,-2.6663463682556503e-10,0,0,0
1847,1911,1.0015769704303239e-05,5.5124788931042862e-11,1,5.5124788931042862e-11,0,0,0
1847,1912,-6.9444412734162534e-38,-7.4057563797358918e-27,1,-7.4057563797358918e-27,0,0,0
1847,1913,-1.0015879953881101e-05,-6.8519408860042812e-11,1,-6.8519408860042812e-11,0,0,0
1848,1849,-4.0064053084798054e-05,-2.4739652247213614e-11,1,-2.4739652247213614e-11,0,0,0
1848,1912,1.0015968894045561e-05,2.2188576976824305e-11,1,2.2188576976824305e-11,0,0,0
1848,1913,-6.9444578302965701e-38,-3.098770662820856e-28,1,-3.098770662820856e-28,0,0,0
1848,1914,-1.0016013271199513e-05,-5.8074474243752706e-12,1,-5.8074474243752706e-12,0,0,0
1849,1850,-4.0064102564102544e-05,2.2240044563805212e-21,1,2.2240044563805212e-21,0,0,0
1849,1913,1.001601699269882e-05,4.3241634081518532e-12,1,4.3241634081518532e-12,0,0,0
1849,1914,2.3148188168521812e-38,6.286065625162869e-29,1,6.286065625162869e-29,0,0,0
1849,1915,-1.0016025641025638e-05,-0,1,-0,0,0,0
1850,1851,-4.0064102564102544e-05,7.874513637530427e-08,4.522003557852078e-07,3.5608578685267303e-14,0,0,0
1850,1914,1.0016024886094362e-05,3.7746563687213171e-13,4.522003557852078e-07,1.7069009529026802e-19,0,0,0
1850,1915,-2.3148196446961965e-38,-9.2592785787847883e-38,0.0001726712245699402,-1.5988109708329849e-41,0,0,0
1850,1916,-1.0016025641025636e-05,2.2220584524811882e-16,4.522003557852078e-07,1.0048156227875216e-22,0,0,0
1851,1852,-3.9906612291351939e-05,9.6886351038406301e-06,0.049817855055871364,4.8266701929235973e-07,0,0,0
1851,1915,1.0016025641025638e-05,-1.968628409382662e-08,0.0001726712245699402,-3.3992547817127779e-12,0,0,0
1851,1916,6.9625434625627802e-38,-3.2784248435369472e-24,3.2918236544430123e-09,-1.0791996449268554e-32,0,0,0
1851,1917,-9.9766530728379847e-06,1.4009208058616394e-06,0.049817855055871364,6.9790869651169662e-08,0,0,0
1852,1853,-2.0529342083670675e-05,6.5755193766585291e-06,1,6.5755193766585291e-06,0,0,0
1852,1916,1.0016025640581225e-05,-2.4418450598317776e-06,3.2918236544430123e-09,-8.0381233284390588e-15,0,0,0
1852,1917,8.680573667610739e-38,-1.700702862037249e-22,1,-1.700702862037249e-22,0,0,0
1852,1918,-5.1323355209176688e-06,1.2018379528679649e-06,1,1.2018379528679649e-06,0,0,0
1853,1854,-7.3783033303536178e-06,2.5615813423611673e-06,1,2.5615813423611673e-06,0,0,0
1853,1917,7.1748114611147046e-06,-2.6651178142631504e-06,1,-2.6651178142631504e-06,0,0,0
1853,1918,-1.4467622779351232e-38,-7.3614762834961649e-23,1,-7.3614762834961649e-23,0,0,0
1853,1919,-1.8445758325884042e-06,4.7786679563991258e-07,1,4.7786679563991258e-07,0,0,0
1854,1855,-2.2551406456312828e-06,8.3000136404828635e-07,1,8.3000136404828635e-07,0,0,0
1854,1918,2.7286596151817389e-06,-1.0824372268869593e-06,1,-1.0824372268869593e-06,0,0,0
1854,1919,7.2338113896756158e-39,-2.7066439081743105e-23,1,-2.7066439081743105e-23,0,0,0
1854,1920,-5.6378516140782071e-07,1.5909902940726605e-07,1,1.5909902940726605e-07,0,0,0
1855,1856,-5.9513791753471012e-07,2.2980027826160823e-07,1,2.2980027826160823e-07,0,0,0
1855,1919,8.8884224130857917e-07,-3.7002888096245082e-07,1,-3.7002888096245082e-07,0,0,0
1855,1920,9.0422642370945198e-40,-8.0604375848567862e-24,1,-8.0604375848567862e-24,0,0,0
1855,1921,-1.4878447938367753e-07,4.5615573115940509e-08,1,4.5615573115940509e-08,0,0,0
1856,1857,-1.3553736101149365e-07,5.4454161017093509e-08,1,5.4454161017093509e-08,0,0,0
1856,1920,2.4558710259328854e-07,-1.058513811702076e-07,1,-1.058513811702076e-07,0,0,0
1856,1921,0,-1.970839566455532e-24,1,-1.970839566455532e-24,0,0,0
1856,1922,-3.3884340252873405e-08,1.1201367511417697e-08,1,1.1201367511417697e-08,0,0,0
1857,1858,-2.662903897730663e-08,1.1058363578893579e-08,1,1.1058363578893579e-08,0,0,0
1857,1921,5.7553333151796493e-08,-2.544803670373492e-08,1,-2.544803670373492e-08,0,0,0
1857,1922,0,-4.0170745777373903e-25,1,-4.0170745777373903e-25,0,0,0
1857,1923,-6.6572597443266574e-09,2.3505727939726676e-09,1,2.3505727939726676e-09,0,0,0
1858,1859,-4.5123118195194692e-09,1.9266205970533199e-09,1,1.9266205970533199e-09,0,0,0
1858,1922,1.1481605230038016e-08,-5.1767636375790747e-09,1,-5.1767636375790747e-09,0,0,0
1858,1923,-1.4128537870460187e-41,-6.8947864209755364e-26,1,-6.8947864209755364e-26,0,0,0
1858,1924,-1.1280779548798673e-09,4.2141857806110034e-10,1,4.2141857806110034e-10,0,0,0
1859,1860,-6.5907062541282927e-10,2.8809896100857381e-10,1,2.8809896100857381e-10,0,0,0
1859,1923,1.9561141563813223e-09,-8.9567325001405749e-10,1,-8.9567325001405749e-10,0,0,0
1859,1924,1.7660672338075234e-42,-1.0031404240978201e-26,1,-1.0031404240978201e-26,0,0,0
1859,1925,-1.6476765635320734e-10,6.4567193921882018e-11,1,6.4567193921882018e-11,0,0,0
1860,1861,-8.2872703395681688e-11,3.6960715224336468e-11,1,3.6960715224336468e-11,0,0,0
1860,1924,2.8524079875766657e-10,-1.3226131145437308e-10,1,-1.3226131145437308e-10,0,0,0
1860,1925,0,-1.2419309464597637e-27,1,-1.2419309464597637e-27,0,0,0
1860,1926,-2.0718175848920422e-11,8.4534524002023408e-12,1,8.4534524002023408e-12,0,0,0
1861,1862,-8.9512729470087471e-12,4.0617755845753918e-12,1,4.0617755845753918e-12,0,0,0
1861,1925,3.5633268509443295e-11,-1.669772513634555e-11,1,-1.669772513634555e-11,0,0,0
1861,1926,0,-1.3101626548358163e-28,1,-1.3101626548358163e-28,0,0,0
1861,1927,-2.2378182367521868e-12,9.4478270401036859e-13,1,9.4478270401036859e-13,0,0,0
1862,1863,-8.2772177785796228e-13,3.8125802491902279e-13,1,3.8125802491902279e-13,0,0,0
1862,1926,3.8112710485157387e-12,-1.8021703020256239e-12,1,-1.8021703020256239e-12,0,0,0
1862,1927,-1.7246750330151596e-45,-1.1767452368107645e-29,1,-1.1767452368107645e-29,0,0,0
1862,1928,-2.0693044446449057e-13,8.9927673343679507e-14,1,8.9927673343679507e-14,0,0,0
1863,1864,-6.5205728019916724e-14,3.0429740662864766e-14,1,3.0429740662864766e-14,0,0,0
1863,1927,3.4825282873144958e-13,-1.659756983632352e-13,1,-1.659756983632352e-13,0,0,0
1863,1928,0,-8.9708788498946646e-31,1,-8.9708788498946646e-31,0,0,0
1863,1929,-1.6301432004979184e-14,7.2608006281480842e-15,1,7.2608006281480842e-15,0,0,0
1864,1865,-4.3462466941871835e-15,2.0517165261444025e-15,1,2.0517165261444025e-15,0,0,0
1864,1928,2.7075097777131571e-14,-1.2994268051792388e-14,1,-1.2994268051792388e-14,0,0,0
1864,1929,6.7370118477154671e-48,-5.7726246710761228e-32,1,-5.7726246710761228e-32,0,0,0
1864,1930,-1.0865616735467959e-15,4.9426091028861285e-16,1,4.9426091028861285e-16,0,0,0
1865,1866,-2.4281364189837871e-16,1.1579505264783644e-16,1,1.1579505264783644e-16,0,0,0
1865,1929,1.7798307486830131e-15,-8.5956366910420923e-16,1,-8.5956366910420923e-16,0,0,0
1865,1930,0,-3.1088833586636129e-33,1,-3.1088833586636129e-33,0,0,0
1865,1931,-6.0703410474594678e-17,2.8117605317474891e-17,1,2.8117605317474891e-17,0,0,0
1866,1867,-1.1223536602705832e-17,5.4009915681893989e-18,1,5.4009915681893989e-18,0,0,0
1866,1930,9.8039852969570071e-17,-4.7616984409446805e-17,1,-4.7616984409446805e-17,0,0,0
1866,1931,0,-1.3841558640662914e-34,1,-1.3841558640662914e-34,0,0,0
1866,1932,-2.805884150676458e-18,1.3201879757744687e-18,1,1.3201879757744687e-18,0,0,0
1867,1868,-4.2155346632703552e-19,2.0450732387664002e-19,1,2.0450732387664002e-19,0,0,0
1867,1931,4.4681998396448941e-18,-2.1814057365315675e-18,1,-2.1814057365315675e-18,0,0,0
1867,1932,1.644778283133659e-51,-5.0059816746685045e-36,1,-5.0059816746685045e-36,0,0,0
1867,1933,-1.0538836658175888e-19,5.0265882547535908e-20,1,5.0265882547535908e-20,0,0,0
1868,1869,-1.2538818573755427e-20,6.1273177675452803e-21,1,6.1273177675452803e-21,0,0,0
1868,1932,1.6550819912752047e-19,-8.1186747242040807e-20,1,-8.1186747242040807e-20,0,0,0
1868,1933,0,-1.4337671410526549e-37,1,-1.4337671410526549e-37,0,0,0
1868,1934,-3.1347046434388576e-21,1.5130357034740144e-21,1,1.5130357034740144e-21,0,0,0
1869,1870,-2.8418303866486659e-22,1.3978611587443881e-22,1,1.3978611587443881e-22,0,0,0
1869,1933,4.8566014866870686e-21,-2.392777863510426e-21,1,-2.392777863510426e-21,0,0,0
1869,1934,-4.0155719803067845e-55,-3.1297861656186517e-39,1,-3.1297861656186517e-39,0,0,0
1869,1935,-7.1045759666216648e-23,3.4652715850985599e-23,1,3.4652715850985599e-23,0,0,0
1870,1871,-4.6108069159889851e-24,2.281553686239093e-24,1,2.281553686239093e-24,0,0,0
1870,1934,1.0863323649082861e-22,-5.3740267380915686e-23,1,-5.3740267380915686e-23,0,0,0
1870,1935,-1.2548662438458702e-56,-4.8929713218477485e-41,1,-4.8929713218477485e-41,0,0,0
1870,1936,-1.1527017289972463e-24,5.6745802189290107e-25,1,5.6745802189290107e-25,0,0,0
1871,1872,-4.7699543510798461e-26,2.3731560528280825e-26,1,2.3731560528280825e-26,0,0,0
1871,1935,1.7403279642454604e-24,-8.6420153918388031e-25,1,-8.6420153918388031e-25,0,0,0
1871,1936,-9.8036425300458607e-59,-4.8800957722732418e-43,1,-4.8800957722732418e-43,0,0,0
1871,1937,-1.1924885877699615e-26,5.9188782112590407e-27,1,5.9188782112590407e-27,0,0,0
1872,1873,-2.3642245423681302e-28,1.1821122711840651e-28,1,1.1821122711840651e-28,0,0,0
1872,1936,1.7785685211444176e-26,-8.863289798942486e-27,1,-8.863289798942486e-27,0,0,0
1872,1937,3.8295478632991643e-61,-2.3334535655670812e-45,1,-2.3334535655670812e-45,0,0,0
1872,1938,-5.9105613559203256e-29,2.9552806779601628e-29,1,2.9552806779601628e-29,0,0,0
1873,1874,0,-0,1,-0,0,0,0
1873,1937,8.7129455181534607e-29,-4.3564727590767303e-29,1,-4.3564727590767303e-29,0,0,0
1873,1938,0,-0,1,-0,0,0,0
1873,1939,0,-0,1,-0,0,0,0
1874,1875,0,-0,1,-0,0,0,0
1874,1938,0,-0,1,-0,0,0,0
1874,1939,0,-0,1,-0,0,0,0
1874,1940,0,-0,1,-0,0,0,0
1875,1876,0,-0,1,-0,0,0,0
1875,1939,0,-0,1,-0,0,0,0
1875,1940,0,-0,1,-0,0,0,0
1875,1941,0,-0,1,-0,0,0,0
1876,1877,0,-0,1,-0,0,0,0
1876,1940,0,-0,1,-0,0,0,0
1876,1941,0,-0,1,-0,0,0,0
1876,1942,0,-0,1,-0,0,0,0
1877,1878,0,-0,1,-0,0,0,0
1877,1941,0,-0,1,-0,0,0,0
1877,1942,0,-0,1,-0,0,0,0
1877,1943,0,-0,1,-0,0,0,0
1878,1879,0,-0,1,-0,0,0,0
1878,1942,0,-0,1,-0,0,0,0
1878,1943,0,-0,1,-0,0,0,0
1878,1944,0,-0,1,-0,0,0,0
1879,1880,0,-0,1,-0,0,0,0
1879,1943,0,-0,1,-0,0,0,0
1879,1944,0,-0,1,-0,0,0,0
1879,1945,0,-0,1,-0,0,0,0
1880,1881,0,-0,1,-0,0,0,0
1880,1944,0,-0,1,-0,0,0,0
1880,1945,0,-0,1,-0,0,0,0
1880,1946,0,-0,1,-0,0,0,0
1881,1882,0,-0,1,-0,0,0,0
1881,1945,0,-0,1,-0,0,0,0
1881,1946,0,-0,1,-0,0,0,0
1881,1947,0,-0,1,-0,0,0,0
1882,1883,0,-0,1,-0,0,0,0
1882,1946,0,-0,1,-0,0,0,0
1882,1947,0,-0,1,-0,0,0,0
1882,1948,0,-0,1,-0,0,0,0
1883,1884,0,-0,1,-0,0,0,0
1883,1947,0,-0,1,-0,0,0,0
1883,1948,0,-0,1,-0,0,0,0
1883,1949,0,-0,1,-0,0,0,0
1884,1948,0,-0,1,-0,0,0,0
1884,1949,0,-0,1,-0,0,0,0
1885,1886,0,-0,1,-0,0,0,0
1885,1950,0,-0,1,-0,0,0,0
1885,1951,0,-0,1,-0,0,0,0
1886,1887,0,-0,1,-0,0,0,0
1886,1950,0,-0,1,-0,0,0,0
1886,1951,0,-0,1,-0,0,0,0
1886,1952,0,-0,1,-0,0,0,0
1887,1888,0,-0,1,-0,0,0,0
1887,1951,0,-0,1,-0,0,0,0
1887,1952,0,-0,1,-0,0,0,0
1887,1953,0,-0,1,-0,0,0,0
1888,1889,0,-0,1,-0,0,0,0
1888,1952,0,-0,1,-0,0,0,0
1888,1953,0,-0,1,-0,0,0,0
1888,1954,0,-0,1,-0,0,0,0
1889,1890,0,-0,1,-0,0,0,0
1889,1953,0,-0,1,-0,0,0,0
1889,1954,0,-0,1,-0,0,0,0
1889,1955,0,-0,1,-0,0,0,0
1890,1891,0,-0,1,-0,0,0,0
1890,1954,0,-0,1,-0,0,0,0
1890,1955,0,-0,1,-0,0,0,0
1890,1956,0,-0,1,-0,0,0,0
1891,1892,0,-0,1,-0,0,0,0
1891,1955,0,-0,1,-0,0,0,0
1891,1956,0,-0,1,-0,0,0,0
1891,1957,0,-0,1,-0,0,0,0
1892,1893,0,-0,1,-0,0,0,0
1892,1956,0,-0,1,-0,0,0,0
1892,1957,0,-0,1,-0,0,0,0
1892,1958,0,-0,1,-0,0,0,0
1893,1894,0,3.3031383066108249e-59,0,0,0,0,0
1893,1957,0,-0,1,-0,0,0,0
1893,1958,0,-0,1,-0,0,0,0
1893,1959,0,5.0349676567156153e-93,0,0,0,0,0
1894,1895,6.6062766132216569e-59,4.3926334565728713e-58,0.47506735789841148,2.0867967704302406e-58,0,0,0
1894,1958,0,-8.2578457665270623e-60,0,-0,0,0,0
1894,1959,0,-1.3752075755702587e-75,4.6869830306642952e-34,-6.4455745703387893e-109,0,0,0
1894,1960,1.651569153305412e-59,7.5561076731218141e-59,0.47506735789841148,3.5896601082658941e-59,0,0,0
1895,1896,9.4458945744679058e-58,3.0397094570320489e-57,1.7885833930365938e-19,5.4367738545038041e-76,0,0,0
1895,1959,0,-1.1807368218084886e-58,4.6869830306642952e-34,-5.5340934474968777e-92,0,0,0
1895,1960,-1.2083922376117481e-90,-5.7045634354774836e-75,0.57520113475120704,-3.2812713613468928e-75,0,0,0
1895,1961,2.3614736436169764e-58,7.1850381371639752e-58,1.5237114510225003e-17,1.0947924885630124e-74,0,0,0
1896,1897,0,-1.6851570363448991e-39,1.7885833930365938e-19,-3.0140438898652502e-58,0,0,0
1896,1960,-1.6763784499549041e-58,-7.9418212394111581e-58,1.7885833930365938e-19,-1.4204609579276096e-76,0,0,0
1896,1961,-7.2503534256704889e-90,-6.8984069359536883e-75,1.7885833930365938e-19,-1.233837608405522e-93,0,0,0
1896,1962,0,-4.3058207493006327e-40,1.7885833930365938e-19,-7.701319485591494e-59,0,0,0
1897,1898,-3.3703140726897982e-39,-4.4085019380466127e-39,0,-0,0,0,0
1897,1961,0,4.2128925908622478e-40,1.5237114510225003e-17,6.4192326826246563e-57,0,0,0
1897,1962,0,-1.5475647170146521e-57,1,-1.5475647170146521e-57,0,0,0
1897,1963,-8.4257851817244956e-40,-9.6419714839962907e-40,8.2534950002721672e-18,-7.9579963435930199e-57,0,0,0
1898,1899,0,1.1954392221108872e-22,0,0,0,0,0
1898,1962,8.6116414986012655e-40,1.0928326686678146e-39,0,0,0,0,0
1898,1963,2.507726514136628e-71,2.2969682174970983e-56,0,0,0,0,0
1898,1964,0,3.4043718254702033e-23,0,0,0,0,0
1899,1900,2.3908784442217753e-22,5.7489025083240847e-22,1,5.7489025083240847e-22,0,0,0
1899,1963,0,-2.9885980552772179e-23,8.2534950002721672e-18,-2.4666379107053642e-40,0,0,0
1899,1964,-7.0272509655368737e-55,6.9240241905519075e-40,1,6.9240241905519075e-40,0,0,0
1899,1965,5.9771961105544382e-23,1.4335449315869569e-22,1,1.4335449315869569e-22,0,0,0
1900,1901,1.3888683460869944e-21,7.2727265788064115e-23,3.0436196782679729e-16,2.2135413729917705e-38,0,0,0
1900,1964,-6.8087436509404043e-23,-1.3956482500617229e-22,1,-1.3956482500617229e-22,0,0,0
1900,1965,6.399817843613938e-55,-6.1295893262162257e-41,1,-6.1295893262162257e-41,0,0,0
1900,1966,3.4721708652174861e-22,5.8436160899256095e-24,8.8832794480096273e-17,5.1910474713694549e-40,0,0,0
1901,1902,1.5637531333925546e-21,-2.0368266205059405e-06,3.0436196782679729e-16,-6.1993255833919332e-22,0,0,0
1901,1965,-3.4648094742293569e-22,-1.8549885996422452e-23,3.0436196782679729e-16,-5.6458798048338879e-39,0,0,0
1901,1966,5.2202435743988196e-54,-2.0547231178320181e-39,3.0436196782679729e-16,-6.2537957148256526e-55,0,0,0
1901,1967,2.6062552223209243e-22,-1.0722305228694646e-06,3.0436196782679729e-16,-3.2634619190450601e-22,0,0,0
1902,1903,-4.0736532410118785e-06,-9.9428590434779764e-06,1,-9.9428590434779764e-06,0,0,0
1902,1966,-3.9093828334813864e-22,5.0920665512648513e-07,8.8832794480096273e-17,4.5234250142748317e-23,0,0,0
1902,1967,1.4467622779351232e-38,-9.3762309207264766e-23,1,-9.3762309207264766e-23,0,0,0
1902,1968,-1.0184133102529703e-06,-2.9750508818801271e-06,1,-2.9750508818801271e-06,0,0,0
1903,1904,-2.395937132796783e-05,-5.3150766573383283e-06,1,-5.3150766573383283e-06,0,0,0
1903,1967,2.1444610457389291e-06,1.9226908931265142e-06,1,1.9226908931265142e-06,0,0,0
1903,1968,0,-8.1490834249015067e-23,1,-8.1490834249015067e-23,0,0,0
1903,1969,-5.9898428319919576e-06,-1.5182780557638747e-06,1,-1.5182780557638747e-06,0,0,0
1904,1905,-3.4589524642644484e-05,-1.9210857515519887e-06,1,-1.9210857515519887e-06,0,0,0
1904,1968,6.9685150740132244e-06,8.3943304332394878e-07,1,8.3943304332394878e-07,0,0,0
1904,1969,-2.1701434169026848e-38,-3.1559570195398488e-23,1,-3.1559570195398488e-23,0,0,0
1904,1970,-8.6473811606611209e-06,-5.4726130376855731e-07,1,-5.4726130376855731e-07,0,0,0
1905,1906,-3.8431696145748467e-05,-5.8244522450130085e-07,1,-5.8244522450130085e-07,0,0,0
1905,1969,9.026398943519707e-06,2.9076254645870435e-07,1,2.9076254645870435e-07,0,0,0
1905,1970,0,-1.115605372757236e-23,1,-1.115605372757236e-23,0,0,0
1905,1971,-9.6079240364371168e-06,-1.7100724885353699e-07,1,-1.7100724885353699e-07,0,0,0
1906,1907,-3.9596586594751063e-05,-1.621012280434987e-07,1,-1.621012280434987e-07,0,0,0
1906,1970,9.7419037681982362e-06,7.8621440244765093e-08,1,7.8621440244765093e-08,0,0,0
1906,1971,-2.2605660592736299e-38,-4.2292740523383795e-24,1,-4.2292740523383795e-24,0,0,0
1906,1972,-9.8991466486877641e-06,-5.0991378447089987e-08,1,-5.0991378447089987e-08,0,0,0
1907,1908,-3.9920789050838066e-05,-4.8274798824749518e-08,1,-4.8274798824749518e-08,0,0,0
1907,1971,9.9499385341441909e-06,1.5129364282662911e-08,1,1.5129364282662911e-08,0,0,0
1907,1972,0,-1.7429510228786881e-24,1,-1.7429510228786881e-24,0,0,0
1907,1973,-9.9801972627095165e-06,-1.6149217769278434e-08,1,-1.6149217769278434e-08,0,0,0
1908,1909,-4.0017338648487568e-05,-1.6334245499227661e-08,1,-1.6334245499227661e-08,0,0,0
1908,1972,1.0001129405581946e-05,1.6026282699720692e-09,1,1.6026282699720692e-09,0,0,0
1908,1973,-9.2570180127255141e-38,-6.7954276590638091e-25,1,-6.7954276590638091e-25,0,0,0
1908,1974,-1.0004334662121892e-05,-5.3823041744847885e-09,1,-5.3823041744847885e-09,0,0,0
1909,1910,-4.0050007139486022e-05,-5.1489341304655996e-09,1,-5.1489341304655996e-09,0,0,0
1909,1973,1.0012495698248075e-05,3.0433117158590804e-12,1,3.0433117158590804e-12,0,0,0
1909,1974,0,-2.1628412389027692e-25,1,-2.1628412389027692e-25,0,0,0
1909,1975,-1.0012501784871505e-05,-1.6415844639323879e-09,1,-1.6415844639323879e-09,0,0,0
1910,1911,-4.006030500774695e-05,-1.3869047330032916e-09,1,-1.3869047330032916e-09,0,0,0
1910,1974,1.001509927047086e-05,-1.1509267061473361e-11,1,-1.1509267061473361e-11,0,0,0
1910,1975,-2.3142545031813785e-38,-5.9011284411656646e-26,1,-5.9011284411656646e-26,0,0,0
1910,1976,-1.0015076251936738e-05,-4.4568872975171912e-10,1,-4.4568872975171912e-10,0,0,0
1911,1912,-4.0063078817212955e-05,-3.9837948464243929e-10,1,-3.9837948464243929e-10,0,0,0
1911,1975,1.0015784953799369e-05,-7.6247480651652429e-12,1,-7.6247480651652429e-12,0,0,0
1911,1976,-6.9445295767779435e-38,-1.6480574655124925e-26,1,-1.6480574655124925e-26,0,0,0
1911,1977,-1.0015769704303239e-05,-1.2116807874503896e-10,1,-1.2116807874503896e-10,0,0,0
1912,1913,-4.0063875576182235e-05,-9.6197306521903414e-11,1,-9.6197306521903414e-11,0,0,0
1912,1976,1.0015967629396243e-05,6.3232465971351896e-13,1,6.3232465971351896e-13,0,0,0
1912,1977,4.629656950064732e-38,-3.592660766287695e-27,1,-3.592660766287695e-27,0,0,0
1912,1978,-1.0015968894045561e-05,-2.70150341883705e-11,1,-2.70150341883705e-11,0,0,0
1913,1914,-4.006406797079528e-05,-1.5786791082894881e-11,1,-1.5786791082894881e-11,0,0,0
1913,1977,1.0016012040460727e-05,2.4761190460467112e-12,1,2.4761190460467112e-12,0,0,0
1913,1978,9.2592807863688305e-38,-4.9388952226192234e-28,1,-4.9388952226192234e-28,0,0,0
1913,1979,-1.0016016992698822e-05,-4.1342517400296503e-12,1,-4.1342517400296503e-12,0,0,0
1914,1915,-4.0064099544377449e-05,-1.5098625497125314e-12,0.0001726712245699402,-2.6070981539115499e-16,0,0,0
1914,1978,1.0016022924113937e-05,9.8099021282907386e-13,1,9.8099021282907386e-13,0,0,0
1914,1979,-4.6296390134443886e-38,-3.1234010262492553e-29,1,-3.1234010262492553e-29,0,0,0
1914,1980,-1.0016024886094364e-05,-3.6734893194464055e-13,1,-3.6734893194464055e-13,0,0,0
1915,1916,-4.0064102564102557e-05,8.8882560499693162e-16,0.0001726712245699402,1.5347460564393813e-19,0,0,0
1915,1979,1.00160252612023e-05,1.8991166812220266e-13,0.0001726712245699402,3.2792280294780811e-17,0,0,0
1915,1980,4.6296392721456438e-38,1.6847699041687132e-30,0.0001726712245699402,2.909112824713925e-34,0,0,0
1915,1981,-1.0016025641025638e-05,3.5350550834168386e-18,0.0001726712245699402,6.104022901757776e-22,0,0,0
1916,1917,-4.0064102562324899e-05,5.6824283589330387e-06,3.2918236544430123e-09,1.8705552086613566e-14,0,0,0
1916,1980,1.0016025620792224e-05,9.8944990822430853e-15,3.2918236544430123e-09,3.2570946127792467e-23,0,0,0
1916,1981,-6.9444589338191107e-38,-3.6416094500860058e-32,2.6810743079258192e-08,-9.7634255361254615e-40,0,0,0
1916,1982,-1.0016025640581225e-05,5.0300623972053076e-07,3.2918236544430123e-09,1.6558078382444754e-15,0,0,0
1917,1918,-2.8699245844458822e-05,8.8923036918659314e-06,1,8.8923036918659314e-06,0,0,0
1917,1981,1.0016025641018567e-05,-1.420607089951931e-06,2.6810743079258192e-08,-3.8087531705273855e-14,0,0,0
1917,1982,-5.7870491117404927e-38,-1.5281123866496204e-22,1,-1.5281123866496204e-22,0,0,0
1917,1983,-7.1748114611147055e-06,1.5468106319705427e-06,1,1.5468106319705427e-06,0,0,0
1918,1919,-1.0914638460726956e-05,3.6796347477463197e-06,1,3.6796347477463197e-06,0,0,0
1918,1982,9.0100131611401618e-06,-3.1406767729792119e-06,1,-3.1406767729792119e-06,0,0,0
1918,1983,0,-1.1262079452277875e-22,1,-1.1262079452277875e-22,0,0,0
1918,1984,-2.7286596151817389e-06,6.8373115370913233e-07,1,6.8373115370913233e-07,0,0,0
1919,1920,-3.5553689652343167e-06,1.2865102774305814e-06,1,1.2865102774305814e-06,0,0,0
1919,1983,4.0811901971736196e-06,-1.5961739779325204e-06,1,-1.5961739779325204e-06,0,0,0
1919,1984,-7.2338113896756158e-39,-3.9331460293242816e-23,1,-3.9331460293242816e-23,0,0,0
1919,1985,-8.8884224130857917e-07,2.538821327978684e-07,1,2.538821327978684e-07,0,0,0
1920,1921,-9.8234841037315418e-07,3.7606753888298412e-07,1,3.7606753888298412e-07,0,0,0
1920,1984,1.3611973077634743e-06,-5.5780510258509294e-07,1,-5.5780510258509294e-07,0,0,0
1920,1985,0,-1.1281881522292082e-23,1,-1.1281881522292082e-23,0,0,0
1920,1986,-2.4558710259328854e-07,7.8058256963973772e-08,1,7.8058256963973772e-08,0,0,0
1921,1922,-2.3021333260718602e-07,9.2143455843516969e-08,1,9.2143455843516969e-08,0,0,0
1921,1985,3.8107797571284242e-07,-1.6176232128052295e-07,1,-1.6176232128052295e-07,0,0,0
1921,1986,0,-2.6576453965486049e-24,1,-2.6576453965486049e-24,0,0,0
1921,1987,-5.7553333151796493e-08,1.9890099766002798e-08,1,1.9890099766002798e-08,0,0,0
1922,1923,-4.5926420920152066e-08,1.9050982147313387e-08,1,1.9050982147313387e-08,0,0,0
1922,1986,8.9470588665341067e-08,-3.8994491717651516e-08,1,-3.8994491717651516e-08,0,0,0
1922,1987,-1.130283029636815e-40,-5.2387497587898684e-25,1,-5.2387497587898684e-25,0,0,0
1922,1988,-1.1481605230038016e-08,4.2388574459665722e-09,1,4.2388574459665722e-09,0,0,0
1923,1924,-7.8244566255252893e-09,3.341746715247312e-09,1,3.341746715247312e-09,0,0,0
1923,1987,1.7773133619790901e-08,-7.9085097317047897e-09,1,-7.9085097317047897e-09,0,0,0
1923,1988,1.4128537870460187e-41,-8.7244893120248836e-26,1,-8.7244893120248836e-26,0,0,0
1923,1989,-1.9561141563813223e-09,7.6127741706519138e-10,1,7.6127741706519138e-10,0,0,0
1924,1925,-1.1409631950306663e-09,4.9921506049644659e-10,1,4.9921506049644659e-10,0,0,0
1924,1988,3.0038903381048721e-09,-1.3593247696736028e-09,1,-1.3593247696736028e-09,0,0,0
1924,1989,-1.7660672338075234e-42,-1.2349997982047938e-26,1,-1.2349997982047938e-26,0,0,0
1924,1990,-2.8524079875766657e-10,1.1585005077092186e-10,1,1.1585005077092186e-10,0,0,0
1925,1926,-1.4253307403777318e-10,6.3643994921855096e-11,1,6.3643994921855096e-11,0,0,0
1925,1989,4.3355932225093978e-10,-1.9896302687074825e-10,1,-1.9896302687074825e-10,0,0,0
1925,1990,4.4151680845188085e-43,-1.4910929746242072e-27,1,-1.4910929746242072e-27,0,0,0
1925,1991,-3.5633268509443295e-11,1.4987968687325805e-11,1,1.4987968687325805e-11,0,0,0
1926,1927,-1.5245084194062955e-11,6.9260364395685782e-12,1,6.9260364395685782e-12,0,0,0
1926,1990,5.3540697215822865e-11,-2.4864713083653562e-11,1,-2.4864713083653562e-11,0,0,0
1926,1991,0,-1.5371538094687918e-28,1,-1.5371538094687918e-28,0,0,0
1926,1992,-3.8112710485157387e-12,1.6503502555533191e-12,1,1.6503502555533191e-12,0,0,0
1927,1928,-1.3930113149257985e-12,6.4235546190863615e-13,1,6.4235546190863615e-13,0,0,0
1927,1991,5.6573311347916822e-12,-2.6545391530301161e-12,1,-2.6545391530301161e-12,0,0,0
1927,1992,0,-1.3515664310874477e-29,1,-1.3515664310874477e-29,0,0,0
1927,1993,-3.4825282873144958e-13,1.5452227131608847e-13,1,1.5452227131608847e-13,0,0,0
1928,1929,-1.0830039110852627e-13,5.0590534056897111e-14,1,5.0590534056897111e-14,0,0,0
1928,1992,5.1057053740910022e-13,-2.4174771981598433e-13,1,-2.4174771981598433e-13,0,0,0
1928,1993,0,-1.0102908778015564e-30,1,-1.0102908778015564e-30,0,0,0
1928,1994,-2.7075097777131568e-14,1.2264313054456043e-14,1,1.2264313054456043e-14,0,0,0
1929,1930,-7.1193229947320525e-15,3.3635817914268863e-15,1,3.3635817914268863e-15,0,0,0
1929,1993,3.9208286099272633e-14,-1.871422767529481e-14,1,-1.871422767529481e-14,0,0,0
1929,1994,-1.3474023695430934e-47,-6.3835680036689384e-32,1,-6.3835680036689384e-32,0,0,0
1929,1995,-1.7798307486830131e-15,8.2059843392976666e-16,1,8.2059843392976666e-16,0,0,0
1930,1931,-3.9215941187828028e-16,1.8714330625985035e-16,1,1.8714330625985035e-16,0,0,0
1930,1994,2.5464716682194836e-15,-1.2242159076249565e-15,1,-1.2242159076249565e-15,0,0,0
1930,1995,0,-3.3801318289264232e-33,1,-3.3801318289264232e-33,0,0,0
1930,1996,-9.8039852969570083e-17,4.5896302625627231e-17,1,4.5896302625627231e-17,0,0,0
1931,1932,-1.7872799358579576e-17,8.6053832810347461e-18,1,8.6053832810347461e-18,0,0,0
1931,1995,1.3863388082347991e-16,-6.7082840491917505e-17,1,-6.7082840491917505e-17,0,0,0
1931,1996,5.2632905060277086e-50,-1.4813549376080878e-34,1,-1.4813549376080878e-34,0,0,0
1931,1997,-4.4681998396448941e-18,2.1196454438975556e-18,1,2.1196454438975556e-18,0,0,0
1932,1933,-6.6203279651008189e-19,3.2130319528166679e-19,1,3.2130319528166679e-19,0,0,0
1932,1996,6.2472477183156201e-18,-3.0408697595940499e-18,1,-3.0408697595940499e-18,0,0,0
1932,1997,0,-5.2791731588116078e-36,1,-5.2791731588116078e-36,0,0,0
1932,1998,-1.6550819912752047e-19,7.9430287462214952e-20,1,7.9430287462214952e-20,0,0,0
1933,1934,-1.9426405946748274e-20,9.4959365003924799e-21,1,9.4959365003924799e-21,0,0,0
1933,1997,2.2890895184978254e-19,-1.1202617518154772e-19,1,-1.1202617518154772e-19,0,0,0
1933,1998,-2.5699660673963421e-53,-1.4913259930333834e-37,1,-1.4913259930333834e-37,0,0,0
1933,1999,-4.8566014866870694e-21,2.3546866014389417e-21,1,2.3546866014389417e-21,0,0,0
1934,1935,-4.3453294596331446e-22,2.1378581705316631e-22,1,2.1378581705316631e-22,0,0,0
1934,1998,6.6476242030905558e-21,-3.2694954832998639e-21,1,-3.2694954832998639e-21,0,0,0
1934,1999,0,-3.2136832627003152e-39,1,-3.2136832627003152e-39,0,0,0
1934,2000,-1.0863323649082861e-22,5.3148398019153681e-23,1,5.3148398019153681e-23,0,0,0
1935,1936,-6.9613118569818415e-24,3.4450845580680329e-24,1,3.4450845580680329e-24,0,0,0
1935,1999,1.4722828380918577e-22,-7.2743977922470155e-23,1,-7.2743977922470155e-23,0,0,0
1935,2000,6.2743312192293509e-57,-4.963633573127766e-41,1,-4.963633573127766e-41,0,0,0
1935,2001,-1.7403279642454604e-24,8.5833208297856385e-25,1,8.5833208297856385e-25,0,0,0
1936,1937,-7.1142740845776704e-26,3.5397111512525284e-26,1,3.5397111512525284e-26,0,0,0
1936,2000,2.3364404525212438e-24,-1.1593273836548999e-24,1,-1.1593273836548999e-24,0,0,0
1936,2001,-9.8036425300458607e-59,-4.8945123594838624e-43,1,-4.8945123594838624e-43,0,0,0
1936,2002,-1.7785685211444176e-26,8.8353744184360576e-27,1,8.8353744184360576e-27,0,0,0
1937,1938,-3.4851782072613843e-28,1.7425891036306921e-28,1,1.7425891036306921e-28,0,0,0
1937,2001,2.3663798288332656e-26,-1.1788334416575561e-26,1,-1.1788334416575561e-26,0,0,0
1937,2002,3.8295478632991643e-61,-2.3153911613442408e-45,1,-2.3153911613442408e-45,0,0,0
1937,2003,-8.7129455181534607e-29,4.3564727590767303e-29,1,4.3564727590767303e-29,0,0,0
1938,1939,0,-0,1,-0,0,0,0
1938,2002,1.1493637457205956e-28,-5.7468187286029781e-29,1,-5.7468187286029781e-29,0,0,0
1938,2003,0,-0,1,-0,0,0,0
1938,2004,0,-0,1,-0,0,0,0
1939,1940,0,-0,1,-0,0,0,0
1939,2003,0,-0,1,-0,0,0,0
1939,2004,0,-0,1,-0,0,0,0
1939,2005,0,-0,1,-0,0,0,0
1940,1941,0,-0,1,-0,0,0,0
1940,2004,0,-0,1,-0,0,0,0
1940,2005,0,-0,1,-0,0,0,0
1940,2006,0,-0,1,-0,0,0,0
1941,1942,0,-0,1,-0,0,0,0
1941,2005,0,-0,1,-0,0,0,0
1941,2006,0,-0,1,-0,0,0,0
1941,2007,0,-0,1,-0,0,0,0
1942,1943,0,-0,1,-0,0,0,0
1942,2006,0,-0,1,-0,0,0,0
1942,2007,0,-0,1,-0,0,0,0
1942,2008,0,-0,1,-0,0,0,0
1943,1944,0,-0,1,-0,0,0,0
1943,2007,0,-0,1,-0,0,0,0
1943,2008,0,-0,1,-0,0,0,0
1943,2009,0,-0,1,-0,0,0,0
1944,1945,0,-0,1,-0,0,0,0
1944,2008,0,-0,1,-0,0,0,0
1944,2009,0,-0,1,-0,0,0,0
1944,2010,0,-0,1,-0,0,0,0
1945,1946,0,-0,1,-0,0,0,0
1945,2009,0,-0,1,-0,0,0,0
1945,2010,0,-0,1,-0,0,0,0
1945,2011,0,-0,1,-0,0,0,0
1946,1947,0,-0,1,-0,0,0,0
1946,2010,0,-0,1,-0,0,0,0
1946,2011,0,-0,1,-0,0,0,0
1946,2012,0,-0,1,-0,0,0,0
1947,1948,0,-0,1,-0,0,0,0
1947,2011,0,-0,1,-0,0,0,0
1947,2012,0,-0,1,-0,0,0,0
1947,2013,0,-0,1,-0,0,0,0
1948,1949,0,-0,1,-0,0,0,0
1948,2012,0,-0,1,-0,0,0,0
1948,2013,0,-0,1,-0,0,0,0
1948,2014,0,-0,1,-0,0,0,0
1949,2013,0,-0,1,-0,0,0,0
1949,2014,0,-0,1,-0,0,0,0
1950,1951,0,-0,1,-0,0,0,0
1950,2015,0,-0,1,-0,0,0,0
1950,2016,0,-0,1,-0,0,0,0
1951,1952,0,-0,1,-0,0,0,0
1951,2015,0,-0,1,-0,0,0,0
1951,2016,0,-0,1,-0,0,0,0
1951,2017,0,-0,1,-0,0,0,0
1952,1953,0,-0,1,-0,0,0,0
1952,2016,0,-0,1,-0,0,0,0
1952,2017,0,-0,1,-0,0,0,0
1952,2018,0,-0,1,-0,0,0,0
1953,1954,0,-0,1,-0,0,0,0
1953,2017,0,-0,1,-0,0,0,0
1953,2018,0,-0,1,-0,0,0,0
1953,2019,0,-0,1,-0,0,0,0
1954,1955,0,-0,1,-0,0,0,0
1954,2018,0,-0,1,-0,0,0,0
1954,2019,0,-0,1,-0,0,0,0
1954,2020,0,-0,1,-0,0,0,0
1955,1956,0,-0,1,-0,0,0,0
1955,2019,0,-0,1,-0,0,0,0
1955,2020,0,-0,1,-0,0,0,0
1955,2021,0,-0,1,-0,0,0,0
1956,1957,0,-0,1,-0,0,0,0
1956,2020,0,-0,1,-0,0,0,0
1956,2021,0,-0,1,-0,0,0,0
1956,2022,0,-0,1,-0,0,0,0
1957,1958,0,-0,1,-0,0,0,0
1957,2021,0,-0,1,-0,0,0,0
1957,2022,0,-0,1,-0,0,0,0
1957,2023,0,-0,1,-0,0,0,0
1958,1959,0,2.0139870626862461e-92,0,0,0,0,0
1958,2022,0,-0,1,-0,0,0,0
1958,2023,0,-0,1,-0,0,0,0
1958,2024,0,-0,1,-0,0,0,0
1959,1960,0,3.3527568999098082e-58,4.6869830306642952e-34,1.57143146958199e-91,0,0,0
1959,2023,0,-5.0349676567156153e-93,0,-0,0,0,0
1959,2024,0,-8.3849055310929742e-109,0,-0,0,0,0
1959,2025,0,7.0345020700972071e-59,4.6869830306642952e-34,3.2970591831718466e-92,0,0,0
1960,1961,6.7055137998196137e-58,3.0110342935980044e-57,1.5237114510225003e-17,4.5879474325767247e-74,0,0,0
1960,2024,0,-8.3818922497745206e-59,0,-0,0,0,0
1960,2025,0,-2.2438554009473712e-75,0.29559904303903273,-6.6328150923800796e-76,0,0,0
1960,2026,1.6763784499549041e-58,1.5787456545535945e-57,1.0017328464314518e-20,1.5814813783272577e-77,0,0,0
1961,1962,0,-1.7223282997202531e-39,1.5237114510225003e-17,-2.6243313527038625e-56,0,0,0
1961,2025,-1.4069004140194393e-58,-7.6623247519627434e-58,1.5237114510225003e-17,-1.1675171966018771e-74,0,0,0
1961,2026,-1.933427580178797e-89,1.375544813310304e-73,1.0017328464314518e-20,1.3779284212313508e-93,0,0,0
1961,2027,0,-4.3032656914490516e-40,1.5237114510225003e-17,-6.5569352108531768e-57,0,0,0
1962,1963,-3.4446565994405055e-39,-3.819617330223162e-39,8.2534950002721672e-18,-3.1525192537949793e-56,0,0,0
1962,2026,0,4.3058207493006327e-40,1.0017328464314518e-20,4.3132820754205296e-60,0,0,0
1962,2027,2.2258249658894985e-72,4.2550260841113182e-59,1,4.2550260841113182e-59,0,0,0
1962,2028,-8.6116414986012655e-40,-1.0338065141335145e-39,0,-0,0,0,0
1963,1964,0,1.3617487301880813e-22,8.2534950002721672e-18,1.1239186336234302e-39,0,0,0
1963,2027,8.6065313828981064e-40,9.5515983834094844e-40,8.2534950002721672e-18,7.8834069502077898e-57,0,0,0
1963,2028,0,-1.3139852802111631e-56,0,-0,0,0,0
1963,2029,0,2.4902869009754296e-23,8.2534950002721672e-18,2.055357048644398e-40,0,0,0
1964,1965,2.7234974603761617e-22,5.5678702182706344e-22,1,5.5678702182706344e-22,0,0,0
1964,2028,0,-3.4043718254702033e-23,0,-0,0,0,0
1964,2029,4.0155719803067845e-55,-1.522257194455268e-39,1,-1.522257194455268e-39,0,0,0
1964,2030,6.8087436509404043e-23,1.3998989649744925e-22,1,1.3998989649744925e-22,0,0,0
1965,1966,1.385923789691743e-21,2.4846742557328122e-23,8.8832794480096273e-17,2.2072055750949907e-39,0,0,0
1965,2029,-4.9805738019508599e-23,-1.4833760470171357e-22,1,-1.4833760470171357e-22,0,0,0
1965,2030,2.5599271374455752e-54,1.3208451677127784e-40,1,1.3208451677127784e-40,0,0,0
1965,2031,3.4648094742293584e-22,1.9693920080823279e-23,1.6787995889183385e-16,3.3062144935876732e-39,0,0,0
1966,1967,1.0425020889283697e-21,-4.2889220914778582e-06,8.8832794480096273e-17,-3.8099693469339723e-22,0,0,0
1966,2030,-3.4806722950430257e-22,-5.4185445986486451e-24,8.8832794480096273e-17,-4.8134445871299082e-40,0,0,0
1966,2031,-5.2202435743988196e-54,2.245243065050682e-39,1.6787995889183385e-16,3.7693131346288349e-55,0,0,0
1966,2032,5.2125104446418485e-22,-1.1764918104976198e-06,8.8832794480096273e-17,-1.0451105520945143e-22,0,0,0
1967,1968,-8.5778441829557164e-06,-9.6481080565485906e-06,1,-9.6481080565485906e-06,0,0,0
1967,2031,-2.6062552223209243e-22,1.0722305228694646e-06,1.6787995889183385e-16,1.8000601610189521e-22,0,0,0
1967,2032,0,-1.7362992315276592e-23,1,-1.7362992315276592e-23,0,0,0
1967,2033,-2.1444610457389291e-06,-2.5731838843600497e-06,1,-2.5731838843600497e-06,0,0,0
1968,1969,-2.7874060296052898e-05,-4.115767739012966e-06,1,-4.115767739012966e-06,0,0,0
1968,2032,2.3529836209952396e-06,2.3077657265089924e-06,1,2.3077657265089924e-06,0,0,0
1968,2033,-2.1701434169026848e-38,-2.6838010184699216e-23,1,-2.6838010184699216e-23,0,0,0
1968,2034,-6.9685150740132244e-06,-1.112545619244218e-06,1,-1.112545619244218e-06,0,0,0
1969,1970,-3.6105595774078828e-05,-1.4310096493570579e-06,1,-1.4310096493570579e-06,0,0,0
1969,2033,7.2908288144590294e-06,8.6778506453033898e-07,1,8.6778506453033898e-07,0,0,0
1969,2034,0,-1.3922810319806894e-23,1,-1.3922810319806894e-23,0,0,0
1969,2035,-9.0263989435197087e-06,-3.876999139558065e-07,1,-3.876999139558065e-07,0,0,0
1970,1971,-3.8967615072792945e-05,-4.1606953189190741e-07,1,-4.1606953189190741e-07,0,0,0
1970,2034,9.1936063125016582e-06,2.7414872784828798e-07,1,2.7414872784828798e-07,0,0,0
1970,2035,-4.6115547609182052e-38,-4.9872608737026087e-24,1,-4.9872608737026087e-24,0,0,0
1970,2036,-9.7419037681982362e-06,-1.1305036697816405e-07,1,-1.1305036697816405e-07,0,0,0
1971,1972,-3.9799754136576757e-05,-1.0238174287551288e-07,1,-1.0238174287551288e-07,0,0,0
1971,2035,9.8017987714313208e-06,7.4069881356434845e-08,1,7.4069881356434845e-08,0,0,0
1971,2036,-2.3057773804591026e-38,-1.5042940235444379e-24,1,-1.5042940235444379e-24,0,0,0
1971,2037,-9.9499385341441875e-06,-2.8335417708623524e-08,1,-2.8335417708623524e-08,0,0,0
1972,1973,-4.0004517622327784e-05,-2.2732585332252501e-08,1,-2.2732585332252501e-08,0,0,0
1972,2036,9.9680045021545646e-06,1.6562451713691033e-08,1,1.6562451713691033e-08,0,0,0
1972,2037,-4.6285090063627571e-38,-4.5629866381102326e-25,1,-4.5629866381102326e-25,0,0,0
1972,2038,-1.0001129405581946e-05,-6.6037488840556951e-09,1,-6.6037488840556951e-09,0,0,0
1973,1974,-4.0049982792992301e-05,-5.2071444455749291e-09,1,-5.2071444455749291e-09,0,0,0
1973,2037,1.0006609369561437e-05,2.9431643433178201e-09,1,2.9431643433178201e-09,0,0,0
1973,2038,6.9455892171182283e-38,-1.5331112229609106e-25,1,-1.5331112229609106e-25,0,0,0
1973,2039,-1.001249569824807e-05,-1.611636634886132e-09,1,-1.611636634886132e-09,0,0,0
1974,1975,-4.0060397081883439e-05,-1.3713666570180592e-09,1,-1.3713666570180592e-09,0,0,0
1974,2038,1.0014336903350061e-05,3.8118356040116177e-10,1,3.8118356040116177e-10,0,0,0
1974,2039,6.9448827902247051e-38,-5.1600477806013062e-26,1,-5.1600477806013062e-26,0,0,0
1974,2040,-1.001509927047086e-05,-4.3197448395036439e-10,1,-4.3197448395036439e-10,0,0,0
1975,1976,-4.0063139815197478e-05,-3.6535119374292425e-10,1,-3.6535119374292425e-10,0,0,0
1975,2039,1.0015718971517845e-05,3.2991140762114934e-11,1,3.2991140762114934e-11,0,0,0
1975,2040,9.2593139001294639e-38,-1.4843596301414233e-26,1,-1.4843596301414233e-26,0,0,0
1975,2041,-1.0015784953799369e-05,-1.1356583938139584e-10,1,-1.1356583938139584e-10,0,0,0
1976,1977,-4.0063870517584963e-05,-8.8822128976570643e-11,1,-8.8822128976570643e-11,0,0,0
1976,2040,1.0015963219438761e-05,2.2049787398814714e-12,1,2.2049787398814714e-12,0,0,0
1976,2041,6.9444854250970979e-38,-3.7017124275281704e-27,1,-3.7017124275281704e-27,0,0,0
1976,2042,-1.0015967629396239e-05,-2.7565917258834278e-11,1,-2.7565917258834278e-11,0,0,0
1977,1978,-4.0064048161842917e-05,-2.1767306415765431e-11,1,-2.1767306415765431e-11,0,0,0
1977,2041,1.0016012085478131e-05,-2.2508701522130408e-14,1,-2.2508701522130408e-14,0,0,0
1977,2042,2.314828475032366e-38,-8.9268342962494403e-28,1,-8.9268342962494403e-28,0,0,0
1977,2043,-1.0016012040460729e-05,-6.5022671364021381e-12,1,-6.5022671364021381e-12,0,0,0
1978,1979,-4.0064091696455748e-05,-4.6741767285400155e-12,1,-4.6741767285400155e-12,0,0,0
1978,2042,1.0016022761230758e-05,8.1441589249741324e-14,1,8.1441589249741324e-14,0,0,0
1978,2043,-6.9444578302965701e-38,-1.7659882430755795e-28,1,-1.7659882430755795e-28,0,0,0
1978,2044,-1.0016022924113937e-05,-1.3054039319856719e-12,1,-1.3054039319856719e-12,0,0,0
1979,1980,-4.0064101044809213e-05,-7.1917985055484138e-13,1,-7.1917985055484138e-13,0,0,0
1979,2043,1.0016025044995002e-05,1.0810364967422363e-13,1,1.0810364967422363e-13,0,0,0
1979,2044,-2.3148195067221943e-38,-2.2791726814297626e-29,1,-2.2791726814297626e-29,0,0,0
1979,2045,-1.00160252612023e-05,-1.8442774072970525e-13,1,-1.8442774072970525e-13,0,0,0
1980,1981,-4.0064102483168898e-05,-4.0452681713635613e-14,2.6810743079258192e-08,-1.0845664562912904e-21,0,0,0
1980,2044,1.0016025534921801e-05,4.2935212788042517e-14,1,4.2935212788042517e-14,0,0,0
1980,2045,-6.9444589297769039e-38,-7.7151253569022909e-31,1,-7.7151253569022909e-31,0,0,0
1980,2046,-1.0016025620792228e-05,-1.0116705483492319e-14,1.3874370712022813e-07,-1.4036292226232642e-21,0,0,0
1981,1982,-4.0064102564074266e-05,2.0120249597568087e-06,2.6810743079258192e-08,5.3943884265094602e-14,0,0,0
1981,2045,1.0016025630057784e-05,5.4803923374139943e-15,2.6810743079258192e-08,1.4693339093194187e-22,0,0,0
1981,2046,4.6296392893987101e-38,-5.8870493203913689e-34,1.3874370712022813e-07,-8.1679104671071815e-41,0,0,0
1981,2047,-1.0016025641018567e-05,2.7568147640067436e-16,2.6810743079258192e-08,7.3912252354890611e-24,0,0,0
1982,1983,-3.6040052644560647e-05,9.8576459279330861e-06,1,9.8576459279330861e-06,0,0,0
1982,2046,1.0016025641025638e-05,-5.0300623994273715e-07,1.3874370712022813e-07,-6.9788950434262322e-14,0,0,0
1982,2047,5.7870491117404927e-38,-8.3767366320684094e-23,7.8945274783469577e-10,-6.6130377520739612e-32,0,0,0
1982,2048,-9.0100131611401618e-06,1.5893989013274798e-06,1,1.5893989013274798e-06,0,0,0
1983,1984,-1.6324760788694482e-05,5.4399857788202924e-06,1,5.4399857788202924e-06,0,0,0
1983,2047,1.0016025640467204e-05,-2.9674177216467918e-06,7.8945274783469577e-10,-2.3426360743274322e-15,0,0,0
1983,2048,2.8935245558702463e-38,-1.4571886708211061e-22,1,-1.4571886708211061e-22,0,0,0
1983,2049,-4.0811901971736205e-06,1.1033602177027545e-06,1,1.1033602177027545e-06,0,0,0
1984,1985,-5.4447892310538971e-06,1.960238664101264e-06,1,1.960238664101264e-06,0,0,0
1984,2048,5.8312153584852035e-06,-2.2350090253608646e-06,1,-2.2350090253608646e-06,0,0,0
1984,2049,7.2338113896756158e-39,-4.2738517225635347e-23,1,-4.2738517225635347e-23,0,0,0
1984,2050,-1.3611973077634743e-06,4.2181163623499134e-07,1,4.2181163623499134e-07,0,0,0
1985,1986,-1.5243119028513695e-06,5.8321477409500258e-07,1,5.8321477409500258e-07,0,0,0
1985,2049,1.874469761768111e-06,-7.4669589302763436e-07,1,-7.4669589302763436e-07,0,0,0
1985,2050,-1.808452847418904e-39,-1.1365580108778301e-23,1,-1.1365580108778301e-23,0,0,0
1985,2051,-3.8107797571284237e-07,1.3051332472602504e-07,1,1.3051332472602504e-07,0,0,0
1986,1987,-3.5788235466136416e-07,1.4339491009110029e-07,1,1.4339491009110029e-07,0,0,0
1986,2050,5.1757403529349159e-07,-2.1405172331407526e-07,1,-2.1405172331407526e-07,0,0,0
1986,2051,9.0422642370945198e-40,-2.5463579241367632e-24,1,-2.5463579241367632e-24,0,0,0
1986,2052,-8.947058866534104e-08,3.2944957045887346e-08,1,3.2944957045887346e-08,0,0,0
1987,1988,-7.1092534479163604e-08,2.9538486563372058e-08,1,2.9538486563372058e-08,0,0,0
1987,2051,1.2005132626079232e-07,-5.1139096320500713e-08,1,-5.1139096320500713e-08,0,0,0
1987,2052,5.6514151481840749e-41,-4.8357492625012928e-25,1,-4.8357492625012928e-25,0,0,0
1987,2053,-1.7773133619790901e-08,6.9150557789488471e-09,1,6.9150557789488471e-09,0,0,0
1988,1989,-1.2015561352419488e-08,5.1406620317078646e-09,1,5.1406620317078646e-09,0,0,0
1988,2052,2.3580674573566358e-08,-1.0288392117730742e-08,1,-1.0288392117730742e-08,0,0,0
1988,2053,1.4128537870460187e-41,-7.8198424717929079e-26,1,-7.8198424717929079e-26,0,0,0
1988,2054,-3.0038903381048721e-09,1.2202973871855279e-09,1,1.2202973871855279e-09,0,0,0
1989,1990,-1.7342372890037591e-09,7.6003725007023389e-10,1,7.6003725007023389e-10,0,0,0
1989,2053,3.9430220618932059e-09,-1.7547313698211331e-09,1,-1.7547313698211331e-09,0,0,0
1989,2054,3.5321344676150468e-42,-1.0802712181696423e-26,1,-1.0802712181696423e-26,0,0,0
1989,2055,-4.3355932225093978e-10,1.8233901607933816e-10,1,1.8233901607933816e-10,0,0,0
1990,1991,-2.1416278886329146e-10,9.576673216206236e-11,1,9.576673216206236e-11,0,0,0
1990,2054,5.6329556373381634e-10,-2.5487743325899673e-10,1,-2.5487743325899673e-10,0,0,0
1990,2055,-6.6227521267782127e-43,-1.2773609567118746e-27,1,-1.2773609567118746e-27,0,0,0
1990,2056,-5.3540697215822865e-11,2.3165243882380397e-11,1,2.3165243882380397e-11,0,0,0
1991,1992,-2.2629324539166729e-11,1.0293521194765163e-11,1,1.0293521194765163e-11,0,0,0
1991,2055,6.8881290092263448e-11,-3.1611979478735878e-11,1,-3.1611979478735878e-11,0,0,0
1991,2056,2.7594800528242553e-44,-1.2930309458733982e-28,1,-1.2930309458733982e-28,0,0,0
1991,2057,-5.6573311347916822e-12,2.5062073825731723e-12,1,2.5062073825731723e-12,0,0,0
1992,1993,-2.0422821496364009e-12,9.4272450261965497e-13,1,9.4272450261965497e-13,0,0,0
1992,2056,7.2102094510620691e-12,-3.3498194568264841e-12,1,-3.3498194568264841e-12,0,0,0
1992,2057,3.4493500660303191e-45,-1.1186537715832472e-29,1,-1.1186537715832472e-29,0,0,0
1992,2058,-5.1057053740910022e-13,2.3073254071439717e-13,1,2.3073254071439717e-13,0,0,0
1993,1994,-1.5683314439709051e-13,7.3323628862106287e-14,1,7.3323628862106287e-14,0,0,0
1993,2057,6.4491636964533776e-13,-3.0285404177303256e-13,1,-3.0285404177303256e-13,0,0,0
1993,2058,2.1558437912689495e-46,-8.2410494104122781e-31,1,-8.2410494104122781e-31,0,0,0
1993,2059,-3.9208286099272633e-14,1.8022330239559877e-14,1,1.8022330239559877e-14,0,0,0
1994,1995,-1.0185886672877936e-14,4.8156755747920083e-15,1,4.8156755747920083e-15,0,0,0
1994,2058,4.9105455980305844e-14,-2.3279492156043184e-14,1,-2.3279492156043184e-14,0,0,0
1994,2059,2.6948047390861868e-47,-5.1388389538114659e-32,1,-5.1388389538114659e-32,0,0,0
1994,2060,-2.546471668219484e-15,1.1877755009605776e-15,1,1.1877755009605776e-15,0,0,0
1995,1996,-5.5453552329391963e-16,2.6477326621032859e-16,1,2.6477326621032859e-16,0,0,0
1995,2059,3.1636256201528786e-15,-1.5124958696646994e-15,1,-1.5124958696646994e-15,0,0,0
1995,2060,8.4212648096443338e-49,-2.6884149468982864e-33,1,-2.6884149468982864e-33,0,0,0
1995,2061,-1.3863388082347991e-16,6.5493625539128404e-17,1,6.5493625539128404e-17,0,0,0
1996,1997,-2.498899087326248e-17,1.2036677532931676e-17,1,1.2036677532931676e-17,0,0,0
1996,2060,1.7092066629832895e-16,-8.2336709290006658e-17,1,-8.2336709290006658e-17,0,0,0
1996,2061,-7.894935759041563e-50,-1.1652196098894791e-34,1,-1.1652196098894791e-34,0,0,0
1996,2062,-6.2472477183156201e-18,2.9844881036479547e-18,1,2.9844881036479547e-18,0,0,0
1997,1998,-9.1563580739913016e-19,4.4452265529338394e-19,1,4.4452265529338394e-19,0,0,0
1997,2061,7.6466297452231016e-18,-3.7088603966866586e-18,1,-3.7088603966866586e-18,0,0,0
1997,2062,-8.2238914156682948e-52,-4.1102587308657493e-36,1,-4.1102587308657493e-36,0,0,0
1997,2063,-2.2890895184978254e-19,1.104400233662457e-19,1,1.104400233662457e-19,0,0,0
1998,1999,-2.6590496812362226e-20,1.3000791838562743e-20,1,1.3000791838562743e-20,0,0,0
1998,2062,2.7827151101971132e-19,-1.358119434083104e-19,1,-1.358119434083104e-19,0,0,0
1998,2063,-1.2849830336981711e-53,-1.150147405815567e-37,1,-1.150147405815567e-37,0,0,0
1998,2064,-6.6476242030905565e-21,3.2354461279074561e-21,1,3.2354461279074561e-21,0,0,0
1999,2000,-5.8891313523674308e-22,2.8978368671332904e-22,1,2.8978368671332904e-22,0,0,0
1999,2063,8.0289051172911228e-21,-3.9408384167409688e-21,1,-3.9408384167409688e-21,0,0,0
1999,2064,-4.0155719803067845e-55,-2.4566734868441231e-39,1,-2.4566734868441231e-39,0,0,0
1999,2065,-1.4722828380918577e-22,7.2219946318422288e-23,1,7.2219946318422288e-23,0,0,0
2000,2001,-9.3457618100849751e-24,4.6255533084658222e-24,1,4.6255533084658222e-24,0,0,0
2000,2064,1.7673194727564486e-22,-8.7197753411561817e-23,1,-8.7197753411561817e-23,0,0,0
2000,2065,-6.2743312192293509e-57,-3.7632457135501959e-41,1,-3.7632457135501959e-41,0,0,0
2000,2066,-2.3364404525212434e-24,1.1541771744197734e-24,1,1.1541771744197734e-24,0,0,0
2001,2002,-9.4655193153330622e-26,4.709772382752119e-26,1,4.709772382752119e-26,0,0,0
2001,2065,2.7883911723411979e-24,-1.3823636870264326e-24,1,-1.3823636870264326e-24,0,0,0
2001,2066,1.9607285060091721e-58,-3.6823089522276951e-43,1,-3.6823089522276951e-43,0,0,0
2001,2067,-2.3663798288332656e-26,1.1764046364378741e-26,1,1.1764046364378741e-26,0,0,0
2002,2003,-4.5974549828823825e-28,2.2987274914411913e-28,1,2.2987274914411913e-28,0,0,0
2002,2066,2.8086103681696837e-26,-1.3985583653562386e-26,1,-1.3985583653562386e-26,0,0,0
2002,2067,-7.6590957265983287e-61,-1.7293820544868374e-45,1,-1.7293820544868374e-45,0,0,0
2002,2068,-1.1493637457205956e-28,5.7468187286029781e-29,1,5.7468187286029781e-29,0,0,0
2003,2004,0,-0,1,-0,0,0,0
2003,2067,1.3570555957517458e-28,-6.7852779787587291e-29,1,-6.7852779787587291e-29,0,0,0
2003,2068,0,-0,1,-0,0,0,0
2003,2069,0,-0,1,-0,0,0,0
2004,2005,0,-0,1,-0,0,0,0
2004,2068,0,-0,1,-0,0,0,0
2004,2069,0,-0,1,-0,0,0,0
2004,2070,0,-0,1,-0,0,0,0
2005,2006,0,-0,1,-0,0,0,0
2005,2069,0,-0,1,-0,0,0,0
2005,2070,0,-0,1,-0,0,0,0
2005,2071,0,-0,1,-0,0,0,0
2006,2007,0,-0,1,-0,0,0,0
2006,2070,0,-0,1,-0,0,0,0
2006,2071,0,-0,1,-0,0,0,0
2006,2072,0,-0,1,-0,0,0,0
2007,2008,0,-0,1,-0,0,0,0
2007,2071,0,-0,1,-0,0,0,0
2007,2072,0,-0,1,-0,0,0,0
2007,2073,0,-0,1,-0,0,0,0
2008,2009,0,-0,1,-0,0,0,0
2008,2072,0,-0,1,-0,0,0,0
2008,2073,0,-0,1,-0,0,0,0
2008,2074,0,-0,1,-0,0,0,0
2009,2010,0,-0,1,-0,0,0,0
2009,2073,0,-0,1,-0,0,0,0
2009,2074,0,-0,1,-0,0,0,0
2009,2075,0,-0,1,-0,0,0,0
2010,2011,0,-0,1,-0,0,0,0
2010,2074,0,-0,1,-0,0,0,0
2010,2075,0,-0,1,-0,0,0,0
2010,2076,0,-0,1,-0,0,0,0
2011,2012,0,-0,1,-0,0,0,0
2011,2075,0,-0,1,-0,0,0,0
2011,2076,0,-0,1,-0,0,0,0
2011,2077,0,-0,1,-0,0,0,0
2012,2013,0,-0,1,-0,0,0,0
2012,2076,0,-0,1,-0,0,0,0
2012,2077,0,-0,1,-0,0,0,0
2012,2078,0,-0,1,-0,0,0,0
2013,2014,0,-0,1,-0,0,0,0
2013,2077,0,-0,1,-0,0,0,0
2013,2078,0,-0,1,-0,0,0,0
2013,2079,0,-0,1,-0,0,0,0
2014,2078,0,-0,1,-0,0,0,0
2014,2079,0,-0,1,-0,0,0,0
2015,2016,0,-0,1,-0,0,0,0
2015,2080,0,-0,1,-0,0,0,0
2015,2081,0,-0,1,-0,0,0,0
2016,2017,0,-0,1,-0,0,0,0
2016,2080,0,-0,1,-0,0,0,0
2016,2081,0,-0,1,-0,0,0,0
2016,2082,0,-0,1,-0,0,0,0
2017,2018,0,-0,1,-0,0,0,0
2017,2081,0,-0,1,-0,0,0,0
2017,2082,0,-0,1,-0,0,0,0
2017,2083,0,-0,1,-0,0,0,0
2018,2019,0,-0,1,-0,0,0,0
2018,2082,0,-0,1,-0,0,0,0
2018,2083,0,-0,1,-0,0,0,0
2018,2084,0,-0,1,-0,0,0,0
2019,2020,0,-0,1,-0,0,0,0
2019,2083,0,-0,1,-0,0,0,0
2019,2084,0,-0,1,-0,0,0,0
2019,2085,0,-0,1,-0,0,0,0
2020,2021,0,-0,1,-0,0,0,0
2020,2084,0,-0,1,-0,0,0,0
2020,2085,0,-0,1,-0,0,0,0
2020,2086,0,-0,1,-0,0,0,0
2021,2022,0,-0,1,-0,0,0,0
2021,2085,0,-0,1,-0,0,0,0
2021,2086,0,-0,1,-0,0,0,0
2021,2087,0,-0,1,-0,0,0,0
2022,2023,0,-0,1,-0,0,0,0
2022,2086,0,-0,1,-0,0,0,0
2022,2087,0,-0,1,-0,0,0,0
2022,2088,0,-0,1,-0,0,0,0
2023,2024,0,-0,1,-0,0,0,0
2023,2087,0,-0,1,-0,0,0,0
2023,2088,0,-0,1,-0,0,0,0
2023,2089,0,-0,1,-0,0,0,0
2024,2025,0,2.8138008280388828e-58,0,0,0,0,0
2024,2088,0,-0,1,-0,0,0,0
2024,2089,0,-0,1,-0,0,0,0
2024,2090,0,6.6161971654393549e-59,0,0,0,0,0
2025,2026,5.6276016560777749e-58,6.3688782254014708e-57,1.0017328464314518e-20,6.3799145133067087e-77,0,0,0
2025,2089,0,-7.0345020700972071e-59,0,-0,0,0,0
2025,2090,4.5314708910440555e-91,-6.9661760469716582e-76,0.25144975939788972,-1.7516432909343658e-76,0,0,0
2025,2091,1.4069004140194437e-58,1.6104504628711046e-57,-0,-0,0,0,0
2026,2027,0,-1.7213062765796206e-39,1.0017328464314518e-20,-1.7242890360184271e-59,0,0,0
2026,2090,-1.323239433087872e-58,-1.5964026053969461e-57,1.0017328464314518e-20,-1.5991689259548686e-77,0,0,0
2026,2091,2.2959452514623216e-89,3.0360558268666702e-75,-0,-0,0,0,0
2026,2092,0,-4.4708192950145616e-40,1.0017328464314518e-20,-4.4785665382755934e-60,0,0,0
2027,2028,-3.4426125531592426e-39,-4.1362480796746905e-39,0,-0,0,0,0
2027,2091,0,4.3032656914490516e-40,-0,-0,0,0,0
2027,2092,4.5278395394133562e-72,-2.7903280280601663e-57,1,-2.7903280280601663e-57,0,0,0
2027,2093,-8.6065313828981032e-40,-8.9262146040786244e-40,1.6656304403251144e-16,-1.4867774761427946e-55,0,0,0
2028,2029,0,9.9611476039017186e-23,0,0,0,0,0
2028,2092,8.9416385900291248e-40,1.0173066595621218e-39,0,0,0,0,0
2028,2093,1.6718176760910855e-71,2.3554584867714943e-56,0,0,0,0,0
2028,2094,-3.6169056948378079e-39,9.7347119283581399e-24,0,0,0,0,0
2029,2030,1.992229520780344e-22,5.9652298296958794e-22,1,5.9652298296958794e-22,0,0,0
2029,2093,0,-2.4902869009754296e-23,1.6656304403251144e-16,-4.1478976674075695e-39,0,0,0
2029,2094,0,-2.5260055849345711e-39,0.3430441100205962,-8.6653133779093554e-40,0,0,0
2029,2095,4.9805738019508599e-23,1.5799974081973285e-22,1,1.5799974081973285e-22,0,0,0
2030,2031,1.3922689180172103e-21,7.5603116160559582e-23,1.6787995889183385e-16,1.2692248033129281e-38,0,0,0
2030,2094,-1.9469423856716274e-23,-1.6429890282379315e-22,0.3430441100205962,-5.6361770896548537e-23,0,0,0
2030,2095,-5.2202435743988196e-54,1.4769843810218225e-39,1,1.4769843810218225e-39,0,0,0
2030,2096,3.4806722950430247e-22,3.2466842366466842e-23,2.0581240186159654e-17,6.6820788083043817e-40,0,0,0
2031,2032,2.0850041778567394e-21,-4.7059672419904792e-06,1.6787995889183385e-16,-7.9003758713167833e-22,0,0,0
2031,2095,-3.658052196589743e-22,-1.0031783962804003e-23,1.6787995889183385e-16,-1.6841354792872943e-39,0,0,0
2031,2096,0,2.2592033787616677e-39,2.0581240186159654e-17,4.6497207367677305e-56,0,0,0
2031,2097,2.6062552223209243e-22,-1.1496436049940979e-06,1.6787995889183385e-16,-1.9300212114666884e-22,0,0,0
2032,2033,-9.4119344839809585e-06,-9.875690386927578e-06,1,-9.875690386927578e-06,0,0,0
2032,2096,-5.2125104446418485e-22,1.1764918104976198e-06,2.0581240186159654e-17,2.4213660528901341e-23,0,0,0
2032,2097,-1.7180302050479588e-38,4.4711243879816507e-24,1,4.4711243879816507e-24,0,0,0
2032,2098,-2.3529836209952392e-06,-2.4893967197761421e-06,1,-2.4893967197761421e-06,0,0,0
2033,2034,-2.9163315257836118e-05,-3.8055549960852618e-06,1,-3.8055549960852618e-06,0,0,0
2033,2097,2.2992872099881959e-06,2.4957708022354164e-06,1,2.4957708022354164e-06,0,0,0
2033,2098,0,-3.4096264219098034e-24,1,-3.4096264219098034e-24,0,0,0
2033,2099,-7.2908288144590294e-06,-9.6999383378920029e-07,1,-9.6999383378920029e-07,0,0,0
2034,2035,-3.6774425250006646e-05,-1.2163849178593197e-06,1,-1.2163849178593197e-06,0,0,0
2034,2098,7.3317770605475247e-06,9.3091462597706813e-07,1,9.3091462597706813e-07,0,0,0
2034,2099,-4.6115547609182052e-38,-3.0983690226612582e-24,1,-3.0983690226612582e-24,0,0,0
2034,2100,-9.1936063125016599e-06,-3.1207947423782453e-07,1,-3.1207947423782453e-07,0,0,0
2035,2036,-3.920719508572529e-05,-3.3241146144648812e-07,1,-3.3241146144648812e-07,0,0,0
2035,2099,9.2308164820374313e-06,2.8549114469694529e-07,1,2.8549114469694529e-07,0,0,0
2035,2100,4.6341604215109414e-38,-1.3294773237295498e-24,1,-1.3294773237295498e-24,0,0,0
2035,2101,-9.8017987714313208e-06,-8.5541325410707574e-08,1,-8.5541325410707574e-08,0,0,0
2036,2037,-3.9872018008618252e-05,-7.7209734813745349e-08,1,-7.7209734813745349e-08,0,0,0
2036,2100,9.8177652609773092e-06,7.5119620588627466e-08,1,7.5119620588627466e-08,0,0,0
2036,2101,-2.3114287956072866e-38,-4.0608517366850316e-25,1,-4.0608517366850316e-25,0,0,0
2036,2102,-9.9680045021545646e-06,-1.9931054624872245e-08,1,-1.9931054624872245e-08,0,0,0
2037,2038,-4.0026437478245747e-05,-1.5455067577241562e-08,1,-1.5455067577241562e-08,0,0,0
2037,2101,9.9728814222527364e-06,1.6863973654350802e-08,1,1.6863973654350802e-08,0,0,0
2037,2102,4.6299218601498034e-38,-1.0468641311088419e-25,1,-1.0468641311088419e-25,0,0,0
2037,2103,-1.0006609369561437e-05,-4.0299255161139893e-09,1,-4.0299255161139893e-09,0,0,0
2038,2039,-4.0057347613400222e-05,-2.7641363355742464e-09,1,-2.7641363355742464e-09,0,0,0
2038,2102,1.000786661140431e-05,3.235145972874482e-09,1,3.235145972874482e-09,0,0,0
2038,2103,0,-2.7670969149950836e-26,1,-2.7670969149950836e-26,0,0,0
2038,2104,-1.0014336903350059e-05,-7.4120103010450468e-10,1,-7.4120103010450468e-10,0,0,0
2039,2040,-4.0062875886071378e-05,-4.8849584183185805e-10,1,-4.8849584183185805e-10,0,0,0
2039,2103,1.0014669220593666e-05,5.248754620899629e-10,1,5.248754620899629e-10,0,0,0
2039,2104,-4.6295686467030418e-38,-8.3544748137781197e-27,1,-8.3544748137781197e-27,0,0,0
2039,2105,-1.0015718971517845e-05,-1.3738839612583832e-10,1,-1.3738839612583832e-10,0,0,0
2040,2041,-4.0063852877755045e-05,-9.7732078742185044e-11,1,-9.7732078742185044e-11,0,0,0
2040,2104,1.0015819305410269e-05,7.1957014247021423e-11,1,7.1957014247021423e-11,0,0,0
2040,2105,-9.2592697484486194e-38,-2.5420391904574467e-27,1,-2.5420391904574467e-27,0,0,0
2040,2106,-1.0015963219438761e-05,-2.8385025424877899e-11,1,-2.8385025424877899e-11,0,0,0
2041,2042,-4.0064048341912533e-05,-2.1351505252677943e-11,1,-2.1351505252677943e-11,0,0,0
2041,2105,1.0015993748310096e-05,9.1685840176724625e-12,1,9.1685840176724625e-12,0,0,0
2041,2106,2.314828475032366e-38,-6.5814116478851269e-28,1,-6.5814116478851269e-28,0,0,0
2041,2107,-1.001601208547813e-05,-6.2275118989214291e-12,1,-6.2275118989214291e-12,0,0,0
2042,2043,-4.0064091044923033e-05,-4.5675284868420864e-12,1,-4.5675284868420864e-12,0,0,0
2042,2106,1.0016019989489612e-05,1.3858705738378484e-12,1,1.3858705738378484e-12,0,0,0
2042,2107,-4.6296376337043625e-38,-1.4815408662415416e-28,1,-1.4815408662415416e-28,0,0,0
2042,2108,-1.0016022761230758e-05,-1.3337097263038093e-12,1,-1.3337097263038093e-12,0,0,0
2043,2044,-4.0064100179980008e-05,-9.7985359809956584e-13,1,-9.7985359809956584e-13,0,0,0
2043,2107,1.001602454050193e-05,2.5224653595857956e-13,1,2.5224653595857956e-13,0,0,0
2043,2108,-2.3148195067221943e-38,-3.1945713506723759e-29,1,-3.1945713506723759e-29,0,0,0
2043,2109,-1.0016025044995002e-05,-2.7816603910315216e-13,1,-2.7816603910315216e-13,0,0,0
2044,2045,-4.0064102139687212e-05,-1.9027196351614968e-13,1,-1.9027196351614968e-13,0,0,0
2044,2108,1.001602542865021e-05,5.313579493160388e-14,1,5.313579493160388e-14,0,0,0
2044,2109,4.6296393583793955e-38,-5.5293502407173306e-30,1,-5.5293502407173306e-30,0,0,0
2044,2110,-1.0016025534921801e-05,-5.0209847408694974e-14,1,-5.0209847408694974e-14,0,0,0
2045,2046,-4.0064102520231136e-05,-2.1935709569989641e-14,1.3874370712022813e-07,-3.0434416640530283e-21,0,0,0
2045,2109,1.001602560132708e-05,1.4365351300776729e-14,1,1.4365351300776729e-14,0,0,0
2045,2110,-2.3148196414624313e-38,-4.3995749204731866e-31,1,-4.3995749204731866e-31,0,0,0
2045,2111,-1.0016025630057784e-05,-5.4839273924974102e-15,1,-5.4839273924974102e-15,0,0,0
2046,2047,-4.0064102564102551e-05,1.1168661259363647e-15,1.3874370712022813e-07,1.5495814666941883e-22,0,0,0
2046,2110,1.0016025635341494e-05,2.8420708628398625e-15,1.3874370712022813e-07,3.9431944740878795e-22,0,0,0
2046,2111,0,-0,1,-0,0,0,0
2046,2112,-1.0016025641025638e-05,-0,1,-0,0,0,0
2047,2048,-4.0064102561868816e-05,8.369620563964001e-06,7.8945274783469577e-10,6.6074199525551564e-15,0,0,0
2047,2111,1.0016025641025638e-05,-2.7921653148409118e-16,1,-2.7921653148409118e-16,0,0,0
2047,2112,-4.6296392889881734e-38,-4.6498893316441966e-32,0,-0,0,0,0
2047,2113,-1.0016025640467204e-05,1.6697717651989761e-06,7.8945274783469577e-10,1.3182059082931221e-15,0,0,0
2048,2049,-2.3324861433940814e-05,7.9134911934341851e-06,1,7.9134911934341851e-06,0,0,0
2048,2112,1.0016025641025638e-05,-2.092405141270217e-06,0,-0,0,0,0
2048,2113,-5.7870491117404927e-38,-7.0382595716904238e-23,1,-7.0382595716904238e-23,0,0,0
2048,2114,-5.8312153584852035e-06,1.8594672570031191e-06,1,1.8594672570031191e-06,0,0,0
2049,2050,-7.4978790470724439e-06,2.7137914529492386e-06,1,2.7137914529492386e-06,0,0,0
2049,2113,6.6764821100692518e-06,-2.4010061741505704e-06,1,-2.4010061741505704e-06,0,0,0
2049,2114,-3.6169056948378079e-39,-1.9801750465247092e-23,1,-1.9801750465247092e-23,0,0,0
2049,2115,-1.874469761768111e-06,6.486331343378115e-07,1,6.486331343378115e-07,0,0,0
2050,2051,-2.0702961411739664e-06,7.9504541806539848e-07,1,7.9504541806539848e-07,0,0,0
2050,2114,2.1122808444789654e-06,-7.9735340459273686e-07,1,-7.9735340459273686e-07,0,0,0
2050,2115,-9.0422642370945198e-40,-4.9651497745770144e-24,1,-4.9651497745770144e-24,0,0,0
2050,2116,-5.1757403529349159e-07,1.9226604007861476e-07,1,1.9226604007861476e-07,0,0,0
2051,2052,-4.802053050431693e-07,1.9294130337445193e-07,1,1.9294130337445193e-07,0,0,0
2051,2115,5.7720349309248819e-07,-2.2857608341584795e-07,1,-2.2857608341584795e-07,0,0,0
2051,2116,0,-1.081687146143019e-24,1,-1.081687146143019e-24,0,0,0
2051,2117,-1.2005132626079232e-07,4.7027384111693978e-08,1,4.7027384111693978e-08,0,0,0
2052,2053,-9.4322698294265433e-08,3.9275305023346306e-08,1,3.9275305023346306e-08,0,0,0
2052,2116,1.3304195513626206e-07,-5.4730640281347856e-08,1,-5.4730640281347856e-08,0,0,0
2052,2117,-1.6954245444552225e-40,-2.0116270847731003e-25,1,-2.0116270847731003e-25,0,0,0
2052,2118,-2.3580674573566358e-08,9.6266574426703112e-09,1,9.6266574426703112e-09,0,0,0
2053,2054,-1.5772088247572824e-08,6.7594529963187783e-09,1,6.7594529963187783e-09,0,0,0
2053,2117,2.5996558037404365e-08,-1.102676798775558e-08,1,-1.102676798775558e-08,0,0,0
2053,2118,0,-3.2002536148811698e-26,1,-3.2002536148811698e-26,0,0,0
2053,2119,-3.9430220618932059e-09,1.6636693499141619e-09,1,1.6636693499141619e-09,0,0,0
2054,2055,-2.2531822549352653e-09,9.8882854728310578e-10,1,9.8882854728310578e-10,0,0,0
2054,2118,4.3273596882257368e-09,-1.8820320622459604e-09,1,-1.8820320622459604e-09,0,0,0
2054,2119,0,-4.362160493742625e-27,1,-4.362160493742625e-27,0,0,0
2054,2120,-5.6329556373381634e-10,2.4414469145490865e-10,1,2.4414469145490865e-10,0,0,0
2055,2056,-2.7552516036905379e-10,1.2334216128240275e-10,1,1.2334216128240275e-10,0,0,0
2055,2119,6.1568336206488183e-10,-2.7340103598630924e-10,1,-2.7340103598630924e-10,0,0,0
2055,2120,3.3113760633891064e-43,-5.099996035264573e-28,1,-5.099996035264573e-28,0,0,0
2055,2121,-6.8881290092263448e-11,3.0528551533632896e-11,1,3.0528551533632896e-11,0,0,0
2056,2057,-2.8840837804248277e-11,1.3130586162833463e-11,1,1.3130586162833463e-11,0,0,0
2056,2120,7.5006180823999056e-11,-3.3897985686468493e-11,1,-3.3897985686468493e-11,0,0,0
2056,2121,-4.139220079236383e-44,-5.1123902939008627e-29,1,-5.1123902939008627e-29,0,0,0
2056,2122,-7.2102094510620691e-12,3.2563145059367517e-12,1,3.2563145059367517e-12,0,0,0
2057,2058,-2.579665478581351e-12,1.1916218273300638e-12,1,1.1916218273300638e-12,0,0,0
2057,2121,7.8241870249976537e-12,-3.5896353276761585e-12,1,-3.5896353276761585e-12,0,0,0
2057,2122,-8.6233751650757978e-46,-4.3851646933013731e-30,1,-4.3851646933013731e-30,0,0,0
2057,2123,-6.4491636964533776e-13,2.9598034425154354e-13,1,2.9598034425154354e-13,0,0,0
2058,2059,-1.9642182392122343e-13,9.1883660720305957e-14,1,9.1883660720305957e-14,0,0,0
2058,2122,6.9758043918856522e-13,-3.2423749160412972e-13,1,-3.2423749160412972e-13,0,0,0
2058,2123,0,-3.2059564685867361e-31,1,-3.2059564685867361e-31,0,0,0
2058,2124,-4.9105455980305856e-14,2.2851693017533301e-14,1,2.2851693017533301e-14,0,0,0
2059,2060,-1.2654502480611514e-14,5.9854099077090994e-15,1,5.9854099077090994e-15,0,0,0
2059,2123,5.2955681142250722e-14,-2.4896027761048922e-14,1,-2.4896027761048922e-14,0,0,0
2059,2124,0,-1.9854478485157334e-32,1,-1.9854478485157334e-32,0,0,0
2059,2125,-3.1636256201528786e-15,1.4901540189081132e-15,1,1.4901540189081132e-15,0,0,0
2060,2061,-6.836826651933158e-16,3.2654807310621165e-16,1,3.2654807310621165e-16,0,0,0
2060,2124,3.4020699452392517e-15,-1.6155746394704614e-15,1,-1.6155746394704614e-15,0,0,0
2060,2125,-1.0526581012055417e-48,-1.0322506215068321e-33,1,-1.0322506215068321e-33,0,0,0
2060,2126,-1.7092066629832897e-16,8.1369887165808851e-17,1,8.1369887165808851e-17,0,0,0
2061,2062,-3.0586518980892407e-17,1.4736716468406779e-17,1,1.4736716468406779e-17,0,0,0
2061,2125,1.8331758233665196e-16,-8.783547629571443e-17,1,-8.783547629571443e-17,0,0,0
2061,2126,4.6053791927742455e-50,-4.4486266461265617e-35,1,-4.4486266461265617e-35,0,0,0
2061,2127,-7.6466297452231016e-18,3.6748053222300443e-18,1,3.6748053222300443e-18,0,0,0
2062,2063,-1.1130860440788453e-18,5.4048521180484045e-19,1,5.4048521180484045e-19,0,0,0
2062,2126,8.180891966711261e-18,-3.9513102278457751e-18,1,-3.9513102278457751e-18,0,0,0
2062,2127,8.2238914156682948e-52,-1.5610504341929753e-36,1,-1.5610504341929753e-36,0,0,0
2062,2128,-2.7827151101971132e-19,1.3486026548918106e-19,1,1.3486026548918106e-19,0,0,0
2063,2064,-3.2115620469164491e-20,1.5704346340030957e-20,1,1.5704346340030957e-20,0,0,0
2063,2127,2.9701910076301275e-19,-1.444950978228608e-19,1,-1.444950978228608e-19,0,0,0
2063,2128,8.3523897190381114e-53,-4.3471470095155212e-38,1,-4.3471470095155212e-38,0,0,0
2063,2129,-8.0289051172911243e-21,3.9205358352452787e-21,1,3.9205358352452787e-21,0,0,0
2064,2065,-7.0692778910257945e-22,3.4788711220660738e-22,1,3.4788711220660738e-22,0,0,0
2064,2128,8.550980041349227e-21,-4.1871240470367914e-21,1,-4.1871240470367914e-21,0,0,0
2064,2129,2.0077859901533923e-54,-9.2438552853247153e-40,1,-9.2438552853247153e-40,0,0,0
2064,2130,-1.7673194727564486e-22,8.6887102913117787e-23,1,8.6887102913117787e-23,0,0,0
2065,2066,-1.115356468936479e-23,5.5206101373190017e-24,1,5.5206101373190017e-24,0,0,0
2065,2129,1.8783344680056624e-22,-9.2522527814112534e-23,1,-9.2522527814112534e-23,0,0,0
2065,2130,1.0980079633651365e-56,-1.410124326207595e-41,1,-1.410124326207595e-41,0,0,0
2065,2131,-2.7883911723411979e-24,1.3793272140548554e-24,1,1.3793272140548554e-24,0,0,0
2066,2067,-1.1234441472678735e-25,5.5900796244243327e-26,1,5.5900796244243327e-26,0,0,0
2066,2130,2.9577414494093198e-24,-1.4648276728638116e-24,1,-1.4648276728638116e-24,0,0,0
2066,2131,-7.3527318975343955e-59,-1.3744343578178372e-43,1,-1.3744343578178372e-43,0,0,0
2066,2132,-2.8086103681696837e-26,1.3971337081236415e-26,1,1.3971337081236415e-26,0,0,0
2067,2068,-5.4282223830069833e-28,2.7141111915034916e-28,1,2.7141111915034916e-28,0,0,0
2067,2131,2.9736744231487136e-26,-1.4800519335955979e-26,1,-1.4800519335955979e-26,0,0,0
2067,2132,0,-6.431488382555754e-46,1,-6.431488382555754e-46,0,0,0
2067,2133,-1.3570555957517458e-28,6.7852779787587291e-29,1,6.7852779787587291e-29,0,0,0
2068,2069,0,-0,1,-0,0,0,0
2068,2132,1.4342951922400546e-28,-7.1714759612002731e-29,1,-7.1714759612002731e-29,0,0,0
2068,2133,0,-0,1,-0,0,0,0
2068,2134,0,-0,1,-0,0,0,0
2069,2070,0,-0,1,-0,0,0,0
2069,2133,0,-0,1,-0,0,0,0
2069,2134,0,-0,1,-0,0,0,0
2069,2135,0,-0,1,-0,0,0,0
2070,2071,0,-0,1,-0,0,0,0
2070,2134,0,-0,1,-0,0,0,0
2070,2135,0,-0,1,-0,0,0,0
2070,2136,0,-0,1,-0,0,0,0
2071,2072,0,-0,1,-0,0,0,0
2071,2135,0,-0,1,-0,0,0,0
2071,2136,0,-0,1,-0,0,0,0
2071,2137,0,-0,1,-0,0,0,0
2072,2073,0,-0,1,-0,0,0,0
2072,2136,0,-0,1,-0,0,0,0
2072,2137,0,-0,1,-0,0,0,0
2072,2138,0,-0,1,-0,0,0,0
2073,2074,0,-0,1,-0,0,0,0
2073,2137,0,-0,1,-0,0,0,0
2073,2138,0,-0,1,-0,0,0,0
2073,2139,0,-0,1,-0,0,0,0
2074,2075,0,-0,1,-0,0,0,0
2074,2138,0,-0,1,-0,0,0,0
2074,2139,0,-0,1,-0,0,0,0
2074,2140,0,-0,1,-0,0,0,0
2075,2076,0,-0,1,-0,0,0,0
2075,2139,0,-0,1,-0,0,0,0
2075,2140,0,-0,1,-0,0,0,0
2075,2141,0,-0,1,-0,0,0,0
2076,2077,0,-0,1,-0,0,0,0
2076,2140,0,-0,1,-0,0,0,0
2076,2141,0,-0,1,-0,0,0,0
2076,2142,0,-0,1,-0,0,0,0
2077,2078,0,-0,1,-0,0,0,0
2077,2141,0,-0,1,-0,0,0,0
2077,2142,0,-0,1,-0,0,0,0
2077,2143,0,-0,1,-0,0,0,0
2078,2079,0,-0,1,-0,0,0,0
2078,2142,0,-0,1,-0,0,0,0
2078,2143,0,-0,1,-0,0,0,0
2078,2144,0,-0,1,-0,0,0,0
2079,2143,0,-0,1,-0,0,0,0
2079,2144,0,-0,1,-0,0,0,0
2080,2081,0,-0,1,-0,0,0,0
2080,2145,0,-0,1,-0,0,0,0
2080,2146,0,-0,1,-0,0,0,0
2081,2082,0,-0,1,-0,0,0,0
2081,2145,0,-0,1,-0,0,0,0
2081,2146,0,-0,1,-0,0,0,0
2081,2147,0,-0,1,-0,0,0,0
2082,2083,0,-0,1,-0,0,0,0
2082,2146,0,-0,1,-0,0,0,0
2082,2147,0,-0,1,-0,0,0,0
2082,2148,0,-0,1,-0,0,0,0
2083,2084,0,-0,1,-0,0,0,0
2083,2147,0,-0,1,-0,0,0,0
2083,2148,0,-0,1,-0,0,0,0
2083,2149,0,-0,1,-0,0,0,0
2084,2085,0,-0,1,-0,0,0,0
2084,2148,0,-0,1,-0,0,0,0
2084,2149,0,-0,1,-0,0,0,0
2084,2150,0,-0,1,-0,0,0,0
2085,2086,0,-0,1,-0,0,0,0
2085,2149,0,-0,1,-0,0,0,0
2085,2150,0,-0,1,-0,0,0,0
2085,2151,0,-0,1,-0,0,0,0
2086,2087,0,-0,1,-0,0,0,0
2086,2150,0,-0,1,-0,0,0,0
2086,2151,0,-0,1,-0,0,0,0
2086,2152,0,-0,1,-0,0,0,0
2087,2088,0,-0,1,-0,0,0,0
2087,2151,0,-0,1,-0,0,0,0
2087,2152,0,-0,1,-0,0,0,0
2087,2153,0,-0,1,-0,0,0,0
2088,2089,0,-0,1,-0,0,0,0
2088,2152,0,-0,1,-0,0,0,0
2088,2153,0,-0,1,-0,0,0,0
2088,2154,0,-0,1,-0,0,0,0
2089,2090,0,2.6464788661757419e-58,0,0,0,0,0
2089,2153,0,-0,1,-0,0,0,0
2089,2154,0,-0,1,-0,0,0,0
2089,2155,0,-0,1,-0,0,0,0
2090,2091,5.2929577323514747e-58,6.4585340476707328e-57,-0,-0,0,0,0
2090,2154,0,-6.6161971654393549e-59,0,-0,0,0,0
2090,2155,0,-1.1018181642795709e-74,0,-0,0,0,0
2090,2156,1.3232394330878687e-58,1.6147980252283364e-57,-0,-0,0,0,0
2091,2092,0,-1.7883277180058246e-39,-0,0,0,0,0
2091,2155,0,-1.6807954835720768e-57,-0,0,0,0,0
2091,2156,-2.3204907187888102e-89,2.7396969801632837e-77,-0,-0,0,0,0
2091,2157,0,-4.455203609254849e-40,-0,0,0,0,0
2092,2093,-3.5766554360116493e-39,-3.5034644002052458e-39,1.6656304403251144e-16,-5.835476951577226e-55,0,0,0
2092,2156,0,4.4708192950145616e-40,-0,-0,0,0,0
2092,2157,-8.9250683228820968e-72,2.6005340813616548e-58,1,2.6005340813616548e-58,0,0,0
2092,2158,-8.9416385900291232e-40,-8.3666602524669515e-40,1.6364186435767438e-17,-1.3691358821609425e-56,0,0,0
2093,2094,-1.4467622779351232e-38,3.893884771343256e-23,1.6656304403251144e-16,6.4857730062677242e-39,0,0,0
2093,2157,8.910407218509698e-40,8.774276686272827e-40,1.6656304403251144e-16,1.4614702340490995e-55,0,0,0
2093,2158,-2.6470446538108854e-71,6.5281238422670445e-57,1.6656304403251144e-16,1.0873441789892135e-72,0,0,0
2093,2159,0,3.242514038481027e-23,1.6656304403251144e-16,5.4008300856755175e-39,0,0,0
2094,2095,7.7877695426865096e-23,6.9267159160451605e-22,0.3430441100205962,2.3761690967852107e-22,0,0,0
2094,2158,3.6169056948378079e-39,-9.7347119283581399e-24,1.6364186435767438e-17,-1.5930064089414175e-40,0,0,0
2094,2159,0,3.7787154166444526e-39,0.3430441100205962,1.2962660671239026e-39,0,0,0
2094,2160,1.9469423856716248e-23,1.8590024119132433e-22,0.3430441100205962,6.3771982792092036e-23,0,0,0
2095,2096,1.4632208786358976e-21,9.4391389156523789e-23,2.0581240186159654e-17,1.9426918517356819e-39,0,0,0
2095,2159,-6.4850280769620539e-23,-1.5047746944467689e-22,1,-1.5047746944467689e-22,0,0,0
2095,2160,1.2046715940920354e-54,2.1203611017309688e-39,1,2.1203611017309688e-39,0,0,0
2095,2161,3.658052196589743e-22,1.9930001475125493e-23,-0,-0,0,0,0
2096,2097,1.5637531333925546e-21,-4.5985744199763918e-06,2.0581240186159654e-17,-9.4644364651463932e-23,0,0,0
2096,2160,-3.9126990623936489e-22,-1.086550399893564e-23,2.0581240186159654e-17,-2.2362554754577259e-40,0,0,0
2096,2161,0,-6.1081903102257836e-40,2.0581240186159654e-17,-1.2571413187752989e-56,0,0,0
2096,2162,2.6062552223209243e-22,-1.1764918104976217e-06,2.0581240186159654e-17,-2.4213660528901379e-23,0,0,0
2097,2098,-9.1971488399527836e-06,-1.0064979701118654e-05,1,-1.0064979701118654e-05,0,0,0
2097,2161,-3.9093828334813864e-22,1.1496436049940979e-06,-0,-0,0,0,0
2097,2162,-5.4253585422567119e-39,-4.4711243879819747e-24,1,-4.4711243879819747e-24,0,0,0
2097,2163,-2.2992872099881959e-06,-2.4957708022354134e-06,1,-2.4957708022354134e-06,0,0,0
2098,2099,-2.9327108242190099e-05,-3.7980788429798115e-06,1,-3.7980788429798115e-06,0,0,0
2098,2162,2.3529836209952434e-06,2.4893967197761404e-06,1,2.4893967197761404e-06,0,0,0
2098,2163,2.3057773804591026e-38,3.4096264219103588e-24,1,3.4096264219103588e-24,0,0,0
2098,2164,-7.3317770605475247e-06,-9.3091462597706919e-07,1,-9.3091462597706919e-07,0,0,0
2099,2100,-3.6923265928149718e-05,-1.1738975578797596e-06,1,-1.1738975578797596e-06,0,0,0
2099,2163,7.2908288144590227e-06,9.6999383378920368e-07,1,9.6999383378920368e-07,0,0,0
2099,2164,0,3.0983690226610727e-24,1,3.0983690226610727e-24,0,0,0
2099,2165,-9.2308164820374296e-06,-2.8549114469694635e-07,1,-2.8549114469694635e-07,0,0,0
2100,2101,-3.927106104390923e-05,-3.1023232255085205e-07,1,-3.1023232255085205e-07,0,0,0
2100,2164,9.1936063125016633e-06,3.1207947423782342e-07,1,3.1207947423782342e-07,0,0,0
2100,2165,2.3057773804591026e-38,1.3294773237293646e-24,1,1.3294773237293646e-24,0,0,0
2100,2166,-9.8177652609773075e-06,-7.511962058862691e-08,1,-7.511962058862691e-08,0,0,0
2101,2102,-3.9891525689010946e-05,-6.9970378303146837e-08,1,-6.9970378303146837e-08,0,0,0
2101,2165,9.8017987714313242e-06,8.5541325410706449e-08,1,8.5541325410706449e-08,0,0,0
2101,2166,4.6285090063627571e-38,4.0608517366859573e-25,1,4.0608517366859573e-25,0,0,0
2101,2167,-9.9728814222527364e-06,-1.6863973654350246e-08,1,-1.6863973654350246e-08,0,0,0
2102,2103,-4.0031466445617228e-05,-1.3605218378712322e-08,1,-1.3605218378712322e-08,0,0,0
2102,2166,9.9680045021545629e-06,1.9931054624872801e-08,1,1.9931054624872801e-08,0,0,0
2102,2167,-2.3156673569684246e-38,1.0468641311097678e-25,1,1.0468641311097678e-25,0,0,0
2102,2168,-1.0007866611404309e-05,-3.2351459728739257e-09,1,-3.2351459728739257e-09,0,0,0
2103,2104,-4.0058676882374656e-05,-2.3001696332036243e-09,1,-2.3001696332036243e-09,0,0,0
2103,2167,1.0006609369561437e-05,4.0299255161145452e-09,1,4.0299255161145452e-09,0,0,0
2103,2168,2.3146077166281401e-38,2.7670969150043429e-26,1,2.7670969150043429e-26,0,0,0
2103,2169,-1.0014669220593664e-05,-5.2487546209107494e-10,1,-5.2487546209107494e-10,0,0,0
2104,2105,-4.0063277221641068e-05,-3.4888579965958093e-10,1,-3.4888579965958093e-10,0,0,0
2104,2168,1.0014336903350056e-05,7.4120103010506065e-10,1,7.4120103010506065e-10,0,0,0
2104,2169,0,8.3544748135929334e-27,1,8.3544748135929334e-27,0,0,0
2104,2170,-1.0015819305410267e-05,-7.1957014248133451e-11,1,-7.1957014248133451e-11,0,0,0
2105,2106,-4.0063974993240385e-05,-5.2482359028016408e-11,1,-5.2482359028016408e-11,0,0,0
2105,2169,1.0015718971517846e-05,1.3738839612472631e-10,1,1.3738839612472631e-10,0,0,0
2105,2170,4.6296127983838869e-38,2.5420391902722611e-27,1,2.5420391902722611e-27,0,0,0
2105,2171,-1.0015993748310096e-05,-9.168584016560462e-12,1,-9.168584016560462e-12,0,0,0
2106,2107,-4.0064079957958435e-05,-9.1020246383591602e-12,1,-9.1020246383591602e-12,0,0,0
2106,2170,1.0015963219438766e-05,2.83850254237659e-11,1,2.83850254237659e-11,0,0,0
2106,2171,-9.2592807863688305e-38,6.5814116497369816e-28,1,6.5814116497369816e-28,0,0,0
2106,2172,-1.0016019989489609e-05,-1.3858705721698451e-12,1,-1.3858705721698451e-12,0,0,0
2107,2108,-4.0064098162007705e-05,-1.7762965622074685e-12,1,-1.7762965622074685e-12,0,0,0
2107,2171,1.001601208547813e-05,6.2275119000334312e-12,1,6.2275119000334312e-12,0,0,0
2107,2172,0,1.4815408690193251e-28,1,1.4815408690193251e-28,0,0,0
2107,2173,-1.001602454050193e-05,-2.5224653595857956e-13,1,-2.5224653595857956e-13,0,0,0
2108,2109,-4.0064101714600848e-05,-3.453537380394583e-13,1,-3.453537380394583e-13,0,0,0
2108,2172,1.0016022761230751e-05,1.3337097279718126e-12,1,1.3337097279718126e-12,0,0,0
2108,2173,2.3148195067221943e-38,3.1945713506723759e-29,1,3.1945713506723759e-29,0,0,0
2108,2174,-1.0016025428650212e-05,-5.3135793819601649e-14,1,-5.3135793819601649e-14,0,0,0
2109,2110,-4.0064102405308322e-05,-6.8028831321737101e-14,1,-6.8028831321737101e-14,0,0,0
2109,2173,1.0016025044995002e-05,2.7816603910315216e-13,1,2.7816603910315216e-13,0,0,0
2109,2174,0,5.5293504259029017e-30,1,5.5293504259029017e-30,0,0,0
2109,2175,-1.001602560132708e-05,-1.4365351856777841e-14,1,-1.4365351856777841e-14,0,0,0
2110,2111,-4.0064102541365977e-05,-1.136828345135945e-14,1,-1.136828345135945e-14,0,0,0
2110,2174,1.00160255349218e-05,5.0209848520697192e-14,1,5.0209848520697192e-14,0,0,0
2110,2175,0,4.3995739945453287e-31,1,4.3995739945453287e-31,0,0,0
2110,2176,-1.0016025635341494e-05,-2.8420708628398625e-15,1.3874370712022811e-07,-3.9431944740878786e-22,0,0,0
2111,2112,-4.0064102564102551e-05,-0,1,-0,0,0,0
2111,2175,1.0016025630057786e-05,5.4839268364962969e-15,1,5.4839268364962969e-15,0,0,0
2111,2176,0,-0,1,-0,0,0,0
2111,2177,-1.0016025641025638e-05,2.7921653148409118e-16,1,2.7921653148409118e-16,0,0,0
2112,2113,-4.0064102564102551e-05,6.6790870619127709e-06,0,0,0,0,0
2112,2176,1.0016025641025638e-05,-0,1,-0,0,0,0
2112,2177,4.6296392889881734e-38,4.6498893316441966e-32,0,0,0,0,0
2112,2178,-1.0016025641025638e-05,2.092405141270217e-06,0,0,0,0,0
2113,2114,-2.6705928440277007e-05,9.1284025311805727e-06,1,9.1284025311805727e-06,0,0,0
2113,2177,1.0016025640467204e-05,-1.6697717651989761e-06,7.8945483174721577e-10,-1.3182093879514092e-15,0,0,0
2113,2178,5.7870491117404927e-38,7.0382595716904238e-23,1,7.0382595716904238e-23,0,0,0
2113,2179,-6.6764821100692518e-06,2.4010061741505704e-06,1,2.4010061741505704e-06,0,0,0
2114,2115,-8.4491233779158617e-06,3.070154702772954e-06,1,3.070154702772954e-06,0,0,0
2114,2178,5.8312153584852035e-06,-1.8594672570031191e-06,1,-1.8594672570031191e-06,0,0,0
2114,2179,3.6169056948378079e-39,1.9801750465247092e-23,1,1.9801750465247092e-23,0,0,0
2114,2180,-2.1122808444789654e-06,7.9735340459273697e-07,1,7.9735340459273697e-07,0,0,0
2115,2116,-2.3088139723699528e-06,8.8832307591245215e-07,1,8.8832307591245215e-07,0,0,0
2115,2179,1.874469761768111e-06,-6.486331343378115e-07,1,-6.486331343378115e-07,0,0,0
2115,2180,5.4253585422567119e-39,4.965149774577032e-24,1,4.965149774577032e-24,0,0,0
2115,2181,-5.7720349309248819e-07,2.2857608341584795e-07,1,2.2857608341584795e-07,0,0,0
2116,2117,-5.3216782054504835e-07,2.1409079419771541e-07,1,2.1409079419771541e-07,0,0,0
2116,2180,5.1757403529349138e-07,-1.9226604007861466e-07,1,-1.9226604007861466e-07,0,0,0
2116,2181,-1.130283029636815e-39,1.0816871461430219e-24,1,1.0816871461430219e-24,0,0,0
2116,2182,-1.3304195513626206e-07,5.4730640281347856e-08,1,5.4730640281347856e-08,0,0,0
2117,2118,-1.0398623214961746e-07,4.3338396698357259e-08,1,4.3338396698357259e-08,0,0,0
2117,2181,1.200513262607923e-07,-4.7027384111693965e-08,1,-4.7027384111693965e-08,0,0,0
2117,2182,8.4771227222761123e-41,2.0116270847730966e-25,1,2.0116270847730966e-25,0,0,0
2117,2183,-2.5996558037404365e-08,1.102676798775558e-08,1,1.102676798775558e-08,0,0,0
2118,2119,-1.7309438752902947e-08,7.4233526523217103e-09,1,7.4233526523217103e-09,0,0,0
2118,2182,2.3580674573566362e-08,-9.6266574426703128e-09,1,-9.6266574426703128e-09,0,0,0
2118,2183,0,3.2002536148811698e-26,1,3.2002536148811698e-26,0,0,0
2118,2184,-4.3273596882257368e-09,1.8820320622459604e-09,1,1.8820320622459604e-09,0,0,0
2119,2120,-2.4627334482595273e-09,1.0813543624817656e-09,1,1.0813543624817656e-09,0,0,0
2119,2183,3.9430220618932059e-09,-1.6636693499141619e-09,1,-1.6636693499141619e-09,0,0,0
2119,2184,-6.1812353183263325e-42,4.3621604937426314e-27,1,4.3621604937426314e-27,0,0,0
2119,2185,-6.1568336206488183e-10,2.7340103598630924e-10,1,2.7340103598630924e-10,0,0,0
2120,2121,-3.0002472329599622e-10,1.343639875980028e-10,1,1.343639875980028e-10,0,0,0
2120,2184,5.6329556373381623e-10,-2.441446914549086e-10,1,-2.441446914549086e-10,0,0,0
2120,2185,0,5.0999960352645873e-28,1,5.0999960352645873e-28,0,0,0
2120,2186,-7.5006180823999056e-11,3.3897985686468493e-11,1,3.3897985686468493e-11,0,0,0
2121,2122,-3.1296748099990615e-11,1.4253213171618179e-11,1,1.4253213171618179e-11,0,0,0
2121,2185,6.8881290092263422e-11,-3.0528551533632883e-11,1,-3.0528551533632883e-11,0,0,0
2121,2186,6.2088301188545739e-44,5.1123902939008717e-29,1,5.1123902939008717e-29,0,0,0
2121,2187,-7.8241870249976537e-12,3.5896353276761585e-12,1,3.5896353276761585e-12,0,0,0
2122,2123,-2.7903217567542609e-12,1.2892495160926289e-12,1,1.2892495160926289e-12,0,0,0
2122,2186,7.2102094510620683e-12,-3.2563145059367512e-12,1,-3.2563145059367512e-12,0,0,0
2122,2187,-2.5870125495227394e-45,4.3851646933013829e-30,1,4.3851646933013829e-30,0,0,0
2122,2188,-6.9758043918856522e-13,3.2423749160412972e-13,1,3.2423749160412972e-13,0,0,0
2123,2124,-2.1182272456900289e-13,9.9107222394022948e-14,1,9.9107222394022948e-14,0,0,0
2123,2187,6.4491636964533776e-13,-2.9598034425154349e-13,1,-2.9598034425154349e-13,0,0,0
2123,2188,-3.7727266347206619e-46,3.2059564685867225e-31,1,3.2059564685867225e-31,0,0,0
2123,2189,-5.2955681142250722e-14,2.4896027761048916e-14,1,2.4896027761048916e-14,0,0,0
2124,2125,-1.3608279780957007e-14,6.4375047258051991e-15,1,6.4375047258051991e-15,0,0,0
2124,2188,4.9105455980305869e-14,-2.2851693017533311e-14,1,-2.2851693017533311e-14,0,0,0
2124,2189,-4.3790577010150533e-47,1.9854478485157161e-32,1,1.9854478485157161e-32,0,0,0
2124,2190,-3.4020699452392513e-15,1.6155746394704612e-15,1,1.6155746394704612e-15,0,0,0
2125,2126,-7.3327032934660783e-16,3.5027338073988142e-16,1,3.5027338073988142e-16,0,0,0
2125,2189,3.1636256201528805e-15,-1.4901540189081142e-15,1,-1.4901540189081142e-15,0,0,0
2125,2190,1.2631897214466501e-48,1.0322506215068268e-33,1,1.0322506215068268e-33,0,0,0
2125,2191,-1.8331758233665196e-16,8.783547629571443e-17,1,8.783547629571443e-17,0,0,0
2126,2127,-3.272356786684505e-17,1.5767745731896499e-17,1,1.5767745731896499e-17,0,0,0
2126,2190,1.7092066629832905e-16,-8.1369887165808876e-17,1,-8.1369887165808876e-17,0,0,0
2126,2191,0,4.448626646126536e-35,1,4.448626646126536e-35,0,0,0
2126,2192,-8.1808919667112625e-18,3.9513102278457751e-18,1,3.9513102278457751e-18,0,0,0
2127,2128,-1.1880764030520512e-18,5.7693624144332717e-19,1,5.7693624144332717e-19,0,0,0
2127,2191,7.6466297452231032e-18,-3.6748053222300458e-18,1,-3.6748053222300458e-18,0,0,0
2127,2192,-2.0559728539170737e-51,1.56105043419297e-36,1,1.56105043419297e-36,0,0,0
2127,2193,-2.9701910076301275e-19,1.444950978228608e-19,1,1.444950978228608e-19,0,0,0
2128,2129,-3.4203920165396908e-20,1.672629318909732e-20,1,1.672629318909732e-20,0,0,0
2128,2192,2.7827151101971142e-19,-1.3486026548918108e-19,1,-1.3486026548918108e-19,0,0,0
2128,2193,0,4.3471470095155129e-38,1,4.3471470095155129e-38,0,0,0
2128,2194,-8.550980041349227e-21,4.1871240470367914e-21,1,4.1871240470367914e-21,0,0,0
2129,2130,-7.5133378720226496e-22,3.6975141070231385e-22,1,3.6975141070231385e-22,0,0,0
2129,2193,8.0289051172911243e-21,-3.9205358352452795e-21,1,-3.9205358352452795e-21,0,0,0
2129,2194,-2.0077859901533923e-54,9.2438552853247153e-40,1,9.2438552853247153e-40,0,0,0
2129,2195,-1.8783344680056626e-22,9.2522527814112534e-23,1,9.2522527814112534e-23,0,0,0
2130,2131,-1.1830965797637281e-23,5.856009410355666e-24,1,5.856009410355666e-24,0,0,0
2130,2194,1.7673194727564486e-22,-8.6887102913117787e-23,1,-8.6887102913117787e-23,0,0,0
2130,2195,1.8822993657688053e-56,1.4101243262075871e-41,1,1.4101243262075871e-41,0,0,0
2130,2196,-2.9577414494093198e-24,1.4648276728638116e-24,1,1.4648276728638116e-24,0,0,0
2131,2132,-1.1894697692594854e-25,5.918662942452626e-26,1,5.918662942452626e-26,0,0,0
2131,2195,2.788391172341199e-24,-1.3793272140548557e-24,1,-1.3793272140548557e-24,0,0,0
2131,2196,1.4705463795068791e-58,1.3744343578178403e-43,1,1.3744343578178403e-43,0,0,0
2131,2197,-2.9736744231487136e-26,1.4800519335955979e-26,1,1.4800519335955979e-26,0,0,0
2132,2133,-5.7371807689602185e-28,2.8685903844801092e-28,1,2.8685903844801092e-28,0,0,0
2132,2196,2.8086103681696837e-26,-1.3971337081236415e-26,1,-1.3971337081236415e-26,0,0,0
2132,2197,0,6.431488382555754e-46,1,6.431488382555754e-46,0,0,0
2132,2198,-1.4342951922400546e-28,7.1714759612002731e-29,1,7.1714759612002731e-29,0,0,0
2133,2134,0,-0,1,-0,0,0,0
2133,2197,1.3570555957517458e-28,-6.7852779787587291e-29,1,-6.7852779787587291e-29,0,0,0
2133,2198,0,-0,1,-0,0,0,0
2133,2199,0,-0,1,-0,0,0,0
2134,2135,0,-0,1,-0,0,0,0
2134,2198,0,-0,1,-0,0,0,0
2134,2199,0,-0,1,-0,0,0,0
2134,2200,0,-0,1,-0,0,0,0
2135,2136,0,-0,1,-0,0,0,0
2135,2199,0,-0,1,-0,0,0,0
2135,2200,0,-0,1,-0,0,0,0
2135,2201,0,-0,1,-0,0,0,0
2136,2137,0,-0,1,-0,0,0,0
2136,2200,0,-0,1,-0,0,0,0
2136,2201,0,-0,1,-0,0,0,0
2136,2202,0,-0,1,-0,0,0,0
2137,2138,0,-0,1,-0,0,0,0
2137,2201,0,-0,1,-0,0,0,0
2137,2202,0,-0,1,-0,0,0,0
2137,2203,0,-0,1,-0,0,0,0
2138,2139,0,-0,1,-0,0,0,0
2138,2202,0,-0,1,-0,0,0,0
2138,2203,0,-0,1,-0,0,0,0
2138,2204,0,-0,1,-0,0,0,0
2139,2140,0,-0,1,-0,0,0,0
2139,2203,0,-0,1,-0,0,0,0
2139,2204,0,-0,1,-0,0,0,0
2139,2205,0,-0,1,-0,0,0,0
2140,2141,0,-0,1,-0,0,0,0
2140,2204,0,-0,1,-0,0,0,0
2140,2205,0,-0,1,-0,0,0,0
2140,2206,0,-0,1,-0,0,0,0
2141,2142,0,-0,1,-0,0,0,0
2141,2205,0,-0,1,-0,0,0,0
2141,2206,0,-0,1,-0,0,0,0
2141,2207,0,-0,1,-0,0,0,0
2142,2143,0,-0,1,-0,0,0,0
2142,2206,0,-0,1,-0,0,0,0
2142,2207,0,-0,1,-0,0,0,0
2142,2208,0,-0,1,-0,0,0,0
2143,2144,0,-0,1,-0,0,0,0
2143,2207,0,-0,1,-0,0,0,0
2143,2208,0,-0,1,-0,0,0,0
2143,2209,0,-0,1,-0,0,0,0
2144,2208,0,-0,1,-0,0,0,0
2144,2209,0,-0,1,-0,0,0,0
2145,2146,0,-0,1,-0,0,0,0
2145,2210,0,-0,1,-0,0,0,0
2145,2211,0,-0,1,-0,0,0,0
2146,2147,0,-0,1,-0,0,0,0
2146,2210,0,-0,1,-0,0,0,0
2146,2211,0,-0,1,-0,0,0,0
2146,2212,0,-0,1,-0,0,0,0
2147,2148,0,-0,1,-0,0,0,0
2147,2211,0,-0,1,-0,0,0,0
2147,2212,0,-0,1,-0,0,0,0
2147,2213,0,-0,1,-0,0,0,0
2148,2149,0,-0,1,-0,0,0,0
2148,2212,0,-0,1,-0,0,0,0
2148,2213,0,-0,1,-0,0,0,0
2148,2214,0,-0,1,-0,0,0,0
2149,2150,0,-0,1,-0,0,0,0
2149,2213,0,-0,1,-0,0,0,0
2149,2214,0,-0,1,-0,0,0,0
2149,2215,0,-0,1,-0,0,0,0
2150,2151,0,-0,1,-0,0,0,0
2150,2214,0,-0,1,-0,0,0,0
2150,2215,0,-0,1,-0,0,0,0
2150,2216,0,-0,1,-0,0,0,0
2151,2152,0,-0,1,-0,0,0,0
2151,2215,0,-0,1,-0,0,0,0
2151,2216,0,-0,1,-0,0,0,0
2151,2217,0,-0,1,-0,0,0,0
2152,2153,0,-0,1,-0,0,0,0
2152,2216,0,-0,1,-0,0,0,0
2152,2217,0,-0,1,-0,0,0,0
2152,2218,0,-0,1,-0,0,0,0
2153,2154,0,-0,1,-0,0,0,0
2153,2217,0,-0,1,-0,0,0,0
2153,2218,0,-0,1,-0,0,0,0
2153,2219,0,-0,1,-0,0,0,0
2154,2155,0,-0,1,-0,0,0,0
2154,2218,0,-0,1,-0,0,0,0
2154,2219,0,-0,1,-0,0,0,0
2154,2220,0,-0,1,-0,0,0,0
2155,2156,0,6.7238399875309187e-57,0,0,0,0,0
2155,2219,0,-0,1,-0,0,0,0
2155,2220,0,-0,1,-0,0,0,0
2155,2221,0,1.6773593453641233e-57,0,0,0,0,0
2156,2157,0,-1.7820814437019396e-39,-0,0,0,0,0
2156,2220,0,-1.6809599968827297e-57,-0,0,0,0,0
2156,2221,7.7790250296256285e-90,-5.99628932941256e-76,-0,0,0,0,0
2156,2222,0,-4.4674810547701939e-40,-0,0,0,0,0
2157,2158,-3.5641628874038786e-39,-3.352910375290665e-39,1.6364186435767438e-17,-5.4867650483675407e-56,0,0,0
2157,2221,0,4.455203609254849e-40,6.2969526080391465e-20,2.8054205986642742e-59,0,0,0
2157,2222,6.7046854718236239e-72,-2.0446054042076159e-58,1,-2.0446054042076159e-58,0,0,0
2157,2223,-8.9104072185096997e-40,-9.3426889195676581e-40,6.1688227768719311e-18,-5.7633392204257986e-57,0,0,0
2158,2159,0,1.2970056153924108e-22,1.6364186435767438e-17,2.1224441698518687e-39,0,0,0
2158,2222,8.9349621095403879e-40,8.3699984927113191e-40,1.6364186435767438e-17,1.3696821580182046e-56,0,0,0
2158,2223,-8.3590883804554273e-72,-1.5994089075504953e-56,6.1688227768719311e-18,-9.866470098429348e-74,0,0,0
2158,2224,0,4.0658984996287068e-23,1.6364186435767438e-17,6.6535121076831261e-40,0,0,0
2159,2160,2.5940112307848202e-22,6.5283925093948883e-22,1,6.5283925093948883e-22,0,0,0
2159,2223,0,-3.242514038481027e-23,6.1688227768719311e-18,-2.0002494454908748e-40,0,0,0
2159,2224,0,1.3712105803270997e-39,1,1.3712105803270997e-39,0,0,0
2159,2225,6.4850280769620539e-23,1.6620677320532285e-22,1,1.6620677320532285e-22,0,0,0
2160,2161,1.5650796249574597e-21,2.8790632739720744e-23,-0,-0,0,0,0
2160,2224,-8.1317969992574125e-23,-1.5497596812339537e-22,1,-1.5497596812339537e-22,0,0,0
2160,2225,-1.3050608935997049e-54,4.9909417772786514e-40,1,4.9909417772786514e-40,0,0,0
2160,2226,3.9126990623936493e-22,1.1772957484900747e-23,6.2149389064619554e-17,7.3168211517032146e-40,0,0,0
2161,2162,1.0425020889283697e-21,-4.7059672419904869e-06,-0,0,0,0,0
2161,2225,-3.9726382718026621e-22,-4.2006977144795248e-24,-0,0,0,0,0
2161,2226,0,7.6194039410680197e-40,6.2149389064619554e-17,4.7354129997393196e-56,0,0,0
2161,2227,3.9093828334813864e-22,-1.0722305228694652e-06,-0,0,0,0,0
2162,2163,-9.4119344839809754e-06,-9.8756903869275576e-06,1,-9.8756903869275576e-06,0,0,0
2162,2226,-2.6062552223209243e-22,1.1764918104976217e-06,6.2149389064619554e-17,7.3118247261955354e-23,0,0,0
2162,2227,0,1.7362992315276824e-23,1,1.7362992315276824e-23,0,0,0
2162,2228,-2.352983620995243e-06,-2.3077657265089911e-06,1,-2.3077657265089911e-06,0,0,0
2163,2164,-2.9163315257836087e-05,-3.8055549960852795e-06,1,-3.8055549960852795e-06,0,0,0
2163,2227,2.1444610457389295e-06,2.5731838843600464e-06,1,2.5731838843600464e-06,0,0,0
2163,2228,-2.5318339863864658e-38,2.6838010184698569e-23,1,2.6838010184698569e-23,0,0,0
2163,2229,-7.2908288144590218e-06,-8.6778506453034184e-07,1,-8.6778506453034184e-07,0,0,0
2164,2165,-3.6774425250006653e-05,-1.2163849178593197e-06,1,-1.2163849178593197e-06,0,0,0
2164,2228,6.9685150740132253e-06,1.1125456192442186e-06,1,1.1125456192442186e-06,0,0,0
2164,2229,6.8721208201918353e-38,1.3922810319807173e-23,1,1.3922810319807173e-23,0,0,0
2164,2230,-9.1936063125016633e-06,-2.7414872784828406e-07,1,-2.7414872784828406e-07,0,0,0
2165,2166,-3.920719508572529e-05,-3.324114614464815e-07,1,-3.324114614464815e-07,0,0,0
2165,2229,9.026398943519707e-06,3.8769991395580819e-07,1,3.8769991395580819e-07,0,0,0
2165,2230,-2.350988701644575e-38,4.9872608737032567e-24,1,4.9872608737032567e-24,0,0,0
2165,2231,-9.8017987714313225e-06,-7.4069881356433177e-08,1,-7.4069881356433177e-08,0,0,0
2166,2167,-3.9872018008618252e-05,-7.7209734813745349e-08,1,-7.7209734813745349e-08,0,0,0
2166,2230,9.7419037681982294e-06,1.1305036697816627e-07,1,1.1305036697816627e-07,0,0,0
2166,2231,2.3057773804591026e-38,1.5042940235444379e-24,1,1.5042940235444379e-24,0,0,0
2166,2232,-9.9680045021545629e-06,-1.6562451713692145e-08,1,-1.6562451713692145e-08,0,0,0
2167,2168,-4.0026437478245747e-05,-1.5455067577241562e-08,1,-1.5455067577241562e-08,0,0,0
2167,2231,9.9499385341441875e-06,2.8335417708623524e-08,1,2.8335417708623524e-08,0,0,0
2167,2232,0,4.5629866381083812e-25,1,4.5629866381083812e-25,0,0,0
2167,2233,-1.0006609369561437e-05,-2.9431643433167079e-09,1,-2.9431643433167079e-09,0,0,0
2168,2169,-4.0057347613400222e-05,-2.7641363355809189e-09,1,-2.7641363355809189e-09,0,0,0
2168,2232,1.0001129405581948e-05,6.6037488840545834e-09,1,6.6037488840545834e-09,0,0,0
2168,2233,-2.3170802107554707e-38,1.5331112229627627e-25,1,1.5331112229627627e-25,0,0,0
2168,2234,-1.0014336903350056e-05,-3.811835604033858e-10,1,-3.811835604033858e-10,0,0,0
2169,2170,-4.0062875886071385e-05,-4.8849584183185805e-10,1,-4.8849584183185805e-10,0,0,0
2169,2233,1.0012495698248069e-05,1.6116366348889122e-09,1,1.6116366348889122e-09,0,0,0
2169,2234,2.3142545031813785e-38,5.1600477805920475e-26,1,5.1600477805920475e-26,0,0,0
2169,2235,-1.0015718971517848e-05,-3.2991140763226936e-11,1,-3.2991140763226936e-11,0,0,0
2170,2171,-4.0063852877755052e-05,-9.7732078733289027e-11,1,-9.7732078733289027e-11,0,0,0
2170,2234,1.0015099270470863e-05,4.3197448394980832e-10,1,4.3197448394980832e-10,0,0,0
2170,2235,-2.3149609300749017e-38,1.4843596301229049e-26,1,1.4843596301229049e-26,0,0,0
2170,2236,-1.0015963219438761e-05,-2.2049787387694692e-12,1,-2.2049787387694692e-12,0,0,0
2171,2172,-4.0064048341912519e-05,-2.1351505250453942e-11,1,-2.1351505250453942e-11,0,0,0
2171,2235,1.0015784953799371e-05,1.1356583937805983e-10,1,1.1356583937805983e-10,0,0,0
2171,2236,0,3.7017124273429842e-27,1,3.7017124273429842e-27,0,0,0
2171,2237,-1.001601208547813e-05,2.2508699854127064e-14,1,2.2508699854127064e-14,0,0,0
2172,2173,-4.0064091044923019e-05,-4.5675284935141002e-12,1,-4.5675284935141002e-12,0,0,0
2172,2236,1.0015967629396241e-05,2.7565917257166271e-11,1,2.7565917257166271e-11,0,0,0
2172,2237,0,8.9268342925457291e-28,1,8.9268342925457291e-28,0,0,0
2172,2238,-1.0016022761230755e-05,-8.1441592585748011e-14,1,-8.1441592585748011e-14,0,0,0
2173,2174,-4.0064100179980008e-05,-9.7985359365155699e-13,1,-9.7985359365155699e-13,0,0,0
2173,2237,1.0016012040460729e-05,6.5022671358461371e-12,1,6.5022671358461371e-12,0,0,0
2173,2238,0,1.7659882402977956e-28,1,1.7659882402977956e-28,0,0,0
2173,2239,-1.0016025044995002e-05,-1.0810365023022475e-13,1,-1.0810365023022475e-13,0,0,0
2174,2175,-4.0064102139687199e-05,-1.9027197018816306e-13,1,-1.9027197018816306e-13,0,0,0
2174,2238,1.001602292411394e-05,1.305403929205666e-12,1,1.305403929205666e-12,0,0,0
2174,2239,-4.6296393583793955e-38,2.2791726536519266e-29,1,2.2791726536519266e-29,0,0,0
2174,2240,-1.0016025534921801e-05,-4.2935213900044736e-14,1,-4.2935213900044736e-14,0,0,0
2175,2176,-4.0064102520231143e-05,-2.1935707345985188e-14,1.3874370712022811e-07,-3.0434413554864052e-21,0,0,0
2175,2239,1.0016025261202303e-05,1.8442774072970525e-13,1,1.8442774072970525e-13,0,0,0
2175,2240,9.2592785766289446e-38,7.7151262828301488e-31,1,7.7151262828301488e-31,0,0,0
2175,2241,-1.0016025630057784e-05,-5.4803917814128802e-15,2.6810743079258119e-08,-1.4693337602513845e-22,0,0,0
2176,2177,-4.0064102564102551e-05,1.1168661259363647e-15,1.3874370712022811e-07,1.5495814666941878e-22,0,0,0
2176,2240,1.0016025620792228e-05,1.0116705483492319e-14,1.3874370712022811e-07,1.403629222623264e-21,0,0,0
2176,2241,-4.6296392893987101e-38,5.8870493203913689e-34,1.3874370712022811e-07,8.1679104671071805e-41,0,0,0
2176,2242,-1.0016025641025638e-05,5.0300623994273938e-07,1.3874370712022811e-07,6.9788950434262613e-14,0,0,0
2177,2178,-4.0064102561868816e-05,8.369620563964001e-06,7.8945483174721577e-10,6.6074373941122376e-15,0,0,0
2177,2241,1.0016025641018567e-05,-2.7568147640067436e-16,2.6810743079258119e-08,-7.3912252354890406e-24,0,0,0
2177,2242,-7.2338113896756158e-38,8.3767366320684447e-23,7.8945483174721577e-10,6.6130552084603329e-32,0,0,0
2177,2243,-1.0016025640467204e-05,2.9674177216467931e-06,7.8945483174721577e-10,2.3426422581663754e-15,0,0,0
2178,2179,-2.3324861433940814e-05,7.9134911934341851e-06,1,7.9134911934341851e-06,0,0,0
2178,2242,9.0100131611401585e-06,-1.5893989013274775e-06,1,-1.5893989013274775e-06,0,0,0
2178,2243,0,1.457188670821107e-22,1,1.457188670821107e-22,0,0,0
2178,2244,-5.8312153584852035e-06,2.2350090253608646e-06,1,2.2350090253608646e-06,0,0,0
2179,2180,-7.4978790470724439e-06,2.7137914529492394e-06,1,2.7137914529492394e-06,0,0,0
2179,2243,4.0811901971736188e-06,-1.1033602177027539e-06,1,-1.1033602177027539e-06,0,0,0
2179,2244,0,4.273851722563537e-23,1,4.273851722563537e-23,0,0,0
2179,2245,-1.8744697617681112e-06,7.4669589302763446e-07,1,7.4669589302763446e-07,0,0,0
2180,2181,-2.0702961411739655e-06,7.9504541806539816e-07,1,7.9504541806539816e-07,0,0,0
2180,2244,1.3611973077634741e-06,-4.2181163623499134e-07,1,-4.2181163623499134e-07,0,0,0
2180,2245,0,1.1365580108778288e-23,1,1.1365580108778288e-23,0,0,0
2180,2246,-5.1757403529349138e-07,2.140517233140752e-07,1,2.140517233140752e-07,0,0,0
2181,2182,-4.8020530504316919e-07,1.9294130337445185e-07,1,1.9294130337445185e-07,0,0,0
2181,2245,3.8107797571284232e-07,-1.3051332472602501e-07,1,-1.3051332472602501e-07,0,0,0
2181,2246,9.0422642370945198e-40,2.5463579241367614e-24,1,2.5463579241367614e-24,0,0,0
2181,2247,-1.200513262607923e-07,5.11390963205007e-08,1,5.11390963205007e-08,0,0,0
2182,2183,-9.4322698294265446e-08,3.9275305023346313e-08,1,3.9275305023346313e-08,0,0,0
2182,2246,8.9470588665341027e-08,-3.2944957045887333e-08,1,-3.2944957045887333e-08,0,0,0
2182,2247,0,4.8357492625012974e-25,1,4.8357492625012974e-25,0,0,0
2182,2248,-2.3580674573566358e-08,1.0288392117730744e-08,1,1.0288392117730744e-08,0,0,0
2183,2184,-1.5772088247572824e-08,6.7594529963187791e-09,1,6.7594529963187791e-09,0,0,0
2183,2247,1.7773133619790901e-08,-6.9150557789488471e-09,1,-6.9150557789488471e-09,0,0,0
2183,2248,-1.4128537870460187e-41,7.819842471792917e-26,1,7.819842471792917e-26,0,0,0
2183,2249,-3.9430220618932059e-09,1.7547313698211331e-09,1,1.7547313698211331e-09,0,0,0
2184,2185,-2.2531822549352649e-09,9.8882854728310557e-10,1,9.8882854728310557e-10,0,0,0
2184,2248,3.0038903381048712e-09,-1.2202973871855274e-09,1,-1.2202973871855274e-09,0,0,0
2184,2249,5.2982017014225702e-42,1.0802712181696429e-26,1,1.0802712181696429e-26,0,0,0
2184,2250,-5.6329556373381623e-10,2.5487743325899667e-10,1,2.5487743325899667e-10,0,0,0
2185,2186,-2.7552516036905369e-10,1.233421612824027e-10,1,1.233421612824027e-10,0,0,0
2185,2249,4.3355932225093962e-10,-1.8233901607933809e-10,1,-1.8233901607933809e-10,0,0,0
2185,2250,2.2075840422594042e-43,1.2773609567118733e-27,1,1.2773609567118733e-27,0,0,0
2185,2251,-6.8881290092263422e-11,3.1611979478735872e-11,1,3.1611979478735872e-11,0,0,0
2186,2187,-2.8840837804248273e-11,1.3130586162833462e-11,1,1.3130586162833462e-11,0,0,0
2186,2250,5.3540697215822865e-11,-2.3165243882380397e-11,1,-2.3165243882380397e-11,0,0,0
2186,2251,-2.7594800528242553e-44,1.2930309458733982e-28,1,1.2930309458733982e-28,0,0,0
2186,2252,-7.2102094510620683e-12,3.3498194568264837e-12,1,3.3498194568264837e-12,0,0,0
2187,2188,-2.5796654785813502e-12,1.1916218273300635e-12,1,1.1916218273300635e-12,0,0,0
2187,2251,5.6573311347916806e-12,-2.5062073825731719e-12,1,-2.5062073825731719e-12,0,0,0
2187,2252,-1.7246750330151596e-45,1.1186537715832449e-29,1,1.1186537715832449e-29,0,0,0
2187,2253,-6.4491636964533756e-13,3.0285404177303246e-13,1,3.0285404177303246e-13,0,0,0
2188,2189,-1.9642182392122345e-13,9.188366072030597e-14,1,9.188366072030597e-14,0,0,0
2188,2252,5.1057053740910032e-13,-2.3073254071439722e-13,1,-2.3073254071439722e-13,0,0,0
2188,2253,2.1558437912689495e-46,8.2410494104122781e-31,1,8.2410494104122781e-31,0,0,0
2188,2254,-4.9105455980305869e-14,2.327949215604319e-14,1,2.327949215604319e-14,0,0,0
2189,2190,-1.2654502480611522e-14,5.9854099077091018e-15,1,5.9854099077091018e-15,0,0,0
2189,2253,3.9208286099272652e-14,-1.8022330239559887e-14,1,-1.8022330239559887e-14,0,0,0
2189,2254,2.6948047390861868e-47,5.138838953811479e-32,1,5.138838953811479e-32,0,0,0
2189,2255,-3.1636256201528805e-15,1.5124958696647002e-15,1,1.5124958696647002e-15,0,0,0
2190,2191,-6.83682665193316e-16,3.265480731062118e-16,1,3.265480731062118e-16,0,0,0
2190,2254,2.546471668219484e-15,-1.1877755009605776e-15,1,-1.1877755009605776e-15,0,0,0
2190,2255,-4.2106324048221669e-49,2.6884149468982874e-33,1,2.6884149468982874e-33,0,0,0
2190,2256,-1.70920666298329e-16,8.2336709290006695e-17,1,8.2336709290006695e-17,0,0,0
2191,2192,-3.0586518980892413e-17,1.4736716468406785e-17,1,1.4736716468406785e-17,0,0,0
2191,2255,1.3863388082347996e-16,-6.5493625539128429e-17,1,-6.5493625539128429e-17,0,0,0
2191,2256,1.3158226265069272e-50,1.1652196098894808e-34,1,1.1652196098894808e-34,0,0,0
2191,2257,-7.6466297452231032e-18,3.7088603966866601e-18,1,3.7088603966866601e-18,0,0,0
2192,2193,-1.1130860440788457e-18,5.4048521180484055e-19,1,5.4048521180484055e-19,0,0,0
2192,2256,6.2472477183156209e-18,-2.984488103647955e-18,1,-2.984488103647955e-18,0,0,0
2192,2257,8.2238914156682948e-52,4.1102587308657493e-36,1,4.1102587308657493e-36,0,0,0
2192,2258,-2.7827151101971142e-19,1.3581194340831042e-19,1,1.3581194340831042e-19,0,0,0
2193,2194,-3.2115620469164497e-20,1.570434634003096e-20,1,1.570434634003096e-20,0,0,0
2193,2257,2.2890895184978259e-19,-1.1044002336624572e-19,1,-1.1044002336624572e-19,0,0,0
2193,2258,-6.4249151684908553e-53,1.1501474058155678e-37,1,1.1501474058155678e-37,0,0,0
2193,2259,-8.0289051172911243e-21,3.9408384167409695e-21,1,3.9408384167409695e-21,0,0,0
2194,2195,-7.0692778910257945e-22,3.4788711220660738e-22,1,3.4788711220660738e-22,0,0,0
2194,2258,6.6476242030905565e-21,-3.2354461279074561e-21,1,-3.2354461279074561e-21,0,0,0
2194,2259,0,2.4566734868441153e-39,1,2.4566734868441153e-39,0,0,0
2194,2260,-1.7673194727564486e-22,8.7197753411561817e-23,1,8.7197753411561817e-23,0,0,0
2195,2196,-1.1153564689364796e-23,5.5206101373190039e-24,1,5.5206101373190039e-24,0,0,0
2195,2259,1.4722828380918589e-22,-7.2219946318422335e-23,1,-7.2219946318422335e-23,0,0,0
2195,2260,-2.5097324876917403e-56,3.7632457135501842e-41,1,3.7632457135501842e-41,0,0,0
2195,2261,-2.788391172341199e-24,1.382363687026433e-24,1,1.382363687026433e-24,0,0,0
2196,2197,-1.1234441472678735e-25,5.5900796244243327e-26,1,5.5900796244243327e-26,0,0,0
2196,2260,2.3364404525212463e-24,-1.1541771744197745e-24,1,-1.1541771744197745e-24,0,0,0
2196,2261,-1.9607285060091721e-58,3.6823089522276951e-43,1,3.6823089522276951e-43,0,0,0
2196,2262,-2.8086103681696831e-26,1.3985583653562386e-26,1,1.3985583653562386e-26,0,0,0
2197,2198,-5.4282223830069833e-28,2.7141111915034916e-28,1,2.7141111915034916e-28,0,0,0
2197,2261,2.3663798288332653e-26,-1.1764046364378738e-26,1,-1.1764046364378738e-26,0,0,0
2197,2262,3.8295478632991643e-61,1.7293820544868346e-45,1,1.7293820544868346e-45,0,0,0
2197,2263,-1.3570555957517458e-28,6.7852779787587291e-29,1,6.7852779787587291e-29,0,0,0
2198,2199,0,-0,1,-0,0,0,0
2198,2262,1.1493637457205959e-28,-5.7468187286029793e-29,1,-5.7468187286029793e-29,0,0,0
2198,2263,0,-0,1,-0,0,0,0
2198,2264,0,-0,1,-0,0,0,0
2199,2200,0,-0,1,-0,0,0,0
2199,2263,0,-0,1,-0,0,0,0
2199,2264,0,-0,1,-0,0,0,0
2199,2265,0,-0,1,-0,0,0,0
2200,2201,0,-0,1,-0,0,0,0
2200,2264,0,-0,1,-0,0,0,0
2200,2265,0,-0,1,-0,0,0,0
2200,2266,0,-0,1,-0,0,0,0
2201,2202,0,-0,1,-0,0,0,0
2201,2265,0,-0,1,-0,0,0,0
2201,2266,0,-0,1,-0,0,0,0
2201,2267,0,-0,1,-0,0,0,0
2202,2203,0,-0,1,-0,0,0,0
2202,2266,0,-0,1,-0,0,0,0
2202,2267,0,-0,1,-0,0,0,0
2202,2268,0,-0,1,-0,0,0,0
2203,2204,0,-0,1,-0,0,0,0
2203,2267,0,-0,1,-0,0,0,0
2203,2268,0,-0,1,-0,0,0,0
2203,2269,0,-0,1,-0,0,0,0
2204,2205,0,-0,1,-0,0,0,0
2204,2268,0,-0,1,-0,0,0,0
2204,2269,0,-0,1,-0,0,0,0
2204,2270,0,-0,1,-0,0,0,0
2205,2206,0,-0,1,-0,0,0,0
2205,2269,0,-0,1,-0,0,0,0
2205,2270,0,-0,1,-0,0,0,0
2205,2271,0,-0,1,-0,0,0,0
2206,2207,0,-0,1,-0,0,0,0
2206,2270,0,-0,1,-0,0,0,0
2206,2271,0,-0,1,-0,0,0,0
2206,2272,0,-0,1,-0,0,0,0
2207,2208,0,-0,1,-0,0,0,0
2207,2271,0,-0,1,-0,0,0,0
2207,2272,0,-0,1,-0,0,0,0
2207,2273,0,-0,1,-0,0,0,0
2208,2209,0,-0,1,-0,0,0,0
2208,2272,0,-0,1,-0,0,0,0
2208,2273,0,-0,1,-0,0,0,0
2208,2274,0,-0,1,-0,0,0,0
2209,2273,0,-0,1,-0,0,0,0
2209,2274,0,-0,1,-0,0,0,0
2210,2211,0,-0,1,-0,0,0,0
2210,2275,0,-0,1,-0,0,0,0
2210,2276,0,-0,1,-0,0,0,0
2211,2212,0,-0,1,-0,0,0,0
2211,2275,0,-0,1,-0,0,0,0
2211,2276,0,-0,1,-0,0,0,0
2211,2277,0,-0,1,-0,0,0,0
2212,2213,0,-0,1,-0,0,0,0
2212,2276,0,-0,1,-0,0,0,0
2212,2277,0,-0,1,-0,0,0,0
2212,2278,0,-0,1,-0,0,0,0
2213,2214,0,-0,1,-0,0,0,0
2213,2277,0,-0,1,-0,0,0,0
2213,2278,0,-0,1,-0,0,0,0
2213,2279,0,-0,1,-0,0,0,0
2214,2215,0,-0,1,-0,0,0,0
2214,2278,0,-0,1,-0,0,0,0
2214,2279,0,-0,1,-0,0,0,0
2214,2280,0,-0,1,-0,0,0,0
2215,2216,0,-0,1,-0,0,0,0
2215,2279,0,-0,1,-0,0,0,0
2215,2280,0,-0,1,-0,0,0,0
2215,2281,0,-0,1,-0,0,0,0
2216,2217,0,-0,1,-0,0,0,0
2216,2280,0,-0,1,-0,0,0,0
2216,2281,0,-0,1,-0,0,0,0
2216,2282,0,-0,1,-0,0,0,0
2217,2218,0,-0,1,-0,0,0,0
2217,2281,0,-0,1,-0,0,0,0
2217,2282,0,-0,1,-0,0,0,0
2217,2283,0,-0,1,-0,0,0,0
2218,2219,0,-0,1,-0,0,0,0
2218,2282,0,-0,1,-0,0,0,0
2218,2283,0,-0,1,-0,0,0,0
2218,2284,0,-0,1,-0,0,0,0
2219,2220,0,-0,1,-0,0,0,0
2219,2283,0,-0,1,-0,0,0,0
2219,2284,0,-0,1,-0,0,0,0
2219,2285,0,4.0426328697204239e-60,0,0,0,0,0
2220,2221,0,6.7094373814564932e-57,0,0,0,0,0
2220,2284,0,-0,1,-0,0,0,0
2220,2285,0,6.7323361381051314e-76,0,0,0,0,0
2220,2286,0,1.6731549917944929e-57,0,0,0,0,0
2221,2222,0,-1.7869924219080776e-39,6.2969526080391465e-20,-1.1252606591680259e-58,0,0,0
2221,2285,-8.0852657394405072e-60,-1.673316712494403e-57,6.2969526080391465e-20,-1.0536796036817122e-76,0,0,0
2221,2286,7.7035005147748945e-90,-7.0016552050030369e-76,6.2969526080391465e-20,-4.4089091003734735e-95,0,0,0
2221,2287,0,-4.2665437651347927e-40,6.2969526080391465e-20,-2.6866223889178692e-59,0,0,0
2222,2223,-3.5739848438161551e-39,-3.7321645896209253e-39,6.1688227768719311e-18,-2.3023061927488448e-56,0,0,0
2222,2286,0,4.4674810547701939e-40,-0,-0,0,0,0
2222,2287,2.0897720951138568e-72,3.3462780818849563e-57,1,3.3462780818849563e-57,0,0,0
2222,2288,-8.9349621095403879e-40,-1.0715522778591865e-39,0,-0,0,0,0
2223,2224,0,1.6263593998514827e-22,6.1688227768719311e-18,1.0032722909183592e-39,0,0,0
2223,2287,8.5330875302695854e-40,9.5313487636877144e-40,6.1688227768719311e-18,5.8797201347746892e-57,0,0,0
2223,2288,1.9504539554395999e-71,-2.3066736929525978e-56,0,-0,0,0,0
2223,2289,0,3.7411685149077482e-23,6.1688227768719311e-18,2.3078605546879054e-40,0,0,0
2224,2225,3.2527187997029664e-22,6.3189171437538414e-22,1,6.3189171437538414e-22,0,0,0
2224,2288,0,-4.0658984996287068e-23,0,-0,0,0,0
2224,2289,0,-5.4078405873507729e-40,1,-5.4078405873507729e-40,0,0,0
2224,2290,8.1317969992574125e-23,1.6000659719613106e-22,1,1.6000659719613106e-22,0,0,0
2225,2226,1.5890553087210648e-21,3.5103988057800342e-23,6.2149389064619554e-17,2.1816914115239919e-39,0,0,0
2225,2289,-7.4823370298154928e-23,-1.6122022844105567e-22,1,-1.6122022844105567e-22,0,0,0
2225,2290,5.1198542748911504e-54,3.3867385600711117e-40,1,3.3867385600711117e-40,0,0,0
2225,2291,3.9726382718026625e-22,1.8468347318681085e-23,3.0985082337086492e-16,5.7224326229924397e-39,0,0,0
2226,2227,1.5637531333925546e-21,-4.2889220914778607e-06,6.2149389064619554e-17,-2.6655388773109937e-22,0,0,0
2226,2290,-4.0133116438483625e-22,-6.742328412165081e-24,6.2149389064619554e-17,-4.1903159168908623e-40,0,0,0
2226,2291,1.2046715940920354e-54,1.6141005705734855e-39,3.0985082337086492e-16,5.0013039079557735e-55,0,0,0
2226,2292,4.5609466390616179e-22,-5.0920665512648535e-07,6.2149389064619554e-17,-3.1646882523749487e-23,0,0,0
2227,2228,-8.5778441829557215e-06,-9.6481080565485906e-06,1,-9.6481080565485906e-06,0,0,0
2227,2291,-6.5156380558023107e-22,1.0722305228694654e-06,3.0985082337086492e-16,3.3223151035447687e-22,0,0,0
2227,2292,1.4467622779351232e-38,9.3762309207264837e-23,1,9.3762309207264837e-23,0,0,0
2227,2293,-2.1444610457389299e-06,-1.9226908931265147e-06,1,-1.9226908931265147e-06,0,0,0
2228,2229,-2.7874060296052901e-05,-4.1157677390129617e-06,1,-4.1157677390129617e-06,0,0,0
2228,2292,1.0184133102529703e-06,2.9750508818801275e-06,1,2.9750508818801275e-06,0,0,0
2228,2293,2.8935245558702463e-38,8.1490834249014985e-23,1,8.1490834249014985e-23,0,0,0
2228,2294,-6.9685150740132253e-06,-8.3943304332394602e-07,1,-8.3943304332394602e-07,0,0,0
2229,2230,-3.6105595774078828e-05,-1.4310096493570491e-06,1,-1.4310096493570491e-06,0,0,0
2229,2293,5.9898428319919601e-06,1.5182780557638732e-06,1,1.5182780557638732e-06,0,0,0
2229,2294,-2.5318339863864658e-38,3.1559570195398765e-23,1,3.1559570195398765e-23,0,0,0
2229,2295,-9.026398943519707e-06,-2.9076254645870494e-07,1,-2.9076254645870494e-07,0,0,0
2230,2231,-3.8967615072792924e-05,-4.1606953189191636e-07,1,-4.1606953189191636e-07,0,0,0
2230,2294,8.6473811606611175e-06,5.4726130376855667e-07,1,5.4726130376855667e-07,0,0,0
2230,2295,0,1.1156053727571897e-23,1,1.1156053727571897e-23,0,0,0
2230,2296,-9.7419037681982311e-06,-7.8621440244766774e-08,1,-7.8621440244766774e-08,0,0,0
2231,2232,-3.979975413657675e-05,-1.0238174287551733e-07,1,-1.0238174287551733e-07,0,0,0
2231,2295,9.6079240364371168e-06,1.7100724885353643e-07,1,1.7100724885353643e-07,0,0,0
2231,2296,-6.9625434625627802e-38,4.2292740523384713e-24,1,4.2292740523384713e-24,0,0,0
2231,2297,-9.9499385341441892e-06,-1.5129364282662355e-08,1,-1.5129364282662355e-08,0,0,0
2232,2233,-4.0004517622327791e-05,-2.2732585332243604e-08,1,-2.2732585332243604e-08,0,0,0
2232,2296,9.8991466486877641e-06,5.0991378447091655e-08,1,5.0991378447091655e-08,0,0,0
2232,2297,6.939937801970044e-38,1.7429510228789662e-24,1,1.7429510228789662e-24,0,0,0
2232,2298,-1.0001129405581948e-05,-1.6026282699698449e-09,1,-1.6026282699698449e-09,0,0,0
2233,2234,-4.0049982792992274e-05,-5.207144445588274e-09,1,-5.207144445588274e-09,0,0,0
2233,2297,9.9801972627095131e-06,1.6149217769277878e-08,1,1.6149217769277878e-08,0,0,0
2233,2298,-2.3170802107554707e-38,6.7954276590638091e-25,1,6.7954276590638091e-25,0,0,0
2233,2299,-1.001249569824807e-05,-3.0433117197510879e-12,1,-3.0433117197510879e-12,0,0,0
2234,2235,-4.0060397081883453e-05,-1.3713666570202831e-09,1,-1.3713666570202831e-09,0,0,0
2234,2298,1.0004334662121887e-05,5.3823041744881245e-09,1,5.3823041744881245e-09,0,0,0
2234,2299,-2.3170802107554707e-38,2.1628412389018435e-25,1,2.1628412389018435e-25,0,0,0
2234,2300,-1.0015099270470865e-05,1.150926706091736e-11,1,1.150926706091736e-11,0,0,0
2235,2236,-4.0063139815197498e-05,-3.6535119373402818e-10,1,-3.6535119373402818e-10,0,0,0
2235,2299,1.0012501784871509e-05,1.6415844639323879e-09,1,1.6415844639323879e-09,0,0,0
2235,2300,2.3142545031813785e-38,5.9011284411656646e-26,1,5.9011284411656646e-26,0,0,0
2235,2301,-1.0015784953799374e-05,7.6247480679452499e-12,1,7.6247480679452499e-12,0,0,0
2236,2237,-4.0063870517584963e-05,-8.8822128978794648e-11,1,-8.8822128978794648e-11,0,0,0
2236,2300,1.0015076251936741e-05,4.4568872974949519e-10,1,4.4568872974949519e-10,0,0,0
2236,2301,9.2591372934060836e-38,1.6480574655217518e-26,1,1.6480574655217518e-26,0,0,0
2236,2302,-1.0015967629396241e-05,-6.3232466026952004e-13,1,-6.3232466026952004e-13,0,0,0
2237,2238,-4.0064048161842917e-05,-2.176730642021344e-11,1,-2.176730642021344e-11,0,0,0
2237,2301,1.0015769704303237e-05,1.2116807874615095e-10,1,1.2116807874615095e-10,0,0,0
2237,2302,-4.629656950064732e-38,3.592660766287695e-27,1,3.592660766287695e-27,0,0,0
2237,2303,-1.0016012040460729e-05,-2.4761190466027123e-12,1,-2.4761190466027123e-12,0,0,0
2238,2239,-4.0064091696455762e-05,-4.6741767240920068e-12,1,-4.6741767240920068e-12,0,0,0
2238,2302,1.0015968894045561e-05,2.7015034189482502e-11,1,2.7015034189482502e-11,0,0,0
2238,2303,4.6296348742243097e-38,4.9388952235451521e-28,1,4.9388952235451521e-28,0,0,0
2238,2304,-1.001602292411394e-05,-9.809902117170715e-13,1,-9.809902117170715e-13,0,0,0
2239,2240,-4.0064101044809213e-05,-7.1917984833083685e-13,1,-7.1917984833083685e-13,0,0,0
2239,2303,1.0016016992698822e-05,4.1342517394736492e-12,1,4.1342517394736492e-12,0,0,0
2239,2304,4.6296390134443886e-38,3.1234010262492553e-29,1,3.1234010262492553e-29,0,0,0
2239,2305,-1.0016025261202303e-05,-1.8991166756620155e-13,0.00017267122456996459,-3.279228019878005e-17,0,0,0
2240,2241,-4.0064102483168898e-05,-4.0452681713635613e-14,2.6810743079258119e-08,-1.0845664562912874e-21,0,0,0
2240,2304,1.0016024886094364e-05,3.6734893138863937e-13,1,3.6734893138863937e-13,0,0,0
2240,2305,-4.6296392721456438e-38,-1.6847699041687132e-30,0.00017267122456996459,-2.909112824714336e-34,0,0,0
2240,2306,-1.0016025620792224e-05,-9.8944990822430853e-15,3.2918236544430098e-09,-3.2570946127792437e-23,0,0,0
2241,2242,-4.0064102564074266e-05,2.0120249597568176e-06,2.6810743079258119e-08,5.3943884265094691e-14,0,0,0
2241,2305,1.0016025641025638e-05,-3.5350550834168386e-18,0.00017267122456996459,-6.1040229017586383e-22,0,0,0
2241,2306,6.9444589338191107e-38,3.6416094500860058e-32,2.6810743079258119e-08,9.7634255361254338e-40,0,0,0
2241,2307,-1.0016025641018567e-05,1.420607089951932e-06,2.6810743079258119e-08,3.8087531705273779e-14,0,0,0
2242,2243,-3.6040052644560634e-05,9.8576459279330793e-06,1,9.8576459279330793e-06,0,0,0
2242,2306,1.0016025640581223e-05,-5.0300623972053299e-07,3.2918236544430098e-09,-1.6558078382444815e-15,0,0,0
2242,2307,2.8935245558702463e-38,1.5281123866496183e-22,1,1.5281123866496183e-22,0,0,0
2242,2308,-9.0100131611401585e-06,3.1406767729792102e-06,1,3.1406767729792102e-06,0,0,0
2243,2244,-1.6324760788694475e-05,5.439985778820289e-06,1,5.439985778820289e-06,0,0,0
2243,2307,7.1748114611147038e-06,-1.5468106319705419e-06,1,-1.5468106319705419e-06,0,0,0
2243,2308,-1.4467622779351232e-38,1.126207945227788e-22,1,1.126207945227788e-22,0,0,0
2243,2309,-4.0811901971736188e-06,1.59617397793252e-06,1,1.59617397793252e-06,0,0,0
2244,2245,-5.4447892310538962e-06,1.9602386641012636e-06,1,1.9602386641012636e-06,0,0,0
2244,2308,2.7286596151817377e-06,-6.8373115370913159e-07,1,-6.8373115370913159e-07,0,0,0
2244,2309,-7.2338113896756158e-39,3.9331460293242799e-23,1,3.9331460293242799e-23,0,0,0
2244,2310,-1.3611973077634741e-06,5.5780510258509284e-07,1,5.5780510258509284e-07,0,0,0
2245,2246,-1.5243119028513693e-06,5.8321477409500258e-07,1,5.8321477409500258e-07,0,0,0
2245,2309,8.8884224130857907e-07,-2.5388213279786835e-07,1,-2.5388213279786835e-07,0,0,0
2245,2310,-1.808452847418904e-39,1.1281881522292086e-23,1,1.1281881522292086e-23,0,0,0
2245,2311,-3.8107797571284232e-07,1.6176232128052293e-07,1,1.6176232128052293e-07,0,0,0
2246,2247,-3.5788235466136411e-07,1.4339491009110026e-07,1,1.4339491009110026e-07,0,0,0
2246,2310,2.4558710259328844e-07,-7.8058256963973706e-08,1,-7.8058256963973706e-08,0,0,0
2246,2311,0,2.6576453965486049e-24,1,2.6576453965486049e-24,0,0,0
2246,2312,-8.9470588665341027e-08,3.8994491717651503e-08,1,3.8994491717651503e-08,0,0,0
2247,2248,-7.1092534479163617e-08,2.9538486563372064e-08,1,2.9538486563372064e-08,0,0,0
2247,2311,5.755333315179648e-08,-1.9890099766002791e-08,1,-1.9890099766002791e-08,0,0,0
2247,2312,1.130283029636815e-40,5.2387497587898657e-25,1,5.2387497587898657e-25,0,0,0
2247,2313,-1.7773133619790901e-08,7.9085097317047897e-09,1,7.9085097317047897e-09,0,0,0
2248,2249,-1.2015561352419485e-08,5.1406620317078629e-09,1,5.1406620317078629e-09,0,0,0
2248,2312,1.148160523003802e-08,-4.2388574459665747e-09,1,-4.2388574459665747e-09,0,0,0
2248,2313,0,8.724489312024879e-26,1,8.724489312024879e-26,0,0,0
2248,2314,-3.0038903381048712e-09,1.3593247696736024e-09,1,1.3593247696736024e-09,0,0,0
2249,2250,-1.7342372890037585e-09,7.6003725007023347e-10,1,7.6003725007023347e-10,0,0,0
2249,2313,1.9561141563813219e-09,-7.6127741706519107e-10,1,-7.6127741706519107e-10,0,0,0
2249,2314,-1.7660672338075234e-42,1.2349997982047935e-26,1,1.2349997982047935e-26,0,0,0
2249,2315,-4.3355932225093962e-10,1.9896302687074817e-10,1,1.9896302687074817e-10,0,0,0
2250,2251,-2.1416278886329146e-10,9.576673216206236e-11,1,9.576673216206236e-11,0,0,0
2250,2314,2.8524079875766647e-10,-1.1585005077092181e-10,1,-1.1585005077092181e-10,0,0,0
2250,2315,-6.6227521267782127e-43,1.4910929746242077e-27,1,1.4910929746242077e-27,0,0,0
2250,2316,-5.3540697215822865e-11,2.4864713083653562e-11,1,2.4864713083653562e-11,0,0,0
2251,2252,-2.2629324539166722e-11,1.0293521194765161e-11,1,1.0293521194765161e-11,0,0,0
2251,2315,3.5633268509443282e-11,-1.4987968687325801e-11,1,-1.4987968687325801e-11,0,0,0
2251,2316,0,1.5371538094687909e-28,1,1.5371538094687909e-28,0,0,0
2251,2317,-5.6573311347916806e-12,2.6545391530301157e-12,1,2.6545391530301157e-12,0,0,0
2252,2253,-2.0422821496364013e-12,9.4272450261965537e-13,1,9.4272450261965537e-13,0,0,0
2252,2316,3.8112710485157379e-12,-1.6503502555533189e-12,1,-1.6503502555533189e-12,0,0,0
2252,2317,3.4493500660303191e-45,1.3515664310874488e-29,1,1.3515664310874488e-29,0,0,0
2252,2318,-5.1057053740910032e-13,2.4174771981598438e-13,1,2.4174771981598438e-13,0,0,0
2253,2254,-1.5683314439709061e-13,7.3323628862106325e-14,1,7.3323628862106325e-14,0,0,0
2253,2317,3.4825282873144958e-13,-1.5452227131608847e-13,1,-1.5452227131608847e-13,0,0,0
2253,2318,0,1.0102908778015568e-30,1,1.0102908778015568e-30,0,0,0
2253,2319,-3.9208286099272652e-14,1.8714227675294816e-14,1,1.8714227675294816e-14,0,0,0
2254,2255,-1.0185886672877936e-14,4.8156755747920083e-15,1,4.8156755747920083e-15,0,0,0
2254,2318,2.7075097777131581e-14,-1.2264313054456049e-14,1,-1.2264313054456049e-14,0,0,0
2254,2319,-1.3474023695430934e-47,6.3835680036689439e-32,1,6.3835680036689439e-32,0,0,0
2254,2320,-2.546471668219484e-15,1.2242159076249569e-15,1,1.2242159076249569e-15,0,0,0
2255,2256,-5.5453552329391982e-16,2.6477326621032864e-16,1,2.6477326621032864e-16,0,0,0
2255,2319,1.7798307486830131e-15,-8.2059843392976666e-16,1,-8.2059843392976666e-16,0,0,0
2255,2320,-4.2106324048221669e-49,3.3801318289264273e-33,1,3.3801318289264273e-33,0,0,0
2255,2321,-1.3863388082347996e-16,6.708284049191753e-17,1,6.708284049191753e-17,0,0,0
2256,2257,-2.4988990873262483e-17,1.2036677532931677e-17,1,1.2036677532931677e-17,0,0,0
2256,2320,9.8039852969570083e-17,-4.5896302625627231e-17,1,-4.5896302625627231e-17,0,0,0
2256,2321,0,1.4813549376080893e-34,1,1.4813549376080893e-34,0,0,0
2256,2322,-6.2472477183156209e-18,3.0408697595940503e-18,1,3.0408697595940503e-18,0,0,0
2257,2258,-9.1563580739913035e-19,4.4452265529338404e-19,1,4.4452265529338404e-19,0,0,0
2257,2321,4.4681998396448925e-18,-2.1196454438975552e-18,1,-2.1196454438975552e-18,0,0,0
2257,2322,8.2238914156682948e-52,5.2791731588116185e-36,1,5.2791731588116185e-36,0,0,0
2257,2323,-2.2890895184978259e-19,1.1202617518154774e-19,1,1.1202617518154774e-19,0,0,0
2258,2259,-2.6590496812362226e-20,1.3000791838562743e-20,1,1.3000791838562743e-20,0,0,0
2258,2322,1.655081991275204e-19,-7.9430287462214916e-20,1,-7.9430287462214916e-20,0,0,0
2258,2323,5.1399321347926842e-53,1.4913259930333816e-37,1,1.4913259930333816e-37,0,0,0
2258,2324,-6.6476242030905558e-21,3.2694954832998639e-21,1,3.2694954832998639e-21,0,0,0
2259,2260,-5.8891313523674346e-22,2.8978368671332923e-22,1,2.8978368671332923e-22,0,0,0
2259,2323,4.8566014866870709e-21,-2.3546866014389428e-21,1,-2.3546866014389428e-21,0,0,0
2259,2324,4.0155719803067845e-55,3.213683262700325e-39,1,3.213683262700325e-39,0,0,0
2259,2325,-1.4722828380918589e-22,7.2743977922470213e-23,1,7.2743977922470213e-23,0,0,0
2260,2261,-9.3457618100849854e-24,4.6255533084658266e-24,1,4.6255533084658266e-24,0,0,0
2260,2324,1.0863323649082861e-22,-5.3148398019153681e-23,1,-5.3148398019153681e-23,0,0,0
2260,2325,-6.2743312192293509e-57,4.9636335731277762e-41,1,4.9636335731277762e-41,0,0,0
2260,2326,-2.3364404525212463e-24,1.159327383654901e-24,1,1.159327383654901e-24,0,0,0
2261,2262,-9.4655193153330611e-26,4.7097723827521184e-26,1,4.7097723827521184e-26,0,0,0
2261,2325,1.7403279642454615e-24,-8.583320829785644e-25,1,-8.583320829785644e-25,0,0,0
2261,2326,9.8036425300458607e-59,4.8945123594838512e-43,1,4.8945123594838512e-43,0,0,0
2261,2327,-2.3663798288332653e-26,1.178833441657556e-26,1,1.178833441657556e-26,0,0,0
2262,2263,-4.5974549828823834e-28,2.2987274914411917e-28,1,2.2987274914411917e-28,0,0,0
2262,2326,1.7785685211444184e-26,-8.8353744184360633e-27,1,-8.8353744184360633e-27,0,0,0
2262,2327,-3.8295478632991643e-61,2.3153911613442408e-45,1,2.3153911613442408e-45,0,0,0
2262,2328,-1.1493637457205959e-28,5.7468187286029793e-29,1,5.7468187286029793e-29,0,0,0
2263,2264,0,-0,1,-0,0,0,0
2263,2327,8.712945518153464e-29,-4.356472759076732e-29,1,-4.356472759076732e-29,0,0,0
2263,2328,0,-0,1,-0,0,0,0
2263,2329,0,-0,1,-0,0,0,0
2264,2265,0,-0,1,-0,0,0,0
2264,2328,0,-0,1,-0,0,0,0
2264,2329,0,-0,1,-0,0,0,0
2264,2330,0,-0,1,-0,0,0,0
2265,2266,0,-0,1,-0,0,0,0
2265,2329,0,-0,1,-0,0,0,0
2265,2330,0,-0,1,-0,0,0,0
2265,2331,0,-0,1,-0,0,0,0
2266,2267,0,-0,1,-0,0,0,0
2266,2330,0,-0,1,-0,0,0,0
2266,2331,0,-0,1,-0,0,0,0
2266,2332,0,-0,1,-0,0,0,0
2267,2268,0,-0,1,-0,0,0,0
2267,2331,0,-0,1,-0,0,0,0
2267,2332,0,-0,1,-0,0,0,0
2267,2333,0,-0,1,-0,0,0,0
2268,2269,0,-0,1,-0,0,0,0
2268,2332,0,-0,1,-0,0,0,0
2268,2333,0,-0,1,-0,0,0,0
2268,2334,0,-0,1,-0,0,0,0
2269,2270,0,-0,1,-0,0,0,0
2269,2333,0,-0,1,-0,0,0,0
2269,2334,0,-0,1,-0,0,0,0
2269,2335,0,-0,1,-0,0,0,0
2270,2271,0,-0,1,-0,0,0,0
2270,2334,0,-0,1,-0,0,0,0
2270,2335,0,-0,1,-0,0,0,0
2270,2336,0,-0,1,-0,0,0,0
2271,2272,0,-0,1,-0,0,0,0
2271,2335,0,-0,1,-0,0,0,0
2271,2336,0,-0,1,-0,0,0,0
2271,2337,0,-0,1,-0,0,0,0
2272,2273,0,-0,1,-0,0,0,0
2272,2336,0,-0,1,-0,0,0,0
2272,2337,0,-0,1,-0,0,0,0
2272,2338,0,-0,1,-0,0,0,0
2273,2274,0,-0,1,-0,0,0,0
2273,2337,0,-0,1,-0,0,0,0
2273,2338,0,-0,1,-0,0,0,0
2273,2339,0,-0,1,-0,0,0,0
2274,2338,0,-0,1,-0,0,0,0
2274,2339,0,-0,1,-0,0,0,0
2275,2276,0,-0,1,-0,0,0,0
2275,2340,0,-0,1,-0,0,0,0
2275,2341,0,-0,1,-0,0,0,0
2276,2277,0,-0,1,-0,0,0,0
2276,2340,0,-0,1,-0,0,0,0
2276,2341,0,-0,1,-0,0,0,0
2276,2342,0,-0,1,-0,0,0,0
2277,2278,0,-0,1,-0,0,0,0
2277,2341,0,-0,1,-0,0,0,0
2277,2342,0,-0,1,-0,0,0,0
2277,2343,0,-0,1,-0,0,0,0
2278,2279,0,-0,1,-0,0,0,0
2278,2342,0,-0,1,-0,0,0,0
2278,2343,0,-0,1,-0,0,0,0
2278,2344,0,-0,1,-0,0,0,0
2279,2280,0,-0,1,-0,0,0,0
2279,2343,0,-0,1,-0,0,0,0
2279,2344,0,-0,1,-0,0,0,0
2279,2345,0,-0,1,-0,0,0,0
2280,2281,0,-0,1,-0,0,0,0
2280,2344,0,-0,1,-0,0,0,0
2280,2345,0,-0,1,-0,0,0,0
2280,2346,0,-0,1,-0,0,0,0
2281,2282,0,-0,1,-0,0,0,0
2281,2345,0,-0,1,-0,0,0,0
2281,2346,0,-0,1,-0,0,0,0
2281,2347,0,-0,1,-0,0,0,0
2282,2283,0,-0,1,-0,0,0,0
2282,2346,0,-0,1,-0,0,0,0
2282,2347,0,-0,1,-0,0,0,0
2282,2348,0,-0,1,-0,0,0,0
2283,2284,0,-0,1,-0,0,0,0
2283,2347,0,-0,1,-0,0,0,0
2283,2348,0,-0,1,-0,0,0,0
2283,2349,0,-0,1,-0,0,0,0
2284,2285,0,1.6170531478881695e-59,0,0,0,0,0
2284,2348,0,-0,1,-0,0,0,0
2284,2349,0,-0,1,-0,0,0,0
2284,2350,0,2.8141040299708468e-58,0,0,0,0,0
2285,2286,3.2341062957763422e-59,6.6764494356990891e-57,-0,-0,0,0,0
2285,2349,0,-4.0426328697204239e-60,0,-0,0,0,0
2285,2350,0,4.6191012702650646e-74,0.01688259759916793,7.7982428015690511e-76,0,0,0
2285,2351,8.0852657394408554e-60,4.5022787461897328e-58,2.8148751683616165e-17,1.2673352643691752e-74,0,0,0
2286,2287,0,-1.7066175060539171e-39,-0,0,0,0,0
2286,2350,-5.628208059941695e-58,-1.3917445887974081e-57,-0,0,0,0,0
2286,2351,0,-2.0298504282519888e-73,-0,0,0,0,0
2286,2352,0,-3.9177641056049023e-40,-0,0,0,0,0
2287,2288,-3.4132350121078341e-39,-4.3665840272909065e-39,0,-0,0,0,0
2287,2351,0,4.2665437651347927e-40,2.8148751683616165e-17,1.2009788099206004e-56,0,0,0
2287,2352,-4.8761348885989997e-72,5.8083481279651032e-57,1,5.8083481279651032e-57,0,0,0
2287,2353,-8.5330875302695854e-40,-9.5313487636877144e-40,2.1165453062976711e-16,-2.017353148846934e-55,0,0,0
2288,2289,0,1.4964674059630993e-22,0,0,0,0,0
2288,2352,7.8355282112098061e-40,1.1265239727757157e-39,0,0,0,0,0
2288,2353,-1.9504539554395999e-71,2.3066736929525978e-56,0,0,0,0,0
2288,2354,-3.6169056948378079e-39,1.4215603096638611e-23,0,0,0,0,0
2289,2290,2.9929348119261985e-22,6.5301558817336248e-22,1,6.5301558817336248e-22,0,0,0
2289,2353,0,-3.7411685149077482e-23,2.1165453062976711e-16,-7.9183526602966235e-39,0,0,0
2289,2354,8.0311439606135691e-55,-3.8629236563568005e-39,0.57467153740414456,-2.2199122764734018e-39,0,0,0
2289,2355,7.4823370298154963e-23,1.3535366011204366e-22,1,1.3535366011204366e-22,0,0,0
2290,2291,1.605324657539345e-21,6.5738714865584322e-23,3.0985082337086492e-16,2.036919492844382e-38,0,0,0
2290,2354,-2.8431206193277199e-23,-1.8644997909577952e-22,0.57467153740414456,-1.0714749613594222e-22,0,0,0
2290,2355,-3.2124575842454276e-54,-4.6463228150434584e-39,1,-4.6463228150434584e-39,0,0,0
2290,2356,4.0133116438483625e-22,2.466688606001221e-23,1.4650527759035793e-15,3.6138289895118192e-38,0,0,0
2291,2292,1.8243786556246472e-21,-2.0368266205059414e-06,3.0985082337086492e-16,-6.3111240542746213e-22,0,0,0
2291,2355,-3.4553069052224227e-22,-4.4334915647693072e-23,3.0985082337086492e-16,-1.3737210117515541e-38,0,0,0
2291,2356,3.8147933812914455e-54,1.3709379204556394e-39,1.4650527759035793e-15,2.008496405955015e-54,0,0,0
2291,2357,4.3420052181762843e-22,-7.8099982385031654e-23,3.0985082337086492e-16,-2.4199343847252103e-38,0,0,0
2292,2293,-4.0736532410118811e-06,-9.942859043477978e-06,1,-9.942859043477978e-06,0,0,0
2292,2356,-4.5609466390616179e-22,5.0920665512648535e-07,1.4650527759035793e-15,7.4601462360163392e-22,0,0,0
2292,2357,0,8.4799942922067865e-23,3.7179281161391865e-16,3.1528009203695431e-38,0,0,0
2292,2358,-1.0184133102529698e-06,-1.7283121803967434e-06,1,-1.7283121803967434e-06,0,0,0
2293,2294,-2.3959371327967837e-05,-5.3150766573383148e-06,1,-5.3150766573383148e-06,0,0,0
2293,2357,0,2.9949214159959796e-06,3.7179281161391865e-16,1.1134902538158838e-21,0,0,0
2293,2358,0,1.2613286756270357e-22,1,1.2613286756270357e-22,0,0,0
2293,2359,-5.9898428319919593e-06,-1.003516008531282e-06,1,-1.003516008531282e-06,0,0,0
2294,2295,-3.458952464264447e-05,-1.9210857515519976e-06,1,-1.9210857515519976e-06,0,0,0
2294,2358,4.4750376710464567e-06,2.0861717448073304e-06,1,2.0861717448073304e-06,0,0,0
2294,2359,0,5.4165531360722027e-23,1,5.4165531360722027e-23,0,0,0
2294,2360,-8.6473811606611175e-06,-3.1199055075413997e-07,1,-3.1199055075413997e-07,0,0,0
2295,2296,-3.8431696145748467e-05,-5.824452245012964e-07,1,-5.824452245012964e-07,0,0,0
2295,2359,7.9968748490545237e-06,8.05524593691296e-07,1,8.05524593691296e-07,0,0,0
2295,2360,-4.70197740328915e-38,2.8024397325053707e-23,1,2.8024397325053707e-23,0,0,0
2295,2361,-9.6079240364371168e-06,-5.7624713113453968e-08,1,-5.7624713113453968e-08,0,0,0
2296,2297,-3.9596586594751056e-05,-1.621012280434987e-07,1,-1.621012280434987e-07,0,0,0
2296,2360,9.271362262169396e-06,3.1389219325918348e-07,1,3.1389219325918348e-07,0,0,0
2296,2361,4.5211321185472598e-38,1.4652711213015175e-23,1,1.4652711213015175e-23,0,0,0
2296,2362,-9.8991466486877641e-06,-3.2465099762993209e-10,1,-3.2465099762993209e-10,0,0,0
2297,2298,-3.9920789050838046e-05,-4.8274798824747294e-08,1,-4.8274798824747294e-08,0,0,0
2297,2361,9.7231734626640239e-06,1.2851190002274481e-07,1,1.2851190002274481e-07,0,0,0
2297,2362,-6.9625434625627802e-38,6.6947540866410132e-24,1,6.6947540866410132e-24,0,0,0
2297,2363,-9.9801972627095131e-06,2.177061668385739e-09,1,2.177061668385739e-09,0,0,0
2298,2299,-4.0017338648487548e-05,-1.6334245499243229e-08,1,-1.6334245499243229e-08,0,0,0
2298,2362,9.8997959506830249e-06,5.2269355719431563e-08,1,5.2269355719431563e-08,0,0,0
2298,2363,-4.6567660821036776e-38,2.3723958422049276e-24,1,2.3723958422049276e-24,0,0,0
2298,2364,-1.0004334662121889e-05,1.3697839522642119e-10,1,1.3697839522642119e-10,0,0,0
2299,2300,-4.0050007139486035e-05,-5.1489341304655996e-09,1,-5.1489341304655996e-09,0,0,0
2299,2363,9.9758431393727404e-06,1.8329322749383368e-08,1,1.8329322749383368e-08,0,0,0
2299,2364,4.6228575912145733e-38,7.0286106435622449e-25,1,7.0286106435622449e-25,0,0,0
2299,2365,-1.0012501784871509e-05,1.2718725469575227e-10,1,1.2718725469575227e-10,0,0,0
2300,2301,-4.0060305007746964e-05,-1.3869047329921714e-09,1,-1.3869047329921714e-09,0,0,0
2300,2364,1.0004060705331435e-05,5.5077733026536278e-09,1,5.5077733026536278e-09,0,0,0
2300,2365,-4.6313347139368492e-38,2.3554837868735906e-25,1,2.3554837868735906e-25,0,0,0
2300,2366,-1.0015076251936739e-05,-7.379499188536324e-13,1,-7.379499188536324e-13,0,0,0
2301,2302,-4.0063078817212948e-05,-3.983794846468873e-10,1,-3.983794846468873e-10,0,0,0
2301,2365,1.0012247410362117e-05,1.7611469705601951e-09,1,1.7611469705601951e-09,0,0,0
2301,2366,-6.9448827902247051e-38,5.7618615433717055e-26,1,5.7618615433717055e-26,0,0,0
2301,2367,-1.0015769704303237e-05,-5.5124788931042862e-11,1,-5.5124788931042862e-11,0,0,0
2302,2303,-4.0063875576182242e-05,-9.6197306524127418e-11,1,-9.6197306524127418e-11,0,0,0
2302,2366,1.0015077727836579e-05,4.4558310449091102e-10,1,4.4558310449091102e-10,0,0,0
2302,2367,0,7.4057563799210767e-27,1,7.4057563799210767e-27,0,0,0
2302,2368,-1.0015968894045562e-05,-2.2188576975156298e-11,1,-2.2188576975156298e-11,0,0,0
2303,2304,-4.0064067970795287e-05,-1.5786791080670877e-11,1,-1.5786791080670877e-11,0,0,0
2303,2367,1.0015879953881099e-05,6.8519408861710809e-11,1,6.8519408861710809e-11,0,0,0
2303,2368,-6.9444633492566757e-38,3.0987706665245681e-28,1,3.0987706665245681e-28,0,0,0
2303,2369,-1.0016016992698822e-05,-4.324163407039851e-12,1,-4.324163407039851e-12,0,0,0
2304,2305,-4.0064099544377456e-05,-1.5098625474885268e-12,0.00017267122456996459,-2.6070981500717024e-16,0,0,0
2304,2368,1.0016013271199512e-05,5.8074474260432739e-12,1,5.8074474260432739e-12,0,0,0
2304,2369,0,-6.2860656159035887e-29,1,-6.2860656159035887e-29,0,0,0
2304,2370,-1.0016024886094362e-05,-3.7746563631613063e-13,4.5220035578520796e-07,-1.7069009503884419e-19,0,0,0
2305,2306,-4.0064102564102557e-05,8.8882560499693162e-16,0.00017267122456996459,1.5347460564395982e-19,0,0,0
2305,2369,1.0016025641025638e-05,-0,1,-0,0,0,0
2305,2370,2.3148196446961965e-38,9.2592785787847883e-38,0.00017267122456996459,1.5988109708332108e-41,0,0,0
2305,2371,-1.0016025641025638e-05,1.968628409382662e-08,0.00017267122456996459,3.3992547817132581e-12,0,0,0
2306,2307,-4.0064102562324899e-05,5.682428358933043e-06,3.2918236544430098e-09,1.8705552086613566e-14,0,0,0
2306,2370,1.0016025641025636e-05,-2.2220584524811882e-16,4.5220035578520796e-07,-1.0048156227875219e-22,0,0,0
2306,2371,-6.9625434625627802e-38,3.2784248435369472e-24,3.2918236544430098e-09,1.0791996449268547e-32,0,0,0
2306,2372,-1.0016025640581225e-05,2.4418450598317776e-06,3.2918236544430098e-09,8.0381233284390525e-15,0,0,0
2307,2308,-2.8699245844458808e-05,8.8923036918659314e-06,1,8.8923036918659314e-06,0,0,0
2307,2371,9.9766530728379847e-06,-1.4009208058616404e-06,0.049817855055871357,-6.9790869651169701e-08,0,0,0
2307,2372,0,1.7007028620372469e-22,1,1.7007028620372469e-22,0,0,0
2307,2373,-7.1748114611147021e-06,2.6651178142631491e-06,1,2.6651178142631491e-06,0,0,0
2308,2309,-1.0914638460726947e-05,3.6796347477463163e-06,1,3.6796347477463163e-06,0,0,0
2308,2372,5.1323355209176688e-06,-1.2018379528679658e-06,1,-1.2018379528679658e-06,0,0,0
2308,2373,-1.4467622779351232e-38,7.3614762834961531e-23,1,7.3614762834961531e-23,0,0,0
2308,2374,-2.7286596151817377e-06,1.0824372268869584e-06,1,1.0824372268869584e-06,0,0,0
2309,2310,-3.5553689652343163e-06,1.2865102774305814e-06,1,1.2865102774305814e-06,0,0,0
2309,2373,1.8445758325884042e-06,-4.7786679563991248e-07,1,-4.7786679563991248e-07,0,0,0
2309,2374,7.2338113896756158e-39,2.7066439081743087e-23,1,2.7066439081743087e-23,0,0,0
2309,2375,-8.8884224130857907e-07,3.7002888096245077e-07,1,3.7002888096245077e-07,0,0,0
2310,2311,-9.8234841037315376e-07,3.7606753888298396e-07,1,3.7606753888298396e-07,0,0,0
2310,2374,5.6378516140782071e-07,-1.5909902940726616e-07,1,-1.5909902940726616e-07,0,0,0
2310,2375,9.0422642370945198e-40,8.060437584856773e-24,1,8.060437584856773e-24,0,0,0
2310,2376,-2.4558710259328844e-07,1.0585138117020753e-07,1,1.0585138117020753e-07,0,0,0
2311,2312,-2.3021333260718592e-07,9.2143455843516916e-08,1,9.2143455843516916e-08,0,0,0
2311,2375,1.4878447938367753e-07,-4.5615573115940529e-08,1,-4.5615573115940529e-08,0,0,0
2311,2376,-2.2605660592736299e-40,1.9708395664555305e-24,1,1.9708395664555305e-24,0,0,0
2311,2377,-5.7553333151796486e-08,2.5448036703734913e-08,1,2.5448036703734913e-08,0,0,0
2312,2313,-4.5926420920152079e-08,1.90509821473134e-08,1,1.90509821473134e-08,0,0,0
2312,2376,3.3884340252873411e-08,-1.1201367511417695e-08,1,-1.1201367511417695e-08,0,0,0
2312,2377,0,4.0170745777373926e-25,1,4.0170745777373926e-25,0,0,0
2312,2378,-1.148160523003802e-08,5.1767636375790772e-09,1,5.1767636375790772e-09,0,0,0
2313,2314,-7.8244566255252877e-09,3.3417467152473108e-09,1,3.3417467152473108e-09,0,0,0
2313,2377,6.6572597443266591e-09,-2.3505727939726688e-09,1,-2.3505727939726688e-09,0,0,0
2313,2378,0,6.8947864209755306e-26,1,6.8947864209755306e-26,0,0,0
2313,2379,-1.9561141563813219e-09,8.9567325001405728e-10,1,8.9567325001405728e-10,0,0,0
2314,2315,-1.1409631950306659e-09,4.9921506049644638e-10,1,4.9921506049644638e-10,0,0,0
2314,2378,1.1280779548798675e-09,-4.2141857806110049e-10,1,-4.2141857806110049e-10,0,0,0
2314,2379,0,1.0031404240978198e-26,1,1.0031404240978198e-26,0,0,0
2314,2380,-2.8524079875766642e-10,1.3226131145437303e-10,1,1.3226131145437303e-10,0,0,0
2315,2316,-1.4253307403777313e-10,6.3643994921855083e-11,1,6.3643994921855083e-11,0,0,0
2315,2379,1.6476765635320727e-10,-6.4567193921881992e-11,1,-6.4567193921881992e-11,0,0,0
2315,2380,2.2075840422594042e-43,1.2419309464597637e-27,1,1.2419309464597637e-27,0,0,0
2315,2381,-3.5633268509443282e-11,1.6697725136345547e-11,1,1.6697725136345547e-11,0,0,0
2316,2317,-1.5245084194062955e-11,6.9260364395685782e-12,1,6.9260364395685782e-12,0,0,0
2316,2380,2.0718175848920409e-11,-8.453452400202336e-12,1,-8.453452400202336e-12,0,0,0
2316,2381,0,1.3101626548358163e-28,1,1.3101626548358163e-28,0,0,0
2316,2382,-3.8112710485157387e-12,1.8021703020256239e-12,1,1.8021703020256239e-12,0,0,0
2317,2318,-1.3930113149257983e-12,6.4235546190863595e-13,1,6.4235546190863595e-13,0,0,0
2317,2381,2.2378182367521868e-12,-9.4478270401036859e-13,1,-9.4478270401036859e-13,0,0,0
2317,2382,1.7246750330151596e-45,1.1767452368107645e-29,1,1.1767452368107645e-29,0,0,0
2317,2383,-3.4825282873144963e-13,1.659756983632352e-13,1,1.659756983632352e-13,0,0,0
2318,2319,-1.0830039110852632e-13,5.0590534056897136e-14,1,5.0590534056897136e-14,0,0,0
2318,2382,2.0693044446449057e-13,-8.9927673343679507e-14,1,-8.9927673343679507e-14,0,0,0
2318,2383,-2.1558437912689495e-46,8.9708788498946733e-31,1,8.9708788498946733e-31,0,0,0
2318,2384,-2.7075097777131581e-14,1.2994268051792395e-14,1,1.2994268051792395e-14,0,0,0
2319,2320,-7.1193229947320525e-15,3.3635817914268863e-15,1,3.3635817914268863e-15,0,0,0
2319,2383,1.6301432004979184e-14,-7.2608006281480858e-15,1,-7.2608006281480858e-15,0,0,0
2319,2384,-6.7370118477154671e-48,5.7726246710761195e-32,1,5.7726246710761195e-32,0,0,0
2319,2385,-1.7798307486830131e-15,8.5956366910420923e-16,1,8.5956366910420923e-16,0,0,0
2320,2321,-3.9215941187828028e-16,1.8714330625985035e-16,1,1.8714330625985035e-16,0,0,0
2320,2384,1.0865616735467965e-15,-4.9426091028861315e-16,1,-4.9426091028861315e-16,0,0,0
2320,2385,4.2106324048221669e-49,3.1088833586636116e-33,1,3.1088833586636116e-33,0,0,0
2320,2386,-9.8039852969570083e-17,4.7616984409446812e-17,1,4.7616984409446812e-17,0,0,0
2321,2322,-1.787279935857957e-17,8.6053832810347446e-18,1,8.6053832810347446e-18,0,0,0
2321,2385,6.070341047459469e-17,-2.8117605317474897e-17,1,-2.8117605317474897e-17,0,0,0
2321,2386,-2.6316452530138543e-50,1.3841558640662927e-34,1,1.3841558640662927e-34,0,0,0
2321,2387,-4.4681998396448925e-18,2.1814057365315672e-18,1,2.1814057365315672e-18,0,0,0
2322,2323,-6.620327965100817e-19,3.2130319528166665e-19,1,3.2130319528166665e-19,0,0,0
2322,2386,2.8058841506764557e-18,-1.3201879757744674e-18,1,-1.3201879757744674e-18,0,0,0
2322,2387,-8.2238914156682948e-52,5.0059816746685071e-36,1,5.0059816746685071e-36,0,0,0
2322,2388,-1.6550819912752042e-19,8.1186747242040783e-20,1,8.1186747242040783e-20,0,0,0
2323,2324,-1.9426405946748283e-20,9.4959365003924859e-21,1,9.4959365003924859e-21,0,0,0
2323,2387,1.0538836658175878e-19,-5.026588254753586e-20,1,-5.026588254753586e-20,0,0,0
2323,2388,-2.5699660673963421e-53,1.4337671410526566e-37,1,1.4337671410526566e-37,0,0,0
2323,2389,-4.8566014866870701e-21,2.3927778635104267e-21,1,2.3927778635104267e-21,0,0,0
2324,2325,-4.3453294596331446e-22,2.1378581705316626e-22,1,2.1378581705316626e-22,0,0,0
2324,2388,3.1347046434388576e-21,-1.5130357034740144e-21,1,-1.5130357034740144e-21,0,0,0
2324,2389,0,3.1297861656186504e-39,1,3.1297861656186504e-39,0,0,0
2324,2390,-1.0863323649082861e-22,5.3740267380915674e-23,1,5.3740267380915674e-23,0,0,0
2325,2326,-6.9613118569818459e-24,3.4450845580680351e-24,1,3.4450845580680351e-24,0,0,0
2325,2389,7.1045759666216648e-23,-3.4652715850985599e-23,1,-3.4652715850985599e-23,0,0,0
2325,2390,6.2743312192293509e-57,4.8929713218477505e-41,1,4.8929713218477505e-41,0,0,0
2325,2391,-1.7403279642454615e-24,8.6420153918388104e-25,1,8.6420153918388104e-25,0,0,0
2326,2327,-7.1142740845776738e-26,3.5397111512525302e-26,1,3.5397111512525302e-26,0,0,0
2326,2390,1.1527017289972472e-24,-5.6745802189290153e-25,1,-5.6745802189290153e-25,0,0,0
2326,2391,-9.8036425300458607e-59,4.8800957722732481e-43,1,4.8800957722732481e-43,0,0,0
2326,2392,-1.7785685211444184e-26,8.8632897989424903e-27,1,8.8632897989424903e-27,0,0,0
2327,2328,-3.4851782072613856e-28,1.7425891036306928e-28,1,1.7425891036306928e-28,0,0,0
2327,2391,1.1924885877699619e-26,-5.9188782112590422e-27,1,-5.9188782112590422e-27,0,0,0
2327,2392,3.8295478632991643e-61,2.3334535655670837e-45,1,2.3334535655670837e-45,0,0,0
2327,2393,-8.712945518153464e-29,4.356472759076732e-29,1,4.356472759076732e-29,0,0,0
2328,2329,0,-0,1,-0,0,0,0
2328,2392,5.9105613559203256e-29,-2.9552806779601628e-29,1,-2.9552806779601628e-29,0,0,0
2328,2393,0,-0,1,-0,0,0,0
2328,2394,0,-0,1,-0,0,0,0
2329,2330,0,-0,1,-0,0,0,0
2329,2393,0,-0,1,-0,0,0,0
2329,2394,0,-0,1,-0,0,0,0
2329,2395,0,-0,1,-0,0,0,0
2330,2331,0,-0,1,-0,0,0,0
2330,2394,0,-0,1,-0,0,0,0
2330,2395,0,-0,1,-0,0,0,0
2330,2396,0,-0,1,-0,0,0,0
2331,2332,0,-0,1,-0,0,0,0
2331,2395,0,-0,1,-0,0,0,0
2331,2396,0,-0,1,-0,0,0,0
2331,2397,0,-0,1,-0,0,0,0
2332,2333,0,-0,1,-0,0,0,0
2332,2396,0,-0,1,-0,0,0,0
2332,2397,0,-0,1,-0,0,0,0
2332,2398,0,-0,1,-0,0,0,0
2333,2334,0,-0,1,-0,0,0,0
2333,2397,0,-0,1,-0,0,0,0
2333,2398,0,-0,1,-0,0,0,0
2333,2399,0,-0,1,-0,0,0,0
2334,2335,0,-0,1,-0,0,0,0
2334,2398,0,-0,1,-0,0,0,0
2334,2399,0,-0,1,-0,0,0,0
2334,2400,0,-0,1,-0,0,0,0
2335,2336,0,-0,1,-0,0,0,0
2335,2399,0,-0,1,-0,0,0,0
2335,2400,0,-0,1,-0,0,0,0
2335,2401,0,-0,1,-0,0,0,0
2336,2337,0,-0,1,-0,0,0,0
2336,2400,0,-0,1,-0,0,0,0
2336,2401,0,-0,1,-0,0,0,0
2336,2402,0,-0,1,-0,0,0,0
2337,2338,0,-0,1,-0,0,0,0
2337,2401,0,-0,1,-0,0,0,0
2337,2402,0,-0,1,-0,0,0,0
2337,2403,0,-0,1,-0,0,0,0
2338,2339,0,-0,1,-0,0,0,0
2338,2402,0,-0,1,-0,0,0,0
2338,2403,0,-0,1,-0,0,0,0
2338,2404,0,-0,1,-0,0,0,0
2339,2403,0,-0,1,-0,0,0,0
2339,2404,0,-0,1,-0,0,0,0
2340,2341,0,-0,1,-0,0,0,0
2340,2405,0,-0,1,-0,0,0,0
2340,2406,0,-0,1,-0,0,0,0
2341,2342,0,-0,1,-0,0,0,0
2341,2405,0,-0,1,-0,0,0,0
2341,2406,0,-0,1,-0,0,0,0
2341,2407,0,-0,1,-0,0,0,0
2342,2343,0,-0,1,-0,0,0,0
2342,2406,0,-0,1,-0,0,0,0
2342,2407,0,-0,1,-0,0,0,0
2342,2408,0,-0,1,-0,0,0,0
2343,2344,0,-0,1,-0,0,0,0
2343,2407,0,-0,1,-0,0,0,0
2343,2408,0,-0,1,-0,0,0,0
2343,2409,0,-0,1,-0,0,0,0
2344,2345,0,-0,1,-0,0,0,0
2344,2408,0,-0,1,-0,0,0,0
2344,2409,0,-0,1,-0,0,0,0
2344,2410,0,-0,1,-0,0,0,0
2345,2346,0,-0,1,-0,0,0,0
2345,2409,0,-0,1,-0,0,0,0
2345,2410,0,-0,1,-0,0,0,0
2345,2411,0,-0,1,-0,0,0,0
2346,2347,0,-0,1,-0,0,0,0
2346,2410,0,-0,1,-0,0,0,0
2346,2411,0,-0,1,-0,0,0,0
2346,2412,0,-0,1,-0,0,0,0
2347,2348,0,-0,1,-0,0,0,0
2347,2411,0,-0,1,-0,0,0,0
2347,2412,0,-0,1,-0,0,0,0
2347,2413,0,-0,1,-0,0,0,0
2348,2349,0,-0,1,-0,0,0,0
2348,2412,0,-0,1,-0,0,0,0
2348,2413,0,-0,1,-0,0,0,0
2348,2414,0,-0,1,-0,0,0,0
2349,2350,0,1.1256416119883387e-57,0,0,0,0,0
2349,2413,0,-0,1,-0,0,0,0
2349,2414,0,-0,1,-0,0,0,0
2349,2415,0,2.4835033948476322e-58,0,0,0,0,0
2350,2351,2.2512832239766774e-57,6.9144041796643604e-58,2.8148751683616165e-17,1.9463184629352983e-74,0,0,0
2350,2414,0,-2.8141040299708468e-58,0,-0,0,0,0
2350,2415,3.6251767128352444e-90,-5.5056065560424021e-75,1,-5.5056065560424021e-75,0,0,0
2350,2416,5.6282080599416936e-58,2.1213923650939736e-58,-0,-0,0,0,0
2351,2352,0,-1.5671056422419609e-39,2.8148751683616165e-17,-4.4112067585462789e-56,0,0,0
2351,2415,-4.9670067896952652e-58,-2.0592016800393046e-58,2.8148751683616165e-17,-5.7963956757911615e-75,0,0,0
2351,2416,0,6.5412895130159712e-75,-0,-0,0,0,0
2351,2417,0,-1.9279496393054489e-41,2.8148751683616165e-17,-5.4269375655326431e-58,0,0,0
2352,2353,-3.1342112844839225e-39,-3.9520513692870419e-39,2.1165453062976711e-16,-8.364695775911773e-55,0,0,0
2352,2416,0,3.9177641056049023e-40,-0,-0,0,0,0
2352,2417,0,6.203319760657621e-56,0.10413604206395151,6.459891675319836e-57,0,0,0
2352,2418,-7.8355282112098045e-40,-8.042735876379423e-40,1.7220882656853735e-15,-1.3850301076719772e-54,0,0,0
2353,2354,-1.4467622779351232e-38,5.6862412386554446e-23,2.1165453062976711e-16,1.2035187204152436e-38,0,0,0
2353,2417,3.8558992786109192e-41,1.3605097564891961e-39,2.1165453062976711e-16,2.8795805392693952e-55,0,0,0
2353,2418,1.114545117394057e-71,3.0598732661616133e-56,2.1165453062976711e-16,6.4763603993600874e-72,0,0,0
2353,2419,-2.7595785057645017e-39,1.6836451683734466e-40,2.1165453062976711e-16,3.5635112785915707e-56,0,0,0
2354,2355,1.137248247731088e-22,6.3419896865793012e-22,0.57467153740414456,3.6445609633877558e-22,0,0,0
2354,2418,3.6169056948378079e-39,-1.4215603096638611e-23,1.7220882656853735e-15,-2.4480523282362009e-38,0,0,0
2354,2419,0,-2.3673734800231306e-39,0,-0,0,0,0
2354,2420,2.8431206193277217e-23,8.8432814258228379e-23,0.57467153740414456,5.081982132675126e-23,0,0,0
2355,2356,1.3821227620889693e-21,2.1026849196523681e-22,1.4650527759035793e-15,3.0805443783872966e-37,0,0,0
2355,2419,0,-1.7276534526112114e-22,0,-0,0,0,0
2355,2420,0,-1.1676814166625836e-38,1,-1.1676814166625836e-38,0,0,0
2355,2421,3.4553069052224227e-22,5.3087041726790419e-23,1,5.3087041726790419e-23,0,0,0
2356,2357,1.8026597460194429e-21,-3.4532875891459109e-22,1.4650527759035793e-15,-5.0592485684715956e-37,0,0,0
2356,2420,-2.0529683470973395e-22,-1.2268405089756336e-22,1.4650527759035793e-15,-1.797386093265712e-37,0,0,0
2356,2421,-1.2925122311612462e-54,8.6583862659786812e-41,1,8.6583862659786812e-41,0,0,0
2356,2422,4.5066493650486062e-22,-1.2616629766035042e-24,1.4650527759035793e-15,-1.8484028461277366e-39,0,0,0
2357,2358,3.1275062667851091e-21,-8.9500753420929151e-06,3.7179281161391865e-16,-3.3275736755931296e-21,0,0,0
2357,2421,-4.5170477397582309e-22,8.6852108464128995e-23,1,8.6852108464128995e-23,0,0,0
2357,2422,0,1.4167088627566491e-38,1.3768654745693101e-16,1.9506175206459812e-54,0,0,0
2357,2423,2.6062552223209243e-22,-1.3247784519649445e-06,3.7179281161391865e-16,-4.9254310542158136e-22,0,0,0
2358,2359,-1.7900150684185827e-05,-7.043674356016134e-06,1,-7.043674356016134e-06,0,0,0
2358,2422,-7.8187656669627728e-22,2.2375188355232288e-06,1.3768654745693101e-16,3.0807624333304607e-22,0,0,0
2358,2423,2.8935245558702463e-38,1.5200180839974059e-22,1,1.5200180839974059e-22,0,0,0
2358,2424,-4.4750376710464567e-06,-9.8869982854286677e-07,1,-9.8869982854286677e-07,0,0,0
2359,2360,-3.1987499396218095e-05,-2.5489748262297467e-06,1,-2.5489748262297467e-06,0,0,0
2359,2423,2.6495569039298885e-06,2.6736589725623178e-06,1,2.6736589725623178e-06,0,0,0
2359,2424,1.4467622779351232e-38,1.2860025718672293e-22,1,1.2860025718672293e-22,0,0,0
2359,2425,-7.9968748490545237e-06,-1.1157036483297124e-07,1,-1.1157036483297124e-07,0,0,0
2360,2361,-3.7085449048677584e-05,-9.0362240098925344e-07,1,-9.0362240098925344e-07,0,0,0
2360,2424,6.4524373281321906e-06,1.4094624670186035e-06,1,1.4094624670186035e-06,0,0,0
2360,2425,1.4467622779351232e-38,8.7542197112122476e-23,1,8.7542197112122476e-23,0,0,0
2360,2426,-9.2713622621693977e-06,5.5301799502357625e-08,1,5.5301799502357625e-08,0,0,0
2361,2362,-3.8892693850656095e-05,-3.5324497603800028e-07,1,-3.5324497603800028e-07,0,0,0
2361,2425,8.2200155787204655e-06,7.5157894197177886e-07,1,7.5157894197177886e-07,0,0,0
2361,2426,-5.0636679727729316e-38,4.6830439484558307e-23,1,4.6830439484558307e-23,0,0,0
2361,2427,-9.7231734626640239e-06,2.4815667969863056e-08,1,2.4815667969863056e-08,0,0,0
2362,2363,-3.95991838027321e-05,-1.5209437737943601e-07,1,-1.5209437737943601e-07,0,0,0
2362,2426,9.1607586631646819e-06,3.6951864375917106e-07,1,3.6951864375917106e-07,0,0,0
2362,2427,4.70197740328915e-38,1.8839415357634864e-23,1,1.8839415357634864e-23,0,0,0
2362,2428,-9.8997959506830249e-06,-1.9410137675776286e-09,1,-1.9410137675776286e-09,0,0,0
2363,2364,-3.9903372557490962e-05,-5.643513191738456e-08,1,-5.643513191738456e-08,0,0,0
2363,2427,9.6735421267242974e-06,1.5115050632422215e-07,1,1.5115050632422215e-07,0,0,0
2363,2428,2.2605660592736299e-38,6.0089567617185417e-24,1,6.0089567617185417e-24,0,0,0
2363,2429,-9.9758431393727404e-06,9.4092483033924652e-10,1,9.4092483033924652e-10,0,0,0
2364,2365,-4.0016242821325748e-05,-1.6373410061365905e-08,1,-1.6373410061365905e-08,0,0,0
2364,2428,9.9036779782181797e-06,5.0191363556627512e-08,1,5.0191363556627512e-08,0,0,0
2364,2429,-2.350988701644575e-38,2.506279818629064e-24,1,2.506279818629064e-24,0,0,0
2364,2430,-1.0004060705331435e-05,1.484593344664803e-10,1,1.484593344664803e-10,0,0,0
2365,2366,-4.0048989641448461e-05,-5.6606349489240229e-09,1,-5.6606349489240229e-09,0,0,0
2365,2429,9.9739612897120644e-06,1.9143060325026861e-08,1,1.9143060325026861e-08,0,0,0
2365,2430,6.939937801970044e-38,7.0640357726769331e-25,1,7.0640357726769331e-25,0,0,0
2365,2431,-1.0012247410362115e-05,-1.0431939298933393e-09,1,-1.0431939298933393e-09,0,0,0
2366,2367,-4.0060310911346316e-05,-1.6044520890409285e-09,1,-1.6044520890409285e-09,0,0,0
2366,2430,1.00037637866625e-05,5.6569705870389628e-09,1,5.6569705870389628e-09,0,0,0
2366,2431,0,6.1944584018480667e-26,1,6.1944584018480667e-26,0,0,0
2366,2432,-1.0015077727836579e-05,-4.2984897580469516e-10,1,-4.2984897580469516e-10,0,0,0
2367,2368,-4.0063519815524405e-05,-2.6663463682334105e-10,1,-2.6663463682334105e-10,0,0,0
2367,2431,1.0014333798221903e-05,7.7307782959789844e-10,1,7.7307782959789844e-10,0,0,0
2367,2432,4.629656950064732e-38,-4.7854975889432747e-27,1,-4.7854975889432747e-27,0,0,0
2367,2433,-1.0015879953881101e-05,-7.2843572268750669e-11,0.0011175035839937507,-8.140295308123666e-14,0,0,0
2368,2369,-4.0064053084798047e-05,-2.4739652251661623e-11,1,-2.4739652251661623e-11,0,0,0
2368,2432,1.0015937425788189e-05,3.792270566137215e-11,1,3.792270566137215e-11,0,0,0
2368,2433,4.6296348742243097e-38,-1.0299949331630377e-27,0.0011175035839937507,-1.1510230293050983e-30,0,0,0
2368,2434,-1.0016013271199512e-05,-6.1849130629154057e-12,8.2585191100713988e-06,-5.1078222724217105e-17,0,0,0
2369,2370,-4.0064102564102544e-05,2.2240044563805212e-21,1,2.2240044563805212e-21,0,0,0
2369,2433,1.0016025641025638e-05,-0,1,-0,0,0,0
2369,2434,0,-0,1,-0,0,0,0
2369,2435,-1.0016025641025639e-05,1.0906629993954778e-12,1,1.0906629993954778e-12,0,0,0
2370,2371,-4.0064102564102544e-05,7.874513637530427e-08,4.5220035578520796e-07,3.5608578685267315e-14,0,0,0
2370,2434,1.0016025641025636e-05,-5.5600111409513029e-22,8.2585191100713988e-06,-4.5917458259756219e-27,0,0,0
2370,2435,-4.6296403931844152e-38,1.8163187601274619e-28,4.5220035578520796e-07,8.2133998954898608e-35,0,0,0
2370,2436,-1.0016025641025636e-05,1.5907164648829845e-06,4.5220035578520796e-07,7.193225513734739e-13,0,0,0
2371,2372,-3.9906612291351939e-05,9.6886351038406301e-06,0.049817855055871357,4.8266701929235962e-07,0,0,0
2371,2435,1.0016023459699639e-05,-1.9685193430827227e-08,0.087441974478260673,-1.721312181578019e-09,0,0,0
2371,2436,5.7870491117404927e-38,2.61629081863972e-22,0.049817855055871357,1.3033799678700059e-23,0,0,0
2371,2437,-9.9766530728379847e-06,3.4328100364578149e-06,0.049817855055871357,1.710152328305959e-07,0,0,0
2372,2373,-2.0529342083670675e-05,6.5755193766585291e-06,1,6.5755193766585291e-06,0,0,0
2372,2436,6.8345927112596665e-06,-8.5112859517099939e-07,1,-8.5112859517099939e-07,0,0,0
2372,2437,2.8935245558702463e-38,1.683072448906405e-22,1,1.683072448906405e-22,0,0,0
2372,2438,-5.1323355209176688e-06,2.0067344273460979e-06,1,2.0067344273460979e-06,0,0,0
2373,2374,-7.3783033303536152e-06,2.5615813423611668e-06,1,2.5615813423611668e-06,0,0,0
2373,2437,3.1110329999223544e-06,-6.3322858366697509e-07,1,-6.3322858366697509e-07,0,0,0
2373,2438,1.4467622779351232e-38,6.0427426925824097e-23,1,6.0427426925824097e-23,0,0,0
2373,2439,-1.8445758325884038e-06,7.5557183790142022e-07,1,7.5557183790142022e-07,0,0,0
2374,2375,-2.2551406456312828e-06,8.3000136404828635e-07,1,8.3000136404828635e-07,0,0,0
2374,2438,1.118866666225473e-06,-2.7754075240882607e-07,1,-2.7754075240882607e-07,0,0,0
2374,2439,0,1.9180740714241117e-23,1,1.9180740714241117e-23,0,0,0
2374,2440,-5.6378516140782071e-07,2.3939442438134681e-07,1,2.3939442438134681e-07,0,0,0
2375,2376,-5.9513791753471012e-07,2.2980027826160823e-07,1,2.2980027826160823e-07,0,0,0
2375,2439,3.3343215678556374e-07,-9.2323838700943118e-08,1,-9.2323838700943118e-08,0,0,0
2375,2440,-9.0422642370945198e-40,5.3114318558825529e-24,1,5.3114318558825529e-24,0,0,0
2375,2441,-1.4878447938367753e-07,6.5028623099856914e-08,1,6.5028623099856914e-08,0,0,0
2376,2377,-1.3553736101149365e-07,5.4454161017093496e-08,1,5.4454161017093496e-08,0,0,0
2376,2440,8.4996312645127036e-08,-2.5555986196126819e-08,1,-2.5555986196126819e-08,0,0,0
2376,2441,-2.2605660592736299e-40,1.2620826940959205e-24,1,1.2620826940959205e-24,0,0,0
2376,2442,-3.3884340252873411e-08,1.515086711932059e-08,1,1.515086711932059e-08,0,0,0
2377,2378,-2.6629038977306636e-08,1.1058363578893581e-08,1,1.1058363578893581e-08,0,0,0
2377,2441,1.8727233183963709e-08,-6.034986719818526e-09,1,-6.034986719818526e-09,0,0,0
2377,2442,0,2.5601635229253408e-25,1,2.5601635229253408e-25,0,0,0
2377,2443,-6.6572597443266591e-09,3.03065527696757e-09,1,3.03065527696757e-09,0,0,0
2378,2379,-4.51231181951947e-09,1.9266205970533207e-09,1,1.9266205970533207e-09,0,0,0
2378,2442,3.5826060142322329e-09,-1.2272640296761829e-09,1,-1.2272640296761829e-09,0,0,0
2378,2443,-7.0642689352300936e-42,4.4308620480022724e-26,1,4.4308620480022724e-26,0,0,0
2378,2444,-1.1280779548798675e-09,5.2096808559940274e-10,1,5.2096808559940274e-10,0,0,0
2379,2380,-6.5907062541282896e-10,2.8809896100857366e-10,1,2.8809896100857366e-10,0,0,0
2379,2443,5.9594919039151834e-10,-2.155907670191555e-10,1,-2.155907670191555e-10,0,0,0
2379,2444,0,6.546919062889608e-27,1,6.546919062889608e-27,0,0,0
2379,2445,-1.6476765635320727e-10,7.6986004455414036e-11,1,7.6986004455414036e-11,0,0,0
2380,2381,-8.2872703395681649e-11,3.6960715224336455e-11,1,3.6960715224336455e-11,0,0,0
2380,2444,8.6141783681062144e-11,-3.2711803916070866e-11,1,-3.2711803916070866e-11,0,0,0
2380,2445,0,8.2621646245794223e-28,1,8.2621646245794223e-28,0,0,0
2380,2446,-2.0718175848920409e-11,9.7746135988271158e-12,1,9.7746135988271158e-12,0,0,0
2381,2382,-8.9512729470087471e-12,4.0617755845753918e-12,1,4.0617755845753918e-12,0,0,0
2381,2445,1.0795647442379195e-11,-4.2789146028135044e-12,1,-4.2789146028135044e-12,0,0,0
2381,2446,0,8.9001271809608448e-29,1,8.9001271809608448e-29,0,0,0
2381,2447,-2.2378182367521868e-12,1.0644863403369903e-12,1,1.0644863403369903e-12,0,0,0
2382,2383,-8.2772177785796228e-13,3.8125802491902279e-13,1,3.8125802491902279e-13,0,0,0
2382,2446,1.1689486512661795e-12,-4.8100910340084451e-13,1,-4.8100910340084451e-13,0,0,0
2382,2447,-1.7246750330151596e-45,8.167207609068161e-30,1,8.167207609068161e-30,0,0,0
2382,2448,-2.0693044446449062e-13,9.9133860408755803e-14,1,9.9133860408755803e-14,0,0,0
2383,2384,-6.5205728019916737e-14,3.0429740662864772e-14,1,3.0429740662864772e-14,0,0,0
2383,2447,1.0884555607820572e-13,-4.6272062036613258e-14,1,-4.6272062036613258e-14,0,0,0
2383,2448,0,6.3605024230863175e-31,1,6.3605024230863175e-31,0,0,0
2383,2449,-1.6301432004979184e-14,7.8583720012621636e-15,1,7.8583720012621636e-15,0,0,0
2384,2385,-4.3462466941871851e-15,2.0517165261444032e-15,1,2.0517165261444032e-15,0,0,0
2384,2448,8.6627236469790049e-15,-3.788080986716105e-15,1,-3.788080986716105e-15,0,0,0
2384,2449,0,4.1789377882457056e-32,1,4.1789377882457056e-32,0,0,0
2384,2450,-1.0865616735467963e-15,5.2671726661913563e-16,1,5.2671726661913563e-16,0,0,0
2385,2386,-2.4281364189837876e-16,1.1579505264783646e-16,1,1.1579505264783646e-16,0,0,0
2385,2449,5.8468800245485419e-16,-2.6199229599012972e-16,1,-2.6199229599012972e-16,0,0,0
2385,2450,0,2.2961857553740707e-33,1,2.2961857553740707e-33,0,0,0
2385,2451,-6.070341047459469e-17,2.9574541685266307e-17,1,2.9574541685266307e-17,0,0,0
2386,2387,-1.1223536602705823e-17,5.4009915681893935e-18,1,5.4009915681893935e-18,0,0,0
2386,2450,3.3127140308525089e-17,-1.5160628078924314e-17,1,-1.5160628078924314e-17,0,0,0
2386,2451,0,1.0421305873373525e-34,1,1.0421305873373525e-34,0,0,0
2386,2452,-2.8058841506764557e-18,1.3732975386717659e-18,1,1.3732975386717659e-18,0,0,0
2387,2388,-4.2155346632703513e-19,2.0450732387663985e-19,1,2.0450732387663985e-19,0,0,0
2387,2451,1.5543271040620836e-18,-7.2446936874016252e-19,1,-7.2446936874016252e-19,0,0,0
2387,2452,0,3.8385372587852845e-36,1,3.8385372587852845e-36,0,0,0
2387,2453,-1.0538836658175878e-19,5.1798562820883493e-20,1,5.1798562820883493e-20,0,0,0
2388,2389,-1.2538818573755427e-20,6.1273177675452803e-21,1,6.1273177675452803e-21,0,0,0
2388,2452,5.9289073332923676e-20,-2.8077184344742408e-20,1,-2.8077184344742408e-20,0,0,0
2388,2453,0,1.1186582522363308e-37,1,1.1186582522363308e-37,0,0,0
2388,2454,-3.1347046434388568e-21,1.5467362842065735e-21,1,1.5467362842065735e-21,0,0,0
2389,2390,-2.8418303866486659e-22,1.3978611587443881e-22,1,1.3978611587443881e-22,0,0,0
2389,2453,1.7912409399917992e-21,-8.6009759016279126e-22,1,-8.6009759016279126e-22,0,0,0
2389,2454,0,2.4824879352602882e-39,1,2.4824879352602882e-39,0,0,0
2389,2455,-7.1045759666216648e-23,3.5183242270581864e-23,1,3.5183242270581864e-23,0,0,0
2390,2391,-4.6108069159889887e-24,2.2815536862390948e-24,1,2.2815536862390948e-24,0,0,0
2390,2454,4.1232075025710031e-23,-2.0039686648356394e-23,1,-2.0039686648356394e-23,0,0,0
2390,2455,0,3.9420683712681733e-41,1,3.9420683712681733e-41,0,0,0
2390,2456,-1.1527017289972472e-24,5.7278449108954942e-25,1,5.7278449108954942e-25,0,0,0
2391,2392,-4.7699543510798478e-26,2.3731560528280834e-26,1,2.3731560528280834e-26,0,0,0
2391,2455,6.7927512505291764e-25,-3.3367511958760903e-25,1,-3.3367511958760903e-25,0,0,0
2391,2456,9.8036425300458607e-59,3.9902573408396262e-43,1,3.9902573408396262e-43,0,0,0
2391,2457,-1.1924885877699618e-26,5.9445086670985199e-27,1,5.9445086670985199e-27,0,0,0
2392,2393,-2.3642245423681302e-28,1.1821122711840651e-28,1,1.1821122711840651e-28,0,0,0
2392,2456,7.1327468181482275e-27,-3.5368206022945118e-27,1,-3.5368206022945118e-27,0,0,0
2392,2457,3.8295478632991643e-61,1.9348747651269903e-45,1,1.9348747651269903e-45,0,0,0
2392,2458,-5.9105613559203256e-29,2.9552806779601628e-29,1,2.9552806779601628e-29,0,0,0
2393,2394,0,-0,1,-0,0,0,0
2393,2457,3.586854350257795e-29,-1.7934271751288975e-29,1,-1.7934271751288975e-29,0,0,0
2393,2458,0,-0,1,-0,0,0,0
2393,2459,0,-0,1,-0,0,0,0
2394,2395,0,-0,1,-0,0,0,0
2394,2458,0,-0,1,-0,0,0,0
2394,2459,0,-0,1,-0,0,0,0
2394,2460,0,-0,1,-0,0,0,0
2395,2396,0,-0,1,-0,0,0,0
2395,2459,0,-0,1,-0,0,0,0
2395,2460,0,-0,1,-0,0,0,0
2395,2461,0,-0,1,-0,0,0,0
2396,2397,0,-0,1,-0,0,0,0
2396,2460,0,-0,1,-0,0,0,0
2396,2461,0,-0,1,-0,0,0,0
2396,2462,0,-0,1,-0,0,0,0
2397,2398,0,-0,1,-0,0,0,0
2397,2461,0,-0,1,-0,0,0,0
2397,2462,0,-0,1,-0,0,0,0
2397,2463,0,-0,1,-0,0,0,0
2398,2399,0,-0,1,-0,0,0,0
2398,2462,0,-0,1,-0,0,0,0
2398,2463,0,-0,1,-0,0,0,0
2398,2464,0,-0,1,-0,0,0,0
2399,2400,0,-0,1,-0,0,0,0
2399,2463,0,-0,1,-0,0,0,0
2399,2464,0,-0,1,-0,0,0,0
2399,2465,0,-0,1,-0,0,0,0
2400,2401,0,-0,1,-0,0,0,0
2400,2464,0,-0,1,-0,0,0,0
2400,2465,0,-0,1,-0,0,0,0
2400,2466,0,-0,1,-0,0,0,0
2401,2402,0,-0,1,-0,0,0,0
2401,2465,0,-0,1,-0,0,0,0
2401,2466,0,-0,1,-0,0,0,0
2401,2467,0,-0,1,-0,0,0,0
2402,2403,0,-0,1,-0,0,0,0
2402,2466,0,-0,1,-0,0,0,0
2402,2467,0,-0,1,-0,0,0,0
2402,2468,0,-0,1,-0,0,0,0
2403,2404,0,-0,1,-0,0,0,0
2403,2467,0,-0,1,-0,0,0,0
2403,2468,0,-0,1,-0,0,0,0
2403,2469,0,-0,1,-0,0,0,0
2404,2468,0,-0,1,-0,0,0,0
2404,2469,0,-0,1,-0,0,0,0
2405,2406,0,-0,1,-0,0,0,0
2405,2470,0,-0,1,-0,0,0,0
2405,2471,0,-0,1,-0,0,0,0
2406,2407,0,-0,1,-0,0,0,0
2406,2470,0,-0,1,-0,0,0,0
2406,2471,0,-0,1,-0,0,0,0
2406,2472,0,-0,1,-0,0,0,0
2407,2408,0,-0,1,-0,0,0,0
2407,2471,0,-0,1,-0,0,0,0
2407,2472,0,-0,1,-0,0,0,0
2407,2473,0,-0,1,-0,0,0,0
2408,2409,0,-0,1,-0,0,0,0
2408,2472,0,-0,1,-0,0,0,0
2408,2473,0,-0,1,-0,0,0,0
2408,2474,0,-0,1,-0,0,0,0
2409,2410,0,-0,1,-0,0,0,0
2409,2473,0,-0,1,-0,0,0,0
2409,2474,0,-0,1,-0,0,0,0
2409,2475,0,-0,1,-0,0,0,0
2410,2411,0,-0,1,-0,0,0,0
2410,2474,0,-0,1,-0,0,0,0
2410,2475,0,-0,1,-0,0,0,0
2410,2476,0,-0,1,-0,0,0,0
2411,2412,0,-0,1,-0,0,0,0
2411,2475,0,-0,1,-0,0,0,0
2411,2476,0,-0,1,-0,0,0,0
2411,2477,0,-0,1,-0,0,0,0
2412,2413,0,-0,1,-0,0,0,0
2412,2476,0,-0,1,-0,0,0,0
2412,2477,0,-0,1,-0,0,0,0
2412,2478,0,-0,1,-0,0,0,0
2413,2414,0,-0,1,-0,0,0,0
2413,2477,0,-0,1,-0,0,0,0
2413,2478,0,-0,1,-0,0,0,0
2413,2479,0,-0,1,-0,0,0,0
2414,2415,0,9.934013579390529e-58,0,0,0,0,0
2414,2478,0,-0,1,-0,0,0,0
2414,2479,0,-0,1,-0,0,0,0
2414,2480,0,5.0087184683305279e-60,0,0,0,0,0
2415,2416,1.9868027158781061e-57,9.8079720008687525e-58,-0,-0,0,0,0
2415,2479,0,-2.4835033948476322e-58,0,-0,0,0,0
2415,2480,0,-4.0524520575307891e-74,0.0680148159100014,-2.75626780677063e-75,0,0,0
2415,2481,4.9670067896952645e-58,2.0782915382372937e-58,2.6126802236997187e-16,5.4299112010350454e-74,0,0,0
2416,2417,0,-7.7117985572217955e-41,-0,0,0,0,0
2416,2480,-1.0017436936661056e-59,-4.8854092103815155e-58,-0,0,0,0,0
2416,2481,0,-6.2233795113924272e-75,-0,0,0,0,0
2416,2482,9.8036425300458607e-58,-6.5983831154666887e-43,-0,0,0,0,0
2417,2418,-1.5423597114443677e-40,-4.7070820072215108e-39,1.7220882656853735e-15,-8.1060106902549179e-54,0,0,0
2417,2481,0,1.9279496393054489e-41,2.6126802236997187e-16,5.0371158949023524e-57,0,0,0
2417,2482,3.482953491856428e-73,3.1007959669106794e-57,0.0056434496219616706,1.7499185827242347e-59,0,0,0
2417,2483,-3.855899278610909e-41,-7.3621485695610769e-40,0.10413604206395151,-7.6666501312087273e-41,0,0,0
2418,2419,-9.5683999855874589e-39,-6.1498951385894812e-41,0,-0,0,0,0
2418,2482,1.3196766230934669e-42,1.1953901598868857e-39,1.7220882656853735e-15,2.0585673672569683e-54,0,0,0
2418,2483,0,7.3367253081036469e-56,1.7220882656853735e-15,1.2634488561642196e-70,0,0,0
2418,2484,-2.3920999963968647e-39,-2.0189181691135195e-40,0.00023287590364755916,-4.7015739302278656e-44,0,0,0
2419,2420,0,4.105936694194679e-22,0,0,0,0,0
2419,2483,1.5109887066983247e-39,4.5593038269574382e-40,0,0,0,0,0
2419,2484,0,-3.1061333349548797e-56,0.00023287590364755916,-7.2334360722742412e-60,0,0,0
2419,2485,0,6.9439634505111469e-23,0,0,0,0,0
2420,2421,8.21187338838936e-22,4.9281587853217827e-22,1,4.9281587853217827e-22,0,0,0
2420,2484,0,-1.0264841735486698e-22,0.00023287590364755916,-2.3904342949506442e-26,0,0,0
2420,2485,1.6062287921227138e-54,-5.530373300936341e-39,1,-5.530373300936341e-39,0,0,0
2420,2486,2.0529683470973393e-22,1.1257750448683627e-22,1,1.1257750448683627e-22,0,0,0
2421,2422,1.8068190959032924e-21,-7.126326848338891e-24,1,-7.126326848338891e-24,0,0,0
2421,2485,-1.3887926901022294e-22,-1.564127524828001e-22,1,-1.564127524828001e-22,0,0,0
2421,2486,0,-1.7696619413545774e-39,1,-1.7696619413545774e-39,0,0,0
2421,2487,4.5170477397582309e-22,6.6426787606854894e-24,2.7367063890880776e-16,1.8179061405027651e-39,0,0,0
2422,2423,2.0850041778567394e-21,-5.2991138078597787e-06,1.3768654745693101e-16,-7.2961668478556384e-22,0,0,0
2422,2486,-4.3045184368340645e-22,-8.8448834341235703e-24,1.3768654745693101e-16,-1.2178214627034779e-39,0,0,0
2422,2487,2.4093431881840707e-54,1.4029211913463651e-39,2.7367063890880776e-16,3.8393833877446548e-55,0,0,0
2422,2488,4.4814100417007497e-22,-5.4938236063404137e-10,1.3768654745693101e-16,-7.5642560469439726e-26,0,0,0
2423,2424,-1.0598227615719556e-05,-7.6057608484046026e-06,1,-7.6057608484046026e-06,0,0,0
2423,2487,-5.2125104446418485e-22,1.3247784519649447e-06,2.7367063890880776e-16,3.6255296536186771e-22,0,0,0
2423,2488,-2.8935245558702463e-38,2.2052844044289833e-22,0.0023698859012151927,5.2262724182259905e-25,0,0,0
2423,2489,-2.6495569039298889e-06,8.1793046754667289e-10,1,8.1793046754667289e-10,0,0,0
2424,2425,-2.5809749312528756e-05,-3.5351565011765523e-06,1,-3.5351565011765523e-06,0,0,0
2424,2488,1.0987647212674961e-09,3.2256692817054613e-06,0.0023698859012151927,7.6444681526967097e-09,0,0,0
2424,2489,0,3.1678961829906787e-22,1,3.1678961829906787e-22,0,0,0
2424,2490,-6.4524373281321906e-06,3.8048891904115403e-07,1,3.8048891904115403e-07,0,0,0
2425,2426,-3.2880062314881862e-05,-1.8814861688884312e-06,1,-1.8814861688884312e-06,0,0,0
2425,2489,2.6479210429947957e-06,2.7860472678628353e-06,1,2.7860472678628353e-06,0,0,0
2425,2490,5.7870491117404927e-38,2.1054458915236595e-22,1,2.1054458915236595e-22,0,0,0
2425,2491,-8.2200155787204655e-06,1.2202908306892466e-07,1,1.2202908306892466e-07,0,0,0
2426,2427,-3.6643034652658721e-05,-1.0255669271192317e-06,1,-1.0255669271192317e-06,0,0,0
2426,2490,5.6914594900498816e-06,1.7346495865573997e-06,1,1.7346495865573997e-06,0,0,0
2426,2491,1.4467622779351232e-38,9.8654522100066661e-23,1,9.8654522100066661e-23,0,0,0
2426,2492,-9.1607586631646819e-06,-4.5095103459398818e-08,1,-4.5095103459398818e-08,0,0,0
2427,2428,-3.869416850689719e-05,-4.6027170298776304e-07,1,-4.6027170298776304e-07,0,0,0
2427,2491,7.9759574125826168e-06,8.4879235707084038e-07,1,8.4879235707084038e-07,0,0,0
2427,2492,2.1701434169026848e-38,3.5187957268047333e-23,1,3.5187957268047333e-23,0,0,0
2427,2493,-9.6735421267242974e-06,-9.3354425004946699e-09,1,-9.3354425004946699e-09,0,0,0
2428,2429,-3.9614711912872719e-05,-1.405666229877685e-07,1,-1.405666229877685e-07,0,0,0
2428,2492,9.2509488700834796e-06,3.2636455406734989e-07,1,3.2636455406734989e-07,0,0,0
2428,2493,0,1.7607995602649717e-23,1,1.7607995602649717e-23,0,0,0
2428,2494,-9.9036779782181797e-06,3.1410493723888739e-09,1,3.1410493723888739e-09,0,0,0
2429,2430,-3.9895845158848251e-05,-5.9604993900875627e-08,1,-5.9604993900875627e-08,0,0,0
2429,2493,9.6922130117252847e-06,1.4087413899338822e-07,1,1.4087413899338822e-07,0,0,0
2429,2494,0,6.375351100262497e-24,1,6.375351100262497e-24,0,0,0
2429,2495,-9.9739612897120627e-06,-1.5301859518708199e-08,1,-1.5301859518708199e-08,0,0,0
2430,2431,-4.0015055146649998e-05,-2.1140023118805185e-08,1,-2.1140023118805185e-08,0,0,0
2430,2494,9.8973958794734019e-06,5.3183953594549912e-08,1,5.3183953594549912e-08,0,0,0
2430,2495,2.3156673569684246e-38,-6.6715140660138488e-26,1,-6.6715140660138488e-26,0,0,0
2430,2496,-1.00037637866625e-05,-6.1309271815679456e-09,0.48296826735305376,-2.9610432781496119e-09,0,0,0
2431,2432,-4.0057335192887613e-05,-3.2072551325694463e-09,1,-3.2072551325694463e-09,0,0,0
2431,2495,1.0004565008749481e-05,4.884394736212002e-09,1,4.884394736212002e-09,0,0,0
2431,2496,2.3142545031813785e-38,-1.4087421260633162e-25,0.48296826735305376,-6.8037774377205701e-26,0,0,0
2431,2497,-1.0014333798221903e-05,-8.4592140186664921e-10,0.24836109378687615,-2.1009396462532862e-10,0,0,0
2432,2433,-4.0063749703152754e-05,-1.7643047489715025e-10,0.0011175035839937507,-1.9716168802328487e-13,0,0,0
2432,2496,1.0016025641025638e-05,-4.4107618724287563e-11,0.48296826735305376,-2.1302580192338275e-11,0,0,0
2432,2497,0,-7.3453940803637618e-27,0.24836109378687615,-1.8243101080947892e-27,0,0,0
2432,2498,-1.0015937425788189e-05,-4.2247858127673848e-11,0.23139702942792112,-9.7760288704359826e-12,0,0,0
2433,2434,-4.0064102564102551e-05,-0,1,-0,0,0,0
2433,2497,1.0016025641025638e-05,-0,1,-0,0,0,0
2433,2498,4.6296348742243097e-38,3.0971235519767452e-28,0.0011175035839937507,3.461046669405468e-31,0,0,0
2433,2499,-1.0016025641025638e-05,4.4587734377185916e-07,0.0011175035839937507,4.9826952968666621e-10,0,0,0
2434,2435,-4.0064102564102557e-05,4.3626519975819113e-12,8.2585191100713988e-06,3.6029044892621378e-17,0,0,0
2434,2498,1.0016021921504444e-05,1.8597605966137133e-12,8.2585191100713988e-06,1.5358868427292139e-17,0,0,0
2434,2499,-4.3402868338053695e-38,7.4253493982133654e-23,8.2585191100713988e-06,6.1322389904102241e-28,0,0,0
2434,2500,-1.0016025641025638e-05,1.9481997497258451e-06,8.2585191100713988e-06,1.6089244863347207e-11,0,0,0
2435,2436,-4.0064093838798556e-05,6.3628614968799416e-06,0.087441974478260673,5.5638117261888333e-07,0,0,0
2435,2499,9.1242709534819203e-06,4.4587625310885981e-07,0.087441974478260673,3.8988299944807414e-08,0,0,0
2435,2500,0,3.2444025117531413e-22,0.087441974478260673,2.83696961629923e-23,0,0,0
2435,2501,-1.0016023459699639e-05,3.370280536573841e-06,0.087441974478260673,2.9470398466366848e-07,0,0,0
2436,2437,-2.7338370845038673e-05,7.4471194226746268e-06,1,7.4471194226746268e-06,0,0,0
2436,2500,6.1196261415739484e-06,3.5748328484285988e-07,1,3.5748328484285988e-07,0,0,0
2436,2501,0,2.9635713255990841e-22,1,2.9635713255990841e-22,0,0,0
2436,2502,-6.8345927112596682e-06,2.6770285419688918e-06,1,2.6770285419688918e-06,0,0,0
2437,2438,-1.2444131999689416e-05,3.984332667393762e-06,1,3.984332667393762e-06,0,0,0
2437,2501,3.2754623865519563e-06,-8.2214693314801115e-08,1,-8.2214693314801115e-08,0,0,0
2437,2502,2.8935245558702463e-38,1.3576617934888984e-22,1,1.3576617934888984e-22,0,0,0
2437,2503,-3.111032999922354e-06,1.2814093599404551e-06,1,1.2814093599404551e-06,0,0,0
2438,2439,-4.4754666649018918e-06,1.5708690188798181e-06,1,1.5708690188798181e-06,0,0,0
2438,2502,1.4805356273218846e-06,-1.8083448054820593e-07,1,-1.8083448054820593e-07,0,0,0
2438,2503,0,4.7516356364909717e-23,1,4.7516356364909717e-23,0,0,0
2438,2504,-1.118866666225473e-06,4.7583963165562493e-07,1,4.7583963165562493e-07,0,0,0
2439,2440,-1.333728627142255e-06,4.9687168828087344e-07,1,4.9687168828087344e-07,0,0,0
2439,2503,5.4821428004144355e-07,-1.0739106162793989e-07,1,-1.0739106162793989e-07,0,0,0
2439,2504,-1.808452847418904e-39,1.3842656510332857e-23,1,1.3842656510332857e-23,0,0,0
2439,2505,-3.3343215678556374e-07,1.4527164473027283e-07,1,1.4527164473027283e-07,0,0,0
2440,2441,-3.3998525058050814e-07,1.3253815892232667e-07,1,1.3253815892232667e-07,0,0,0
2440,2504,1.6718740291422296e-07,-4.1095545134547958e-08,1,-4.1095545134547958e-08,0,0,0
2440,2505,0,3.5061491476897297e-24,1,3.5061491476897297e-24,0,0,0
2440,2506,-8.4996312645127036e-08,3.7801317499549943e-08,1,3.7801317499549943e-08,0,0,0
2441,2442,-7.4908932735854835e-08,3.0289254339462955e-08,1,3.0289254339462955e-08,0,0,0
2441,2505,4.2888867325018137e-08,-1.2080817070527209e-08,1,-1.2080817070527209e-08,0,0,0
2441,2506,1.130283029636815e-40,7.7717461948761024e-25,1,7.7717461948761024e-25,0,0,0
2441,2507,-1.8727233183963709e-08,8.4764815421651998e-09,1,8.4764815421651998e-09,0,0,0
2442,2443,-1.4330424056928932e-08,5.9733136476814291e-09,1,5.9733136476814291e-09,0,0,0
2442,2506,9.3936776460271593e-09,-2.9055358158974628e-09,1,-2.9055358158974628e-09,0,0,0
2442,2507,0,1.505742126483236e-25,1,1.505742126483236e-25,0,0,0
2442,2508,-3.5826060142322333e-09,1.6459083446224158e-09,1,1.6459083446224158e-09,0,0,0
2443,2444,-2.3837967615660734e-09,1.0196148134209122e-09,1,1.0196148134209122e-09,0,0,0
2443,2507,1.7742700996333112e-09,-5.8916045462089643e-10,1,-5.8916045462089643e-10,0,0,0
2443,2508,3.5321344676150468e-42,2.5409663157237294e-26,1,2.5409663157237294e-26,0,0,0
2443,2509,-5.9594919039151834e-10,2.7723878603558766e-10,1,2.7723878603558766e-10,0,0,0
2444,2445,-3.4456713472424858e-10,1.506922724773659e-10,1,1.506922724773659e-10,0,0,0
2444,2508,2.9078932498740191e-10,-1.0232377065316989e-10,1,-1.0232377065316989e-10,0,0,0
2444,2509,0,3.7195384572962642e-27,1,3.7195384572962642e-27,0,0,0
2444,2510,-8.6141783681062131e-11,4.0497486450517379e-11,1,4.0497486450517379e-11,0,0,0
2445,2446,-4.3182589769516781e-11,1.9253397582226032e-11,1,1.9253397582226032e-11,0,0,0
2445,2509,4.1471618320343002e-11,-1.53379854389819e-11,1,-1.53379854389819e-11,0,0,0
2445,2510,0,4.7036013936672907e-28,1,4.7036013936672907e-28,0,0,0
2445,2511,-1.0795647442379194e-11,5.1205856468201792e-12,1,5.1205856468201792e-12,0,0,0
2446,2447,-4.6757946050647179e-12,2.1202061903759476e-12,1,2.1202061903759476e-12,0,0,0
2446,2510,5.1468107800273707e-12,-1.9889310643805954e-12,1,-1.9889310643805954e-12,0,0,0
2446,2511,6.8987001320606383e-45,5.1165114022867253e-29,1,5.1165114022867253e-29,0,0,0
2446,2512,-1.1689486512661795e-12,5.5866445570855729e-13,1,5.5866445570855729e-13,0,0,0
2447,2448,-4.3538222431282287e-13,2.003656648624534e-13,1,2.003656648624534e-13,0,0,0
2447,2511,5.5447614873883621e-13,-2.2281529633031524e-13,1,-2.2281529633031524e-13,0,0,0
2447,2512,8.6233751650757978e-46,4.7650064085419916e-30,1,4.7650064085419916e-30,0,0,0
2447,2513,-1.0884555607820572e-13,5.2359804720022133e-14,1,5.2359804720022133e-14,0,0,0
2448,2449,-3.4650894587916026e-14,1.6156071289048305e-14,1,1.6156071289048305e-14,0,0,0
2448,2512,5.1619739849065092e-14,-2.1478508101043042e-14,1,-2.1478508101043042e-14,0,0,0
2448,2513,0,3.7776257195844814e-31,1,3.7776257195844814e-31,0,0,0
2448,2514,-8.6627236469790049e-15,4.1909919658839411e-15,1,4.1909919658839411e-15,0,0,0
2449,2450,-2.3387520098194167e-15,1.1031217242926582e-15,1,1.1031217242926582e-15,0,0,0
2449,2513,4.1259466381614419e-15,-1.7706293178532942e-15,1,-1.7706293178532942e-15,0,0,0
2449,2514,-3.3685059238577335e-48,2.5308779009502788e-32,1,2.5308779009502788e-32,0,0,0
2449,2515,-5.8468800245485419e-16,2.843022462669996e-16,1,2.843022462669996e-16,0,0,0
2450,2451,-1.3250856123410036e-16,6.3145626408926e-17,1,6.3145626408926e-17,0,0,0
2450,2514,2.8073971521112369e-16,-1.2380628745129929e-16,1,-1.2380628745129929e-16,0,0,0
2450,2515,-2.1053162024110835e-49,1.4191673159694375e-33,1,1.4191673159694375e-33,0,0,0
2450,2516,-3.3127140308525089e-17,1.6181180279074292e-17,1,1.6181180279074292e-17,0,0,0
2451,2452,-6.2173084162483346e-18,2.9900760614583202e-18,1,2.9900760614583202e-18,0,0,0
2451,2515,1.608350992085484e-17,-7.2645914083963771e-18,1,-7.2645914083963771e-18,0,0,0
2451,2516,0,6.5743023832019537e-35,1,6.5743023832019537e-35,0,0,0
2451,2517,-1.5543271040620836e-18,7.6235787410231417e-19,1,7.6235787410231417e-19,0,0,0
2452,2453,-2.371562933316947e-19,1.1499566478586376e-19,1,1.1499566478586376e-19,0,0,0
2452,2516,7.6477975037650325e-19,-3.5274533852178975e-19,1,-3.5274533852178975e-19,0,0,0
2452,2517,0,2.4711663944688977e-36,1,2.4711663944688977e-36,0,0,0
2452,2518,-5.9289073332923676e-20,2.919001853771894e-20,1,2.919001853771894e-20,0,0,0
2453,2454,-7.1649637599671968e-21,3.5000177299321781e-21,1,3.5000177299321781e-21,0,0,0
2453,2517,2.9611355857455374e-20,-1.3910057458731786e-20,1,-1.3910057458731786e-20,0,0,0
2453,2518,0,7.3458296321272165e-38,1,7.3458296321272165e-38,0,0,0
2453,2519,-1.7912409399917992e-21,8.8498298619903056e-22,1,8.8498298619903056e-22,0,0,0
2454,2455,-1.6492830010284015e-22,8.1105599801314246e-23,1,8.1105599801314246e-23,0,0,0
2454,2518,9.0903625748579198e-22,-4.33902091230041e-22,1,-4.33902091230041e-22,0,0,0
2454,2519,0,1.6617630131919604e-39,1,1.6617630131919604e-39,0,0,0
2454,2520,-4.1232075025710037e-23,2.0437811768107931e-23,1,2.0437811768107931e-23,0,0,0
2455,2456,-2.7171005002116706e-24,1.3442847564695388e-24,1,1.3442847564695388e-24,0,0,0
2455,2519,2.1274967593738354e-23,-1.0297846234342719e-23,1,-1.0297846234342719e-23,0,0,0
2455,2520,0,2.6880467481788526e-41,1,2.6880467481788526e-41,0,0,0
2455,2521,-6.7927512505291764e-25,3.3773427475337708e-25,1,3.3773427475337708e-25,0,0,0
2456,2457,-2.8530987272592916e-26,1.4193756549291301e-26,1,1.4193756549291301e-26,0,0,0
2456,2520,3.5645148949417768e-25,-1.7465937133801471e-25,1,-1.7465937133801471e-25,0,0,0
2456,2521,0,2.7695939475031459e-43,1,2.7695939475031459e-43,0,0,0
2456,2522,-7.1327468181482275e-27,3.5566413889536319e-27,1,3.5566413889536319e-27,0,0,0
2457,2458,-1.434741740103118e-28,7.17370870051559e-29,1,7.17370870051559e-29,0,0,0
2457,2521,3.8065755461634958e-27,-1.8853535013304588e-27,1,-1.8853535013304588e-27,0,0,0
2457,2522,0,1.3659492921437263e-45,1,1.3659492921437263e-45,0,0,0
2457,2523,-3.586854350257795e-29,1.7934271751288975e-29,1,1.7934271751288975e-29,0,0,0
2458,2459,0,-0,1,-0,0,0,0
2458,2522,1.9464040240963352e-29,-9.7320201204816762e-30,1,-9.7320201204816762e-30,0,0,0
2458,2523,0,-0,1,-0,0,0,0
2458,2524,0,-0,1,-0,0,0,0
2459,2460,0,-0,1,-0,0,0,0
2459,2523,0,-0,1,-0,0,0,0
2459,2524,0,-0,1,-0,0,0,0
2459,2525,0,-0,1,-0,0,0,0
2460,2461,0,-0,1,-0,0,0,0
2460,2524,0,-0,1,-0,0,0,0
2460,2525,0,-0,1,-0,0,0,0
2460,2526,0,-0,1,-0,0,0,0
2461,2462,0,-0,1,-0,0,0,0
2461,2525,0,-0,1,-0,0,0,0
2461,2526,0,-0,1,-0,0,0,0
2461,2527,0,-0,1,-0,0,0,0
2462,2463,0,-0,1,-0,0,0,0
2462,2526,0,-0,1,-0,0,0,0
2462,2527,0,-0,1,-0,0,0,0
2462,2528,0,-0,1,-0,0,0,0
2463,2464,0,-0,1,-0,0,0,0
2463,2527,0,-0,1,-0,0,0,0
2463,2528,0,-0,1,-0,0,0,0
2463,2529,0,-0,1,-0,0,0,0
2464,2465,0,-0,1,-0,0,0,0
2464,2528,0,-0,1,-0,0,0,0
2464,2529,0,-0,1,-0,0,0,0
2464,2530,0,-0,1,-0,0,0,0
2465,2466,0,-0,1,-0,0,0,0
2465,2529,0,-0,1,-0,0,0,0
2465,2530,0,-0,1,-0,0,0,0
2465,2531,0,-0,1,-0,0,0,0
2466,2467,0,-0,1,-0,0,0,0
2466,2530,0,-0,1,-0,0,0,0
2466,2531,0,-0,1,-0,0,0,0
2466,2532,0,-0,1,-0,0,0,0
2467,2468,0,-0,1,-0,0,0,0
2467,2531,0,-0,1,-0,0,0,0
2467,2532,0,-0,1,-0,0,0,0
2467,2533,0,-0,1,-0,0,0,0
2468,2469,0,-0,1,-0,0,0,0
2468,2532,0,-0,1,-0,0,0,0
2468,2533,0,-0,1,-0,0,0,0
2468,2534,0,-0,1,-0,0,0,0
2469,2533,0,-0,1,-0,0,0,0
2469,2534,0,-0,1,-0,0,0,0
2470,2471,0,-0,1,-0,0,0,0
2470,2535,0,-0,1,-0,0,0,0
2470,2536,0,-0,1,-0,0,0,0
2471,2472,0,-0,1,-0,0,0,0
2471,2535,0,-0,1,-0,0,0,0
2471,2536,0,-0,1,-0,0,0,0
2471,2537,0,-0,1,-0,0,0,0
2472,2473,0,-0,1,-0,0,0,0
2472,2536,0,-0,1,-0,0,0,0
2472,2537,0,-0,1,-0,0,0,0
2472,2538,0,-0,1,-0,0,0,0
2473,2474,0,-0,1,-0,0,0,0
2473,2537,0,-0,1,-0,0,0,0
2473,2538,0,-0,1,-0,0,0,0
2473,2539,0,-0,1,-0,0,0,0
2474,2475,0,-0,1,-0,0,0,0
2474,2538,0,-0,1,-0,0,0,0
2474,2539,0,-0,1,-0,0,0,0
2474,2540,0,-0,1,-0,0,0,0
2475,2476,0,-0,1,-0,0,0,0
2475,2539,0,-0,1,-0,0,0,0
2475,2540,0,-0,1,-0,0,0,0
2475,2541,0,-0,1,-0,0,0,0
2476,2477,0,-0,1,-0,0,0,0
2476,2540,0,-0,1,-0,0,0,0
2476,2541,0,-0,1,-0,0,0,0
2476,2542,0,-0,1,-0,0,0,0
2477,2478,0,-0,1,-0,0,0,0
2477,2541,0,-0,1,-0,0,0,0
2477,2542,0,-0,1,-0,0,0,0
2477,2543,0,-0,1,-0,0,0,0
2478,2479,0,-0,1,-0,0,0,0
2478,2542,0,-0,1,-0,0,0,0
2478,2543,0,-0,1,-0,0,0,0
2478,2544,0,-0,1,-0,0,0,0
2479,2480,0,2.0034873873322112e-59,0,0,0,0,0
2479,2543,0,-0,1,-0,0,0,0
2479,2544,0,-0,1,-0,0,0,0
2479,2545,0,-0,1,-0,0,0,0
2480,2481,4.0069747746643869e-59,1.8046830993606484e-57,2.6126802236997187e-16,4.7150598437446807e-73,0,0,0
2480,2544,0,-5.0087184683305279e-60,0,-0,0,0,0
2480,2545,0,-8.3411918511087037e-76,0,-0,0,0,0
2480,2546,1.0017436936661056e-59,4.1310402369548865e-58,1.0322461406405113e-14,4.2642503414273447e-72,0,0,0
2481,2482,3.5293113108165096e-57,-2.6393532461866752e-42,2.6126802236997187e-16,-6.8957860296695808e-58,0,0,0
2481,2545,0,-4.5617949330849252e-58,0,-0,0,0,0
2481,2546,3.6251767128352444e-90,-6.339387539023869e-75,2.6126802236997187e-16,-1.6562792453576091e-90,0,0,0
2481,2547,9.1235898661698532e-58,-3.7890745359869366e-59,2.6126802236997187e-16,-9.8996401062972567e-75,0,0,0
2482,2483,-5.2787064923734663e-42,-3.019338060150462e-39,0.0056434496219616706,-1.7039482234130609e-41,0,0,0
2482,2546,-7.8429140240366886e-58,6.5983831154666879e-43,1.0322461406405113e-14,6.8111555054080013e-57,0,0,0
2482,2547,0,1.0988515290133488e-58,-0,-0,0,0,0
2482,2548,-1.3196766230933414e-42,-8.2122035340820322e-41,0.0056434496219616706,-4.6345156929887543e-43,0,0,0
2483,2484,-6.0439548267932975e-39,-2.569789847042488e-39,1.3025251571014349e-11,-3.3472159242366889e-50,0,0,0
2483,2547,0,7.5549435334916235e-40,-0,-0,0,0,0
2483,2548,2.2290902347881139e-71,1.1202913258680984e-55,2.1817665167019183e-13,2.4442141037306144e-68,0,0,0
2483,2549,-1.5108705185223362e-39,-2.1349586394845487e-27,1.3025251571014349e-11,-2.7808373372996773e-38,0,0,0
2484,2485,0,2.7775853802044588e-22,0.00023287590364755916,6.4683270537336254e-26,0,0,0
2484,2548,1.6556374730473403e-40,1.3151599414574172e-39,2.1817665167019183e-13,2.8693719243794477e-52,0,0,0
2484,2549,4.9018212650229304e-59,-3.5554203572661496e-43,0.0010238964548894649,-3.6403822994466449e-46,0,0,0
2484,2550,0,6.6523070636945758e-23,0.00023287590364755916,1.5491620187989153e-26,0,0,0
2485,2486,5.5551707604089166e-22,5.8314514934636721e-22,1,5.8314514934636721e-22,0,0,0
2485,2549,4.2699172789639373e-27,-6.9441769463750947e-23,0.0010238964548894649,-7.1101181575186089e-26,0,0,0
2485,2550,3.0116789852300884e-55,-4.8570545388410677e-40,1,-4.8570545388410677e-40,0,0,0
2485,2551,1.3887926901022294e-22,1.3575659569364506e-22,1,1.3575659569364506e-22,0,0,0
2486,2487,1.7218073747336262e-21,6.907657562757512e-23,2.7367063890880776e-16,1.8904230585631061e-38,0,0,0
2486,2550,-1.3304614127389149e-22,-1.4870285120475752e-22,1,-1.4870285120475752e-22,0,0,0
2486,2551,-1.2046715940920354e-54,-1.6702791887834974e-39,1,-1.6702791887834974e-39,0,0,0
2486,2552,4.3045184368340654e-22,1.9330827216062926e-23,1.2455661502105071e-12,2.4077824035895991e-35,0,0,0
2487,2488,1.8600110512423159e-21,-2.197529442536199e-09,2.7367063890880776e-16,-6.0139928655979776e-25,0,0,0
2487,2551,-4.1039246039751306e-22,-2.7298835549840518e-23,2.7367063890880776e-16,-7.4708897663913291e-39,0,0,0
2487,2552,-1.3050608935997049e-54,3.4333924189874518e-40,1.2455661502105071e-12,4.2765173774801409e-52,0,0,0
2487,2553,4.6499013149719406e-22,2.0678306984963142e-24,1.2541677370228717e-16,2.5934065476795462e-40,0,0,0
2488,2489,-4.3950588850699843e-09,-5.2936445565470561e-06,0.0023698859012151927,-1.254533360060542e-08,0,0,0
2488,2552,-4.690750365954554e-22,5.4938236063405181e-10,1.2455661502105071e-12,6.8429207192851633e-22,0,0,0
2488,2553,1.4128537870460187e-41,9.1490541914826871e-26,1.2541677370228717e-16,1.1474448591231461e-41,0,0,0
2488,2554,-1.0987647212676344e-09,5.4184710396258624e-10,0.00018286247639429695,9.9083503257676593e-14,0,0,0
2489,2490,-1.0591684171979183e-05,-6.0870768941101727e-06,1,-6.0870768941101727e-06,0,0,0
2489,2553,-5.2125104446418485e-22,1.3239605214973981e-06,1.2541677370228717e-16,1.6604685711540127e-22,0,0,0
2489,2554,0,2.2048246332685326e-22,0.00018286247639429695,4.0317969245463146e-26,0,0,0
2489,2555,-2.6479210429947953e-06,1.5475396999681029e-07,1,1.5475396999681029e-07,0,0,0
2490,2491,-2.276583796019953e-05,-4.5689958450654696e-06,1,-4.5689958450654696e-06,0,0,0
2490,2554,1.5070513342705191e-11,2.84572220976827e-06,0.00018286247639429695,5.2037581040847685e-10,0,0,0
2490,2555,0,2.791971976153253e-22,1,2.791971976153253e-22,0,0,0
2490,2556,-5.6914594900498833e-06,-2.8395649136792585e-07,1,-2.8395649136792585e-07,0,0,0
2491,2492,-3.1903829650330467e-05,-2.5499829150017247e-06,1,-2.5499829150017247e-06,0,0,0
2491,2555,2.338413103001175e-06,2.8187721547907214e-06,1,2.8187721547907214e-06,0,0,0
2491,2556,5.7870491117404927e-38,1.4293440929154665e-22,1,1.4293440929154665e-22,0,0,0
2491,2557,-7.9759574125826185e-06,-3.2003374387533871e-08,1,-3.2003374387533871e-08,0,0,0
2492,2493,-3.7003795480333918e-05,-8.8252828328361513e-07,1,-8.8252828328361513e-07,0,0,0
2492,2556,6.2593724727857355e-06,1.4957881986488729e-06,1,1.4957881986488729e-06,0,0,0
2492,2557,-7.2338113896756158e-38,1.008347329572275e-22,1,1.008347329572275e-22,0,0,0
2492,2558,-9.2509488700834796e-06,4.8799524548597062e-08,1,4.8799524548597062e-08,0,0,0
2493,2494,-3.8768852046901159e-05,-4.1036573549622877e-07,1,-4.1036573549622877e-07,0,0,0
2493,2557,8.0399641613576834e-06,8.2612442518380117e-07,1,8.2612442518380117e-07,0,0,0
2493,2558,-2.8935245558702463e-38,4.4869374111106309e-23,1,4.4869374111106309e-23,0,0,0
2493,2559,-9.6922130117252881e-06,1.1356985360074973e-07,1,1.1356985360074973e-07,0,0,0
2494,2495,-3.9589583517893614e-05,-2.1433825855215683e-07,1,-2.1433825855215683e-07,0,0,0
2494,2558,9.153349820986286e-06,3.7202302924355807e-07,1,3.7202302924355807e-07,0,0,0
2494,2559,-2.1701434169026848e-38,3.5998085758072231e-23,1,3.5998085758072231e-23,0,0,0
2494,2560,-9.8973958794734019e-06,9.0328950616616115e-08,1,9.0328950616616115e-08,0,0,0
2495,2496,-4.0018260034997924e-05,-2.2921264552314608e-08,0.48296826735305376,-1.1070243426372357e-08,0,0,0
2495,2559,9.4650733045237873e-06,2.6974585211284615e-07,1,2.6974585211284615e-07,0,0,0
2495,2560,-9.4039548065783001e-38,2.3966414728569317e-23,1,2.3966414728569317e-23,0,0,0
2495,2561,-1.0004565008749481e-05,1.8361522391362457e-07,1,1.8361522391362457e-07,0,0,0
2496,2497,-4.0064102564102551e-05,-0,1,-0,0,0,0
2496,2560,9.7167379782401677e-06,1.4964383139273396e-07,0.48296826735305376,7.2273221967821231e-08,0,0,0
2496,2561,-2.5318339863864658e-38,3.1532366726322864e-23,0.48296826735305376,1.5229132523353238e-23,0,0,0
2496,2562,-1.0016025641025638e-05,5.6125061070018275e-07,0.48296826735305376,2.7106623500071056e-07,0,0,0
2497,2498,-4.0064102564102551e-05,7.4390423864548532e-12,0.24836109378687615,1.8475687038268607e-12,0,0,0
2497,2561,9.6373345609222309e-06,1.8934554005170321e-07,0.24836109378687615,4.7026065430907774e-08,0,0,0
2497,2562,-5.7870491117404927e-38,9.3467002587641025e-23,0.24836109378687615,2.321356699564731e-23,0,0,0
2497,2563,-1.0016025641025638e-05,1.3413732032794799e-06,0.24836109378687615,3.331449159428974e-07,0,0,0
2498,2499,-4.0064087686017784e-05,1.7835019360450501e-06,0.23139702942792112,4.1269704997977076e-07,0,0,0
2498,2562,8.8935244196252715e-06,5.6124875093958616e-07,0.23139702942792112,1.2987129373755139e-07,0,0,0
2498,2563,-8.680573667610739e-38,2.2338320252205678e-22,0.23139702942792112,5.1690209487699636e-23,0,0,0
2498,2564,-1.0016021921504444e-05,2.5068587290324098e-06,0.23139702942792112,5.800796630935535e-07,0,0,0
2499,2500,-3.6497083813927681e-05,6.009289623815943e-06,1,6.009289623815943e-06,0,0,0
2499,2563,7.3332792344666775e-06,8.9549585950762076e-07,1,8.9549585950762076e-07,0,0,0
2499,2564,5.7870491117404927e-38,3.4322265779837244e-22,1,3.4322265779837244e-22,0,0,0
2499,2565,-9.1242709534819186e-06,3.2235756607125094e-06,1,3.2235756607125094e-06,0,0,0
2500,2501,-2.4478504566295793e-05,5.6883275100439833e-06,1,5.6883275100439833e-06,0,0,0
2500,2564,5.0023044634396246e-06,5.5866083906716196e-07,1,5.5866083906716196e-07,0,0,0
2500,2565,0,2.8664624919658572e-22,1,2.8664624919658572e-22,0,0,0
2500,2566,-6.1196261415739484e-06,2.4037538960752125e-06,1,2.4037538960752125e-06,0,0,0
2501,2502,-1.3101849546207822e-05,3.5898535184601429e-06,1,3.5898535184601429e-06,0,0,0
2501,2565,2.6771196320568997e-06,2.991713772475283e-07,1,2.991713772475283e-07,0,0,0
2501,2566,0,1.6348123164603723e-22,1,1.6348123164603723e-22,0,0,0
2501,2567,-3.2754623865519563e-06,1.3536681413715279e-06,1,1.3536681413715279e-06,0,0,0
2502,2503,-5.9221425092875384e-06,1.8646426945608823e-06,1,1.8646426945608823e-06,0,0,0
2502,2566,1.3121183494235227e-06,8.4208638949181064e-08,1,8.4208638949181064e-08,0,0,0
2502,2567,1.4467622779351232e-38,7.5973354566853798e-23,1,7.5973354566853798e-23,0,0,0
2502,2568,-1.4805356273218846e-06,6.3339056525377649e-07,1,6.3339056525377649e-07,0,0,0
2503,2504,-2.1928571201657742e-06,7.6205375425444122e-07,1,7.6205375425444122e-07,0,0,0
2503,2567,5.6812610380890031e-07,-9.9559118837283432e-09,1,-9.9559118837283432e-09,0,0,0
2503,2568,0,2.7849371411240877e-23,1,2.7849371411240877e-23,0,0,0
2503,2569,-5.4821428004144355e-07,2.4023734107568428e-07,1,2.4023734107568428e-07,0,0,0
2504,2505,-6.6874961165689186e-07,2.4859707117840966e-07,1,2.4859707117840966e-07,0,0,0
2504,2568,2.1375449681433189e-07,-2.3283546950054447e-08,1,-2.3283546950054447e-08,0,0,0
2504,2569,0,8.2806932164681863e-24,1,8.2806932164681863e-24,0,0,0
2504,2570,-1.6718740291422296e-07,7.4585197444794989e-08,1,7.4585197444794989e-08,0,0,0
2505,2506,-1.7155546930007255e-07,6.6990379357981949e-08,1,6.6990379357981949e-08,0,0,0
2505,2569,6.7739597890074957e-08,-1.2425365282528416e-08,1,-1.2425365282528416e-08,0,0,0
2505,2570,4.5211321185472599e-40,2.0709983145393688e-24,1,2.0709983145393688e-24,0,0,0
2505,2571,-4.2888867325018131e-08,1.9419059053206092e-08,1,1.9419059053206092e-08,0,0,0
2506,2507,-3.7574710584108637e-08,1.5238815092787697e-08,1,1.5238815092787697e-08,0,0,0
2506,2570,1.8017008024633003e-08,-4.3116651893029226e-09,1,-4.3116651893029226e-09,0,0,0
2506,2571,0,4.4488816192854857e-25,1,4.4488816192854857e-25,0,0,0
2506,2572,-9.3936776460271593e-09,4.3084718776752649e-09,1,4.3084718776752649e-09,0,0,0
2507,2508,-7.0970803985332448e-09,2.9669615492918184e-09,1,2.9669615492918184e-09,0,0,0
2507,2571,4.050749218605946e-09,-1.1382395594863174e-09,1,-1.1382395594863174e-09,0,0,0
2507,2572,0,8.3061575031075013e-26,1,8.3061575031075013e-26,0,0,0
2507,2573,-1.7742700996333112e-09,8.2312511828987647e-10,1,8.2312511828987647e-10,0,0,0
2508,2509,-1.1631572999496077e-09,4.986354133341178e-10,1,4.986354133341178e-10,0,0,0
2508,2572,7.7673389067662942e-10,-2.429722828446137e-10,1,-2.429722828446137e-10,0,0,0
2508,2573,0,1.3553280325860066e-26,1,1.3553280325860066e-26,0,0,0
2508,2574,-2.9078932498740191e-10,1.3627519034509034e-10,1,1.3627519034509034e-10,0,0,0
2509,2510,-1.6588647328137201e-10,7.2649615080631259e-11,1,7.2649615080631259e-11,0,0,0
2509,2573,1.2801986305355862e-10,-4.3274122366607809e-11,1,-4.3274122366607809e-11,0,0,0
2509,2574,0,1.9345087218060424e-27,1,1.9345087218060424e-27,0,0,0
2509,2575,-4.1471618320343002e-11,1.9609247157576138e-11,1,1.9609247157576138e-11,0,0,0
2510,2511,-2.0587243120109483e-11,9.1846692625770694e-12,1,9.1846692625770694e-12,0,0,0
2510,2574,1.8238944297221236e-11,-6.5460667585969337e-12,1,-6.5460667585969337e-12,0,0,0
2510,2575,0,2.4094782626077137e-28,1,2.4094782626077137e-28,0,0,0
2510,2576,-5.1468107800273707e-12,2.4526868211062907e-12,1,2.4526868211062907e-12,0,0,0
2511,2512,-2.2179045949553444e-12,1.005712817779542e-12,1,1.005712817779542e-12,0,0,0
2511,2575,2.2531240051907291e-12,-8.4932392822594653e-13,1,-8.4932392822594653e-13,0,0,0
2511,2576,0,2.6065733815032256e-29,1,2.6065733815032256e-29,0,0,0
2511,2577,-5.5447614873883621e-13,2.6604352252844912e-13,1,2.6604352252844912e-13,0,0,0
2512,2513,-2.0647895939626037e-13,9.4987586421807296e-14,1,9.4987586421807296e-14,0,0,0
2512,2576,2.4143713781478887e-13,-9.4908698982861887e-14,1,-9.4908698982861887e-14,0,0,0
2512,2577,0,2.4339393972889009e-30,1,2.4339393972889009e-30,0,0,0
2512,2578,-5.1619739849065092e-14,2.4916054423314244e-14,1,2.4916054423314244e-14,0,0,0
2513,2514,-1.6503786552645767e-14,7.6904138459006365e-15,1,7.6904138459006365e-15,0,0,0
2513,2577,2.2389103681938007e-14,-9.1315785218882832e-15,1,-9.1315785218882832e-15,0,0,0
2513,2578,5.3896094781723736e-47,1.9470388932170456e-31,1,1.9470388932170456e-31,0,0,0
2513,2579,-4.1259466381614419e-15,2.0020080585917455e-15,1,2.0020080585917455e-15,0,0,0
2514,2515,-1.1229588608444947e-15,5.2931241058053771e-16,1,5.2931241058053771e-16,0,0,0
2514,2578,1.7876310024366032e-15,-7.5344564361273982e-16,1,-7.5344564361273982e-16,0,0,0
2514,2579,0,1.3223521796987761e-32,1,1.3223521796987761e-32,0,0,0
2514,2580,-2.8073971521112369e-16,1.3685611287925605e-16,1,1.3685611287925605e-16,0,0,0
2515,2516,-6.4334039683419372e-17,3.0637460340956676e-17,1,3.0637460340956676e-17,0,0,0
2515,2579,1.2193052097795123e-16,-5.2923505528548186e-17,1,-5.2923505528548186e-17,0,0,0
2515,2580,0,7.5406518264902686e-34,1,7.5406518264902686e-34,0,0,0
2515,2581,-1.608350992085484e-17,7.8731143014913592e-18,1,7.8731143014913592e-18,0,0,0
2516,2517,-3.059119001506013e-18,1.4703367890380959e-18,1,1.4703367890380959e-18,0,0,0
2516,2580,7.027489452611585e-18,-3.1313548511175408e-18,1,-3.1313548511175408e-18,0,0,0
2516,2581,0,3.5596395206814607e-35,1,3.5596395206814607e-35,0,0,0
2516,2582,-7.6477975037650325e-19,3.7578101705178023e-19,1,3.7578101705178023e-19,0,0,0
2517,2518,-1.184454234298215e-19,5.7404639199939158e-20,1,5.7404639199939158e-20,0,0,0
2517,2581,3.3728131787212168e-19,-1.5383498100733317e-19,1,-1.5383498100733317e-19,0,0,0
2517,2582,-2.0559728539170737e-52,1.365044709309923e-36,1,1.365044709309923e-36,0,0,0
2517,2583,-2.961135585745538e-20,1.4599877937108148e-20,1,1.4599877937108148e-20,0,0,0
2518,2519,-3.6361450299431679e-21,1.7755225797841074e-21,1,1.7755225797841074e-21,0,0,0
2518,2582,1.3217716272942753e-20,-6.1543400077284814e-21,1,-6.1543400077284814e-21,0,0,0
2518,2583,6.4249151684908553e-54,4.1419890371434072e-38,1,4.1419890371434072e-38,0,0,0
2518,2584,-9.0903625748579198e-22,4.4962444473368582e-22,1,4.4962444473368582e-22,0,0,0
2519,2520,-8.5099870374953418e-23,4.1837032208488352e-23,1,4.1837032208488352e-23,0,0,0
2519,2583,4.1159998323907951e-22,-1.951625078226706e-22,1,-1.951625078226706e-22,0,0,0
2519,2584,0,9.5653481596441345e-40,1,9.5653481596441345e-40,0,0,0
2519,2585,-2.1274967593738354e-23,1.0554085823553322e-23,1,1.0554085823553322e-23,0,0,0
2520,2521,-1.4258059579767107e-24,7.0528982789602849e-25,1,7.0528982789602849e-25,0,0,0
2520,2584,9.7873680184203898e-24,-4.7154582644631058e-24,1,-4.7154582644631058e-24,0,0,0
2520,2585,3.1371656096146754e-57,1.5791996282526977e-41,1,1.5791996282526977e-41,0,0,0
2520,2586,-3.5645148949417768e-25,1.7731922952033593e-25,1,1.7731922952033593e-25,0,0,0
2521,2522,-1.5226302184653983e-26,7.5742230118450655e-27,1,7.5742230118450655e-27,0,0,0
2521,2585,1.6679594663171177e-25,-8.1494685542774141e-26,1,-8.1494685542774141e-26,0,0,0
2521,2586,-2.4509106325114652e-59,1.6599597468727923e-43,1,1.6599597468727923e-43,0,0,0
2521,2587,-3.8065755461634958e-27,1.8985681774466884e-27,1,1.8985681774466884e-27,0,0,0
2522,2523,-7.7856160963853409e-29,3.8928080481926705e-29,1,3.8928080481926705e-29,0,0,0
2522,2586,1.8130304535058088e-27,-8.9678320663242287e-28,1,-8.9678320663242287e-28,0,0,0
2522,2587,0,8.3473636093653614e-46,1,8.3473636093653614e-46,0,0,0
2522,2588,-1.9464040240963352e-29,9.7320201204816762e-30,1,9.7320201204816762e-30,0,0,0
2523,2524,0,-0,1,-0,0,0,0
2523,2587,9.439191270119656e-30,-4.719595635059828e-30,1,-4.719595635059828e-30,0,0,0
2523,2588,0,-0,1,-0,0,0,0
2523,2589,0,-0,1,-0,0,0,0
2524,2525,0,-0,1,-0,0,0,0
2524,2588,0,-0,1,-0,0,0,0
2524,2589,0,-0,1,-0,0,0,0
2524,2590,0,-0,1,-0,0,0,0
2525,2526,0,-0,1,-0,0,0,0
2525,2589,0,-0,1,-0,0,0,0
2525,2590,0,-0,1,-0,0,0,0
2525,2591,0,-0,1,-0,0,0,0
2526,2527,0,-0,1,-0,0,0,0
2526,2590,0,-0,1,-0,0,0,0
2526,2591,0,-0,1,-0,0,0,0
2526,2592,0,-0,1,-0,0,0,0
2527,2528,0,-0,1,-0,0,0,0
2527,2591,0,-0,1,-0,0,0,0
2527,2592,0,-0,1,-0,0,0,0
2527,2593,0,-0,1,-0,0,0,0
2528,2529,0,-0,1,-0,0,0,0
2528,2592,0,-0,1,-0,0,0,0
2528,2593,0,-0,1,-0,0,0,0
2528,2594,0,-0,1,-0,0,0,0
2529,2530,0,-0,1,-0,0,0,0
2529,2593,0,-0,1,-0,0,0,0
2529,2594,0,-0,1,-0,0,0,0
2529,2595,0,-0,1,-0,0,0,0
2530,2531,0,-0,1,-0,0,0,0
2530,2594,0,-0,1,-0,0,0,0
2530,2595,0,-0,1,-0,0,0,0
2530,2596,0,-0,1,-0,0,0,0
2531,2532,0,-0,1,-0,0,0,0
2531,2595,0,-0,1,-0,0,0,0
2531,2596,0,-0,1,-0,0,0,0
2531,2597,0,-0,1,-0,0,0,0
2532,2533,0,-0,1,-0,0,0,0
2532,2596,0,-0,1,-0,0,0,0
2532,2597,0,-0,1,-0,0,0,0
2532,2598,0,-0,1,-0,0,0,0
2533,2534,0,-0,1,-0,0,0,0
2533,2597,0,-0,1,-0,0,0,0
2533,2598,0,-0,1,-0,0,0,0
2533,2599,0,-0,1,-0,0,0,0
2534,2598,0,-0,1,-0,0,0,0
2534,2599,0,-0,1,-0,0,0,0
2535,2536,0,-0,1,-0,0,0,0
2535,2600,0,-0,1,-0,0,0,0
2535,2601,0,-0,1,-0,0,0,0
2536,2537,0,-0,1,-0,0,0,0
2536,2600,0,-0,1,-0,0,0,0
2536,2601,0,-0,1,-0,0,0,0
2536,2602,0,-0,1,-0,0,0,0
2537,2538,0,-0,1,-0,0,0,0
2537,2601,0,-0,1,-0,0,0,0
2537,2602,0,-0,1,-0,0,0,0
2537,2603,0,-0,1,-0,0,0,0
2538,2539,0,-0,1,-0,0,0,0
2538,2602,0,-0,1,-0,0,0,0
2538,2603,0,-0,1,-0,0,0,0
2538,2604,0,-0,1,-0,0,0,0
2539,2540,0,-0,1,-0,0,0,0
2539,2603,0,-0,1,-0,0,0,0
2539,2604,0,-0,1,-0,0,0,0
2539,2605,0,-0,1,-0,0,0,0
2540,2541,0,-0,1,-0,0,0,0
2540,2604,0,-0,1,-0,0,0,0
2540,2605,0,-0,1,-0,0,0,0
2540,2606,0,-0,1,-0,0,0,0
2541,2542,0,-0,1,-0,0,0,0
2541,2605,0,-0,1,-0,0,0,0
2541,2606,0,-0,1,-0,0,0,0
2541,2607,0,-0,1,-0,0,0,0
2542,2543,0,-0,1,-0,0,0,0
2542,2606,0,-0,1,-0,0,0,0
2542,2607,0,-0,1,-0,0,0,0
2542,2608,0,-0,1,-0,0,0,0
2543,2544,0,-0,1,-0,0,0,0
2543,2607,0,-0,1,-0,0,0,0
2543,2608,0,-0,1,-0,0,0,0
2543,2609,0,-0,1,-0,0,0,0
2544,2545,0,-0,1,-0,0,0,0
2544,2608,0,-0,1,-0,0,0,0
2544,2609,0,-0,1,-0,0,0,0
2544,2610,0,-0,1,-0,0,0,0
2545,2546,0,1.6724509686552765e-57,0,0,0,0,0
2545,2609,0,-0,1,-0,0,0,0
2545,2610,0,-0,1,-0,0,0,0
2545,2611,0,4.0953246015461647e-58,0,0,0,0,0
2546,2547,3.3449019373105536e-57,7.0402313921614071e-61,-0,-0,0,0,0
2546,2610,0,-4.1811274216381913e-58,0,-0,0,0,0
2546,2611,-1.8125883564176222e-90,-1.4289039966590735e-75,1.0322461406405113e-14,-1.4749806358971307e-89,0,0,0
2546,2612,8.3622548432763841e-58,1.7600578480403518e-61,1,1.7600578480403518e-61,0,0,0
2547,2548,0,-3.3112749460946797e-40,-0,0,0,0,0
2547,2611,-8.1906492030923295e-58,-8.7562877940067173e-60,-0,0,0,0,0
2547,2612,0,-0,1,-0,0,0,0
2547,2613,7.8429140240366886e-58,-4.452725499998637e-43,-0,0,0,0,0
2548,2549,-6.6050914544401373e-40,-8.5398345579408865e-27,2.1817665167019183e-13,-1.8631925096689354e-39,0,0,0
2548,2612,0,8.2781873652366992e-41,1,8.2781873652366992e-41,0,0,0
2548,2613,0,1.371179854698376e-56,0.00056176850448502237,7.7028565635389693e-60,0,0,0
2548,2614,-1.6601031997790719e-40,-5.416071269470075e-27,2.1817665167019183e-13,-1.1816602947801062e-39,0,0,0
2549,2550,-1.707966911591362e-26,2.6610082238234099e-22,0.0010238964548894649,2.7245968868045013e-25,0,0,0
2549,2613,8.830336169037617e-43,2.1349586394853038e-27,0.00056176850448502237,1.1993525220410372e-30,0,0,0
2549,2614,0,-5.4641501822963824e-43,0.0045032592593415438,-2.4606484902858968e-45,0,0,0
2549,2615,-4.2699172789706083e-27,-6.5221432295648007e-27,0.0014518090935331633,-9.468906850007931e-30,0,0,0
2550,2551,5.3218456509556606e-22,5.5469263824724314e-22,1,5.5469263824724314e-22,0,0,0
2550,2614,1.0832142538943317e-26,-6.6528486708215229e-23,0.0045032592593415438,-2.9959502377875105e-25,0,0,0
2550,2615,0,-1.1079758400558667e-38,0.0014518090935331633,-1.6085694000081528e-41,0,0,0
2550,2616,1.3304614127389152e-22,-3.720884303673844e-23,1,-3.720884303673844e-23,0,0,0
2551,2552,1.6415698415900524e-21,1.1744207543603863e-22,1.2455661502105071e-12,1.4628187377359859e-34,0,0,0
2551,2615,1.7314203738083641e-26,-2.0520488730062557e-22,0.0014518090935331633,-2.9791832142049613e-25,0,0,0
2551,2616,0,-2.9290237335313656e-38,1,-2.9290237335313656e-38,0,0,0
2551,2617,4.1039246039751306e-22,-2.5501918872814814e-23,1,-2.5501918872814814e-23,0,0,0
2552,2553,1.8764539924621295e-21,2.4589557308688735e-26,1.2541677370228717e-16,3.0839429444232365e-42,0,0,0
2552,2616,-5.8628455200414648e-23,-2.0524252145755889e-22,1.2455661502105071e-12,-2.5564313731138901e-34,0,0,0
2552,2617,-3.2124575842454276e-54,-9.136431233540326e-39,1.2455661502105071e-12,-1.1380029478223857e-50,0,0,0
2552,2618,4.6911349811553237e-22,6.1473893271721836e-27,1.1535216012349319e-10,7.0911463800941885e-37,0,0,0
2553,2554,1.8765029647050919e-21,-3.014102668586212e-11,1.2541677370228717e-16,-3.7801903230153681e-27,0,0,0
2553,2617,-3.5938862265188344e-22,-5.4868585121151642e-23,1.2541677370228717e-16,-6.8814409235041565e-39,0,0,0
2553,2618,0,-0,1,-0,0,0,0
2553,2619,4.6912579289418665e-22,7.3473917285133419e-29,4.3890285412284359e-16,3.2247912000030787e-44,0,0,0
2554,2555,-6.0282053369778259e-11,-4.676796064975665e-06,0.00018286247639429695,-8.5521051003255337e-10,0,0,0
2554,2618,-4.6912574117627297e-22,7.53525667146553e-12,1.1535216012349319e-10,8.692081341385121e-22,0,0,0
2554,2619,0,1.2548723179682032e-27,4.3890285412284359e-16,5.5076704191599286e-43,0,0,0
2554,2620,-1.5070513342461932e-11,7.53525667146553e-12,4.8153316082470386e-06,3.6284759626362338e-17,0,0,0
2555,2556,-9.3536524120046998e-06,-7.8419187395691178e-06,1,-7.8419187395691178e-06,0,0,0
2555,2619,-5.2125104446418485e-22,1.1692065515005877e-06,4.3890285412284359e-16,5.1316809251273544e-22,0,0,0
2555,2620,-2.8935245558702463e-38,1.947120051027798e-22,4.8153316082470386e-06,9.3760287267657423e-28,0,0,0
2555,2621,-2.338413103001175e-06,1.1692065515005877e-06,0.44974234685941111,5.2584169843527326e-07,0,0,0
2556,2557,-2.5037489891142939e-05,-3.5611833771439016e-06,1,-3.5611833771439016e-06,0,0,0
2556,2620,0,3.1296862363928673e-06,4.8153316082470386e-06,1.5070477057998289e-11,0,0,0
2556,2621,5.7870491117404927e-38,5.2119745792437199e-22,0.44974234685941111,2.3440456790406624e-22,0,0,0
2556,2622,-6.2593724727857347e-06,3.1271207512318355e-06,0.82501806942335454,2.5799311250349992e-06,0,0,0
2557,2558,-3.215985664543074e-05,-2.2267713192572014e-06,1,-2.2267713192572014e-06,0,0,0
2557,2621,0,4.0199820806788425e-06,0.44974234685941111,1.8079561752972813e-06,0,0,0
2557,2622,0,6.6903426057826277e-22,0.82501806942335454,5.5196535404035982e-22,0,0,0
2557,2623,-8.0399641613576851e-06,4.0199820806788434e-06,0.91985278579659546,3.6977917157648281e-06,0,0,0
2558,2559,-3.6613399283945144e-05,-6.2344696707500439e-07,1,-6.2344696707500439e-07,0,0,0
2558,2622,5.1309703220634673e-09,4.5741094253321112e-06,0.82501806942335454,3.7737229274186679e-06,0,0,0
2558,2623,0,7.6216947927806514e-22,0.91985278579659546,7.0108371876306875e-22,0,0,0
2558,2624,-9.1533498209862843e-06,4.5766695213904945e-06,0.88957121586171473,4.0712734707405939e-06,0,0,0
2559,2560,-3.7860293218095149e-05,-5.0332934743276328e-07,1,-5.0332934743276328e-07,0,0,0
2559,2623,-1.0425020889283697e-21,4.7325366522618945e-06,0.91985278579659546,4.3532370234675972e-06,0,0,0
2559,2624,0,7.8812477596766599e-22,0.88957121586171473,7.0109311520829813e-22,0,0,0
2559,2625,-9.4650733045237873e-06,4.5182447982505874e-06,1,4.5182447982505874e-06,0,0,0
2560,2561,-3.8866951912960684e-05,1.5880683463587704e-07,1,1.5880683463587704e-07,0,0,0
2560,2624,1.0778205295166968e-11,4.8583636000174362e-06,0.88957121586171473,4.3218604147658083e-06,0,0,0
2560,2625,0,7.7339420452995019e-22,1,7.7339420452995019e-22,0,0,0
2560,2626,-9.7167379782401677e-06,4.0181092152001647e-06,1,4.0181092152001647e-06,0,0,0
2561,2562,-3.8549338243688924e-05,1.4876202825939182e-06,1,1.4876202825939182e-06,0,0,0
2561,2625,4.2858370802261382e-07,4.6043754264498083e-06,1,4.6043754264498083e-06,0,0,0
2561,2626,1.1574098223480985e-37,6.6253794226553931e-22,1,6.6253794226553931e-22,0,0,0
2561,2627,-9.6373345609222309e-06,3.5386514012304437e-06,1,3.5386514012304437e-06,0,0,0
2562,2563,-3.5574097678501086e-05,3.1204903703171889e-06,1,3.1204903703171889e-06,0,0,0
2562,2626,1.6805195478398392e-06,3.6065024358927166e-06,1,3.6065024358927166e-06,0,0,0
2562,2627,1.1574098223480985e-37,5.2736920340389877e-22,1,5.2736920340389877e-22,0,0,0
2562,2628,-8.8935244196252715e-06,3.1550881610678594e-06,1,3.1550881610678594e-06,0,0,0
2563,2564,-2.933311693786671e-05,4.6619495420541065e-06,1,4.6619495420541065e-06,0,0,0
2563,2627,2.560031758461344e-06,2.386623738002667e-06,1,2.386623738002667e-06,0,0,0
2563,2628,5.7870491117404927e-38,3.9551121852419661e-22,1,3.9551121852419661e-22,0,0,0
2563,2629,-7.3332792344666775e-06,2.7422634471963118e-06,1,2.7422634471963118e-06,0,0,0
2564,2565,-2.0009217853758495e-05,4.6503696627654483e-06,1,4.6503696627654483e-06,0,0,0
2564,2628,2.5833480974895526e-06,1.2094781829750358e-06,1,1.2094781829750358e-06,0,0,0
2564,2629,0,2.6258596325370073e-22,1,2.6258596325370073e-22,0,0,0
2564,2630,-5.0023044634396238e-06,1.9945421434580104e-06,1,1.9945421434580104e-06,0,0,0
2565,2566,-1.0708478528227599e-05,2.730002565266754e-06,1,2.730002565266754e-06,0,0,0
2565,2629,1.8487523400740541e-06,4.1418364599142269e-07,1,4.1418364599142269e-07,0,0,0
2565,2630,-2.8935245558702463e-38,1.3854746146457463e-22,1,1.3854746146457463e-22,0,0,0
2565,2631,-2.6771196320568997e-06,1.1069098399237305e-06,1,1.1069098399237305e-06,0,0,0
2566,2567,-5.2484733976940907e-06,1.4879844912292445e-06,1,1.4879844912292445e-06,0,0,0
2566,2630,1.0132201765236036e-06,1.4944908644995954e-07,1,1.4944908644995954e-07,0,0,0
2566,2631,0,7.0678329623437354e-23,1,7.0678329623437354e-23,0,0,0
2566,2632,-1.3121183494235227e-06,5.6157754387699241e-07,1,5.6157754387699241e-07,0,0,0
2567,2568,-2.2725044152356012e-06,7.0874321398913674e-07,1,7.0874321398913674e-07,0,0,0
2567,2631,4.6329995220943897e-07,5.2413075799730678e-08,1,5.2413075799730678e-08,0,0,0
2567,2632,-3.6169056948378079e-39,3.157164880690755e-23,1,3.157164880690755e-23,0,0,0
2567,2633,-5.681261038089002e-07,2.4942260478137814e-07,1,2.4942260478137814e-07,0,0,0
2568,2569,-8.5501798725732744e-07,2.9202979784851378e-07,1,2.9202979784851378e-07,0,0,0
2568,2632,1.8896326166953774e-07,1.2395617572397045e-08,1,1.2395617572397045e-08,0,0,0
2568,2633,-1.808452847418904e-39,1.2029844001630981e-23,1,1.2029844001630981e-23,0,0,0
2568,2634,-2.1375449681433186e-07,9.570069494700624e-08,1,9.570069494700624e-08,0,0,0
2569,2570,-2.7095839156029983e-07,9.9445179730883914e-08,1,9.9445179730883914e-08,0,0,0
2569,2633,6.9280894246143985e-08,-7.7064817803451379e-10,1,-7.7064817803451379e-10,0,0,0
2569,2634,0,3.779184546117332e-24,1,3.779184546117332e-24,0,0,0
2569,2635,-6.773959789007497e-08,3.0777222711883649e-08,1,3.0777222711883649e-08,0,0,0
2570,2571,-7.2068032098532012e-08,2.7932517612054114e-08,1,2.7932517612054114e-08,0,0,0
2570,2634,2.2353106920319378e-08,-2.1680494478431861e-09,1,-2.1680494478431861e-09,0,0,0
2570,2635,1.130283029636815e-40,9.8519988486689417e-25,1,9.8519988486689417e-25,0,0,0
2570,2636,-1.8017008024633006e-08,8.2823354762200186e-09,1,8.2823354762200186e-09,0,0,0
2571,2572,-1.6202996874423784e-08,6.5480306558586332e-09,1,6.5480306558586332e-09,0,0,0
2571,2635,6.1851524663076766e-09,-1.0672016238508649e-09,1,-1.0672016238508649e-09,0,0,0
2571,2636,0,2.1636127443100217e-25,1,2.1636127443100217e-25,0,0,0
2571,2637,-4.050749218605946e-09,1.880700095348533e-09,1,1.880700095348533e-09,0,0,0
2572,2573,-3.1069355627065177e-09,1.2974280552461415e-09,1,1.2974280552461415e-09,0,0,0
2572,2636,1.4523370721929687e-09,-3.3780159075816967e-10,1,-3.3780159075816967e-10,0,0,0
2572,2637,0,4.0582942237389603e-26,1,4.0582942237389603e-26,0,0,0
2572,2638,-7.7673389067662942e-10,3.6381044554072623e-10,1,3.6381044554072623e-10,0,0,0
2573,2574,-5.1207945221423448e-10,2.1956183751267479e-10,1,2.1956183751267479e-10,0,0,0
2573,2637,2.8934902790887987e-10,-8.0664582427660614e-11,1,-8.0664582427660614e-11,0,0,0
2573,2638,0,6.5703162459336621e-27,1,6.5703162459336621e-27,0,0,0
2573,2639,-1.2801986305355862e-10,6.0441244326136437e-11,1,6.0441244326136437e-11,0,0,0
2574,2575,-7.2955777188884946e-11,3.1971640584061016e-11,1,3.1971640584061016e-11,0,0,0
2574,2638,4.9112999595176902e-11,-1.543702764897783e-11,1,-1.543702764897783e-11,0,0,0
2574,2639,0,9.2439138809648098e-28,1,9.2439138809648098e-28,0,0,0
2574,2640,-1.8238944297221236e-11,8.6736061353264881e-12,1,8.6736061353264881e-12,0,0,0
2575,2576,-9.0124960207629163e-12,4.0233737347518804e-12,1,4.0233737347518804e-12,0,0,0
2575,2639,7.1373744012857566e-12,-2.4421251980475127e-12,1,-2.4421251980475127e-12,0,0,0
2575,2640,1.3797400264121277e-44,1.1335865401549972e-28,1,1.1335865401549972e-28,0,0,0
2575,2641,-2.2531240051907291e-12,1.0785565736832493e-12,1,1.0785565736832493e-12,0,0,0
2576,2577,-9.6574855125915546e-13,4.3809606826570173e-13,1,4.3809606826570173e-13,0,0,0
2576,2640,8.9173202656826168e-13,-3.2514744437673635e-13,1,-3.2514744437673635e-13,0,0,0
2576,2641,0,1.2109170332332707e-29,1,1.2109170332332707e-29,0,0,0
2576,2642,-2.4143713781478887e-13,1.1626400017749081e-13,1,1.1626400017749081e-13,0,0,0
2577,2578,-8.955641472775203e-14,4.1202945359002808e-14,1,4.1202945359002808e-14,0,0,0
2577,2641,9.6010857824230427e-14,-3.6810877071146207e-14,1,-3.6810877071146207e-14,0,0,0
2577,2642,0,1.1224326653234231e-30,1,1.1224326653234231e-30,0,0,0
2577,2643,-2.2389103681938007e-14,1.0839245794819138e-14,1,1.0839245794819138e-14,0,0,0
2578,2579,-7.1505240097464129e-15,3.3314009629173041e-15,1,3.3314009629173041e-15,0,0,0
2578,2642,8.9091374598072378e-15,-3.5607532286853179e-15,1,-3.5607532286853179e-15,0,0,0
2578,2643,-1.3474023695430934e-47,8.9679839399298703e-32,1,8.9679839399298703e-32,0,0,0
2578,2644,-1.7876310024366032e-15,8.695957779052653e-16,1,8.695957779052653e-16,0,0,0
2579,2580,-4.8772208391180492e-16,2.2980606305067924e-16,1,2.2980606305067924e-16,0,0,0
2579,2643,7.1061209229973015e-16,-2.943407856608895e-16,1,-2.943407856608895e-16,0,0,0
2579,2644,0,6.1193612137421243e-33,1,6.1193612137421243e-33,0,0,0
2579,2645,-1.2193052097795123e-16,5.9567532777026491e-17,1,5.9567532777026491e-17,0,0,0
2580,2581,-2.810995781044634e-17,1.3380416269478927e-17,1,1.3380416269478927e-17,0,0,0
2580,2644,4.8439446626072586e-17,-2.0705978586730501e-17,1,-2.0705978586730501e-17,0,0,0
2580,2645,0,3.5238762147560519e-34,1,3.5238762147560519e-34,0,0,0
2580,2646,-7.027489452611585e-18,3.4463849488083769e-18,1,3.4463849488083769e-18,0,0,0
2581,2582,-1.3491252714884867e-18,6.4812720319835788e-19,1,6.4812720319835788e-19,0,0,0
2581,2645,2.7954554238982257e-18,-1.2290870530130518e-18,1,-1.2290870530130518e-18,0,0,0
2581,2646,-3.2895565662673179e-51,1.6866654979127143e-35,1,1.6866654979127143e-35,0,0,0
2581,2647,-3.3728131787212168e-19,1.6598167138188217e-19,1,1.6598167138188217e-19,0,0,0
2582,2583,-5.2870865091771013e-20,2.5612232579407348e-20,1,2.5612232579407348e-20,0,0,0
2582,2646,1.3471955499483185e-19,-6.0750919360944557e-20,1,-6.0750919360944557e-20,0,0,0
2582,2647,0,6.5778558971263917e-37,1,6.5778558971263917e-37,0,0,0
2582,2648,-1.3217716272942753e-20,6.5251987279486195e-21,1,6.5251987279486195e-21,0,0,0
2583,2584,-1.646399932956318e-21,8.0362523044131825e-22,1,8.0362523044131825e-22,0,0,0
2583,2647,5.3179751083573604e-21,-2.4531875625591407e-21,1,-2.4531875625591407e-21,0,0,0
2583,2648,-3.2124575842454276e-54,2.0340493139278449e-38,1,2.0340493139278449e-38,0,0,0
2583,2649,-4.1159998323907951e-22,2.0378460268818265e-22,1,2.0378460268818265e-22,0,0,0
2584,2585,-3.9149472073681559e-23,1.9241144143577356e-23,1,1.9241144143577356e-23,0,0,0
2584,2648,1.6731881704551553e-22,-7.8765724513547572e-23,1,-7.8765724513547572e-23,0,0,0
2584,2649,0,4.7933242006465596e-40,1,4.7933242006465596e-40,0,0,0
2584,2650,-9.7873680184203898e-24,4.8588106936644047e-24,1,4.8588106936644047e-24,0,0,0
2585,2586,-6.6718378652684707e-25,3.299658323564119e-25,1,3.299658323564119e-25,0,0,0
2585,2649,4.0307778627143057e-24,-1.9319909580412968e-24,1,-1.9319909580412968e-24,0,0,0
2585,2650,-1.5685828048073377e-57,8.0809788477575804e-42,1,8.0809788477575804e-42,0,0,0
2585,2651,-1.6679594663171177e-25,8.301244094428729e-26,1,8.301244094428729e-26,0,0,0
2586,2587,-7.2521218140232352e-27,3.6071825244713788e-27,1,3.6071825244713788e-27,0,0,0
2586,2650,6.9746631091578746e-26,-3.3966800319036474e-26,1,-3.3966800319036474e-26,0,0,0
2586,2651,0,8.6761074189086044e-44,1,8.6761074189086044e-44,0,0,0
2586,2652,-1.8130304535058088e-27,9.0447134465951556e-28,1,9.0447134465951556e-28,0,0,0
2587,2588,-3.7756765080478624e-29,1.8878382540239312e-29,1,1.8878382540239312e-29,0,0,0
2587,2651,7.7106474313719116e-28,-3.8081277593353573e-28,1,-3.8081277593353573e-28,0,0,0
2587,2652,0,4.4559581718966028e-46,1,4.4559581718966028e-46,0,0,0
2587,2653,-9.439191270119656e-30,4.719595635059828e-30,1,4.719595635059828e-30,0,0,0
2588,2589,0,-0,1,-0,0,0,0
2588,2652,4.0877641867777758e-30,-2.0438820933888879e-30,1,-2.0438820933888879e-30,0,0,0
2588,2653,0,-0,1,-0,0,0,0
2588,2654,0,-0,1,-0,0,0,0
2589,2590,0,-0,1,-0,0,0,0
2589,2653,0,-0,1,-0,0,0,0
2589,2654,0,-0,1,-0,0,0,0
2589,2655,0,-0,1,-0,0,0,0
2590,2591,0,-0,1,-0,0,0,0
2590,2654,0,-0,1,-0,0,0,0
2590,2655,0,-0,1,-0,0,0,0
2590,2656,0,-0,1,-0,0,0,0
2591,2592,0,-0,1,-0,0,0,0
2591,2655,0,-0,1,-0,0,0,0
2591,2656,0,-0,1,-0,0,0,0
2591,2657,0,-0,1,-0,0,0,0
2592,2593,0,-0,1,-0,0,0,0
2592,2656,0,-0,1,-0,0,0,0
2592,2657,0,-0,1,-0,0,0,0
2592,2658,0,-0,1,-0,0,0,0
2593,2594,0,-0,1,-0,0,0,0
2593,2657,0,-0,1,-0,0,0,0
2593,2658,0,-0,1,-0,0,0,0
2593,2659,0,-0,1,-0,0,0,0
2594,2595,0,-0,1,-0,0,0,0
2594,2658,0,-0,1,-0,0,0,0
2594,2659,0,-0,1,-0,0,0,0
2594,2660,0,-0,1,-0,0,0,0
2595,2596,0,-0,1,-0,0,0,0
2595,2659,0,-0,1,-0,0,0,0
2595,2660,0,-0,1,-0,0,0,0
2595,2661,0,-0,1,-0,0,0,0
2596,2597,0,-0,1,-0,0,0,0
2596,2660,0,-0,1,-0,0,0,0
2596,2661,0,-0,1,-0,0,0,0
2596,2662,0,-0,1,-0,0,0,0
2597,2598,0,-0,1,-0,0,0,0
2597,2661,0,-0,1,-0,0,0,0
2597,2662,0,-0,1,-0,0,0,0
2597,2663,0,-0,1,-0,0,0,0
2598,2599,0,-0,1,-0,0,0,0
2598,2662,0,-0,1,-0,0,0,0
2598,2663,0,-0,1,-0,0,0,0
2598,2664,0,-0,1,-0,0,0,0
2599,2663,0,-0,1,-0,0,0,0
2599,2664,0,-0,1,-0,0,0,0
2600,2601,0,-0,1,-0,0,0,0
2600,2665,0,-0,1,-0,0,0,0
2600,2666,0,-0,1,-0,0,0,0
2601,2602,0,-0,1,-0,0,0,0
2601,2665,0,-0,1,-0,0,0,0
2601,2666,0,-0,1,-0,0,0,0
2601,2667,0,-0,1,-0,0,0,0
2602,2603,0,-0,1,-0,0,0,0
2602,2666,0,-0,1,-0,0,0,0
2602,2667,0,-0,1,-0,0,0,0
2602,2668,0,-0,1,-0,0,0,0
2603,2604,0,-0,1,-0,0,0,0
2603,2667,0,-0,1,-0,0,0,0
2603,2668,0,-0,1,-0,0,0,0
2603,2669,0,-0,1,-0,0,0,0
2604,2605,0,-0,1,-0,0,0,0
2604,2668,0,-0,1,-0,0,0,0
2604,2669,0,-0,1,-0,0,0,0
2604,2670,0,-0,1,-0,0,0,0
2605,2606,0,-0,1,-0,0,0,0
2605,2669,0,-0,1,-0,0,0,0
2605,2670,0,-0,1,-0,0,0,0
2605,2671,0,-0,1,-0,0,0,0
2606,2607,0,-0,1,-0,0,0,0
2606,2670,0,-0,1,-0,0,0,0
2606,2671,0,-0,1,-0,0,0,0
2606,2672,0,-0,1,-0,0,0,0
2607,2608,0,-0,1,-0,0,0,0
2607,2671,0,-0,1,-0,0,0,0
2607,2672,0,-0,1,-0,0,0,0
2607,2673,0,-0,1,-0,0,0,0
2608,2609,0,-0,1,-0,0,0,0
2608,2672,0,-0,1,-0,0,0,0
2608,2673,0,-0,1,-0,0,0,0
2608,2674,0,-0,1,-0,0,0,0
2609,2610,0,-0,1,-0,0,0,0
2609,2673,0,-0,1,-0,0,0,0
2609,2674,0,-0,1,-0,0,0,0
2609,2675,0,-0,1,-0,0,0,0
2610,2611,0,1.6381298406184659e-57,0,0,0,0,0
2610,2674,0,-0,1,-0,0,0,0
2610,2675,0,-0,1,-0,0,0,0
2610,2676,0,1.8813509863350414e-61,0,0,0,0,0
2611,2612,3.2762596812369318e-57,3.5025151176026869e-59,1,3.5025151176026869e-59,0,0,0
2611,2675,0,-4.0953246015461647e-58,0,-0,0,0,0
2611,2676,0,-6.8169524201519537e-74,0.015836657453277225,-1.0795774035323566e-75,0,0,0
2611,2677,8.1906492030923295e-58,-4.0563322738033487e-58,1.3981998916105635e-11,-5.6715633455682726e-69,0,0,0
2612,2613,3.1371656096146754e-57,-1.7810901999994548e-42,1,-1.7810901999994548e-42,0,0,0
2612,2676,-3.7627019726699247e-61,-4.1810061284998973e-58,0.015836657453277225,-6.6213161867105659e-60,0,0,0
2612,2677,0,-6.9009717136471488e-74,1.3981998916105635e-11,-9.6489379020290081e-85,0,0,0
2612,2678,0,3.1050939295652546e-31,1.2996760909960358e-08,4.0356163405528905e-39,0,0,0
2613,2614,-3.5321344676150468e-42,-2.1664285077880633e-26,0.00056176850448502237,-1.2170313028938189e-29,0,0,0
2613,2677,0,4.452725499998633e-43,1,4.452725499998633e-43,0,0,0
2613,2678,5.9836685364049443e-63,5.1710201613481423e-47,0.00049501001167107789,2.5597067504203228e-50,0,0,0
2613,2679,-8.830336169037617e-43,-3.1466117120400575e-27,0.00056176850448502237,-1.767667355667799e-30,0,0,0
2614,2615,-4.3328570155761272e-26,-1.2964122398319788e-26,0.0014518090935331633,-1.8821430787557629e-29,0,0,0
2614,2678,-6.2101878591315706e-31,5.416381778863115e-27,0.00049501001167107789,2.6811632075700441e-30,0,0,0
2614,2679,0,3.7794093811717742e-43,0.0045032592593415438,1.7019660290604087e-45,0,0,0
2614,2680,-1.0832142538940316e-26,-4.8153413079627828e-27,0.014582994388574142,-7.0222095273090525e-29,0,0,0
2615,2616,-6.9256814952392433e-26,1.172915388083055e-22,0.0014518090935331633,1.7028492263639585e-25,0,0,0
2615,2679,6.2932234240801171e-27,5.5104901570100469e-27,0.0014518090935331633,8.0001797197721754e-30,0,0,0
2615,2680,-4.9018212650229304e-59,-2.6217539945408493e-43,0.014582994388574142,-3.8233023790611045e-45,0,0,0
2615,2681,-1.7314203738100215e-26,-8.5794056000919996e-27,0.0024192668103496253,-2.0755871220830286e-29,0,0,0
2616,2617,2.3451382080165869e-22,6.0152033490293751e-22,1,6.0152033490293751e-22,0,0,0
2616,2680,2.0462825154864061e-26,-2.9324459012784758e-23,0.014582994388574142,-4.2763842123141257e-25,0,0,0
2616,2681,0,-4.8846700197463196e-39,0.0024192668103496253,-1.181732005828212e-41,0,0,0
2616,2682,5.862845520041466e-23,-9.8731453142615498e-24,1,-9.8731453142615498e-24,0,0,0
2617,2618,1.4375544906075337e-21,2.1947434048460657e-22,1.1535216012349319e-10,2.5316839266578403e-32,0,0,0
2617,2681,3.4473014938282661e-26,-1.7971154783341085e-22,0.0024192668103496253,-4.3477018310993003e-25,0,0,0
2617,2682,0,-2.6687523697609854e-38,1,-2.6687523697609854e-38,0,0,0
2617,2683,3.5938862265188348e-22,-1.7565246583874027e-22,0.83521437446692348,-1.4670746437907609e-22,0,0,0
2618,2619,1.8765031715767466e-21,2.9389566914053368e-28,4.3890285412284359e-16,1.2899164800012315e-43,0,0,0
2618,2682,-3.8882164571891542e-23,-2.1512181416114761e-22,1.1535216012349319e-10,-2.4814765953173047e-32,0,0,0
2618,2683,0,-3.8389466765469172e-38,1.1535216012349319e-10,-4.4283079173859205e-48,0,0,0
2618,2684,4.6912579289418674e-22,-1.4799151401164599e-22,1.1535216012349319e-10,-1.7071140821189576e-32,0,0,0
2619,2620,1.8765037593680849e-21,3.5148974573058118e-31,4.8153316082470386e-06,1.6925396825911822e-36,0,0,0
2619,2683,-8.0836909744029097e-24,-2.3052112443380918e-22,4.3890285412284359e-16,-1.0117637944960602e-37,0,0,0
2619,2684,-3.2124575842454276e-54,-2.4645550181595087e-38,4.3890285412284359e-16,-1.081700231612985e-53,0,0,0
2619,2685,4.6912593984202131e-22,-1.0505546663016868e-22,4.3890285412284359e-16,-4.6109144145188185e-38,0,0,0
2620,2621,1.8765037600710647e-21,-0,1,-0,0,0,0
2620,2684,-1.7314276487089473e-22,-1.4799158757343571e-22,4.8153316082470386e-06,-7.1262856939702463e-28,0,0,0
2620,2685,0,-1.7495249701966667e-38,4.8153316082470386e-06,-8.4245428884054677e-44,0,0,0
2620,2686,4.6912594001776618e-22,-3.4243898610539065e-34,4.8153316082470386e-06,-1.6489572736893562e-39,0,0,0
2621,2622,1.8773182148280409e-21,-1.0261940644128495e-08,0.44974234685941111,-4.615229268622326e-09,0,0,0
2621,2685,-2.5901500658168396e-22,-1.0505546671804111e-22,0.44974234685941111,-4.7247892152182564e-23,0,0,0
2621,2686,0,-5.7027547035524833e-50,0.44974234685941111,-2.5647702839392393e-50,0,0,0
2621,2687,4.6912594001776609e-22,4.2597853746442618e-23,1.3012536499687754e-13,5.5430612668394527e-36,0,0,0
2622,2623,-2.052388128825511e-08,1.0261940644128667e-08,0.91985278579659546,9.4394746891810634e-09,0,0,0
2622,2686,-4.6932955370701024e-22,2.5654851610321237e-09,1.3085237282597634e-12,3.3569982077088538e-21,0,0,0
2622,2687,5.6514151481840749e-41,4.2723910426681338e-25,1.3012536499687754e-13,5.5594644383658117e-38,0,0,0
2622,2688,-5.1309703220637775e-09,6.981834818592016e-10,1,6.981834818592016e-10,0,0,0
2623,2624,2.2240063122344603e-21,-2.1556410592418932e-11,0.91985278579659546,-1.9828724335211794e-11,0,0,0
2623,2687,-5.5432164751065139e-22,-8.3973329223943388e-25,0.91985278579659546,-7.7243100819258984e-25,0,0,0
2623,2688,0,-3.1096819772085661e-25,0.91985278579659546,-2.8604496296767647e-25,0,0,0
2623,2689,5.5600111409513029e-22,-2.0361368924382213e-24,0.91985278579659546,-1.8729461927725207e-24,0,0,0
2624,2625,-4.3112821182492251e-11,-8.5714585963463799e-07,0.88957121586171473,-7.624922845260196e-07,0,0,0
2624,2688,3.7346033583453749e-09,-1.8619125765248605e-09,0.88957121586171473,-1.6563038345274381e-09,0,0,0
2624,2689,0,8.9746587629880277e-28,0.067361790269638705,6.0454908133397468e-29,0,0,0
2624,2690,-1.0778205295653463e-11,5.3891026480005163e-12,0.00016534621268802596,8.9106771263389723e-16,0,0,0
2625,2626,-1.7143348320904582e-06,-2.503871679634449e-06,1,-2.503871679634449e-06,0,0,0
2625,2689,-5.5382923474319638e-22,2.1429185401130762e-07,0.067361790269638705,1.4435082926401739e-08,0,0,0
2625,2690,0,3.5686762546944962e-23,0.00016534621268802596,5.9006710302342408e-27,0,0,0
2625,2691,-4.2858370802261472e-07,2.1429185401127112e-07,0.24924917406876496,5.3412067621973686e-08,0,0,0
2626,2627,-6.7220781913593569e-06,-1.7590244212430095e-06,1,-1.7590244212430095e-06,0,0,0
2626,2690,-2.6062552223209243e-22,8.4025977391991971e-07,0.00016534621268802596,1.3893377129175567e-10,0,0,0
2626,2691,2.8935245558702463e-38,1.3993136215082751e-22,0.24924917406876496,3.4877776442410995e-23,0,0,0
2626,2692,-1.6805195478398392e-06,7.8395696600421546e-07,1,7.8395696600421546e-07,0,0,0
2627,2628,-1.0240127033845376e-05,-4.663267805641724e-08,1,-4.663267805641724e-08,0,0,0
2627,2691,7.2453895180521698e-20,1.2800158792306358e-06,0.24924917406876496,3.1904290069313994e-07,0,0,0
2627,2692,-2.8935245558702463e-38,2.0378916409629664e-22,1,2.0378916409629664e-22,0,0,0
2627,2693,-2.560031758461344e-06,1.0709267917923437e-06,1,1.0709267917923437e-06,0,0,0
2628,2629,-1.0333392389958211e-05,1.4691915148309965e-06,1,1.4691915148309965e-06,0,0,0
2628,2692,1.1260561583140839e-07,1.235371240829072e-06,1,1.235371240829072e-06,0,0,0
2628,2693,2.8935245558702463e-38,1.8028661252330299e-22,1,1.8028661252330299e-22,0,0,0
2628,2694,-2.5833480974895526e-06,1.066367446722054e-06,1,1.066367446722054e-06,0,0,0
2629,2630,-7.3950093602962163e-06,1.6710643271009014e-06,1,1.6710643271009014e-06,0,0,0
2629,2693,4.1817817487665649e-07,7.1528708259869898e-07,1,7.1528708259869898e-07,0,0,0
2629,2694,-1.4467622779351232e-38,1.1641846953363657e-22,1,1.1641846953363657e-22,0,0,0
2629,2695,-1.8487523400740543e-06,7.7964313791173187e-07,1,7.7964313791173187e-07,0,0,0
2630,2631,-4.0528807060944144e-06,1.0998404486283293e-06,1,1.0998404486283293e-06,0,0,0
2630,2694,4.5061320404544418e-07,2.8130348623907971e-07,1,2.8130348623907971e-07,0,0,0
2630,2695,7.2338113896756158e-39,6.0264635970947994e-23,1,6.0264635970947994e-23,0,0,0
2630,2696,-1.0132201765236036e-06,4.3707770018738382e-07,1,4.3707770018738382e-07,0,0,0
2631,2632,-1.8531998088377554e-06,5.4867338107980229e-07,1,5.4867338107980229e-07,0,0,0
2631,2695,2.8946606425059065e-07,8.6916943979424146e-08,1,8.6916943979424146e-08,0,0,0
2631,2696,7.2338113896756158e-39,2.6998001839190467e-23,1,2.6998001839190467e-23,0,0,0
2631,2697,-4.6329995220943886e-07,2.0385419000865402e-07,1,2.0385419000865402e-07,0,0,0
2632,2633,-7.5585304667815096e-07,2.3936473484678759e-07,1,2.3936473484678759e-07,0,0,0
2632,2696,1.3906477614883593e-07,2.4949242760350916e-08,1,2.4949242760350916e-08,0,0,0
2632,2697,0,1.1105424036823046e-23,1,1.1105424036823046e-23,0,0,0
2632,2698,-1.8896326166953774e-07,8.4660457182873019e-08,1,8.4660457182873019e-08,0,0,0
2633,2634,-2.7712357698457594e-07,9.3855574651649227e-08,1,9.3855574651649227e-08,0,0,0
2633,2697,5.5591572192130837e-08,6.8446610270065782e-09,1,6.8446610270065782e-09,0,0,0
2633,2698,-9.0422642370945198e-40,4.1332393293252152e-24,1,4.1332393293252152e-24,0,0,0
2633,2699,-6.9280894246143985e-08,3.1516279396487429e-08,1,3.1516279396487429e-08,0,0,0
2634,2635,-8.9412427681277501e-08,3.2335908908023399e-08,1,3.2335908908023399e-08,0,0,0
2634,2698,1.9642347303791711e-08,1.3553798082638334e-09,1,1.3553798082638334e-09,0,0,0
2634,2699,0,1.3409916066867354e-24,1,1.3409916066867354e-24,0,0,0
2634,2700,-2.2353106920319375e-08,1.0295271801315433e-08,1,1.0295271801315433e-08,0,0,0
2635,2636,-2.4740609865230703e-08,9.4656307882294151e-09,1,9.4656307882294151e-09,0,0,0
2635,2699,6.2483354531691342e-09,-3.1591493430729114e-11,1,-3.1591493430729114e-11,0,0,0
2635,2700,0,3.6825452259407778e-25,1,3.6825452259407778e-25,0,0,0
2635,2701,-6.1851524663076758e-09,2.8770946862674025e-09,1,2.8770946862674025e-09,0,0,0
2636,2637,-5.8093482887718746e-09,2.3259760885681777e-09,1,2.3259760885681777e-09,0,0,0
2636,2700,1.7625633176885082e-09,-1.5511312274776977e-10,1,-1.5511312274776977e-10,0,0,0
2636,2701,0,8.5046468069624289e-26,1,8.5046468069624289e-26,0,0,0
2636,2702,-1.4523370721929689e-09,6.8113959689062173e-10,1,6.8113959689062173e-10,0,0,0
2637,2638,-1.1573961116355195e-09,4.8047205662740594e-10,1,4.8047205662740594e-10,0,0,0
2637,2701,4.3096309377287116e-10,-7.0807032931995645e-11,1,-7.0807032931995645e-11,0,0,0
2637,2702,3.5321344676150468e-42,1.6594321708181633e-26,1,1.6594321708181633e-26,0,0,0
2637,2703,-2.8934902790887987e-10,1.3667305450347294e-10,1,1.3667305450347294e-10,0,0,0
2638,2639,-1.9645199838070758e-10,8.3951250387782274e-11,1,8.3951250387782274e-11,0,0,0
2638,2702,9.0057878411725453e-11,-2.0472439408274272e-11,1,-2.0472439408274272e-11,0,0,0
2638,2703,-4.4151680845188085e-43,2.7569680449626382e-27,1,2.7569680449626382e-27,0,0,0
2638,2704,-4.9112999595176909e-11,2.3347315435804681e-11,1,2.3347315435804681e-11,0,0,0
2639,2640,-2.8549497605143026e-11,1.2491284749434989e-11,1,1.2491284749434989e-11,0,0,0
2639,2703,1.6002918901933979e-11,-4.4327722503241106e-12,1,-4.4327722503241106e-12,0,0,0
2639,2704,0,3.9293615675547036e-28,1,3.9293615675547036e-28,0,0,0
2639,2705,-7.1373744012857566e-12,3.4129596397865556e-12,1,3.4129596397865556e-12,0,0,0
2640,2641,-3.5669281062730471e-12,1.5914423374880627e-12,1,1.5914423374880627e-12,0,0,0
2640,2704,2.4183687235675417e-12,-7.6331834849963975e-13,1,-7.6331834849963975e-13,0,0,0
2640,2705,-1.3797400264121277e-44,4.8317758532169594e-29,1,4.8317758532169594e-29,0,0,0
2640,2706,-8.9173202656826178e-13,4.2873800547140025e-13,1,4.2873800547140025e-13,0,0,0
2641,2642,-3.8404343129692171e-13,1.7420344072884635e-13,1,1.7420344072884635e-13,0,0,0
2641,2705,3.1145512171264443e-13,-1.0772213194420701e-13,1,-1.0772213194420701e-13,0,0,0
2641,2706,0,5.1421235768375074e-30,1,5.1421235768375074e-30,0,0,0
2641,2707,-9.6010857824230414e-14,4.6394974535577736e-14,1,4.6394974535577736e-14,0,0,0
2642,2643,-3.5636549839228951e-14,1.6397050735015017e-14,1,1.6397050735015017e-14,0,0,0
2642,2706,3.425601562546127e-14,-1.2673439082827016e-14,1,-1.2673439082827016e-14,0,0,0
2642,2707,5.3896094781723736e-47,4.7364018596609843e-31,1,4.7364018596609843e-31,0,0,0
2642,2708,-8.9091374598072378e-15,4.3252446354455581e-15,1,4.3252446354455581e-15,0,0,0
2643,2644,-2.8424483691989206e-15,1.324345291347315e-15,1,1.324345291347315e-15,0,0,0
2643,2707,3.2209087530749395e-15,-1.2551483303876048e-15,1,-1.2551483303876048e-15,0,0,0
2643,2708,0,3.7633554887695559e-32,1,3.7633554887695559e-32,0,0,0
2643,2709,-7.1061209229973015e-16,3.4646868052742282e-16,1,3.4646868052742282e-16,0,0,0
2644,2645,-1.9375778650429037e-16,9.1287982404348735e-17,1,9.1287982404348735e-17,0,0,0
2644,2708,2.5864818891612282e-16,-1.0510437114502512e-16,1,-1.0510437114502512e-16,0,0,0
2644,2709,4.2106324048221669e-49,2.561677152167598e-33,1,2.561677152167598e-33,0,0,0
2644,2710,-4.8439446626072586e-17,2.3709478309268832e-17,1,2.3709478309268832e-17,0,0,0
2645,2646,-1.1181821695592901e-17,5.3214717378067866e-18,1,5.3214717378067866e-18,0,0,0
2645,2709,1.7674731244884583e-17,-7.4396379104931793e-18,1,-7.4396379104931793e-18,0,0,0
2645,2710,-2.6316452530138543e-50,1.4779556048699339e-34,1,1.4779556048699339e-34,0,0,0
2645,2711,-2.7954554238982257e-18,1.3731253990349052e-18,1,1.3731253990349052e-18,0,0,0
2646,2647,-5.3887821997932741e-19,2.5880315977294902e-19,1,2.5880315977294902e-19,0,0,0
2646,2710,1.0204900075349274e-18,-4.428852262700477e-19,1,-4.428852262700477e-19,0,0,0
2646,2711,1.644778283133659e-51,7.120548248230901e-36,1,7.120548248230901e-36,0,0,0
2646,2712,-1.3471955499483185e-19,6.6386534935696074e-20,1,6.6386534935696074e-20,0,0,0
2647,2648,-2.1271900433429442e-20,1.0301312582623691e-20,1,1.0301312582623691e-20,0,0,0
2647,2711,4.920462582841503e-20,-2.194332536002884e-20,1,-2.194332536002884e-20,0,0,0
2647,2712,0,2.8073293564114966e-37,1,2.8073293564114966e-37,0,0,0
2647,2713,-5.3179751083573604e-21,2.6282190981785199e-21,1,2.6282190981785199e-21,0,0,0
2648,2649,-6.6927526818206211e-22,3.265760783656025e-22,1,3.265760783656025e-22,0,0,0
2648,2712,1.9464851234397436e-21,-8.895831531971141e-22,1,-8.895831531971141e-22,0,0,0
2648,2713,0,8.8081129927415235e-39,1,8.8081129927415235e-39,0,0,0
2648,2714,-1.6731881704551553e-22,8.2912279157471254e-23,1,8.2912279157471254e-23,0,0,0
2649,2650,-1.612311145085722e-23,7.9220624632454535e-24,1,7.9220624632454535e-24,0,0,0
2649,2713,6.1536912000321048e-23,-2.8753067068803373e-23,1,-2.8753067068803373e-23,0,0,0
2649,2714,0,2.112076457179088e-40,1,2.112076457179088e-40,0,0,0
2649,2715,-4.030777862714305e-24,2.0023169648449581e-24,1,2.0023169648449581e-24,0,0,0
2650,2651,-2.7898652436631498e-25,1.3795113269688312e-25,1,1.3795113269688312e-25,0,0,0
2650,2714,1.4942587305730432e-24,-7.1225604974073211e-25,1,-7.1225604974073211e-25,0,0,0
2650,2715,0,3.6306539497479825e-42,1,3.6306539497479825e-42,0,0,0
2650,2716,-6.9746631091578746e-26,3.4726776671749306e-26,1,3.4726776671749306e-26,0,0,0
2651,2652,-3.0842589725487646e-27,1.5339539579008268e-27,1,1.5339539579008268e-27,0,0,0
2651,2715,2.6143933024388816e-26,-1.2686434140625813e-26,1,-1.2686434140625813e-26,0,0,0
2651,2716,6.1272765812786629e-60,3.9800412553779952e-44,1,3.9800412553779952e-44,0,0,0
2651,2717,-7.7106474313719116e-28,3.847427485531601e-28,1,3.847427485531601e-28,0,0,0
2652,2653,-1.6351056747111103e-29,8.1755283735555517e-30,1,8.1755283735555517e-30,0,0,0
2652,2716,2.9307774808013697e-28,-1.4449499194667959e-28,1,-1.4449499194667959e-28,0,0,0
2652,2717,0,2.0887609607835369e-46,1,2.0887609607835369e-46,0,0,0
2652,2718,-4.0877641867777758e-30,2.0438820933888879e-30,1,2.0438820933888879e-30,0,0,0
2653,2654,0,-0,1,-0,0,0,0
2653,2717,1.5792460308709041e-30,-7.8962301543545206e-31,1,-7.8962301543545206e-31,0,0,0
2653,2718,0,-0,1,-0,0,0,0
2653,2719,0,-0,1,-0,0,0,0
2654,2655,0,-0,1,-0,0,0,0
2654,2718,0,-0,1,-0,0,0,0
2654,2719,0,-0,1,-0,0,0,0
2654,2720,0,-0,1,-0,0,0,0
2655,2656,0,-0,1,-0,0,0,0
2655,2719,0,-0,1,-0,0,0,0
2655,2720,0,-0,1,-0,0,0,0
2655,2721,0,-0,1,-0,0,0,0
2656,2657,0,-0,1,-0,0,0,0
2656,2720,0,-0,1,-0,0,0,0
2656,2721,0,-0,1,-0,0,0,0
2656,2722,0,-0,1,-0,0,0,0
2657,2658,0,-0,1,-0,0,0,0
2657,2721,0,-0,1,-0,0,0,0
2657,2722,0,-0,1,-0,0,0,0
2657,2723,0,-0,1,-0,0,0,0
2658,2659,0,-0,1,-0,0,0,0
2658,2722,0,-0,1,-0,0,0,0
2658,2723,0,-0,1,-0,0,0,0
2658,2724,0,-0,1,-0,0,0,0
2659,2660,0,-0,1,-0,0,0,0
2659,2723,0,-0,1,-0,0,0,0
2659,2724,0,-0,1,-0,0,0,0
2659,2725,0,-0,1,-0,0,0,0
2660,2661,0,-0,1,-0,0,0,0
2660,2724,0,-0,1,-0,0,0,0
2660,2725,0,-0,1,-0,0,0,0
2660,2726,0,-0,1,-0,0,0,0
2661,2662,0,-0,1,-0,0,0,0
2661,2725,0,-0,1,-0,0,0,0
2661,2726,0,-0,1,-0,0,0,0
2661,2727,0,-0,1,-0,0,0,0
2662,2663,0,-0,1,-0,0,0,0
2662,2726,0,-0,1,-0,0,0,0
2662,2727,0,-0,1,-0,0,0,0
2662,2728,0,-0,1,-0,0,0,0
2663,2664,0,-0,1,-0,0,0,0
2663,2727,0,-0,1,-0,0,0,0
2663,2728,0,-0,1,-0,0,0,0
2663,2729,0,-0,1,-0,0,0,0
2664,2728,0,-0,1,-0,0,0,0
2664,2729,0,-0,1,-0,0,0,0
2665,2666,0,-0,1,-0,0,0,0
2665,2730,0,-0,1,-0,0,0,0
2665,2731,0,-0,1,-0,0,0,0
2666,2667,0,-0,1,-0,0,0,0
2666,2730,0,-0,1,-0,0,0,0
2666,2731,0,-0,1,-0,0,0,0
2666,2732,0,-0,1,-0,0,0,0
2667,2668,0,-0,1,-0,0,0,0
2667,2731,0,-0,1,-0,0,0,0
2667,2732,0,-0,1,-0,0,0,0
2667,2733,0,-0,1,-0,0,0,0
2668,2669,0,-0,1,-0,0,0,0
2668,2732,0,-0,1,-0,0,0,0
2668,2733,0,-0,1,-0,0,0,0
2668,2734,0,-0,1,-0,0,0,0
2669,2670,0,-0,1,-0,0,0,0
2669,2733,0,-0,1,-0,0,0,0
2669,2734,0,-0,1,-0,0,0,0
2669,2735,0,-0,1,-0,0,0,0
2670,2671,0,-0,1,-0,0,0,0
2670,2734,0,-0,1,-0,0,0,0
2670,2735,0,-0,1,-0,0,0,0
2670,2736,0,-0,1,-0,0,0,0
2671,2672,0,-0,1,-0,0,0,0
2671,2735,0,-0,1,-0,0,0,0
2671,2736,0,-0,1,-0,0,0,0
2671,2737,0,-0,1,-0,0,0,0
2672,2673,0,-0,1,-0,0,0,0
2672,2736,0,-0,1,-0,0,0,0
2672,2737,0,-0,1,-0,0,0,0
2672,2738,0,-0,1,-0,0,0,0
2673,2674,0,-0,1,-0,0,0,0
2673,2737,0,-0,1,-0,0,0,0
2673,2738,0,-0,1,-0,0,0,0
2673,2739,0,-0,1,-0,0,0,0
2674,2675,0,-0,1,-0,0,0,0
2674,2738,0,-0,1,-0,0,0,0
2674,2739,0,-0,1,-0,0,0,0
2674,2740,0,-0,1,-0,0,0,0
2675,2676,0,7.5254039453401657e-61,0,0,0,0,0
2675,2739,0,-0,1,-0,0,0,0
2675,2740,0,-0,1,-0,0,0,0
2675,2741,0,-0,1,-0,0,0,0
2676,2677,1.5050807890680351e-60,1.4844390702592498e-59,0.015836657453277225,2.3508553065957064e-61,0,0,0
2676,2740,0,-1.8813509863350414e-61,0,-0,0,0,0
2676,2741,0,-3.1330787736456186e-77,0,-0,0,0,0
2676,2742,3.7627019726700877e-61,3.6348047295321917e-60,0.015836657453277225,5.7563157411153291e-62,0,0,0
2677,2678,0,1.2420375718261018e-30,1.3981998916105635e-11,1.7366167983035031e-41,0,0,0
2677,2741,0,-3.8992327742816286e-60,0,-0,0,0,0
2677,2742,0,-1.27053278091592e-77,9.4409097936538416e-10,-1.199498537450736e-86,0,0,0
2677,2743,0,3.1046124774463605e-31,1.3981998916105635e-11,4.3408688294583044e-42,0,0,0
2678,2679,2.4840751436526282e-30,-1.2587688885732059e-26,0.00049501001167107789,-6.2310320222381235e-30,0,0,0
2678,2742,0,-3.1050939295652546e-31,9.4409097936538416e-10,-2.9314911689847704e-40,0,0,0
2678,2743,-1.1964415359657346e-63,-8.0177884147667643e-51,0.00049501001167107789,-3.9688855367699291e-54,0,0,0
2678,2744,6.21018785913051e-31,1.0640009735135839e-31,0.00012212466001067419,1.2994075714137279e-35,0,0,0
2679,2680,-2.517289369632046e-26,-2.8339203461571537e-26,0.014582994388574142,-4.1327044505675864e-28,0,0,0
2679,2743,-6.2092249548944296e-31,3.1469221732878027e-27,0.0028312148862418042,8.9096129028568369e-30,0,0,0
2679,2744,0,5.2408554521660723e-43,0.00012212466001067419,6.4003769026086976e-47,0,0,0
2679,2745,-6.2932234240801157e-27,1.8190756817116362e-27,0.6793463992115657,1.2357825142641243e-27,0,0,0
2680,2681,-8.1851300619463534e-26,-2.8020379566836655e-26,0.0024192668103496253,-6.7788774299446729e-29,0,0,0
2680,2744,-8.3381898061622264e-31,1.023182948692325e-26,0.00012212466001067419,1.2495586973776928e-30,0,0,0
2680,2745,-1.9607285060091721e-58,1.4827933126523071e-42,0.014582994388574142,2.1623566557823858e-44,0,0,0
2680,2746,-2.0462825154865884e-26,-6.9396030684221833e-27,0.035595459760641296,-2.4701836177684471e-28,0,0,0
2681,2682,-1.3789205975313065e-25,7.7833275173659663e-23,0.0024192668103496253,1.8829945936844429e-25,0,0,0
2681,2745,2.6550720606568429e-27,1.5908971438813686e-26,0.0024192668103496253,3.8488046588722075e-29,0,0,0
2681,2746,7.8122776411302954e-59,1.0906579520683153e-44,0.0024192668103496253,2.6385925848827676e-47,0,0,0
2681,2747,-3.4473014938284217e-26,-1.0629316142748847e-26,0.21383511252781578,-2.2729210134784286e-27,0,0,0
2682,2683,1.5552865828756619e-22,-6.1596947194977215e-23,0.83521437446692348,-5.1446655720525012e-23,0,0,0
2682,2746,3.4342031291713579e-26,-1.9458253301591632e-23,0.035595459760641296,-6.9262547240917057e-25,0,0,0
2682,2747,-4.0155719803067845e-55,-3.2422311684695018e-39,0.21383511252781578,-6.9330286675086761e-40,0,0,0
2682,2748,3.8882164571891548e-23,-1.9483942716041065e-23,0.37751460022568484,-7.3554728452663872e-24,0,0,0
2683,2684,3.2334763897611809e-23,3.3011814779298361e-22,0.83521437446692348,2.7571942230909619e-22,0,0,0
2683,2747,5.573164722378229e-26,-4.0697113108133623e-24,0.21383511252781578,-8.7024717610350004e-25,0,0,0
2683,2748,0,-6.8024018373082327e-40,0.37751460022568484,-2.5680060101858814e-40,0,0,0
2683,2749,8.0836909744029435e-24,-4.1035629888878939e-24,0.049780111261810464,-2.0427582215668685e-25,0,0,0
2684,2685,6.9257105948357912e-22,1.7174448342157836e-22,1,1.7174448342157836e-22,0,0,0
2684,2748,8.5720860190589423e-26,-8.6614242865542684e-23,0.37751460022568484,-3.2698141269235721e-23,0,0,0
2684,2749,-1.6062287921227138e-54,-1.4427309336728728e-38,0.049780111261810464,-7.1819306399091299e-40,0,0,0
2684,2750,1.7314276487089478e-22,-7.1861157488450565e-23,1,-7.1861157488450565e-23,0,0,0
2685,2686,1.0360600263267358e-21,4.2022186687079471e-22,1.3085237282597634e-12,5.4987028393405022e-34,0,0,0
2685,2749,1.2343500337283724e-25,-1.2956922079252838e-22,0.049780111261810464,-6.4499702271581488e-24,0,0,0
2685,2750,0,-1.9117587237245975e-38,1,-1.9117587237245975e-38,0,0,0
2685,2751,2.5901500658168396e-22,-1.0482229401565036e-22,1,-1.0482229401565036e-22,0,0,0
2686,2687,1.8765037600683252e-21,1.7039141498714023e-22,1.3012536499687754e-13,2.2172245067536052e-35,0,0,0
2686,2750,-2.9420449893993631e-23,-2.1985274506154386e-22,1.3085237282597634e-12,-2.8768253363607463e-34,0,0,0
2686,2751,0,-3.4951668348440069e-38,1.3085237282597634e-12,-4.5735087376199571e-50,0,0,0
2686,2752,4.6912594001708129e-22,-1.1463227930421231e-30,1.3085237282597634e-12,-1.499990574940624e-42,0,0,0
2687,2688,2.2173530758652238e-21,-7.4692067166918582e-09,1.3012536499687754e-13,-9.7193325024665739e-22,0,0,0
2687,2751,-4.9370418550383215e-23,-2.5247561448013406e-22,1.3012536499687754e-13,-3.2853481487038387e-35,0,0,0
2687,2752,-2.4093431881840707e-54,-7.0939678952954618e-39,1.3012536499687754e-13,-9.2310516165145319e-52,0,0,0
2687,2753,5.5432164751065139e-22,-4.2598241629791627e-23,1.3012536499687754e-13,-5.5431117403018194e-36,0,0,0
2688,2689,-1.49384134333815e-08,7.4692067166918532e-09,0.067361790269638705,5.0313913633037335e-10,0,0,0
2688,2752,-4.6932955370701024e-22,1.8673016791729219e-09,2.2600816498029141e-12,4.2202542597448893e-21,0,0,0
2688,2753,0,3.1096819772084935e-25,9.5852913703845853e-12,2.9807207820777047e-36,0,0,0
2688,2754,-3.7346033583453749e-09,1.8032181526589515e-09,1,1.8032181526589515e-09,0,0,0
2689,2690,2.2077153612410154e-21,-4.0872054554209891e-22,0.067361790269638705,-2.7532147667699178e-23,0,0,0
2689,2753,-4.6912516425106813e-22,-4.1401838029592844e-23,0.067361790269638705,-2.7889019301269848e-24,0,0,0
2689,2754,0,-1.0672050995254892e-26,0.067361790269638705,-7.1888846088924903e-28,0,0,0
2689,2755,5.5192880717000515e-22,-2.8409377330127573e-12,0.067361790269638705,-1.9137065174030821e-13,0,0,0
2690,2691,1.3902742701567944e-21,-1.4556817742649078e-19,0.00016534621268802596,-2.4069146825368844e-23,0,0,0
2690,2754,1.2816705302747166e-10,-6.4083526513909614e-11,0.00016534621268802596,-1.059596840476765e-14,0,0,0
2690,2755,5.5189601056485106e-44,-4.7311117239055772e-28,0.00016534621268802596,-7.8227140535170471e-32,0,0,0
2690,2756,3.4756856753920438e-22,-8.058880026345449e-26,0.00016534621268802596,-1.3325052908633989e-29,0,0,0
2691,2692,-2.8975042434152875e-19,-2.2521123166267184e-07,0.24924917406876496,-5.6133713482930246e-08,0,0,0
2691,2755,5.6818754654735865e-12,-2.840937696518533e-12,0.24924917406876496,-7.0810137443806403e-13,0,0,0
2691,2756,0,6.0604794129541428e-36,0.00042886785213314664,2.5991447887307966e-39,0,0,0
2691,2757,-7.2436520145706189e-20,3.6391821932994212e-20,1.6561094315171241e-07,6.026883953332345e-27,0,0,0
2692,2693,-4.5042246332563342e-07,-6.111451180904963e-07,1,-6.111451180904963e-07,0,0,0
2692,2756,-3.420709979296213e-22,5.6302807915704349e-08,0.00042886785213314664,2.414646429987325e-11,0,0,0
2692,2757,0,9.3763010548593788e-24,1.6561094315171241e-07,1.5528180609696577e-30,0,0,0
2692,2758,-1.1260561583140835e-07,5.6253313993075746e-08,0.29995670586547335,1.6873558759379136e-08,0,0,0
2693,2694,-1.6727126995066262e-06,-6.4870058337575078e-08,1,-6.4870058337575078e-08,0,0,0
2693,2757,-3.2578190279011553e-22,2.0908908743832846e-07,1.6561094315171241e-07,3.4627440973392441e-14,0,0,0
2693,2758,0,3.4812085466912045e-23,0.29995670586547335,1.0442118480962256e-23,0,0,0
2693,2759,-4.1817817487665649e-07,1.8404967161711147e-07,1,1.8404967161711147e-07,0,0,0
2694,2695,-1.8024528161817765e-06,3.22294279589707e-07,1,3.22294279589707e-07,0,0,0
2694,2758,9.8987845256888115e-11,2.252571081000936e-07,0.29995670586547335,6.7567380118486913e-08,0,0,0
2694,2759,0,3.3351186179670703e-23,1,3.3351186179670703e-23,0,0,0
2694,2760,-4.5061320404544412e-07,1.9829523049250146e-07,1,1.9829523049250146e-07,0,0,0
2695,2696,-1.1578642570023622e-06,3.0080257620350927e-07,1,3.0080257620350927e-07,0,0,0
2695,2759,5.0078831642433532e-08,1.1969361630407852e-07,1,1.1969361630407852e-07,0,0,0
2695,2760,0,1.9604594713464002e-23,1,1.9604594713464002e-23,0,0,0
2695,2761,-2.8946606425059059e-07,1.2873447172305415e-07,1,1.2873447172305415e-07,0,0,0
2696,2697,-5.5625910459534374e-07,1.6694640791341019e-07,1,1.6694640791341019e-07,0,0,0
2696,2760,5.4022743060441142e-08,4.2521016544197393e-08,1,4.2521016544197393e-08,0,0,0
2696,2761,-1.808452847418904e-39,8.9151732116949078e-24,1,8.9151732116949078e-24,0,0,0
2696,2762,-1.3906477614883591e-07,6.262401687086329e-08,1,6.262401687086329e-08,0,0,0
2697,2698,-2.2236628876852335e-07,7.1898449776678246e-08,1,7.1898449776678246e-08,0,0,0
2697,2761,3.199712080448235e-08,1.1797225693824244e-08,1,1.1797225693824244e-08,0,0,0
2697,2762,0,3.4784533407845729e-24,1,3.4784533407845729e-24,0,0,0
2697,2763,-5.5591572192130837e-08,2.5335528224834193e-08,1,2.5335528224834193e-08,0,0,0
2698,2699,-7.8569389215166845e-08,2.6788023701245156e-08,1,2.6788023701245156e-08,0,0,0
2698,2762,1.3816742407109357e-08,2.9128024483411779e-09,1,2.9128024483411779e-09,0,0,0
2698,2763,0,1.2258387273030803e-24,1,1.2258387273030803e-24,0,0,0
2698,2764,-1.9642347303791711e-08,9.0523659379880725e-09,1,9.0523659379880725e-09,0,0,0
2699,2700,-2.4993341812676537e-08,8.9715442709612517e-09,1,8.9715442709612517e-09,0,0,0
2699,2763,4.92051574246245e-09,6.639098553533422e-10,1,6.639098553533422e-10,0,0,0
2699,2764,-5.6514151481840749e-41,3.92246237603275e-25,1,3.92246237603275e-25,0,0,0
2699,2765,-6.2483354531691334e-09,2.9084484150719543e-09,1,2.9084484150719543e-09,0,0,0
2700,2701,-7.0502532707540326e-09,2.6632004478312745e-09,1,2.6632004478312745e-09,0,0,0
2700,2764,1.5376154278155676e-09,1.1247394493647041e-10,1,1.1247394493647041e-10,0,0,0
2700,2765,0,1.1083839634967314e-25,1,1.1083839634967314e-25,0,0,0
2700,2766,-1.7625633176885082e-09,8.2741365944731246e-10,1,8.2741365944731246e-10,0,0,0
2701,2702,-1.7238523750914847e-09,6.8181043072229152e-10,1,6.8181043072229152e-10,0,0,0
2701,2765,4.3143862302522539e-10,-2.3776462617711379e-13,1,-2.3776462617711379e-13,0,0,0
2701,2766,-7.0642689352300936e-42,2.6914062227128111e-26,1,2.6914062227128111e-26,0,0,0
2701,2767,-4.3096309377287116e-10,2.0375009930337302e-10,1,2.0375009930337302e-10,0,0,0
2702,2703,-3.6023151364690181e-10,1.4810991901958294e-10,1,1.4810991901958294e-10,0,0,0
2702,2766,1.0773599879388335e-10,-8.839060191078945e-12,1,-8.839060191078945e-12,0,0,0
2702,2767,0,5.5451462792844059e-27,1,5.5451462792844059e-27,0,0,0
2702,2768,-9.0057878411725453e-11,4.283647123599889e-11,1,4.283647123599889e-11,0,0,0
2703,2704,-6.4011675607735914e-11,2.7169100356732873e-11,1,2.7169100356732873e-11,0,0,0
2703,2767,2.3462895166125096e-11,-3.7299881320955594e-12,1,-3.7299881320955594e-12,0,0,0
2703,2768,1.1037920211297021e-43,9.6739141382581738e-28,1,9.6739141382581738e-28,0,0,0
2703,2769,-1.6002918901933979e-11,7.6528573682573098e-12,1,7.6528573682573098e-12,0,0,0
2704,2705,-9.6734748942701667e-12,4.2138272037097936e-12,1,4.2138272037097936e-12,0,0,0
2704,2768,4.3849359397276662e-12,-9.8328360808006227e-13,1,-9.8328360808006227e-13,0,0,0
2704,2769,0,1.4331573912186723e-28,1,1.4331573912186723e-28,0,0,0
2704,2770,-2.4183687235675417e-12,1.1621817271265493e-12,1,1.1621817271265493e-12,0,0,0
2705,2706,-1.2458204868505779e-12,5.5439821217436642e-13,1,5.5439821217436642e-13,0,0,0
2705,2769,6.9720416541935947e-13,-1.9287452185335754e-13,1,-1.9287452185335754e-13,0,0,0
2705,2770,-3.4493500660303191e-45,1.8106337462536898e-29,1,1.8106337462536898e-29,0,0,0
2705,2771,-3.1145512171264448e-13,1.5035722098744042e-13,1,1.5035722098744042e-13,0,0,0
2706,2707,-1.3702406250184508e-13,6.2070213744772669e-14,1,6.2070213744772669e-14,0,0,0
2706,2770,9.4005269314442931e-14,-2.987462684449083e-14,1,-2.987462684449083e-14,0,0,0
2706,2771,4.3116875825378989e-46,1.9580450500737105e-30,1,1.9580450500737105e-30,0,0,0
2706,2772,-3.425601562546127e-14,1.6608132963630372e-14,1,1.6608132963630372e-14,0,0,0
2707,2708,-1.2883635012299758e-14,5.9245211283176335e-15,1,5.9245211283176335e-15,0,0,0
2707,2771,1.0740679737763659e-14,-3.7598854923443602e-15,1,-3.7598854923443602e-15,0,0,0
2707,2772,-2.6948047390861868e-47,1.816179752318414e-31,1,1.816179752318414e-31,0,0,0
2707,2773,-3.2209087530749395e-15,1.5678547180022423e-15,1,1.5678547180022423e-15,0,0,0
2708,2709,-1.0345927556644913e-15,4.819469153424765e-16,1,4.819469153424765e-16,0,0,0
2708,2772,1.0397496982005275e-15,-3.9055075464220234e-16,1,-3.9055075464220234e-16,0,0,0
2708,2773,-1.6842529619288668e-48,1.4442519833873905e-32,1,1.4442519833873905e-32,0,0,0
2708,2774,-2.5864818891612282e-16,1.2637737061932762e-16,1,1.2637737061932762e-16,0,0,0
2709,2710,-7.0698924979538332e-17,3.3308482474699315e-17,1,3.3308482474699315e-17,0,0,0
2709,2773,8.5199317070454879e-17,-3.3762292912785144e-17,1,-3.3762292912785144e-17,0,0,0
2709,2774,2.1053162024110835e-49,9.8098892071382429e-34,1,9.8098892071382429e-34,0,0,0
2709,2775,-1.7674731244884583e-17,8.6662462975139739e-18,1,8.6662462975139739e-18,0,0,0
2710,2711,-4.0819600301397095e-18,1.9425707634130247e-18,1,1.9425707634130247e-18,0,0,0
2710,2774,5.893447677467617e-18,-2.436478834966345e-18,1,-2.436478834966345e-18,0,0,0
2710,2775,6.5791131325346358e-51,5.6475770533328301e-35,1,5.6475770533328301e-35,0,0,0
2710,2776,-1.0204900075349274e-18,5.0198225223618802e-19,1,5.0198225223618802e-19,0,0,0
2711,2712,-1.9681850331366012e-19,9.4516281409950592e-20,1,9.4516281409950592e-20,0,0,0
2711,2775,3.4223864985663717e-19,-1.4651701201411107e-19,1,-1.4651701201411107e-19,0,0,0
2711,2776,-4.1119457078341474e-52,2.7210835889410527e-36,1,2.7210835889410527e-36,0,0,0
2711,2777,-4.920462582841503e-20,2.4275636052162251e-20,1,2.4275636052162251e-20,0,0,0
2712,2713,-7.7859404937589745e-21,3.7698964228788451e-21,1,3.7698964228788451e-21,0,0,0
2712,2776,1.6525503062551326e-20,-7.2895089695557914e-21,1,-7.2895089695557914e-21,0,0,0
2712,2777,1.2849830336981711e-53,1.07674819006743e-37,1,1.07674819006743e-37,0,0,0
2712,2778,-1.9464851234397436e-21,9.6291948339322308e-22,1,9.6291948339322308e-22,0,0,0
2713,2714,-2.4614764800128419e-22,1.2008530653949601e-22,1,1.2008530653949601e-22,0,0,0
2713,2777,6.5335372409053529e-22,-2.9590840604510711e-22,1,-2.9590840604510711e-22,0,0,0
2713,2778,4.0155719803067845e-55,3.4048393560434959e-39,1,3.4048393560434959e-39,0,0,0
2713,2779,-6.1536912000321048e-23,3.0517429306905188e-23,1,3.0517429306905188e-23,0,0,0
2714,2715,-5.9770349222921726e-24,2.9362295950973088e-24,1,2.9362295950973088e-24,0,0,0
2714,2778,2.0646156653297368e-23,-9.5759489613621641e-24,1,-9.5759489613621641e-24,0,0,0
2714,2779,0,8.2617691360063138e-41,1,8.2617691360063138e-41,0,0,0
2714,2780,-1.4942587305730432e-24,7.4271770133905824e-25,1,7.4271770133905824e-25,0,0,0
2715,2716,-1.0457573209755527e-25,5.1701710552617354e-26,1,5.1701710552617354e-26,0,0,0
2715,2779,5.0205338651066766e-25,-2.3795472674313944e-25,1,-2.3795472674313944e-25,0,0,0
2715,2780,0,1.4422300961377054e-42,1,1.4422300961377054e-42,0,0,0
2715,2781,-2.6143933024388816e-26,1.302211183339383e-26,1,1.302211183339383e-26,0,0,0
2716,2717,-1.1723109923205479e-27,5.8299700409853211e-28,1,5.8299700409853211e-28,0,0,0
2716,2780,8.8233278949267339e-27,-4.2651250734232987e-27,1,-4.2651250734232987e-27,0,0,0
2716,2781,0,1.6101152950835403e-44,1,1.6101152950835403e-44,0,0,0
2716,2782,-2.9307774808013697e-28,1.4626708556855782e-28,1,1.4626708556855782e-28,0,0,0
2717,2718,-6.3169841234836165e-30,3.1584920617418082e-30,1,3.1584920617418082e-30,0,0,0
2717,2781,9.9709357601156558e-29,-4.9065055785142829e-29,1,-4.9065055785142829e-29,0,0,0
2717,2782,0,8.6236775041732449e-47,1,8.6236775041732449e-47,0,0,0
2717,2783,-1.5792460308709041e-30,7.8962301543545206e-31,1,7.8962301543545206e-31,0,0,0
2718,2719,0,-0,1,-0,0,0,0
2718,2782,5.4357694302135916e-31,-2.7178847151067958e-31,1,-2.7178847151067958e-31,0,0,0
2718,2783,0,-0,1,-0,0,0,0
2718,2784,0,-0,1,-0,0,0,0
2719,2720,0,-0,1,-0,0,0,0
2719,2783,0,-0,1,-0,0,0,0
2719,2784,0,-0,1,-0,0,0,0
2719,2785,0,-0,1,-0,0,0,0
2720,2721,0,-0,1,-0,0,0,0
2720,2784,0,-0,1,-0,0,0,0
2720,2785,0,-0,1,-0,0,0,0
2720,2786,0,-0,1,-0,0,0,0
2721,2722,0,-0,1,-0,0,0,0
2721,2785,0,-0,1,-0,0,0,0
2721,2786,0,-0,1,-0,0,0,0
2721,2787,0,-0,1,-0,0,0,0
2722,2723,0,-0,1,-0,0,0,0
2722,2786,0,-0,1,-0,0,0,0
2722,2787,0,-0,1,-0,0,0,0
2722,2788,0,-0,1,-0,0,0,0
2723,2724,0,-0,1,-0,0,0,0
2723,2787,0,-0,1,-0,0,0,0
2723,2788,0,-0,1,-0,0,0,0
2723,2789,0,-0,1,-0,0,0,0
2724,2725,0,-0,1,-0,0,0,0
2724,2788,0,-0,1,-0,0,0,0
2724,2789,0,-0,1,-0,0,0,0
2724,2790,0,-0,1,-0,0,0,0
2725,2726,0,-0,1,-0,0,0,0
2725,2789,0,-0,1,-0,0,0,0
2725,2790,0,-0,1,-0,0,0,0
2725,2791,0,-0,1,-0,0,0,0
2726,2727,0,-0,1,-0,0,0,0
2726,2790,0,-0,1,-0,0,0,0
2726,2791,0,-0,1,-0,0,0,0
2726,2792,0,-0,1,-0,0,0,0
2727,2728,0,-0,1,-0,0,0,0
2727,2791,0,-0,1,-0,0,0,0
2727,2792,0,-0,1,-0,0,0,0
2727,2793,0,-0,1,-0,0,0,0
2728,2729,0,-0,1,-0,0,0,0
2728,2792,0,-0,1,-0,0,0,0
2728,2793,0,-0,1,-0,0,0,0
2728,2794,0,-0,1,-0,0,0,0
2729,2793,0,-0,1,-0,0,0,0
2729,2794,0,-0,1,-0,0,0,0
2730,2731,0,-0,1,-0,0,0,0
2730,2795,0,-0,1,-0,0,0,0
2730,2796,0,-0,1,-0,0,0,0
2731,2732,0,-0,1,-0,0,0,0
2731,2795,0,-0,1,-0,0,0,0
2731,2796,0,-0,1,-0,0,0,0
2731,2797,0,-0,1,-0,0,0,0
2732,2733,0,-0,1,-0,0,0,0
2732,2796,0,-0,1,-0,0,0,0
2732,2797,0,-0,1,-0,0,0,0
2732,2798,0,-0,1,-0,0,0,0
2733,2734,0,-0,1,-0,0,0,0
2733,2797,0,-0,1,-0,0,0,0
2733,2798,0,-0,1,-0,0,0,0
2733,2799,0,-0,1,-0,0,0,0
2734,2735,0,-0,1,-0,0,0,0
2734,2798,0,-0,1,-0,0,0,0
2734,2799,0,-0,1,-0,0,0,0
2734,2800,0,-0,1,-0,0,0,0
2735,2736,0,-0,1,-0,0,0,0
2735,2799,0,-0,1,-0,0,0,0
2735,2800,0,-0,1,-0,0,0,0
2735,2801,0,-0,1,-0,0,0,0
2736,2737,0,-0,1,-0,0,0,0
2736,2800,0,-0,1,-0,0,0,0
2736,2801,0,-0,1,-0,0,0,0
2736,2802,0,-0,1,-0,0,0,0
2737,2738,0,-0,1,-0,0,0,0
2737,2801,0,-0,1,-0,0,0,0
2737,2802,0,-0,1,-0,0,0,0
2737,2803,0,-0,1,-0,0,0,0
2738,2739,0,-0,1,-0,0,0,0
2738,2802,0,-0,1,-0,0,0,0
2738,2803,0,-0,1,-0,0,0,0
2738,2804,0,-0,1,-0,0,0,0
2739,2740,0,-0,1,-0,0,0,0
2739,2803,0,-0,1,-0,0,0,0
2739,2804,0,-0,1,-0,0,0,0
2739,2805,0,-0,1,-0,0,0,0
2740,2741,0,-0,1,-0,0,0,0
2740,2804,0,-0,1,-0,0,0,0
2740,2805,0,-0,1,-0,0,0,0
2740,2806,0,-0,1,-0,0,0,0
2741,2742,0,1.5291759312662785e-59,0,0,0,0,0
2741,2805,0,-0,1,-0,0,0,0
2741,2806,0,-0,1,-0,0,0,0
2741,2807,0,-0,1,-0,0,0,0
2742,2743,0,1.2418449909785442e-30,9.4409097936538416e-10,1.1724146537529305e-39,0,0,0
2742,2806,0,-3.8229398281656963e-60,0,-0,0,0,0
2742,2807,0,-6.3664737284791457e-76,4.7206013030549914e-09,-3.0053584178524023e-84,0,0,0
2742,2808,0,-3.0062846577464771e-41,1.7348595369288494e-10,-5.2154816092143578e-51,0,0,0
2743,2744,2.4836899819570884e-30,4.257929702529913e-31,0.00012212466001067419,5.1999821727081671e-35,0,0,0
2743,2807,0,-3.1046124774463605e-31,4.7206013030549914e-09,-1.4655637706514075e-39,0,0,0
2743,2808,5.9836685364049443e-63,-5.1702183829998975e-47,1.7348595369288494e-10,-8.969602669752227e-57,0,0,0
2743,2809,6.2092249548927209e-31,1.0628151907133366e-31,0.0032991072331643905,3.50634128319936e-34,0,0,0
2744,2745,3.3352759224631242e-30,-5.3118117592749199e-27,0.00012212466001067419,-6.4870320514215075e-31,0,0,0
2744,2808,6.012572879316406e-41,-4.1690949033794672e-31,1.7348595369288494e-10,-7.2327940534893291e-41,0,0,0
2744,2809,2.3958047850840109e-63,-2.7765038920352603e-50,0.00012212466001067419,-3.3907959383311981e-54,0,0,0
2744,2810,8.3381898061576757e-31,3.5424710142881553e-36,4.8051264231296976e-05,1.7022021073927075e-40,0,0,0
2745,2746,-1.0620288242627379e-26,-6.3373918462106821e-26,0.035595459760641296,-2.2558237644920859e-27,0,0,0
2745,2809,-8.3348553363193363e-31,1.327952773095238e-27,0.0032991072331643905,4.3810585990192103e-30,0,0,0
2745,2810,0,2.2114859000075285e-43,4.8051264231296976e-05,1.0626469332504936e-47,0,0,0
2745,2811,-2.6550720606568443e-27,1.2755809862635246e-27,0.15325950281598411,1.9549490775627041e-28,0,0,0
2746,2747,-1.3736812516684102e-25,-4.2779231864143316e-26,0.21383511252781578,-9.1477018595226085e-27,0,0,0
2746,2810,-8.3382606555167651e-31,1.7171432558887903e-26,4.8051264231296976e-05,8.2510904311701866e-31,0,0,0
2746,2811,0,2.8508962860091362e-42,0.035595459760641296,1.0147896403039994e-43,0,0,0
2746,2812,-3.434203129171025e-26,1.6919487906929428e-26,0.035595459760641296,6.0225695096176349e-28,0,0,0
2747,2748,-2.2292658889512765e-25,-5.9978425933601455e-26,0.37751460022568484,-2.2642731488489401e-26,0,0,0
2747,2811,1.0391008812979288e-28,2.7813868567826059e-26,0.15325950281598411,4.2627396680941494e-27,0,0,0
2747,2812,7.8429140240366886e-58,4.5987040630466222e-42,0.21383511252781578,9.8336440080369813e-43,0,0,0
2747,2813,-5.5731647223781911e-26,2.7200951494396218e-26,0.21383511252781578,5.8165185236678739e-27,0,0,0
2748,2749,-3.4288344076233056e-25,-7.542828636452503e-26,0.049780111261810464,-3.7548284875137569e-27,0,0,0
2748,2812,5.0305547785139763e-28,4.2608902356365622e-26,0.37751460022568484,1.6085482739118609e-26,0,0,0
2748,2813,7.8429140240366886e-58,7.0269720005783244e-42,0.25784506297121801,1.8118700379861039e-42,0,0,0
2748,2814,-8.5720860190582639e-26,-1.8590985099763901e-26,0.11804167513180792,-2.194511023526612e-27,0,0,0
2749,2750,-4.9374001349137063e-25,5.9087769794732931e-23,0.049780111261810464,2.9413957545940491e-24,0,0,0
2749,2813,1.3297442349894784e-27,6.1052629568927836e-26,0.049780111261810464,3.0392066927673271e-27,0,0,0
2749,2814,6.2498221129042363e-58,4.4312302388664259e-44,0.049780111261810464,2.2058713431746963e-45,0,0,0
2749,2815,-1.2343500337284514e-25,-2.3022523680953647e-26,0.011552254808879812,-2.6596205990584613e-28,0,0,0
2750,2751,1.176817995759745e-22,3.9899937312779167e-23,1,3.9899937312779167e-23,0,0,0
2750,2814,1.2290283039010895e-25,-1.4771676362191866e-23,0.11804167513180792,-1.7436734222980584e-24,0,0,0
2750,2815,0,-2.4638566141262134e-39,0.011552254808879812,-2.8463099418929881e-41,0,0,0
2750,2816,2.9420449893993631e-23,-1.2338827745861033e-23,0.49017088205060638,-6.0481340796591975e-24,0,0,0
2751,2752,1.9748167420153298e-22,8.395110383481049e-22,2.2600816498029141e-12,1.8973634925775423e-33,0,0,0
2751,2815,1.6948005073475384e-25,-2.476994930055898e-23,0.011552254808879812,-2.861487659230916e-25,0,0,0
2751,2816,0,-3.7159961897663411e-39,0.49017088205060638,-1.8214731300344598e-39,0,0,0
2751,2817,4.9370418550383215e-23,-2.291363475187303e-23,0.11553376004869367,-2.6472983792663072e-24,0,0,0
2752,2753,1.876503750897743e-21,-1.5469467351185818e-27,2.2600816498029141e-12,-3.4962259292640355e-39,0,0,0
2752,2816,-4.7427944022715909e-24,-2.3219157166108209e-22,2.2600816498029141e-12,-5.2477191035010996e-34,0,0,0
2752,2817,0,-3.8767554889446064e-38,2.2600816498029141e-12,-8.7617839413364294e-50,0,0,0
2752,2818,4.6912593772443576e-22,-3.8673668371791692e-28,2.2600816498029141e-12,-8.7405648217649738e-40,0,0,0
2753,2754,1.8764910342154879e-21,-2.5633410605588154e-10,9.5852913703845853e-12,-2.4570370947126885e-21,0,0,0
2753,2817,-3.5431490466371765e-24,-2.3279100760221548e-22,9.5852913703845853e-12,-2.2313696362726484e-33,0,0,0
2753,2818,2.5699660673963415e-54,1.0279864269585368e-53,3.637069076811983e-11,3.7388576448733344e-64,0,0,0
2753,2819,4.6912516425106813e-22,-1.1786938755102082e-24,9.5852913703845853e-12,-1.1298124233253161e-35,0,0,0
2754,2755,-5.1266821210988663e-10,2.4497035512399614e-10,1,2.4497035512399614e-10,0,0,0
2754,2818,-4.6912275855387198e-22,6.4083526513970386e-11,3.637069076811983e-11,2.3307621261702251e-21,0,0,0
2754,2819,0,1.0672050995247802e-26,9.0044069175968429e-11,9.6095489806555579e-37,0,0,0
2754,2820,-1.2816705302747166e-10,6.3371455829774551e-11,1,6.3371455829774551e-11,0,0,0
2755,2756,-2.2727501861894346e-11,1.1363750931641987e-11,0.00042886785213314664,4.873547454229343e-15,0,0,0
2755,2819,-4.6676748106452322e-22,2.8409377329701769e-12,9.0044069175968429e-11,2.5580959375218554e-22,0,0,0
2755,2820,0,3.5452758208745951e-28,1,3.5452758208745951e-28,0,0,0
2755,2821,-5.6818754654735865e-12,2.8236076539022534e-12,1,2.8236076539022534e-12,0,0,0
2756,2757,1.3896295597547097e-21,-5.6733931288585097e-25,0.00042886785213314664,-2.4331359254805016e-28,0,0,0
2756,2820,1.424141367922533e-12,-7.1207068413497021e-13,0.00042886785213314664,-3.0538422487194497e-16,0,0,0
2756,2821,0,-2.8860379100287436e-30,0.00042886785213314664,-1.2377288796488628e-33,0,0,0
2756,2822,3.4740738993867742e-22,-1.4183076692564317e-25,0.00042886785213314664,-6.0826656377797525e-29,0,0,0
2757,2758,1.3884862874481457e-21,-1.9797569051443996e-10,1.6561094315171241e-07,-3.2786940827207928e-17,0,0,0
2757,2821,3.4660157669079462e-14,-1.7330079008101591e-14,1.6561094315171241e-07,-2.8700507294253971e-21,0,0,0
2757,2822,0,6.7634161930851103e-46,0.0028847469645616082,1.9510744333069101e-48,0,0,0
2757,2823,3.4712372028223459e-22,-1.5939116225832792e-24,1.6561094315171241e-07,-2.6396920711649315e-31,0,0,0
2758,2759,-3.9595138102748732e-10,-9.995968759435335e-08,0.29995670586547335,-2.9983578610144054e-08,0,0,0
2758,2822,-3.4712157186203642e-22,4.9493922628609991e-11,0.0028847469645616082,1.4277744306712975e-13,0,0,0
2758,2823,0,8.2423938721945682e-27,1.0214869694676761e-14,8.4194979376669735e-41,0,0,0
2758,2824,-9.8987845256872876e-11,4.7976769780499665e-11,0.0042802522213540558,2.0535267542637582e-13,0,0,0
2759,2760,-2.0031532656973418e-07,-7.887822836015198e-09,1,-7.887822836015198e-09,0,0,0
2759,2823,-3.4614327171449777e-22,2.5039415821216948e-08,1.0214869694676761e-14,2.5577436984455882e-22,0,0,0
2759,2824,0,4.169647738478196e-24,0.0042802522213540558,1.7847143994885213e-26,0,0,0
2759,2825,-5.0078831642433545e-08,2.2764150035147496e-08,1,2.2764150035147496e-08,0,0,0
2760,2761,-2.1609097224176459e-07,4.4051244511917603e-08,1,4.4051244511917603e-08,0,0,0
2760,2824,3.0343056958750455e-12,2.7009854377372635e-08,0.0042802522213540558,1.1560898919719879e-10,0,0,0
2760,2825,0,4.119389120507906e-24,1,4.119389120507906e-24,0,0,0
2760,2826,-5.4022743060441149e-08,2.456949650980855e-08,1,2.456949650980855e-08,0,0,0
2761,2762,-1.2798848321792937e-07,3.6360756794745986e-08,1,3.6360756794745986e-08,0,0,0
2761,2825,4.5505315721385603e-09,1.3723294616171893e-08,1,1.3723294616171893e-08,0,0,0
2761,2826,0,2.2576416372759016e-24,1,2.2576416372759016e-24,0,0,0
2761,2827,-3.1997120804482344e-08,1.4668243882742596e-08,1,1.4668243882742596e-08,0,0,0
2762,2763,-5.5266969628437415e-08,1.7792453329293809e-08,1,1.7792453329293809e-08,0,0,0
2762,2826,4.8837500408240472e-09,4.4664961831426541e-09,1,4.4664961831426541e-09,0,0,0
2762,2827,1.130283029636815e-40,9.2893271142859324e-25,1,9.2893271142859324e-25,0,0,0
2762,2828,-1.3816742407109352e-08,6.387310481416864e-09,1,6.387310481416864e-09,0,0,0
2763,2764,-1.96820629698498e-08,6.7658006292937644e-09,1,6.7658006292937644e-09,0,0,0
2763,2827,2.6606330389971548e-09,1.1299413517326474e-09,1,1.1299413517326474e-09,0,0,0
2763,2828,-5.6514151481840749e-41,3.2294119863164555e-25,1,3.2294119863164555e-25,0,0,0
2763,2829,-4.92051574246245e-09,2.2931637072981843e-09,1,2.2931637072981843e-09,0,0,0
2764,2765,-6.1504617112622704e-09,2.2123536095806842e-09,1,2.2123536095806842e-09,0,0,0
2764,2828,1.0421214442756247e-09,2.4774699176997138e-10,1,2.4774699176997138e-10,0,0,0
2764,2829,0,1.0020543561163501e-25,1,1.0020543561163501e-25,0,0,0
2764,2830,-1.5376154278155672e-09,7.2209484468196871e-10,1,7.2209484468196871e-10,0,0,0
2765,2766,-1.7257544921009016e-09,6.4740524846268419e-10,1,6.4740524846268419e-10,0,0,0
2765,2829,3.3418832786608104e-10,4.8625147579572194e-11,1,4.8625147579572194e-11,0,0,0
2765,2830,3.5321344676150468e-42,2.8145226530517846e-26,1,2.8145226530517846e-26,0,0,0
2765,2831,-4.3143862302522539e-10,2.0403501696993133e-10,1,2.0403501696993133e-10,0,0,0
2766,2767,-4.3094399517553339e-10,1.685462072555165e-10,1,1.685462072555165e-10,0,0,0
2766,2830,9.3425738451629838e-11,7.155130171126756e-12,1,7.155130171126756e-12,0,0,0
2766,2831,8.830336169037617e-43,7.0249980589787703e-27,1,7.0249980589787703e-27,0,0,0
2766,2832,-1.0773599879388335e-10,5.1264214058302296e-11,1,5.1264214058302296e-11,0,0,0
2767,2768,-9.3851580664500383e-11,3.8155918452794857e-11,1,3.8155918452794857e-11,0,0,0
2767,2831,2.3368589085362702e-11,4.7153040381193772e-14,1,4.7153040381193772e-14,0,0,0
2767,2832,-2.2075840422594042e-43,1.5200611177140525e-27,1,1.5200611177140525e-27,0,0,0
2767,2833,-2.3462895166125099e-11,1.1223874508805011e-11,1,1.1223874508805011e-11,0,0,0
2768,2769,-1.7539743758910662e-11,7.3754635486166129e-12,1,7.3754635486166129e-12,0,0,0
2768,2832,5.2075706772787418e-12,-4.1131736877553815e-13,1,-4.1131736877553815e-13,0,0,0
2768,2833,5.5189601056485106e-44,2.8059136607632634e-28,1,2.8059136607632634e-28,0,0,0
2768,2834,-4.3849359397276654e-12,2.1074218923502654e-12,1,2.1074218923502654e-12,0,0,0
2769,2770,-2.7888166616774379e-12,1.2063977922098332e-12,1,1.2063977922098332e-12,0,0,0
2769,2833,1.0151461485150763e-12,-1.5897099154785835e-13,1,-1.5897099154785835e-13,0,0,0
2769,2834,0,4.3890891787042676e-29,1,4.3890891787042676e-29,0,0,0
2769,2835,-6.9720416541935947e-13,3.3649404567629526e-13,1,3.3649404567629526e-13,0,0,0
2770,2771,-3.7602107725777172e-13,1.6652917915335855e-13,1,1.6652917915335855e-13,0,0,0
2770,2834,1.7009215502713528e-13,-3.8043442856346189e-14,1,-3.8043442856346189e-14,0,0,0
2770,2835,-8.6233751650757978e-46,5.8111178575521087e-30,1,5.8111178575521087e-30,0,0,0
2770,2836,-9.4005269314442931e-14,4.5547102858170007e-14,1,4.5547102858170007e-14,0,0,0
2771,2772,-4.2962718951054636e-14,1.9401860079126265e-14,1,1.9401860079126265e-14,0,0,0
2771,2835,2.421607406676907e-14,-6.737697164502704e-15,1,-6.737697164502704e-15,0,0,0
2771,2836,1.0779218956344747e-46,6.5194650841710771e-31,1,6.5194650841710771e-31,0,0,0
2771,2837,-1.0740679737763659e-14,5.2231135146133879e-15,1,5.2231135146133879e-15,0,0,0
2772,2773,-4.1589987928021098e-15,1.9091007622601449e-15,1,1.9091007622601449e-15,0,0,0
2772,2836,2.9110635981029116e-15,-9.3565694995119205e-16,1,-9.3565694995119205e-16,0,0,0
2772,2837,0,6.2058440858129453e-32,1,6.2058440858129453e-32,0,0,0
2772,2838,-1.0397496982005275e-15,5.073784155574074e-16,1,5.073784155574074e-16,0,0,0
2773,2774,-3.4079726828181952e-16,1.5861173878597453e-16,1,1.5861173878597453e-16,0,0,0
2773,2837,2.9445270853688576e-16,-1.0462669573321542e-16,1,-1.0462669573321542e-16,0,0,0
2773,2838,0,5.0131940253002867e-33,1,5.0131940253002867e-33,0,0,0
2773,2839,-8.5199317070454879e-17,4.1712643719581366e-17,1,4.1712643719581366e-17,0,0,0
2774,2775,-2.3573790709870468e-17,1.1102418055221961e-17,1,1.1102418055221961e-17,0,0,0
2774,2838,2.4992867085712598e-17,-9.5497097041224909e-18,1,-9.5497097041224909e-18,0,0,0
2774,2839,-5.2632905060277086e-50,3.4301045721902878e-34,1,3.4301045721902878e-34,0,0,0
2774,2840,-5.8934476774676163e-18,2.8943536587411847e-18,1,2.8943536587411847e-18,0,0,0
2775,2776,-1.3689545994265487e-18,6.5142629358817156e-19,1,6.5142629358817156e-19,0,0,0
2775,2839,1.7740296312921487e-18,-7.1589549071775584e-19,1,-7.1589549071775584e-19,0,0,0
2775,2840,3.2895565662673179e-51,1.9775705229323722e-35,1,1.9775705229323722e-35,0,0,0
2775,2841,-3.4223864985663717e-19,1.6856960732015263e-19,1,1.6856960732015263e-19,0,0,0
2776,2777,-6.6102012250205303e-20,3.1744298676921583e-20,1,3.1744298676921583e-20,0,0,0
2776,2840,1.0474035998524768e-19,-4.4107428461348176e-20,1,-4.4107428461348176e-20,0,0,0
2776,2841,2.0559728539170737e-52,9.5141127028515658e-37,1,9.5141127028515658e-37,0,0,0
2776,2842,-1.6525503062551329e-20,8.1617837135790541e-21,1,8.1617837135790541e-21,0,0,0
2777,2778,-2.6134148963621408e-21,1.2654151348744756e-21,1,1.2654151348744756e-21,0,0,0
2777,2841,5.0994352163318087e-21,-2.2230407461206368e-21,1,-2.2230407461206368e-21,0,0,0
2777,2842,0,3.7588106685303009e-38,1,3.7588106685303009e-38,0,0,0
2777,2843,-6.5335372409053519e-22,3.2349509959342359e-22,1,3.2349509959342359e-22,0,0,0
2778,2779,-8.2584626613189474e-23,4.02882065335734e-23,1,4.02882065335734e-23,0,0,0
2778,2842,2.0193563539322057e-22,-9.0644739369961595e-23,1,-9.0644739369961595e-23,0,0,0
2778,2843,-2.0077859901533923e-55,1.1892679965493938e-39,1,1.1892679965493938e-39,0,0,0
2778,2844,-2.0646156653297368e-23,1.0246061698833996e-23,1,1.0246061698833996e-23,0,0,0
2779,2780,-2.0082135460426706e-24,9.864601172314818e-25,1,9.864601172314818e-25,0,0,0
2779,2843,6.3635249036880261e-24,-2.9307357585886792e-24,1,-2.9307357585886792e-24,0,0,0
2779,2844,6.2743312192293509e-57,2.8978497175310304e-41,1,2.8978497175310304e-41,0,0,0
2779,2845,-5.0205338651066766e-25,2.4967844604682691e-25,1,2.4967844604682691e-25,0,0,0
2780,2781,-3.5293311579706936e-26,1.7447237074651154e-26,1,1.7447237074651154e-26,0,0,0
2780,2844,1.5403325562937585e-25,-7.2604963867224559e-26,1,-7.2604963867224559e-26,0,0,0
2780,2845,-9.8036425300458607e-59,5.101613696417364e-43,1,5.101613696417364e-43,0,0,0
2780,2846,-8.8233278949267339e-27,4.3964457082205904e-27,1,4.3964457082205904e-27,0,0,0
2781,2782,-3.9883743040462623e-28,1.9833156131627042e-28,1,1.9833156131627042e-28,0,0,0
2781,2845,2.6964944170138145e-27,-1.2983925297063289e-27,1,-1.2983925297063289e-27,0,0,0
2781,2846,7.6590957265983287e-61,5.7681259032164724e-45,1,5.7681259032164724e-45,0,0,0
2781,2847,-9.9709357601156558e-29,4.9771471180145829e-29,1,4.9771471180145829e-29,0,0,0
2782,2783,-2.1743077720854366e-30,1.0871538860427183e-30,1,1.0871538860427183e-30,0,0,0
2782,2846,3.0436478485551753e-29,-1.4946450771265198e-29,1,-1.4946450771265198e-29,0,0,0
2782,2847,0,3.1405020430567895e-47,1,3.1405020430567895e-47,0,0,0
2782,2848,-5.4357694302135916e-31,2.7178847151067958e-31,1,2.7178847151067958e-31,0,0,0
2783,2784,0,-0,1,-0,0,0,0
2783,2847,1.6641524086491031e-31,-8.3207620432455157e-32,1,-8.3207620432455157e-32,0,0,0
2783,2848,0,-0,1,-0,0,0,0
2783,2849,0,-0,1,-0,0,0,0
2784,2785,0,-0,1,-0,0,0,0
2784,2848,0,-0,1,-0,0,0,0
2784,2849,0,-0,1,-0,0,0,0
2784,2850,0,-0,1,-0,0,0,0
2785,2786,0,-0,1,-0,0,0,0
2785,2849,0,-0,1,-0,0,0,0
2785,2850,0,-0,1,-0,0,0,0
2785,2851,0,-0,1,-0,0,0,0
2786,2787,0,-0,1,-0,0,0,0
2786,2850,0,-0,1,-0,0,0,0
2786,2851,0,-0,1,-0,0,0,0
2786,2852,0,-0,1,-0,0,0,0
2787,2788,0,-0,1,-0,0,0,0
2787,2851,0,-0,1,-0,0,0,0
2787,2852,0,-0,1,-0,0,0,0
2787,2853,0,-0,1,-0,0,0,0
2788,2789,0,-0,1,-0,0,0,0
2788,2852,0,-0,1,-0,0,0,0
2788,2853,0,-0,1,-0,0,0,0
2788,2854,0,-0,1,-0,0,0,0
2789,2790,0,-0,1,-0,0,0,0
2789,2853,0,-0,1,-0,0,0,0
2789,2854,0,-0,1,-0,0,0,0
2789,2855,0,-0,1,-0,0,0,0
2790,2791,0,-0,1,-0,0,0,0
2790,2854,0,-0,1,-0,0,0,0
2790,2855,0,-0,1,-0,0,0,0
2790,2856,0,-0,1,-0,0,0,0
2791,2792,0,-0,1,-0,0,0,0
2791,2855,0,-0,1,-0,0,0,0
2791,2856,0,-0,1,-0,0,0,0
2791,2857,0,-0,1,-0,0,0,0
2792,2793,0,-0,1,-0,0,0,0
2792,2856,0,-0,1,-0,0,0,0
2792,2857,0,-0,1,-0,0,0,0
2792,2858,0,-0,1,-0,0,0,0
2793,2794,0,-0,1,-0,0,0,0
2793,2857,0,-0,1,-0,0,0,0
2793,2858,0,-0,1,-0,0,0,0
2793,2859,0,-0,1,-0,0,0,0
2794,2858,0,-0,1,-0,0,0,0
2794,2859,0,-0,1,-0,0,0,0
2795,2796,0,-0,1,-0,0,0,0
2795,2860,0,-0,1,-0,0,0,0
2795,2861,0,-0,1,-0,0,0,0
2796,2797,0,-0,1,-0,0,0,0
2796,2860,0,-0,1,-0,0,0,0
2796,2861,0,-0,1,-0,0,0,0
2796,2862,0,-0,1,-0,0,0,0
2797,2798,0,-0,1,-0,0,0,0
2797,2861,0,-0,1,-0,0,0,0
2797,2862,0,-0,1,-0,0,0,0
2797,2863,0,-0,1,-0,0,0,0
2798,2799,0,-0,1,-0,0,0,0
2798,2862,0,-0,1,-0,0,0,0
2798,2863,0,-0,1,-0,0,0,0
2798,2864,0,-0,1,-0,0,0,0
2799,2800,0,-0,1,-0,0,0,0
2799,2863,0,-0,1,-0,0,0,0
2799,2864,0,-0,1,-0,0,0,0
2799,2865,0,-0,1,-0,0,0,0
2800,2801,0,-0,1,-0,0,0,0
2800,2864,0,-0,1,-0,0,0,0
2800,2865,0,-0,1,-0,0,0,0
2800,2866,0,-0,1,-0,0,0,0
2801,2802,0,-0,1,-0,0,0,0
2801,2865,0,-0,1,-0,0,0,0
2801,2866,0,-0,1,-0,0,0,0
2801,2867,0,-0,1,-0,0,0,0
2802,2803,0,-0,1,-0,0,0,0
2802,2866,0,-0,1,-0,0,0,0
2802,2867,0,-0,1,-0,0,0,0
2802,2868,0,-0,1,-0,0,0,0
2803,2804,0,-0,1,-0,0,0,0
2803,2867,0,-0,1,-0,0,0,0
2803,2868,0,-0,1,-0,0,0,0
2803,2869,0,-0,1,-0,0,0,0
2804,2805,0,-0,1,-0,0,0,0
2804,2868,0,-0,1,-0,0,0,0
2804,2869,0,-0,1,-0,0,0,0
2804,2870,0,-0,1,-0,0,0,0
2805,2806,0,-0,1,-0,0,0,0
2805,2869,0,-0,1,-0,0,0,0
2805,2870,0,-0,1,-0,0,0,0
2805,2871,0,-0,1,-0,0,0,0
2806,2807,0,-0,1,-0,0,0,0
2806,2870,0,-0,1,-0,0,0,0
2806,2871,0,-0,1,-0,0,0,0
2806,2872,0,-0,1,-0,0,0,0
2807,2808,0,-1.2025138630985908e-40,1.7348595369288494e-10,-2.0861926436857431e-50,0,0,0
2807,2871,0,-0,1,-0,0,0,0
2807,2872,0,-0,1,-0,0,0,0
2807,2873,0,-3.0062846575860234e-41,8.6749883155144518e-10,-2.6079484277669117e-50,0,0,0
2808,2809,-2.4050291517265624e-40,1.6669710673841302e-30,1.7348595369288494e-10,2.8919606540358221e-40,0,0,0
2808,2872,0,3.0062846577464771e-41,3.2501678544837007e-18,9.7709297560351332e-59,0,0,0
2808,2873,5.5727255868891907e-73,2.6720884825987298e-67,1.7348595369288494e-10,4.6356981875541444e-77,0,0,0
2808,2874,-6.0125693154929531e-41,-1.5788078954225872e-44,2.917985146164466e-11,-4.6069379874902913e-55,0,0,0
2809,2810,3.3339421345277576e-30,6.8106385171383124e-34,4.8051264231296976e-05,3.2725979097086168e-38,0,0,0
2809,2873,6.012572879316406e-41,-4.1674276684603255e-31,8.6749883155144518e-10,-3.615238632964496e-40,0,0,0
2809,2874,0,-6.9401612264771464e-47,2.917985146164466e-11,-2.0251287370846875e-57,0,0,0
2809,2875,8.3348553363193941e-31,-2.2866082639315074e-33,0.0032991072331643905,-7.5437658629499062e-36,0,0,0
2810,2811,3.3353042622312105e-30,-2.0948782839070587e-28,4.8051264231296976e-05,-1.0066154995242404e-32,0,0,0
2810,2874,6.0157311904706149e-41,-4.1691303280897677e-31,2.917985146164466e-11,-1.2165460369789728e-41,0,0,0
2810,2875,-4.76823586494769e-63,-4.0915175029020976e-49,4.8051264231296976e-05,-1.966025886389251e-53,0,0,0
2810,2876,8.3382606555779633e-31,-2.9240755321682064e-34,4.8051264231296976e-05,-1.405055260284848e-38,0,0,0
2811,2812,-4.1564035251918058e-28,-7.9829077944319206e-28,0.15325950281598411,-1.2234564796004805e-28,0,0,0
2811,2875,-8.2891231710407254e-31,5.2369500223449608e-29,0.077653175047535189,4.0666579680034659e-30,0,0,0
2811,2876,0,8.7216341965384768e-45,0.0034188891455850102,2.981830048630844e-47,0,0,0
2811,2877,-1.0391008812979515e-28,5.237070468697164e-29,1,5.237070468697164e-29,0,0,0
2812,2813,-2.0122219114055647e-27,-1.6533775142761609e-27,0.77263033423742156,-1.2774496214758274e-27,0,0,0
2812,2876,-8.3324125045130944e-31,2.5194435955092125e-28,0.0034188891455850102,8.6136983616001178e-31,0,0,0
2812,2877,0,4.195700446204039e-44,1,4.195700446204039e-44,0,0,0
2812,2878,-5.0305547785139118e-28,3.1861300823283155e-28,0.021023160612684215,6.6982524453692951e-30,0,0,0
2813,2814,-5.3189769399579138e-27,-2.4314617231024192e-25,0.11804167513180792,-2.8701381481388167e-26,0,0,0
2813,2877,-8.3132124414808902e-31,6.6528777811680977e-28,1,6.6528777811680977e-28,0,0,0
2813,2878,2.4509106325114652e-59,1.21895391580785e-43,0.021023160612684215,2.5626263951488784e-45,0,0,0
2813,2879,-1.3297442349894716e-27,7.3200446919480558e-28,0.0039239548910779297,2.8723525171878609e-30,0,0,0
2814,2815,-4.916113215604417e-25,-9.3154440689284013e-26,0.011552254808879812,-1.0761438354212904e-27,0,0,0
2814,2878,-1.3417053861427055e-28,6.1518500464362355e-26,0.021023160612684215,1.2933133159137782e-27,0,0,0
2814,2879,-1.5685828048073377e-57,1.0244896189185779e-41,0.0039239548910779297,4.0200510510141183e-44,0,0,0
2814,2880,-1.2290283039011042e-25,-1.8934336787814052e-26,0.36012100648031053,-6.8186524210647656e-27,0,0,0
2815,2816,-6.7792020293900811e-25,9.8245489060126275e-24,0.011552254808879812,1.1349569234455927e-25,0,0,0
2815,2879,-1.3426470340014025e-28,8.4807157719076291e-26,0.0039239548910779297,3.3277946133018682e-28,0,0,0
2815,2880,0,7.2513218504881908e-43,0.011552254808879812,8.3769117718037456e-45,0,0,0
2815,2881,-1.6948005073475246e-25,1.7019361973790477e-28,0.011552254808879812,1.9661200620578724e-30,0,0,0
2816,2817,1.8971177609086249e-23,-2.3992907112688206e-24,0.11553376004869367,-2.7719907732279151e-25,0,0,0
2816,2880,1.6077150396573826e-25,-2.4517829531186499e-24,0.36012100648031053,-8.8293854474835631e-25,0,0,0
2816,2881,-5.0194649753834807e-56,-4.0900067214412529e-40,0.055801206462487617,-2.2822730949610543e-41,0,0,0
2816,2882,4.7427944022715622e-24,-2.0180106517659377e-24,0.089433115125800156,-1.8047697894447411e-25,0,0,0
2817,2818,1.4172596186548706e-23,9.3116403040886231e-22,3.637069076811983e-11,3.386707900439686e-32,0,0,0
2817,2881,1.6913966349527683e-25,-1.8561443550662144e-24,0.055801206462487617,-1.0357509438123076e-25,0,0,0
2817,2882,0,-2.3617574128865784e-40,0.089433115125800156,-2.112193226058973e-41,0,0,0
2817,2883,3.5431490466371515e-24,-1.6910147091918617e-24,0.0094890582891084853,-1.604613714326141e-26,0,0,0
2818,2819,1.8765006570042733e-21,-4.7147755020410796e-24,3.637069076811983e-11,-1.7147964182584303e-34,0,0,0
2818,2882,-7.0677309873969674e-25,-2.3420919557616429e-22,3.637069076811983e-11,-8.5183502273507704e-33,0,0,0
2818,2883,0,-3.9049101004619147e-38,3.637069076811983e-11,-1.4202427774120804e-48,0,0,0
2818,2884,4.6912516425106831e-22,-1.0153543557273834e-24,3.637069076811983e-11,-3.6929139292224205e-35,0,0,0
2819,2820,1.8670709184655601e-21,-2.8482827367786016e-12,9.0044069175968429e-11,-2.5647096778320909e-22,0,0,0
2819,2883,-1.6111962825340529e-25,-2.3330332843589717e-22,9.0044069175968429e-11,-2.1007581044665607e-32,0,0,0
2819,2884,-5.1418144341584529e-54,2.7201494354126543e-41,3.3453945102582369e-09,9.0999729883115358e-50,0,0,0
2819,2885,4.6676777650004773e-22,-2.3608441937890316e-22,9.0044069175968429e-11,-2.1258001789922298e-32,0,0,0
2820,2821,-5.6965654716901321e-12,2.7789624205069075e-12,1,2.7789624205069075e-12,0,0,0
2820,2884,-4.6709457532116983e-22,7.1207068419481377e-13,3.3453945102582369e-09,2.3821573578211568e-21,0,0,0
2820,2885,0,1.1858359027370751e-28,3.5168895924687059e-07,4.170453944711752e-35,0,0,0
2820,2886,-1.424141367922533e-12,7.0989916070353068e-13,1,7.0989916070353068e-13,0,0,0
2821,2822,-1.3864063067631785e-13,6.9320316032406376e-14,0.0028847469645616082,1.9997157125693568e-16,0,0,0
2821,2885,5.4010611917083311e-24,1.7330078831839201e-14,3.5168895924687059e-07,6.0947973880357514e-21,0,0,0
2821,2886,0,2.5244066132141647e-30,1,2.5244066132141647e-30,0,0,0
2821,2887,-3.4660157669079462e-14,1.7330078910575279e-14,1,1.7330078910575279e-14,0,0,0
2822,2823,1.3884949136193047e-21,-6.375662735516396e-24,0.0028847469645616082,-1.8392173723349481e-26,0,0,0
2822,2886,4.3430465154716655e-15,-2.1715234312976967e-15,0.0028847469645616082,-6.2642956269104384e-18,0,0,0
2822,2887,-3.2124575842454276e-54,-1.6241394357856669e-38,0.0028847469645616082,-4.6852313074075056e-41,0,0,0
2822,2888,3.4712372840482617e-22,-1.5939157868708261e-24,0.0028847469645616082,-4.5980437279424432e-27,0,0,0
2823,2824,1.3757435303434676e-21,-6.068611392434974e-12,1.0214869694676761e-14,-6.1990074601354158e-26,0,0,0
2823,2887,-1.5207109486343804e-22,-9.593240108681496e-23,1.0214869694676761e-14,-9.7993697659928215e-37,0,0,0
2823,2888,0,-1.7151568038893078e-47,1.0214869694676761e-14,-1.752010325766754e-61,0,0,0
2823,2889,3.4393589703706803e-22,-6.5545860273776303e-23,1.0214869694676761e-14,-6.6954242172211495e-37,0,0,0
2824,2825,-1.2137222783495091e-11,-9.0949945328853722e-09,0.0042802522213540558,-3.8928870552585609e-11,0,0,0
2824,2888,-3.4393588258586689e-22,1.5171528481087435e-12,7.8143858603359779e-10,1.1855617764229422e-21,0,0,0
2824,2889,-5.5189601056485106e-44,2.5265670356597854e-28,1.1528936917131304e-12,2.9128631971025103e-40,0,0,0
2824,2890,-3.0343056958735511e-12,1.41125650711221e-12,0.0022114591074908177,3.1209360556589766e-15,0,0,0
2825,2826,-1.8202126288554241e-08,-6.6643693737097159e-10,1,-6.6643693737097159e-10,0,0,0
2825,2889,-2.1277630525979419e-22,2.2752657860693864e-09,1.1528936917131304e-12,2.6231395717301125e-21,0,0,0
2825,2890,-5.6514151481840749e-41,3.788902341420247e-25,0.0022114591074908177,8.3790025903270888e-28,0,0,0
2825,2891,-4.5505315721385603e-09,2.1029881868617268e-09,1,2.1029881868617268e-09,0,0,0
2826,2827,-1.9535000163296186e-08,4.4462340036537816e-09,1,4.4462340036537816e-09,0,0,0
2826,2890,2.1179268164914838e-13,2.4417691240711982e-09,0.0022114591074908177,5.3998725678171274e-12,0,0,0
2826,2891,0,3.7796389704766241e-25,1,3.7796389704766241e-25,0,0,0
2826,2892,-4.8837500408240464e-09,2.2681583974532983e-09,1,2.2681583974532983e-09,0,0,0
2827,2828,-1.0642532155988619e-08,3.2370231894430605e-09,1,3.2370231894430605e-09,0,0,0
2827,2891,3.4455519841510666e-10,1.1580389202910241e-09,1,1.1580389202910241e-09,0,0,0
2827,2892,0,1.9261257531264291e-25,1,1.9261257531264291e-25,0,0,0
2827,2893,-2.6606330389971548e-09,1.2438659221154263e-09,1,1.2438659221154263e-09,0,0,0
2828,2829,-4.168485777102499e-09,1.4158662328190875e-09,1,1.4158662328190875e-09,0,0,0
2828,2892,3.4743324591744886e-10,3.4734409917908794e-10,1,3.4734409917908794e-10,0,0,0
2828,2893,0,7.2377125085675529e-26,1,7.2377125085675529e-26,0,0,0
2828,2894,-1.0421214442756247e-09,4.9025363865610667e-10,1,4.9025363865610667e-10,0,0,0
2829,2830,-1.3367533114643237e-09,4.8152517882890232e-10,1,4.8152517882890232e-10,0,0,0
2829,2893,1.7290119476630224e-10,8.0643566549889414e-11,1,8.0643566549889414e-11,0,0,0
2829,2894,0,2.2696358201401963e-26,1,2.2696358201401963e-26,0,0,0
2829,2895,-3.3418832786608104e-10,1.5815178119180434e-10,1,1.5815178119180434e-10,0,0,0
2830,2831,-3.737029538065193e-10,1.4011429873253423e-10,1,1.4011429873253423e-10,0,0,0
2830,2894,6.1614166963411322e-11,1.5905785744109258e-11,1,1.5905785744109258e-11,0,0,0
2830,2895,0,6.2900495619708947e-27,1,6.2900495619708947e-27,0,0,0
2830,2896,-9.3425738451629825e-11,4.446206701460205e-11,1,4.446206701460205e-11,0,0,0
2831,2832,-9.3474356341450834e-11,3.6322036816167927e-11,1,3.6322036816167927e-11,0,0,0
2831,2895,1.7884765482472335e-11,2.7419118014451873e-12,1,2.7419118014451873e-12,0,0,0
2831,2896,0,1.5709920583531754e-27,1,1.5709920583531754e-27,0,0,0
2831,2897,-2.3368589085362708e-11,1.1179187205427815e-11,1,1.1179187205427815e-11,0,0,0
2832,2833,-2.0830282709114967e-11,8.3848490575273327e-12,1,8.3848490575273327e-12,0,0,0
2832,2896,4.5016044224257342e-12,3.529831274265039e-13,1,3.529831274265039e-13,0,0,0
2832,2897,0,3.4950009576192886e-28,1,3.4950009576192886e-28,0,0,0
2832,2898,-5.2075706772787418e-12,2.5028455402641531e-12,1,2.5028455402641531e-12,0,0,0
2833,2834,-4.0605845940603051e-12,1.6901079869758817e-12,1,1.6901079869758817e-12,0,0,0
2833,2897,1.0102146745070766e-12,2.4657370039997369e-15,1,2.4657370039997369e-15,0,0,0
2833,2898,0,6.7718043819495798e-29,1,6.7718043819495798e-29,0,0,0
2833,2899,-1.0151461485150763e-12,4.8991461274625821e-13,1,4.8991461274625821e-13,0,0,0
2834,2835,-6.8036862010854113e-13,2.9175216192073248e-13,1,2.9175216192073248e-13,0,0,0
2834,2898,2.0187959675043613e-13,-1.5893720861650424e-14,1,-1.5893720861650424e-14,0,0,0
2834,2899,0,1.1222292429050782e-29,1,1.1222292429050782e-29,0,0,0
2834,2900,-1.7009215502713528e-13,8.2392309930006231e-14,1,8.2392309930006231e-14,0,0,0
2835,2836,-9.6864296267076281e-14,4.2610020937332313e-14,1,4.2610020937332313e-14,0,0,0
2835,2899,3.5316923022559819e-14,-5.5504244778953743e-15,1,-5.5504244778953743e-15,0,0,0
2835,2900,-2.1558437912689495e-46,1.574452143630574e-30,1,1.574452143630574e-30,0,0,0
2835,2901,-2.421607406676907e-14,1.1770232167224946e-14,1,1.1770232167224946e-14,0,0,0
2836,2837,-1.1644254392411646e-14,5.233221779132051e-15,1,5.233221779132051e-15,0,0,0
2836,2900,5.3075351671228605e-15,-1.1982357845099741e-15,1,-1.1982357845099741e-15,0,0,0
2836,2901,0,1.8613892642103157e-31,1,1.8613892642103157e-31,0,0,0
2836,2902,-2.9110635981029116e-15,1.4194434841816142e-15,1,1.4194434841816142e-15,0,0,0
2837,2838,-1.1778108341475431e-15,5.3891968290234632e-16,1,5.3891968290234632e-16,0,0,0
2837,2901,6.7560973231917414e-16,-1.9057851189114417e-16,1,-1.9057851189114417e-16,0,0,0
2837,2902,0,1.8508201537803742e-32,1,1.8508201537803742e-32,0,0,0
2837,2903,-2.9445270853688576e-16,1.4401125687758736e-16,1,1.4401125687758736e-16,0,0,0
2838,2839,-9.9971468342850393e-17,4.64376749088409e-17,1,4.64376749088409e-17,0,0,0
2838,2902,7.2176629739683271e-17,-2.3591881326985338e-17,1,-2.3591881326985338e-17,0,0,0
2838,2903,-4.2106324048221669e-49,1.5456529642855719e-33,1,1.5456529642855719e-33,0,0,0
2838,2904,-2.4992867085712595e-17,1.2258924802341129e-17,1,1.2258924802341129e-17,0,0,0
2839,2840,-7.0961185251685946e-18,3.3385785426138018e-18,1,3.3385785426138018e-18,0,0,0
2839,2903,6.4301947817109971e-18,-2.328082575209424e-18,1,-2.328082575209424e-18,0,0,0
2839,2904,-1.3158226265069272e-50,1.0816448988663731e-34,1,1.0816448988663731e-34,0,0,0
2839,2905,-1.7740296312921487e-18,8.7256328669826028e-19,1,8.7256328669826028e-19,0,0,0
2840,2841,-4.1896143994099072e-19,1.9928184953783173e-19,1,1.9928184953783173e-19,0,0,0
2840,2904,4.750174810303375e-19,-1.8513856052254489e-19,1,-1.8513856052254489e-19,0,0,0
2840,2905,0,6.3147239179011898e-36,1,6.3147239179011898e-36,0,0,0
2840,2906,-1.0474035998524768e-19,5.165258370956036e-20,1,5.165258370956036e-20,0,0,0
2841,2842,-2.0397740865327235e-20,9.794999161877178e-21,1,9.794999161877178e-21,0,0,0
2841,2905,2.89030578956281e-20,-1.1901811339648149e-20,1,-1.1901811339648149e-20,0,0,0
2841,2906,0,3.0510949185531948e-37,1,3.0510949185531948e-37,0,0,0
2841,2907,-5.099435216331808e-21,2.5210325295745551e-21,1,2.5210325295745551e-21,0,0,0
2842,2843,-8.0774254157288226e-22,3.9114422097906505e-22,1,3.9114422097906505e-22,0,0,0
2842,2906,1.4351925661269616e-21,-6.1662846536687055e-22,1,-6.1662846536687055e-22,0,0,0
2842,2907,1.6062287921227138e-54,1.2037494185645142e-38,1,1.2037494185645142e-38,0,0,0
2842,2908,-2.0193563539322057e-22,1.000638258389014e-22,1,1.000638258389014e-22,0,0,0
2843,2844,-2.5454099614752104e-23,1.24189832961173e-23,1,1.24189832961173e-23,0,0,0
2843,2907,5.7370157182698041e-23,-2.5503316139505011e-23,1,-2.5503316139505011e-23,0,0,0
2843,2908,5.0194649753834807e-56,3.7932500376344045e-40,1,3.7932500376344045e-40,0,0,0
2843,2909,-6.3635249036880261e-24,3.1600423964730391e-24,1,3.1600423964730391e-24,0,0,0
2844,2845,-6.1613302251750341e-25,3.0267352242472409e-25,1,3.0267352242472409e-25,0,0,0
2844,2908,1.8079837154177823e-24,-8.2697522989420328e-25,1,-8.2697522989420328e-25,0,0,0
2844,2909,-1.5685828048073377e-57,9.2087291864795805e-42,1,9.2087291864795805e-42,0,0,0
2844,2910,-1.5403325562937585e-25,7.6640982087740468e-26,1,7.6640982087740468e-26,0,0,0
2845,2846,-1.0785977668055258e-26,5.3321158770565256e-27,1,5.3321158770565256e-27,0,0,0
2845,2909,4.3440110741948552e-26,-2.0371808162467372e-26,1,-2.0371808162467372e-26,0,0,0
2845,2910,0,1.6197068379177836e-43,1,1.6197068379177836e-43,0,0,0
2845,2911,-2.6964944170138145e-27,1.344064064466021e-27,1,1.344064064466021e-27,0,0,0
2846,2847,-1.2174591394220701e-28,6.0540126489373683e-29,1,6.0540126489373683e-29,0,0,0
2846,2910,7.5129145389488896e-28,-3.6042748770466862e-28,1,-3.6042748770466862e-28,0,0,0
2846,2911,0,1.8377125158102501e-45,1,1.8377125158102501e-45,0,0,0
2846,2912,-3.0436478485551753e-29,1.5195629742063619e-29,1,1.5195629742063619e-29,0,0,0
2847,2848,-6.6566096345964125e-31,3.3283048172982063e-31,1,3.3283048172982063e-31,0,0,0
2847,2911,8.3662880817727273e-30,-4.0999364204539084e-30,1,-4.0999364204539084e-30,0,0,0
2847,2912,-2.9918342682024721e-63,1.0091614164353435e-47,1,1.0091614164353435e-47,0,0,0
2847,2913,-1.6641524086491031e-31,8.3207620432455157e-32,1,8.3207620432455157e-32,0,0,0
2848,2849,0,-0,1,-0,0,0,0
2848,2912,4.5219001424513194e-32,-2.2609500712256597e-32,1,-2.2609500712256597e-32,0,0,0
2848,2913,0,-0,1,-0,0,0,0
2848,2914,0,-0,1,-0,0,0,0
2849,2850,0,-0,1,-0,0,0,0
2849,2913,0,-0,1,-0,0,0,0
2849,2914,0,-0,1,-0,0,0,0
2849,2915,0,-0,1,-0,0,0,0
2850,2851,0,-0,1,-0,0,0,0
2850,2914,0,-0,1,-0,0,0,0
2850,2915,0,-0,1,-0,0,0,0
2850,2916,0,-0,1,-0,0,0,0
2851,2852,0,-0,1,-0,0,0,0
2851,2915,0,-0,1,-0,0,0,0
2851,2916,0,-0,1,-0,0,0,0
2851,2917,0,-0,1,-0,0,0,0
2852,2853,0,-0,1,-0,0,0,0
2852,2916,0,-0,1,-0,0,0,0
2852,2917,0,-0,1,-0,0,0,0
2852,2918,0,-0,1,-0,0,0,0
2853,2854,0,-0,1,-0,0,0,0
2853,2917,0,-0,1,-0,0,0,0
2853,2918,0,-0,1,-0,0,0,0
2853,2919,0,-0,1,-0,0,0,0
2854,2855,0,-0,1,-0,0,0,0
2854,2918,0,-0,1,-0,0,0,0
2854,2919,0,-0,1,-0,0,0,0
2854,2920,0,-0,1,-0,0,0,0
2855,2856,0,-0,1,-0,0,0,0
2855,2919,0,-0,1,-0,0,0,0
2855,2920,0,-0,1,-0,0,0,0
2855,2921,0,-0,1,-0,0,0,0
2856,2857,0,-0,1,-0,0,0,0
2856,2920,0,-0,1,-0,0,0,0
2856,2921,0,-0,1,-0,0,0,0
2856,2922,0,-0,1,-0,0,0,0
2857,2858,0,-0,1,-0,0,0,0
2857,2921,0,-0,1,-0,0,0,0
2857,2922,0,-0,1,-0,0,0,0
2857,2923,0,-0,1,-0,0,0,0
2858,2859,0,-0,1,-0,0,0,0
2858,2922,0,-0,1,-0,0,0,0
2858,2923,0,-0,1,-0,0,0,0
2858,2924,0,-0,1,-0,0,0,0
2859,2923,0,-0,1,-0,0,0,0
2859,2924,0,-0,1,-0,0,0,0
2860,2861,0,-0,1,-0,0,0,0
2860,2925,0,-0,1,-0,0,0,0
2860,2926,0,-0,1,-0,0,0,0
2861,2862,0,-0,1,-0,0,0,0
2861,2925,0,-0,1,-0,0,0,0
2861,2926,0,-0,1,-0,0,0,0
2861,2927,0,-0,1,-0,0,0,0
2862,2863,0,-0,1,-0,0,0,0
2862,2926,0,-0,1,-0,0,0,0
2862,2927,0,-0,1,-0,0,0,0
2862,2928,0,-0,1,-0,0,0,0
2863,2864,0,-0,1,-0,0,0,0
2863,2927,0,-0,1,-0,0,0,0
2863,2928,0,-0,1,-0,0,0,0
2863,2929,0,-0,1,-0,0,0,0
2864,2865,0,-0,1,-0,0,0,0
2864,2928,0,-0,1,-0,0,0,0
2864,2929,0,-0,1,-0,0,0,0
2864,2930,0,-0,1,-0,0,0,0
2865,2866,0,-0,1,-0,0,0,0
2865,2929,0,-0,1,-0,0,0,0
2865,2930,0,-0,1,-0,0,0,0
2865,2931,0,-0,1,-0,0,0,0
2866,2867,0,-0,1,-0,0,0,0
2866,2930,0,-0,1,-0,0,0,0
2866,2931,0,-0,1,-0,0,0,0
2866,2932,0,-0,1,-0,0,0,0
2867,2868,0,-0,1,-0,0,0,0
2867,2931,0,-0,1,-0,0,0,0
2867,2932,0,-0,1,-0,0,0,0
2867,2933,0,-0,1,-0,0,0,0
2868,2869,0,-0,1,-0,0,0,0
2868,2932,0,-0,1,-0,0,0,0
2868,2933,0,-0,1,-0,0,0,0
2868,2934,0,-0,1,-0,0,0,0
2869,2870,0,-0,1,-0,0,0,0
2869,2933,0,-0,1,-0,0,0,0
2869,2934,0,-0,1,-0,0,0,0
2869,2935,0,-0,1,-0,0,0,0
2870,2871,0,-0,1,-0,0,0,0
2870,2934,0,-0,1,-0,0,0,0
2870,2935,0,-0,1,-0,0,0,0
2870,2936,0,-0,1,-0,0,0,0
2871,2872,0,-0,1,-0,0,0,0
2871,2935,0,-0,1,-0,0,0,0
2871,2936,0,-0,1,-0,0,0,0
2871,2937,0,-0,1,-0,0,0,0
2872,2873,0,-1.2025138630344094e-40,3.2501678544837007e-18,-3.9083719022054529e-58,0,0,0
2872,2936,0,-0,1,-0,0,0,0
2872,2937,0,-0,1,-0,0,0,0
2872,2938,0,1.0021466416018394e-59,3.8846931110444015e-18,3.8930321548869482e-77,0,0,0
2873,2874,-2.4050277260688187e-40,-6.3152322235045733e-44,2.917985146164466e-11,-1.8427753822765538e-54,0,0,0
2873,2937,0,3.0062846575860234e-41,1.6250839272591974e-17,4.8854648778089662e-58,0,0,0
2873,2938,0,5.0064696681440389e-57,3.8846931110444015e-18,1.9448598230491899e-74,0,0,0
2873,2939,-6.0125693151720468e-41,3.0062846575860234e-41,8.6749883155144518e-10,2.6079484277669117e-50,0,0,0
2874,2875,-2.4062903203444547e-40,1.6578246343284672e-30,2.917985146164466e-11,4.8375076579160049e-41,0,0,0
2874,2938,0,3.007863465641899e-41,3.8846931110444015e-18,1.1684626483941224e-58,0,0,0
2874,2939,0,5.0090989117266852e-57,2.917985146164466e-11,1.461647622008706e-67,0,0,0
2874,2940,-6.015726931283798e-41,-4.6233735313148814e-45,7.2210007650250052e-10,-3.338538380662112e-54,0,0,0
2875,2876,3.3156492684163056e-30,8.6578666945725786e-33,0.0034188891455850102,2.9600286465996162e-35,0,0,0
2875,2939,0,-4.144561585520382e-31,3.3934424830890002e-09,-1.4064331358083569e-39,0,0,0
2875,2940,0,-6.9020815493335e-47,7.2210007650250052e-10,-4.9839936148002179e-56,0,0,0
2875,2941,8.289123171040764e-31,-4.1445615858212145e-31,0.077653175047535189,-3.2183836631906482e-32,0,0,0
2876,2877,3.3329650018054508e-30,-3.8400126064494368e-33,0.0034188891455850102,-1.3128577419099582e-35,0,0,0
2876,2940,6.0166474240819042e-41,-4.166206252557646e-31,7.2210007650250052e-10,-3.0084178536970723e-40,0,0,0
2876,2941,0,-6.9381271603901862e-47,0.0034188891455850102,-2.3720687639346558e-49,0,0,0
2876,2942,8.3324125045136251e-31,-4.0659178958493361e-31,0.0034188891455850102,-1.3900922560959139e-33,0,0,0
2877,2878,3.3252849765925768e-30,2.6667843474024756e-28,0.021023160612684215,5.6064235654834507e-30,0,0,0
2877,2941,6.0166528136913823e-41,-4.1566062210415219e-31,0.95251863834461814,-3.9592448978012391e-31,0,0,0
2877,2942,0,-6.7551262322716165e-47,0.017809252078768167,-1.2030374589442465e-48,0,0,0
2877,2943,8.3132124414813789e-31,-4.1477063613514794e-31,0.0028117702557940625,-1.1662397376615909e-33,0,0,0
2878,2879,5.3668215445708775e-28,1.8832957173552221e-31,0.0039239548910779297,7.3899674414621418e-34,0,0,0
2878,2942,-2.0057671281499943e-32,-6.7075240471495211e-29,0.017809252078768167,-1.1945598658008507e-30,0,0,0
2878,2943,1.5318191453196657e-60,-1.1171793377262112e-44,0.0028117702557940625,-3.1412516322062701e-47,0,0,0
2878,2944,1.3417053861427196e-28,-2.4166988306471135e-32,0.021023160612684215,-5.0806647669180395e-34,0,0,0
2879,2880,5.3705881360050452e-28,-3.2181153733827731e-25,0.0039239548910779297,-1.262773955943841e-27,0,0,0
2879,2943,-1.7799718778421424e-33,-6.7131461714130933e-29,0.0028117702557940625,-1.8875824727577123e-31,0,0,0
2879,2944,0,-1.1865405531500126e-47,0.0039239548910779297,-4.6559316069953037e-50,0,0,0
2879,2945,1.3426470340013972e-28,8.4940829143633817e-34,0.0050708267401241205,4.3072022774985256e-36,0,0,0
2880,2881,-6.4308601586295415e-25,-1.6736319059076188e-26,0.055801206462487617,-9.3390679523757677e-28,0,0,0
2880,2944,-1.3412220463766648e-28,8.04528130851881e-26,0.0083436663669442124,6.7127143066493315e-28,0,0,0
2880,2945,-1.5685828048073377e-57,1.3398096829316422e-41,0.0050708267401241205,6.793942766886991e-44,0,0,0
2880,2946,-1.6077150396573856e-25,5.5667849532405192e-26,0.36012100648031053,2.0047162002204243e-26,0,0,0
2881,2882,-6.765586539811064e-25,1.7518255244699258e-24,0.055801206462487617,9.7753977777201982e-26,0,0,0
2881,2945,-1.3426640221673473e-28,8.4636964948746686e-26,0.0050708267401241205,4.2917938506505264e-28,0,0,0
2881,2946,0,9.9673484960939748e-42,0.055801206462487617,5.5619007131410536e-43,0,0,0
2881,2947,-1.6913966349527662e-25,6.661676807576046e-26,0.055801206462487617,3.7172960292591634e-27,0,0,0
2882,2883,2.8270923949587447e-24,-1.0913069409725153e-24,0.0094890582891084853,-1.035547517419687e-26,0,0,0
2882,2946,4.9435804900928144e-26,-3.7810445182030717e-25,1,-3.7810445182030717e-25,0,0,0
2882,2947,0,-6.1840468253147236e-41,1,-6.1840468253147236e-41,0,0,0
2882,2948,7.0677309873968618e-25,-2.8420183562788481e-25,0.020961476191531353,-5.9572900111034144e-27,0,0,0
2883,2884,6.4447851301373695e-25,9.3386667182272009e-22,3.3453945102582369e-09,3.1241524372288582e-30,0,0,0
2883,2947,3.5906127343755705e-26,-9.8512877798592101e-26,1,-9.8512877798592101e-26,0,0,0
2883,2948,-1.1764371036055033e-57,-1.8943347531867819e-42,0.020961476191531353,-3.9708052827715148e-44,0,0,0
2883,2949,1.611196282534285e-25,-1.1762314324797276e-25,1,-1.1762314324797276e-25,0,0,0
2884,2885,1.8683778221584542e-21,-9.4499103559474425e-22,3.3453945102582369e-09,-3.1613678227219037e-30,0,0,0
2884,2948,-1.383694274839406e-25,-2.334780430560648e-22,3.3453945102582369e-09,-7.8107616350559542e-31,0,0,0
2884,2949,0,-3.889959872531625e-38,3.3453945102582369e-09,-1.3013450402692129e-46,0,0,0
2884,2950,4.6709445553961354e-22,-2.3364251186747898e-22,3.3453945102582369e-09,-7.8162637656440909e-31,0,0,0
2885,2886,-2.1604248650456243e-23,-8.6860930201412063e-15,3.5168895924687059e-07,-3.0548030141749679e-21,0,0,0
2885,2949,7.4126658242517156e-26,2.6634677997580506e-24,1,2.6634677997580506e-24,0,0,0
2885,2950,0,4.3386078583237233e-40,5.0296691194436019e-06,2.1821761966386173e-45,0,0,0
2885,2951,-5.4010622577586184e-24,2.6052468581610032e-24,1,2.6052468581610032e-24,0,0,0
2886,2887,-1.7372186061886659e-14,8.6860933350855197e-15,1,8.6860933350855197e-15,0,0,0
2886,2950,1.9056840568107691e-25,2.1715232576405482e-15,5.0296691194436019e-06,1.0922043471108239e-20,0,0,0
2886,2951,-5.3896094781723736e-47,3.616312678712346e-31,1,3.616312678712346e-31,0,0,0
2886,2952,-4.3430465154716647e-15,2.1715232579102704e-15,1,2.1715232579102704e-15,0,0,0
2887,2888,6.0828437945375216e-22,3.8372960393529294e-22,7.8143858603359779e-10,2.9986111911842784e-31,0,0,0
2887,2951,1.9056854143661189e-25,-7.6130831702437325e-23,1,-7.6130831702437325e-23,0,0,0
2887,2952,0,-1.2633412523104565e-38,1,-1.2633412523104565e-38,0,0,0
2887,2953,1.5207109486343804e-22,-1.1510313968600754e-23,1,-1.1510313968600754e-23,0,0,0
2888,2889,1.3757435873243379e-21,-2.6218344068313831e-22,7.8143858603359779e-10,-2.0488025716885527e-31,0,0,0
2888,2952,-3.4887637951416238e-25,-1.717935102257852e-22,7.8143858603359779e-10,-1.3424607772058601e-31,0,0,0
2888,2953,0,-1.7892806395262813e-38,7.8143858603359779e-10,-1.3982129329687089e-47,0,0,0
2888,2954,3.4393589683108446e-22,-6.5545860170784578e-23,7.8143858603359779e-10,-5.1220064292213817e-32,0,0,0
2889,2890,8.5137670181563748e-22,-4.2358536372395095e-13,1.1528936917131304e-12,-4.8834889373935493e-25,0,0,0
2889,2953,-1.2905046692623652e-22,-4.1896854781639413e-23,1.1528936917131304e-12,-4.8302619580373185e-35,0,0,0
2889,2954,0,-0,1,-0,0,0,0
2889,2955,2.1284417648951533e-22,-4.6208109425769464e-28,1.1528936917131304e-12,-5.3273037862959658e-40,0,0,0
2890,2891,-8.4717072659659351e-13,-6.8868681146691536e-10,0.0022114591074908177,-1.5230027214273217e-12,0,0,0
2890,2954,-2.1284417545390937e-22,1.0589634093098774e-13,3.4110622681981304e-08,3.6121901288993756e-21,0,0,0
2890,2955,0,1.7635283388770631e-29,5.0886283841543018e-13,8.9739403614703093e-42,0,0,0
2890,2956,-2.1179268164913131e-13,8.9724155247423558e-14,0.0036999222515116761,3.3197239849803054e-16,0,0,0
2891,2892,-1.3782207936604275e-09,-5.7560950046840443e-12,1,-5.7560950046840443e-12,0,0,0
2891,2955,-2.128399345376829e-22,1.7227759920765983e-10,5.0886283841543018e-13,8.7665668128205651e-23,0,0,0
2891,2956,0,2.8687290380187642e-26,0.0036999222515116761,1.061407440132331e-28,0,0,0
2891,2957,-3.4455519841510682e-10,1.612402244578803e-10,1,1.612402244578803e-10,0,0,0
2892,2893,-1.3897329836697954e-09,3.4906410230229329e-10,1,3.4906410230229329e-10,0,0,0
2892,2956,3.2344371154286343e-14,1.7370045077314728e-10,0.0036999222515116761,6.426781629131761e-13,0,0,0
2892,2957,3.5321344676150468e-42,2.7091537048559939e-26,1,2.7091537048559939e-26,0,0,0
2892,2958,-3.4743324591744886e-10,1.63738857728381e-10,1,1.63738857728381e-10,0,0,0
2893,2894,-6.9160477906520863e-10,2.2257405560578172e-10,1,2.2257405560578172e-10,0,0,0
2893,2957,2.20747494993462e-11,7.5413222633477997e-11,1,7.5413222633477997e-11,0,0,0
2893,2958,1.7660672338075234e-42,1.2735284852151315e-26,1,1.2735284852151315e-26,0,0,0
2893,2959,-1.7290119476630218e-10,8.1950042630419636e-11,1,8.1950042630419636e-11,0,0,0
2894,2895,-2.4645666785364524e-10,8.7458802961877948e-11,1,8.7458802961877948e-11,0,0,0
2894,2958,1.9955530460686816e-11,2.082931825136225e-11,1,2.082931825136225e-11,0,0,0
2894,2959,0,4.3809170839305486e-27,1,4.3809170839305486e-27,0,0,0
2894,2960,-6.161416696341131e-11,2.9348129466454695e-11,1,2.9348129466454695e-11,0,0,0
2895,2896,-7.1539061929889329e-11,2.6766322120093198e-11,1,2.6766322120093198e-11,0,0,0
2895,2959,9.0011095054629208e-12,4.4418279885047065e-12,1,4.4418279885047065e-12,0,0,0
2895,2960,2.2075840422594042e-43,1.2462412312095121e-27,1,1.2462412312095121e-27,0,0,0
2895,2961,-1.7884765482472332e-11,8.5583253439286624e-12,1,8.5583253439286624e-12,0,0,0
2896,2897,-1.8006417689702937e-11,6.9827794958373153e-12,1,6.9827794958373153e-12,0,0,0
2896,2960,2.9179080305019221e-12,7.9184819596190627e-13,1,7.9184819596190627e-13,0,0,0
2896,2961,0,3.108754610246007e-28,1,3.108754610246007e-28,0,0,0
2896,2962,-4.5016044224257342e-12,2.1634956377841427e-12,1,2.1634956377841427e-12,0,0,0
2897,2898,-4.040858698028307e-12,1.6166701555132811e-12,1,1.6166701555132811e-12,0,0,0
2897,2961,7.6811479461500836e-13,1.2104993994603412e-13,1,1.2104993994603412e-13,0,0,0
2897,2962,0,6.9577804155642858e-29,1,6.9577804155642858e-29,0,0,0
2897,2963,-1.0102146745070768e-12,4.8746877231135902e-13,1,4.8746877231135902e-13,0,0,0
2898,2899,-8.075183870017446e-13,3.3312534745575269e-13,1,3.3312534745575269e-13,0,0,0
2898,2962,1.7461314685744917e-13,1.3633224946493498e-14,1,1.3633224946493498e-14,0,0,0
2898,2963,-1.7246750330151596e-45,1.3872442100555174e-29,1,1.3872442100555174e-29,0,0,0
2898,2964,-2.0187959675043613e-13,9.7771171123329624e-14,1,9.7771171123329624e-14,0,0,0
2899,2900,-1.4126769209023928e-13,6.001877571087392e-14,1,6.001877571087392e-14,0,0,0
2899,2963,3.5277129884358736e-14,1.9896569100539907e-17,1,1.9896569100539907e-17,0,0,0
2899,2964,-4.3116875825378989e-46,2.4130421426668231e-30,1,2.4130421426668231e-30,0,0,0
2899,2965,-3.5316923022559819e-14,1.716071015214833e-14,1,1.716071015214833e-14,0,0,0
2900,2901,-2.1230140668491442e-14,9.263850869607372e-15,1,9.263850869607372e-15,0,0,0
2900,2964,6.3372545037768768e-15,-5.1485966832700835e-16,1,-5.1485966832700835e-16,0,0,0
2900,2965,0,3.590488280741132e-31,1,3.590488280741132e-31,0,0,0
2900,2966,-5.3075351671228605e-15,2.5867744360618111e-15,1,2.5867744360618111e-15,0,0,0
2901,2902,-2.7024389292766966e-15,1.2068662051589818e-15,1,1.2068662051589818e-15,0,0,0
2901,2965,9.9550271826315608e-16,-1.5994649297199092e-16,1,-1.5994649297199092e-16,0,0,0
2901,2966,0,4.5099210809191081e-32,1,4.5099210809191081e-32,0,0,0
2901,2967,-6.7560973231917414e-16,3.3020750017749538e-16,1,3.3020750017749538e-16,0,0,0
2902,2903,-2.8870651895873304e-16,1.3149286991594455e-16,1,1.3149286991594455e-16,0,0,0
2902,2966,1.3398629499923731e-16,-3.0904832629777011e-17,1,-3.0904832629777011e-17,0,0,0
2902,2967,0,4.7446961172897832e-33,1,4.7446961172897832e-33,0,0,0
2902,2968,-7.2176629739683271e-17,3.5371164539495515e-17,1,3.5371164539495515e-17,0,0,0
2903,2904,-2.5720779126843985e-17,1.1910354601361318e-17,1,1.1910354601361318e-17,0,0,0
2903,2967,1.5194731964183279e-17,-4.3822685912361411e-18,1,-4.3822685912361411e-18,0,0,0
2903,2968,-5.2632905060277086e-50,4.1599175113083648e-34,1,4.1599175113083648e-34,0,0,0
2903,2969,-6.4301947817109971e-18,3.1592897822532131e-18,1,3.1592897822532131e-18,0,0,0
2904,2905,-1.90006992412135e-18,8.9222884626941882e-19,1,8.9222884626941882e-19,0,0,0
2904,2968,1.4343006606922386e-18,-4.7964158983095048e-19,1,-4.7964158983095048e-19,0,0,0
2904,2969,0,3.0259317037520417e-35,1,3.0259317037520417e-35,0,0,0
2904,2970,-4.750174810303375e-19,2.3396181575611436e-19,1,2.3396181575611436e-19,0,0,0
2905,2906,-1.156122315825124e-19,5.4935730659002289e-20,1,5.4935730659002289e-20,0,0,0
2905,2969,1.1161521720457065e-19,-4.1356079654471277e-20,1,-4.1356079654471277e-20,0,0,0
2905,2970,0,1.8159813967177357e-36,1,1.8159813967177357e-36,0,0,0
2905,2971,-2.89030578956281e-20,1.4269459269055767e-20,1,1.4269459269055767e-20,0,0,0
2906,2907,-5.7407702645078471e-21,2.7556448178885276e-21,1,2.7556448178885276e-21,0,0,0
2906,2970,7.0938495181087898e-21,-2.8293284759909139e-21,1,-2.8293284759909139e-21,0,0,0
2906,2971,-1.2849830336981711e-53,8.918309495984319e-38,1,8.918309495984319e-38,0,0,0
2906,2972,-1.435192566126962e-21,7.1016110648825939e-22,1,7.1016110648825939e-22,0,0,0
2907,2908,-2.2948062873079216e-22,1.1112434693456051e-22,1,1.1112434693456051e-22,0,0,0
2907,2971,3.6413935751656927e-22,-1.5338460016693561e-22,1,-1.5338460016693561e-22,0,0,0
2907,2972,0,3.5388195733999876e-39,1,3.5388195733999876e-39,0,0,0
2907,2973,-5.7370157182698041e-23,2.844876480365119e-23,1,2.844876480365119e-23,0,0,0
2908,2909,-7.2319348616711291e-24,3.5290872093516678e-24,1,3.5290872093516678e-24,0,0,0
2908,2972,1.4870353150443129e-23,-6.5311847175126723e-24,1,-6.5311847175126723e-24,0,0,0
2908,2973,1.2548662438458702e-56,1.1119073495453512e-40,1,1.1119073495453512e-40,0,0,0
2908,2974,-1.8079837154177823e-24,8.9834081517900237e-25,1,8.9834081517900237e-25,0,0,0
2909,2910,-1.7376044296779421e-25,8.5377638576107324e-26,1,8.5377638576107324e-26,0,0,0
2909,2973,4.7262757539566023e-25,-2.1459373232685584e-25,1,-2.1459373232685584e-25,0,0,0
2909,2974,3.9214570120183443e-58,2.6760282058755457e-42,1,2.6760282058755457e-42,0,0,0
2909,2975,-4.3440110741948552e-26,2.1623992909920636e-26,1,2.1623992909920636e-26,0,0,0
2910,2911,-3.0051658155795558e-27,1.4858503316262324e-27,1,1.4858503316262324e-27,0,0,0
2910,2974,1.1302085059777781e-26,-5.2753968029414462e-27,1,-5.2753968029414462e-27,0,0,0
2910,2975,6.1272765812786629e-60,4.6559966864279756e-44,1,4.6559966864279756e-44,0,0,0
2910,2976,-7.5129145389488887e-28,3.7460502683375715e-28,1,3.7460502683375715e-28,0,0,0
2911,2912,-3.3465152327090915e-29,1.6642138160696431e-29,1,1.6642138160696431e-29,0,0,0
2911,2975,1.9212492210728124e-28,-9.1879317012754257e-29,1,-9.1879317012754257e-29,0,0,0
2911,2976,0,5.2332204023549005e-46,1,5.2332204023549005e-46,0,0,0
2911,2977,-8.3662880817727273e-30,4.1777059678416059e-30,1,4.1777059678416059e-30,0,0,0
2912,2913,-1.8087600569805277e-31,9.0438002849026387e-32,1,9.0438002849026387e-32,0,0,0
2912,2976,2.0814002273745432e-30,-1.018090612975015e-30,1,-1.018090612975015e-30,0,0,0
2912,2977,-7.4795856705061804e-64,2.8596171543214582e-48,1,2.8596171543214582e-48,0,0,0
2912,2978,-4.5219001424513194e-32,2.2609500712256597e-32,1,2.2609500712256597e-32,0,0,0
2913,2914,0,-0,1,-0,0,0,0
2913,2977,1.087614608951482e-32,-5.4380730447574098e-33,1,-5.4380730447574098e-33,0,0,0
2913,2978,0,-0,1,-0,0,0,0
2913,2979,0,-0,1,-0,0,0,0
2914,2915,0,-0,1,-0,0,0,0
2914,2978,0,-0,1,-0,0,0,0
2914,2979,0,-0,1,-0,0,0,0
2914,2980,0,-0,1,-0,0,0,0
2915,2916,0,-0,1,-0,0,0,0
2915,2979,0,-0,1,-0,0,0,0
2915,2980,0,-0,1,-0,0,0,0
2915,2981,0,-0,1,-0,0,0,0
2916,2917,0,-0,1,-0,0,0,0
2916,2980,0,-0,1,-0,0,0,0
2916,2981,0,-0,1,-0,0,0,0
2916,2982,0,-0,1,-0,0,0,0
2917,2918,0,-0,1,-0,0,0,0
2917,2981,0,-0,1,-0,0,0,0
2917,2982,0,-0,1,-0,0,0,0
2917,2983,0,-0,1,-0,0,0,0
2918,2919,0,-0,1,-0,0,0,0
2918,2982,0,-0,1,-0,0,0,0
2918,2983,0,-0,1,-0,0,0,0
2918,2984,0,-0,1,-0,0,0,0
2919,2920,0,-0,1,-0,0,0,0
2919,2983,0,-0,1,-0,0,0,0
2919,2984,0,-0,1,-0,0,0,0
2919,2985,0,-0,1,-0,0,0,0
2920,2921,0,-0,1,-0,0,0,0
2920,2984,0,-0,1,-0,0,0,0
2920,2985,0,-0,1,-0,0,0,0
2920,2986,0,-0,1,-0,0,0,0
2921,2922,0,-0,1,-0,0,0,0
2921,2985,0,-0,1,-0,0,0,0
2921,2986,0,-0,1,-0,0,0,0
2921,2987,0,-0,1,-0,0,0,0
2922,2923,0,-0,1,-0,0,0,0
2922,2986,0,-0,1,-0,0,0,0
2922,2987,0,-0,1,-0,0,0,0
2922,2988,0,-0,1,-0,0,0,0
2923,2924,0,-0,1,-0,0,0,0
2923,2987,0,-0,1,-0,0,0,0
2923,2988,0,-0,1,-0,0,0,0
2923,2989,0,-0,1,-0,0,0,0
2924,2988,0,-0,1,-0,0,0,0
2924,2989,0,-0,1,-0,0,0,0
2925,2926,0,-0,1,-0,0,0,0
2925,2990,0,-0,1,-0,0,0,0
2925,2991,0,-0,1,-0,0,0,0
2926,2927,0,-0,1,-0,0,0,0
2926,2990,0,-0,1,-0,0,0,0
2926,2991,0,-0,1,-0,0,0,0
2926,2992,0,-0,1,-0,0,0,0
2927,2928,0,-0,1,-0,0,0,0
2927,2991,0,-0,1,-0,0,0,0
2927,2992,0,-0,1,-0,0,0,0
2927,2993,0,-0,1,-0,0,0,0
2928,2929,0,-0,1,-0,0,0,0
2928,2992,0,-0,1,-0,0,0,0
2928,2993,0,-0,1,-0,0,0,0
2928,2994,0,-0,1,-0,0,0,0
2929,2930,0,-0,1,-0,0,0,0
2929,2993,0,-0,1,-0,0,0,0
2929,2994,0,-0,1,-0,0,0,0
2929,2995,0,-0,1,-0,0,0,0
2930,2931,0,-0,1,-0,0,0,0
2930,2994,0,-0,1,-0,0,0,0
2930,2995,0,-0,1,-0,0,0,0
2930,2996,0,-0,1,-0,0,0,0
2931,2932,0,-0,1,-0,0,0,0
2931,2995,0,-0,1,-0,0,0,0
2931,2996,0,-0,1,-0,0,0,0
2931,2997,0,-0,1,-0,0,0,0
2932,2933,0,-0,1,-0,0,0,0
2932,2996,0,-0,1,-0,0,0,0
2932,2997,0,-0,1,-0,0,0,0
2932,2998,0,-0,1,-0,0,0,0
2933,2934,0,-0,1,-0,0,0,0
2933,2997,0,-0,1,-0,0,0,0
2933,2998,0,-0,1,-0,0,0,0
2933,2999,0,-0,1,-0,0,0,0
2934,2935,0,-0,1,-0,0,0,0
2934,2998,0,-0,1,-0,0,0,0
2934,2999,0,-0,1,-0,0,0,0
2934,3000,0,-0,1,-0,0,0,0
2935,2936,0,-0,1,-0,0,0,0
2935,2999,0,-0,1,-0,0,0,0
2935,3000,0,-0,1,-0,0,0,0
2935,3001,0,-0,1,-0,0,0,0
2936,2937,0,-0,1,-0,0,0,0
2936,3000,0,-0,1,-0,0,0,0
2936,3001,0,-0,1,-0,0,0,0
2936,3002,0,-0,1,-0,0,0,0
2937,2938,0,4.0085865664073575e-59,3.8846931110444015e-18,1.5572128619547793e-76,0,0,0
2937,3001,0,-0,1,-0,0,0,0
2937,3002,0,-0,1,-0,0,0,0
2937,3003,0,-0,1,-0,0,0,0
2938,2939,8.0171731328147132e-59,1.364644158295657e-60,1,1.364644158295657e-60,0,0,0
2938,3002,0,-1.0021466416018394e-59,0,-0,0,0,0
2938,3003,0,-1.6689094133357059e-75,0,-0,0,0,0
2938,3004,2.0042932832036787e-59,-1.0021466416018394e-59,3.8846931110444015e-18,-3.8930321548869482e-77,0,0,0
2939,2940,0,-1.2033303211980123e-40,7.2210007650250052e-10,-8.6892491699486323e-50,0,0,0
2939,3003,0,-1.0362627455592307e-59,0,-0,0,0,0
2939,3004,0,-1.7257241395217081e-75,1,-1.7257241395217081e-75,0,0,0
2939,3005,2.0725254911184613e-59,1.7145243790965229e-60,6.3835567841197653e-18,1.0944763731720337e-77,0,0,0
2940,2941,-2.4066606423960245e-40,-2.2364326587120598e-50,0.95251863834461814,-2.1302437908258453e-50,0,0,0
2940,3004,0,3.0083258029950306e-41,1.8904808067757781e-17,5.6871821910904361e-58,0,0,0
2940,3005,0,5.0098688580885717e-57,6.3835567841197653e-18,3.1980782336601643e-74,0,0,0
2940,3006,-6.0166516059900613e-41,3.0083258029950306e-41,7.2210007650250052e-10,2.1723122924871581e-50,0,0,0
2941,2942,-2.4066606538857235e-40,4.0115342683323604e-32,0.95251863834461814,3.8210611589447139e-32,0,0,0
2941,3005,0,3.0083258035541391e-41,6.3835567841197653e-18,1.920381859212057e-58,0,0,0
2941,3006,0,5.0098688590196738e-57,0.95251863834461814,4.7719934638785256e-57,0,0,0
2941,3007,-6.0166516071082783e-41,-2.401613212121979e-52,3.3801939561712272e-07,-8.1179184646756809e-59,0,0,0
2942,2943,8.0230685125981138e-32,-3.6555398807306647e-32,0.0028117702557940625,-1.0278538305507457e-34,0,0,0
2942,3006,0,-1.0028835640747642e-32,1.4023485512816764e-07,-1.4063923131844498e-39,0,0,0
2942,3007,0,-1.6701366407907824e-48,3.3801939561712272e-07,-5.6453857791811185e-55,0,0,0
2942,3008,2.0057671281495287e-32,-1.0028835670830901e-32,0.00029905073996138571,-2.9991307283131211e-36,0,0,0
2943,2944,7.1198875113133797e-33,2.6824084933156238e-28,0.0028117702557940625,7.5423164153942373e-31,0,0,0
2943,3007,6.0166516031345656e-41,-8.8998596900423899e-34,3.3801939561712272e-07,-3.008325193505322e-40,0,0,0
2943,3008,0,-1.4821243715727563e-49,0.00029905073996138571,-4.4323039003363654e-53,0,0,0
2943,3009,1.7799718778419621e-33,-8.8998596900418682e-34,5.3172871856048759e-06,-4.7323109883541009e-39,0,0,0
2944,2945,5.3648881855063598e-28,2.8839515812715207e-31,0.0050708267401241205,1.4624018795534867e-33,0,0,0
2944,3008,6.0156665151568768e-41,-6.7061102318859575e-29,0.00029905073996138571,-2.0054672271081154e-32,0,0,0
2944,3009,0,-1.1167916977671214e-44,5.3172871856048759e-06,-5.9383021835270282e-50,0,0,0
2944,3010,1.3412220463765899e-28,-1.56649626933544e-31,0.0083436663669442124,-1.3070322236397693e-33,0,0,0
2945,2946,5.3706560886688243e-28,-9.9140142606289759e-26,0.0050708267401241205,-5.0272248614769271e-28,0,0,0
2945,3009,6.0156665151568768e-41,-6.7133201108391368e-29,5.3172871856048759e-06,-3.5696650998228448e-34,0,0,0
2945,3010,-6.1033419071330433e-61,-3.80942638209534e-47,0.0050708267401241205,-1.9316941162863333e-49,0,0,0
2945,3011,1.3426640221672258e-28,1.6356899844175054e-29,0.3357799430357773,5.4923188979190139e-30,0,0,0
2946,2947,-1.9774321960371262e-25,2.7059355114344884e-26,1,2.7059355114344884e-26,0,0,0
2946,3010,-1.3380890538379055e-28,2.4784806903155975e-26,0.058810550654950028,1.4576081418512097e-27,0,0,0
2946,3011,0,4.13026155800244e-42,0.3357799430357773,1.3868589906689201e-42,0,0,0
2946,3012,-4.9435804900928155e-26,1.8456710817053345e-26,1,1.8456710817053345e-26,0,0,0
2947,2948,-1.4362450937502282e-25,3.4855110965534457e-25,1,3.4855110965534457e-25,0,0,0
2947,3011,-1.6698020190507382e-28,1.8036553772830393e-26,0.3357799430357773,6.0563129984027238e-27,0,0,0
2947,3012,-3.9214570120183443e-58,1.9470878307115908e-42,1,1.9470878307115908e-42,0,0,0
2947,3013,-3.5906127343755711e-26,1.6304987132319287e-26,1,1.6304987132319287e-26,0,0,0
2948,2949,5.5347770993566632e-25,-4.2499217145286727e-25,1,-4.2499217145286727e-25,0,0,0
2948,3012,1.2522383266821456e-26,-7.5445905375369015e-26,1,-7.5445905375369015e-26,0,0,0
2948,3013,1.5685828048073377e-57,-1.1796029200347762e-41,1,-1.1796029200347762e-41,0,0,0
2948,3014,1.3836942748391658e-25,-2.5372642587731986e-26,1,-2.5372642587731986e-26,0,0,0
2949,2950,-2.9650663297006807e-25,-2.32883074203715e-25,1,-2.32883074203715e-25,0,0,0
2949,3013,3.2961530791171443e-27,3.5415252581699946e-26,1,3.5415252581699946e-26,0,0,0
2949,3014,0,1.3468459726742853e-41,1,1.3468459726742853e-41,0,0,0
2949,3015,-7.412665824251703e-26,-9.5187802000798396e-27,1,-9.5187802000798396e-27,0,0,0
2950,2951,-7.6227278137749812e-25,-6.921844743023771e-31,5.0296691194436019e-06,-3.4814588753569697e-36,0,0,0
2950,3014,-8.7624142308452597e-26,1.3909616882641356e-25,1,1.3909616882641356e-25,0,0,0
2950,3015,1.5685828048073377e-57,8.1105103218207958e-42,1,8.1105103218207958e-42,0,0,0
2950,3016,-1.9056819534437453e-25,-2.1132649257693469e-31,5.0296691194436019e-06,-1.0629023338345359e-36,0,0,0
2951,2952,-7.6227416574644694e-25,1.0788898419015363e-24,1,1.0788898419015363e-24,0,0,0
2951,3015,9.3164218642676732e-26,4.8702161396967484e-26,1,4.8702161396967484e-26,0,0,0
2951,3016,1.254866543029297e-57,-6.3749628911325545e-48,1,-6.3749628911325545e-48,0,0,0
2951,3017,-1.9056854143661169e-25,4.4987440299025064e-32,1,4.4987440299025064e-32,0,0,0
2952,2953,1.3955055180566205e-24,2.5740318109344475e-22,1,2.5740318109344475e-22,0,0,0
2952,3016,1.9056861799735972e-25,-2.6972249875575807e-25,1,-2.6972249875575807e-25,0,0,0
2952,3017,0,-4.4917805389834233e-41,0.0015628646822669645,-7.0200451648712618e-44,0,0,0
2952,3018,3.4887637951415641e-25,-1.2551896636547074e-25,0.016368190823331109,-2.0545183934173044e-27,0,0,0
2953,2954,5.1620186770494607e-22,1.6758741912655765e-22,3.4110622681981304e-08,5.7165112200730645e-30,0,0,0
2953,3017,1.9056845146172798e-25,-6.4620517688849124e-23,0.0015628646822669645,-1.0099312484570994e-25,0,0,0
2953,3018,0,-1.0737463291786712e-38,0.016368190823331109,-1.7575284811847791e-40,0,0,0
2953,3019,1.2905046692623654e-22,-1.9456047535309947e-24,1,-1.9456047535309947e-24,0,0,0
2954,2955,8.5137670595806133e-22,-1.8483243770307786e-27,3.4110622681981304e-08,-6.3047495418805033e-35,0,0,0
2954,3018,-9.7838446783203066e-26,-1.0637316902136608e-22,3.4110622681981304e-08,-3.6284550319744404e-30,0,0,0
2954,3019,0,-7.3012362048214424e-39,3.4110622681981304e-08,-2.490497132946854e-46,0,0,0
2954,3020,2.1284417648951538e-22,-4.6208109407250908e-28,3.4110622681981304e-08,-1.5761873848384465e-35,0,0,0
2955,2956,8.5137301237386541e-22,-6.468874273425493e-14,5.0886283841543018e-13,-3.2917697241278498e-26,0,0,0
2955,3019,-1.2515925741917455e-22,-4.3841997454076149e-23,5.0886283841543018e-13,-2.2309563266283252e-35,0,0,0
2955,3020,1.2849830336981664e-54,3.083959280875611e-53,3.4831294593400026e-08,1.074182942262285e-60,0,0,0
2955,3021,2.1284325232732686e-22,-8.8224057811320288e-26,5.0886283841543018e-13,-4.4893944474395446e-38,0,0,0
2956,2957,-1.2937748461713742e-13,-4.4084810256383812e-11,0.0036999222515116761,-1.6311037042126462e-13,0,0,0
2956,3020,-2.1284325309346635e-22,1.6172185683563733e-14,3.4831294593400026e-08,5.632981637633747e-22,0,0,0
2956,3021,0,2.6932099356461761e-30,7.9610358907091666e-12,2.1440740958893732e-41,0,0,0
2956,3022,-3.234437115428421e-14,1.406918337821304e-14,0.0088618861533623708,1.2467950136850217e-16,0,0,0
2957,2958,-8.8298997997384776e-11,4.2384380773187548e-12,1,4.2384380773187548e-12,0,0,0
2957,3021,-2.12664954023489e-22,1.103737474977943e-11,7.9610358907091666e-12,8.7868936522201155e-23,0,0,0
2957,3022,0,1.8377419165561969e-27,0.0088618861533623708,1.6285859643782986e-29,0,0,0
2957,3023,-2.2074749499346194e-11,1.0439973995715181e-11,1,1.0439973995715181e-11,0,0,0
2958,2959,-7.9822121842747278e-11,2.1908841910447791e-11,1,2.1908841910447791e-11,0,0,0
2958,3022,4.2060043978599522e-15,9.9756622281444786e-12,0.0088618861533623708,8.8403182970213567e-14,0,0,0
2958,3023,0,1.5621444931588619e-27,1,1.5621444931588619e-27,0,0,0
2958,3024,-1.9955530460686819e-11,9.5083676537727183e-12,1,9.5083676537727183e-12,0,0,0
2959,2960,-3.6004438021851683e-11,1.2166402949921996e-11,1,1.2166402949921996e-11,0,0,0
2959,3023,1.1948015079158327e-12,3.9031539987735439e-12,1,3.9031539987735439e-12,0,0,0
2959,3024,0,6.7132252692849259e-28,1,6.7132252692849259e-28,0,0,0
2959,3025,-9.0011095054629208e-12,4.3097732806428945e-12,1,4.3097732806428945e-12,0,0,0
2960,2961,-1.1671632122007688e-11,4.299586471773827e-12,1,4.299586471773827e-12,0,0,0
2960,3024,9.3879515314137956e-13,9.8955643868027126e-13,1,9.8955643868027126e-13,0,0,0
2960,3025,2.7594800528242553e-44,2.1119315349244972e-28,1,2.1119315349244972e-28,0,0,0
2960,3026,-2.9179080305019221e-12,1.4027998829838057e-12,1,1.4027998829838057e-12,0,0,0
2961,2962,-3.0724591784600338e-12,1.1870032955151188e-12,1,1.1870032955151188e-12,0,0,0
2961,3025,3.8156294417713203e-13,1.9327592521893821e-13,1,1.9327592521893821e-13,0,0,0
2961,3026,-6.8987001320606383e-45,5.4606863204634135e-29,1,5.4606863204634135e-29,0,0,0
2961,3027,-7.6811479461500846e-13,3.7065484789039642e-13,1,3.7065484789039642e-13,0,0,0
2962,2963,-6.9845258742979658e-13,2.7867203394618084e-13,1,2.7867203394618084e-13,0,0,0
2962,3026,1.1230826453431044e-13,3.1152441161569361e-14,1,3.1152441161569361e-14,0,0,0
2962,3027,0,1.2307492360522108e-29,1,1.2307492360522108e-29,0,0,0
2962,3028,-1.7461314685744914e-13,8.4552531099928238e-14,1,8.4552531099928238e-14,0,0,0
2963,2964,-1.4110851953743497e-13,5.7879750761163717e-14,1,5.7879750761163717e-14,0,0,0
2963,3027,2.6805098834215652e-14,4.2360155250715455e-15,1,4.2360155250715455e-15,0,0,0
2963,3028,4.3116875825378989e-46,2.4787709573897497e-30,1,2.4787709573897497e-30,0,0,0
2963,3029,-3.5277129884358742e-14,1.7137063741237188e-14,1,1.7137063741237188e-14,0,0,0
2964,2965,-2.5349018015107504e-14,1.068350357102744e-14,1,1.068350357102744e-14,0,0,0
2964,3028,5.5080846575926546e-15,4.1458492309211093e-16,1,4.1458492309211093e-16,0,0,0
2964,3029,5.3896094781723736e-47,4.4416571270071623e-31,1,4.4416571270071623e-31,0,0,0
2964,3030,-6.3372545037768761e-15,3.0876076120195215e-15,1,3.0876076120195215e-15,0,0,0
2965,2966,-3.9820108730526235e-15,1.7230328465278372e-15,1,1.7230328465278372e-15,0,0,0
2965,3029,1.0030024018843551e-15,-3.7498418105995451e-18,1,-3.7498418105995451e-18,0,0,0
2965,3030,0,6.939977247255507e-32,1,6.939977247255507e-32,0,0,0
2965,3031,-9.9550271826315588e-16,4.8633742578122414e-16,1,4.8633742578122414e-16,0,0,0
2966,2967,-5.3594517999694922e-16,2.3758312607010805e-16,1,2.3758312607010805e-16,0,0,0
2966,3030,1.620392797378331e-16,-1.4026492369297892e-17,1,-1.4026492369297892e-17,0,0,0
2966,3031,0,9.2557984858629161e-33,1,9.2557984858629161e-33,0,0,0
2966,3032,-1.3398629499923731e-16,6.5622025141033859e-17,1,6.5622025141033859e-17,0,0,0
2967,2968,-6.0778927856733126e-17,2.7520862606982084e-17,1,2.7520862606982084e-17,0,0,0
2967,3031,2.2827866700707671e-17,-3.8165673682621939e-18,1,-3.8165673682621939e-18,0,0,0
2967,3032,0,1.0368778541614315e-33,1,1.0368778541614315e-33,0,0,0
2967,3033,-1.5194731964183279e-17,7.4596474749450942e-18,1,7.4596474749450942e-18,0,0,0
2968,2969,-5.7372026427689542e-18,2.6453708869753357e-18,1,2.6453708869753357e-18,0,0,0
2968,3032,2.742244717169574e-18,-6.5397202823866763e-19,1,-6.5397202823866763e-19,0,0,0
2968,3033,0,9.6494782697505072e-35,1,9.6494782697505072e-35,0,0,0
2968,3034,-1.4343006606922386e-18,7.0576313291168239e-19,1,7.0576313291168239e-19,0,0,0
2969,2970,-4.464608688182826e-19,2.0904273537292372e-19,1,2.0904273537292372e-19,0,0,0
2969,3033,2.7543701429309022e-19,-8.1910898544259796e-20,1,-8.1910898544259796e-20,0,0,0
2969,3034,0,7.3974844862792654e-36,1,7.3974844862792654e-36,0,0,0
2969,3035,-1.1161521720457065e-19,5.5042947735111737e-20,1,5.5042947735111737e-20,0,0,0
2970,2971,-2.8375398072435159e-20,1.345942032118444e-20,1,1.345942032118444e-20,0,0,0
2970,3034,2.2774394868873844e-20,-7.8402726753825265e-21,1,-7.8402726753825265e-21,0,0,0
2970,3035,-1.0279864269585368e-52,4.6334001500239082e-37,1,4.6334001500239082e-37,0,0,0
2970,3036,-7.0938495181087898e-21,3.5058126370258941e-21,1,3.5058126370258941e-21,0,0,0
2971,2972,-1.4565574300662771e-21,6.9853800873225237e-22,1,6.9853800873225237e-22,0,0,0
2971,3035,1.5293217343471728e-21,-5.8259118841530177e-22,1,-5.8259118841530177e-22,0,0,0
2971,3036,0,2.3474148746446988e-38,1,2.3474148746446988e-38,0,0,0
2971,3037,-3.6413935751656927e-22,1.803309880075534e-22,1,1.803309880075534e-22,0,0,0
2972,2973,-5.9481412601772515e-23,2.8795451150094935e-23,1,2.8795451150094935e-23,0,0,0
2972,3036,8.2224244057000812e-23,-3.3676945453278844e-23,1,-3.3676945453278844e-23,0,0,0
2972,3037,0,9.4865545826998789e-40,1,9.4865545826998789e-40,0,0,0
2972,3038,-1.4870353150443129e-23,7.3787428430232847e-24,1,7.3787428430232847e-24,0,0,0
2973,2974,-1.8905103015826413e-24,9.2265098067176503e-25,1,9.2265098067176503e-25,0,0,0
2973,3037,3.4773815014625857e-24,-1.5023769630334626e-24,1,-1.5023769630334626e-24,0,0,0
2973,3038,0,2.995604689296782e-41,1,2.995604689296782e-41,0,0,0
2973,3039,-4.7262757539566023e-25,2.3495888493573874e-25,1,2.3495888493573874e-25,0,0,0
2974,2975,-4.5208340239111128e-26,2.2219920275341002e-26,1,2.2219920275341002e-26,0,0,0
2974,3038,1.1286746439655915e-25,-5.0782689668390682e-26,1,-5.0782689668390682e-26,0,0,0
2974,3039,-1.9607285060091721e-58,7.1545099308248345e-43,1,7.1545099308248345e-43,0,0,0
2974,3040,-1.1302085059777783e-26,5.6283846728621195e-27,1,5.6283846728621195e-27,0,0,0
2975,2976,-7.6849968842912503e-28,3.8008704375981338e-28,1,3.8008704375981338e-28,0,0,0
2975,3039,2.7098055241827907e-27,-1.2588403010377547e-27,1,-1.2588403010377547e-27,0,0,0
2975,3040,0,1.2224322225618266e-44,1,1.2224322225618266e-44,0,0,0
2975,3041,-1.9212492210728124e-28,9.5826625592581966e-29,1,9.5826625592581966e-29,0,0,0
2976,2977,-8.3256009094981726e-30,4.1410481625700559e-30,1,4.1410481625700559e-30,0,0,0
2976,3040,4.5315714053544514e-29,-2.1617156913084983e-29,1,-2.1617156913084983e-29,0,0,0
2976,3041,0,1.3403689035828497e-46,1,1.3403689035828497e-46,0,0,0
2976,3042,-2.0814002273745432e-30,1.0395462513013374e-30,1,1.0395462513013374e-30,0,0,0
2977,2978,-4.3504584358059279e-32,2.1752292179029639e-32,1,2.1752292179029639e-32,0,0,0
2977,3041,4.7167092211728464e-31,-2.303973880138849e-31,1,-2.303973880138849e-31,0,0,0
2977,3042,0,7.13464397365506e-49,1,7.13464397365506e-49,0,0,0
2977,3043,-1.087614608951482e-32,5.4380730447574098e-33,1,5.4380730447574098e-33,0,0,0
2978,2979,0,-0,1,-0,0,0,0
2978,3042,2.3077247718684007e-33,-1.1538623859342003e-33,1,-1.1538623859342003e-33,0,0,0
2978,3043,0,-0,1,-0,0,0,0
2978,3044,0,-0,1,-0,0,0,0
2979,2980,0,-0,1,-0,0,0,0
2979,3043,0,-0,1,-0,0,0,0
2979,3044,0,-0,1,-0,0,0,0
2979,3045,0,-0,1,-0,0,0,0
2980,2981,0,-0,1,-0,0,0,0
2980,3044,0,-0,1,-0,0,0,0
2980,3045,0,-0,1,-0,0,0,0
2980,3046,0,-0,1,-0,0,0,0
2981,2982,0,-0,1,-0,0,0,0
2981,3045,0,-0,1,-0,0,0,0
2981,3046,0,-0,1,-0,0,0,0
2981,3047,0,-0,1,-0,0,0,0
2982,2983,0,-0,1,-0,0,0,0
2982,3046,0,-0,1,-0,0,0,0
2982,3047,0,-0,1,-0,0,0,0
2982,3048,0,-0,1,-0,0,0,0
2983,2984,0,-0,1,-0,0,0,0
2983,3047,0,-0,1,-0,0,0,0
2983,3048,0,-0,1,-0,0,0,0
2983,3049,0,-0,1,-0,0,0,0
2984,2985,0,-0,1,-0,0,0,0
2984,3048,0,-0,1,-0,0,0,0
2984,3049,0,-0,1,-0,0,0,0
2984,3050,0,-0,1,-0,0,0,0
2985,2986,0,-0,1,-0,0,0,0
2985,3049,0,-0,1,-0,0,0,0
2985,3050,0,-0,1,-0,0,0,0
2985,3051,0,-0,1,-0,0,0,0
2986,2987,0,-0,1,-0,0,0,0
2986,3050,0,-0,1,-0,0,0,0
2986,3051,0,-0,1,-0,0,0,0
2986,3052,0,-0,1,-0,0,0,0
2987,2988,0,-0,1,-0,0,0,0
2987,3051,0,-0,1,-0,0,0,0
2987,3052,0,-0,1,-0,0,0,0
2987,3053,0,-0,1,-0,0,0,0
2988,2989,0,-0,1,-0,0,0,0
2988,3052,0,-0,1,-0,0,0,0
2988,3053,0,-0,1,-0,0,0,0
2988,3054,0,-0,1,-0,0,0,0
2989,3053,0,-0,1,-0,0,0,0
2989,3054,0,-0,1,-0,0,0,0
2990,2991,0,-0,1,-0,0,0,0
2990,3055,0,-0,1,-0,0,0,0
2990,3056,0,-0,1,-0,0,0,0
2991,2992,0,-0,1,-0,0,0,0
2991,3055,0,-0,1,-0,0,0,0
2991,3056,0,-0,1,-0,0,0,0
2991,3057,0,-0,1,-0,0,0,0
2992,2993,0,-0,1,-0,0,0,0
2992,3056,0,-0,1,-0,0,0,0
2992,3057,0,-0,1,-0,0,0,0
2992,3058,0,-0,1,-0,0,0,0
2993,2994,0,-0,1,-0,0,0,0
2993,3057,0,-0,1,-0,0,0,0
2993,3058,0,-0,1,-0,0,0,0
2993,3059,0,-0,1,-0,0,0,0
2994,2995,0,-0,1,-0,0,0,0
2994,3058,0,-0,1,-0,0,0,0
2994,3059,0,-0,1,-0,0,0,0
2994,3060,0,-0,1,-0,0,0,0
2995,2996,0,-0,1,-0,0,0,0
2995,3059,0,-0,1,-0,0,0,0
2995,3060,0,-0,1,-0,0,0,0
2995,3061,0,-0,1,-0,0,0,0
2996,2997,0,-0,1,-0,0,0,0
2996,3060,0,-0,1,-0,0,0,0
2996,3061,0,-0,1,-0,0,0,0
2996,3062,0,-0,1,-0,0,0,0
2997,2998,0,-0,1,-0,0,0,0
2997,3061,0,-0,1,-0,0,0,0
2997,3062,0,-0,1,-0,0,0,0
2997,3063,0,-0,1,-0,0,0,0
2998,2999,0,-0,1,-0,0,0,0
2998,3062,0,-0,1,-0,0,0,0
2998,3063,0,-0,1,-0,0,0,0
2998,3064,0,-0,1,-0,0,0,0
2999,3000,0,-0,1,-0,0,0,0
2999,3063,0,-0,1,-0,0,0,0
2999,3064,0,-0,1,-0,0,0,0
2999,3065,0,-0,1,-0,0,0,0
3000,3001,0,-0,1,-0,0,0,0
3000,3064,0,-0,1,-0,0,0,0
3000,3065,0,-0,1,-0,0,0,0
3000,3066,0,-0,1,-0,0,0,0
3001,3002,0,-0,1,-0,0,0,0
3001,3065,0,-0,1,-0,0,0,0
3001,3066,0,-0,1,-0,0,0,0
3001,3067,0,-0,1,-0,0,0,0
3002,3003,0,-0,1,-0,0,0,0
3002,3066,0,-0,1,-0,0,0,0
3002,3067,0,-0,1,-0,0,0,0
3002,3068,0,-0,1,-0,0,0,0
3003,3004,0,-0,1,-0,0,0,0
3003,3067,0,-0,1,-0,0,0,0
3003,3068,0,-0,1,-0,0,0,0
3003,3069,0,-0,1,-0,0,0,0
3004,3005,0,4.8308607338755314e-59,6.3835567841197653e-18,3.0838073810868936e-76,0,0,0
3004,3068,0,-0,1,-0,0,0,0
3004,3069,0,-0,1,-0,0,0,0
3004,3070,0,-0,1,-0,0,0,0
3005,3006,9.6617214677510629e-59,7.548055178297603e-60,1,7.548055178297603e-60,0,0,0
3005,3069,0,-1.2077151834688829e-59,0,-0,0,0,0
3005,3070,0,-2.0112498058148245e-75,0,-0,0,0,0
3005,3071,2.4154303669377657e-59,-1.2077151834688829e-59,6.3835567841197653e-18,-7.7095184527172341e-77,0,0,0
3006,3007,0,-1.2033303214312621e-40,3.3801939561712272e-07,-4.0674898797795323e-47,0,0,0
3006,3070,0,-1.396416562926323e-59,0,-0,0,0,0
3006,3071,0,-2.3255007301930923e-75,1,-2.3255007301930923e-75,0,0,0
3006,3072,2.7928331258526459e-59,2.6460361030065673e-60,9.2909504102508106e-18,2.4584190216767322e-77,0,0,0
3007,3008,-2.4066606428625242e-40,-3.676108910331582e-51,0.00029905073996138571,-1.0993430898133029e-54,0,0,0
3007,3071,0,3.0083258035781553e-41,2.6113961122308523e-17,7.8559303077877497e-58,0,0,0
3007,3072,0,5.0098688590596682e-57,9.2909504102508106e-18,4.6546443131383187e-74,0,0,0
3007,3073,-6.0166516071563106e-41,3.0083258035781553e-41,3.3801939561712272e-07,1.0168724699448831e-47,0,0,0
3008,3009,-2.4066606429360461e-40,2.0852445053417194e-46,0.00029905073996138571,6.2359391232285487e-50,0,0,0
3008,3072,0,3.0083258036700576e-41,9.2909504102508106e-18,2.7950205859776422e-58,0,0,0
3008,3073,0,5.0098688592127171e-57,0.00029905073996138571,1.4982049894570663e-60,0,0,0
3008,3074,-6.0166516073401172e-41,-1.5841431462310257e-53,4.4963035693580751e-12,-7.1227884827726918e-65,0,0,0
3009,3010,-2.4062666060627507e-40,2.6761781076770414e-28,5.3172871856048759e-06,1.4230007558347438e-33,0,0,0
3009,3073,0,3.0083205905587944e-41,5.3172871856048759e-06,1.5996104526369571e-46,0,0,0
3009,3074,5.5727335588181817e-73,-8.6815768698913173e-63,4.4963035693580751e-12,-3.9035005067748835e-74,0,0,0
3009,3075,-6.0166411811175888e-41,-5.1967381651423306e-47,1.188977498833934e-13,-6.1788047456857756e-60,0,0,0
3010,3011,5.3523562153516766e-28,6.6342593042561545e-29,0.3357799430357773,2.227651211267707e-29,0,0,0
3010,3074,6.0156665151568768e-41,-6.6904452691926035e-29,4.4963035693580751e-12,-3.0082272944465552e-40,0,0,0
3010,3075,0,-1.114182957427813e-44,1.188977498833934e-13,-1.3247384659659167e-57,0,0,0
3010,3076,1.3380890538379187e-28,1.3643631916227614e-29,1,1.3643631916227614e-29,0,0,0
3011,3012,6.6792080762028819e-28,-2.5378726937453077e-26,0.3357799430357773,-8.5216674853785405e-27,0,0,0
3011,3075,6.0156665151568768e-41,-8.3490100952566416e-29,1.188977498833934e-13,-9.9267851407975065e-42,0,0,0
3011,3076,1.5318191453196657e-60,-4.8994414265858916e-46,0.3357799430357773,-1.6451341631261382e-46,0,0,0
3011,3077,1.669802019050727e-28,2.9336214212215714e-28,0.14414012990883698,4.2285257275822429e-29,0,0,0
3012,3013,-5.0089533067285869e-26,1.8452460375408649e-26,1,1.8452460375408649e-26,0,0,0
3012,3076,-1.610961692162468e-28,6.3417397180188568e-27,1,6.3417397180188568e-27,0,0,0
3012,3077,0,1.1054563725219229e-42,0.14414012990883698,1.5934062514386164e-43,0,0,0
3012,3078,-1.2522383266821469e-26,1.2798556110744159e-27,1,1.2798556110744159e-27,0,0,0
3013,3014,-1.3184612316468577e-26,1.8184059077513951e-25,1,1.8184059077513951e-25,0,0,0
3013,3077,-7.5370448614938679e-28,2.0249287826332648e-27,0.14414012990883698,2.9187349778490192e-28,0,0,0
3013,3078,0,-5.5509921372449937e-43,1,-5.5509921372449937e-43,0,0,0
3013,3079,-3.2961530791171435e-27,5.0533037703030239e-27,1,5.0533037703030239e-27,0,0,0
3014,3015,3.5049656923381053e-25,-3.6157672190225873e-25,1,-3.6157672190225873e-25,0,0,0
3014,3078,9.9626720446726342e-27,-4.8793407176562627e-26,1,-4.8793407176562627e-26,0,0,0
3014,3079,0,-6.7290912714426996e-42,1,-6.7290912714426996e-42,0,0,0
3014,3080,8.7624142308452597e-26,-9.1876025641661396e-27,1,-9.1876025641661396e-27,0,0,0
3015,3016,-3.7265687457070693e-25,-1.9480879870936594e-25,1,-1.9480879870936594e-25,0,0,0
3015,3079,-6.8104544614889094e-27,4.9987336552082809e-26,1,4.9987336552082809e-26,0,0,0
3015,3080,1.5685828048073377e-57,1.3523611882237701e-41,1,1.3523611882237701e-41,0,0,0
3015,3081,-9.3164218642676709e-26,2.2833773557799691e-27,1,2.2833773557799691e-27,0,0,0
3016,3017,-7.6227447198943889e-25,3.3307125720146189e-31,1,3.3307125720146189e-31,0,0,0
3016,3080,-6.9248937180120349e-26,1.2990877758874004e-25,1,1.2990877758874004e-25,0,0,0
3016,3081,-1.5685828048073377e-57,8.4908042318956568e-42,1,8.4908042318956568e-42,0,0,0
3016,3082,-1.9056861799735968e-25,-0,1,-0,0,0,0
3017,3018,-7.6227380584692433e-25,5.7681379648989213e-25,0.0015628646822669645,9.0148191077837671e-28,0,0,0
3017,3081,8.8597463931116767e-26,5.0985493765307152e-26,0.0015628646822669645,7.9683427513741065e-29,0,0,0
3017,3082,1.2548680389464311e-57,-1.3866876696971648e-47,1,-1.3866876696971648e-47,0,0,0
3017,3083,-1.9056845146173108e-25,3.4242319954780873e-31,0.0015628646822669645,5.3516112496212346e-34,0,0,0
3018,3019,3.9135378713287012e-25,2.5012283794478265e-22,0.016368190823331109,4.0940583407533259e-24,0,0,0
3018,3082,1.9056861799735968e-25,-1.4420353239028733e-25,1,-1.4420353239028733e-25,0,0,0
3018,3083,0,-2.4014641392001746e-41,0.0014311088454359918,-3.4367565716066996e-44,0,0,0
3018,3084,9.7838446783214959e-26,1.0241149093796879e-25,0.016368190823331109,1.6762908261745179e-27,0,0,0
3019,3020,5.006370296766982e-22,1.7536798981630535e-22,3.4831294593400026e-08,6.1082941155441073e-30,0,0,0
3019,3083,1.9056776661533377e-25,-6.2674912592894944e-23,0.0014311088454359918,-8.9694621798619587e-26,0,0,0
3019,3084,-1.6062287921227138e-54,-1.0396400073374344e-38,0.025816329028584755,-2.6839688500703475e-40,0,0,0
3019,3085,1.2515925741917455e-22,1.494236752624627e-24,1,1.494236752624627e-24,0,0,0
3020,3021,8.5137300930930894e-22,-3.5289623124602185e-25,3.4831294593400026e-08,-1.2291832591430806e-32,0,0,0
3020,3084,-3.0266142865914906e-25,-1.0627029544933404e-22,3.4831294593400026e-08,-3.7015319673234125e-30,0,0,0
3020,3085,0,-7.0523188458102108e-39,3.4831294593400026e-08,-2.4564139528500232e-46,0,0,0
3020,3086,2.1284325232732724e-22,-8.8224057781428236e-26,3.4831294593400026e-08,-3.0729581468100728e-33,0,0,0
3021,3022,8.5066721633742622e-22,-8.4120092210498636e-15,7.9610358907091666e-12,-6.6968307321754428e-26,0,0,0
3021,3085,-1.2814773092442378e-22,-4.2259536643640203e-23,7.9610358907091666e-12,-3.3642968794475887e-34,0,0,0
3021,3086,-6.4249151684923158e-55,5.0088638653554711e-51,2.6344277787821614e-07,1.3195490107030646e-57,0,0,0
3021,3087,2.1266680421170421e-22,-1.4104545136746768e-24,7.9610358907091666e-12,-1.1228679005576845e-35,0,0,0
3022,3023,-1.6824017591432353e-14,-2.3811910070359487e-12,0.0088618861533623708,-2.1101843613762874e-14,0,0,0
3022,3086,-2.1266680408435656e-22,2.1030023052624659e-15,2.6344277787821614e-07,5.5402076918263629e-22,0,0,0
3022,3087,-5.3896094781723736e-47,3.5022023678643804e-31,1.8735718425979144e-10,6.5616277435104458e-41,0,0,0
3022,3088,-4.2060043978581276e-15,1.2364395340175488e-15,0.062751117068190615,7.7587961946874255e-17,0,0,0
3023,3024,-4.7792060316633291e-12,5.1201270954890554e-13,1,5.1201270954890554e-13,0,0,0
3023,3087,-2.0984587875077973e-22,5.9740075406283903e-13,1.8735718425979144e-10,1.1192732315588968e-22,0,0,0
3023,3088,0,9.9342899122446249e-29,0.062751117068190615,6.2338778927260751e-30,0,0,0
3023,3089,-1.1948015079158323e-12,5.703444028054523e-13,1,5.703444028054523e-13,0,0,0
3024,3025,-3.7551806125655182e-12,1.1144644179284947e-12,1,1.1144644179284947e-12,0,0,0
3024,3088,1.7331253298229728e-15,4.6853101390577821e-13,0.062751117068190615,2.9400844503679534e-14,0,0,0
3024,3089,1.3797400264121277e-44,7.3664611980033175e-29,1,7.3664611980033175e-29,0,0,0
3024,3090,-9.3879515314137956e-13,4.5119962276580533e-13,1,4.5119962276580533e-13,0,0,0
3025,3026,-1.5262517767085285e-12,5.3850935928564342e-13,1,5.3850935928564342e-13,0,0,0
3025,3089,5.4112702304927628e-14,1.6372512093610226e-13,1,1.6372512093610226e-13,0,0,0
3025,3090,-3.4493500660303191e-45,2.8740929350404017e-29,1,2.8740929350404017e-29,0,0,0
3025,3091,-3.8156294417713213e-13,1.8412534563285435e-13,1,1.8412534563285435e-13,0,0,0
3026,3027,-4.4923305813724174e-13,1.7100633140018957e-13,1,1.7100633140018957e-13,0,0,0
3026,3090,3.6395907609768925e-14,3.7956178462270752e-14,1,3.7956178462270752e-14,0,0,0
3026,3091,1.7246750330151596e-45,8.2430738587341591e-30,1,8.2430738587341591e-30,0,0,0
3026,3092,-1.1230826453431044e-13,5.4380735539098308e-14,1,5.4380735539098308e-14,0,0,0
3027,3028,-1.072203953368626e-13,4.2594028353245986e-14,1,4.2594028353245986e-14,0,0,0
3027,3091,1.3312252911423448e-14,6.7464229613960992e-15,1,6.7464229613960992e-15,0,0,0
3027,3092,-2.1558437912689495e-46,1.9366429608398826e-30,1,1.9366429608398826e-30,0,0,0
3027,3093,-2.6805098834215643e-14,1.3019467863361271e-14,1,1.3019467863361271e-14,0,0,0
3028,3029,-2.2032338630370618e-14,9.0101645114165982e-15,1,9.0101645114165982e-15,0,0,0
3028,3092,3.5467934561138183e-15,9.8064560073941833e-16,1,9.8064560073941833e-16,0,0,0
3028,3093,-5.3896094781723736e-47,3.9484428644150535e-31,1,3.9484428644150535e-31,0,0,0
3028,3094,-5.5080846575926546e-15,2.6829517158987749e-15,1,2.6829517158987749e-15,0,0,0
3029,3030,-4.0120096075374204e-15,1.6819262442930439e-15,1,1.6819262442930439e-15,0,0,0
3029,3093,7.6616310749310283e-16,1.1841964719562606e-16,1,1.1841964719562606e-16,0,0,0
3029,3094,0,7.1677761733439418e-32,1,7.1677761733439418e-32,0,0,0
3029,3095,-1.0030024018843551e-15,4.8984042274780696e-16,1,4.8984042274780696e-16,0,0,0
3030,3031,-6.4815711895133238e-16,2.7842282607425084e-16,1,2.7842282607425084e-16,0,0,0
3030,3094,1.4218122579510489e-16,9.9290269713640957e-18,1,9.9290269713640957e-18,0,0,0
3030,3095,0,1.1550570778930847e-32,1,1.1550570778930847e-32,0,0,0
3030,3096,-1.620392797378331e-16,7.9327779059581269e-17,1,7.9327779059581269e-17,0,0,0
3031,3032,-9.1311466802830684e-17,4.0171243967076192e-17,1,4.0171243967076192e-17,0,0,0
3031,3095,2.3321556388741139e-17,-2.4684484401673588e-19,1,-2.4684484401673588e-19,0,0,0
3031,3096,0,1.6190503173172217e-33,1,1.6190503173172217e-33,0,0,0
3031,3097,-2.2827866700707671e-17,1.120084311805589e-17,1,1.120084311805589e-17,0,0,0
3032,3033,-1.0968978868678293e-17,4.9336154057529663e-18,1,4.9336154057529663e-18,0,0,0
3032,3096,3.3837216186705472e-18,-3.2073845075048663e-19,1,-3.2073845075048663e-19,0,0,0
3032,3097,0,1.9285108947889209e-34,1,1.9285108947889209e-34,0,0,0
3032,3098,-2.742244717169574e-18,1.3484023095998746e-18,1,1.3484023095998746e-18,0,0,0
3033,3034,-1.1017480571723609e-18,5.0532523884843279e-19,1,5.0532523884843279e-19,0,0,0
3033,3097,4.2618046459588789e-19,-7.5371725151398799e-20,1,-7.5371725151398799e-20,0,0,0
3033,3098,0,1.9151090407115627e-35,1,1.9151090407115627e-35,0,0,0
3033,3099,-2.7543701429309027e-19,1.3571461131840867e-19,1,1.3571461131840867e-19,0,0,0
3034,3035,-9.1097579475495377e-20,4.2490146269053343e-20,1,4.2490146269053343e-20,0,0,0
3034,3098,4.5440097969824707e-20,-1.1332851550475434e-20,1,-1.1332851550475434e-20,0,0,0
3034,3099,2.0559728539170737e-52,1.5626336235475479e-36,1,1.5626336235475479e-36,0,0,0
3034,3100,-2.2774394868873844e-20,1.124384402424223e-20,1,1.124384402424223e-20,0,0,0
3035,3036,-6.1172869373886911e-21,2.8941949805803442e-21,1,2.8941949805803442e-21,0,0,0
3035,3099,4.0077916562729306e-21,-1.2392349609628787e-21,1,-1.2392349609628787e-21,0,0,0
3035,3100,2.5699660673963421e-53,1.0346847661639087e-37,1,1.0346847661639087e-37,0,0,0
3035,3101,-1.5293217343471728e-21,7.5649719982689188e-22,1,7.5649719982689188e-22,0,0,0
3036,3037,-3.2889697622800325e-22,1.5749372511107645e-22,1,1.5749372511107645e-22,0,0,0
3036,3100,2.8670682038938457e-22,-1.0224128816619187e-22,1,-1.0224128816619187e-22,0,0,0
3036,3101,0,5.4870199520339215e-39,1,5.4870199520339215e-39,0,0,0
3036,3102,-8.2224244057000812e-23,4.0749833670557401e-23,1,4.0749833670557401e-23,0,0,0
3037,3038,-1.3909526005850343e-23,6.7290280741320525e-24,1,6.7290280741320525e-24,0,0,0
3037,3101,1.6327334693388988e-23,-6.4249765959631998e-24,1,-6.4249765959631998e-24,0,0,0
3037,3102,0,2.2921704414340711e-40,1,2.2921704414340711e-40,0,0,0
3037,3103,-3.4773815014625857e-24,1.7265112141656524e-24,1,1.7265112141656524e-24,0,0,0
3038,3039,-4.5146985758623668e-25,2.2031531774475273e-25,1,2.2031531774475273e-25,0,0,0
3038,3102,7.2457671588601415e-25,-3.0585462574472745e-25,1,-3.0585462574472745e-25,0,0,0
3038,3103,0,7.369804039143301e-42,1,7.369804039143301e-42,0,0,0
3038,3104,-1.1286746439655917e-25,5.6136233836535305e-26,1,5.6136233836535305e-26,0,0,0
3039,3040,-1.0839222096731163e-26,5.3289796202584918e-27,1,5.3289796202584918e-27,0,0,0
3039,3103,2.4359073131280958e-26,-1.0824633803549084e-26,1,-1.0824633803549084e-26,0,0,0
3039,3104,2.4509106325114652e-59,1.7609320674079935e-43,1,1.7609320674079935e-43,0,0,0
3039,3105,-2.7098055241827907e-27,1.3499686711280502e-27,1,1.3499686711280502e-27,0,0,0
3040,3041,-1.8126285621417801e-28,8.968808626285444e-29,1,8.968808626285444e-29,0,0,0
3040,3104,5.949967234885525e-28,-2.7484050471750398e-28,1,-2.7484050471750398e-28,0,0,0
3040,3105,3.8295478632991643e-61,2.9515999750030246e-45,1,2.9515999750030246e-45,0,0,0
3040,3106,-4.5315714053544514e-29,2.260884287903247e-29,1,2.260884287903247e-29,0,0,0
3041,3042,-1.8866836884691385e-30,9.3872639469083239e-31,1,9.3872639469083239e-31,0,0,0
3041,3105,9.8681819266901582e-30,-4.6982555022864364e-30,1,-4.6982555022864364e-30,0,0,0
3041,3106,5.9836685364049443e-63,3.111199853059599e-47,1,3.111199853059599e-47,0,0,0
3041,3107,-4.7167092211728464e-31,2.3562039494380547e-31,1,2.3562039494380547e-31,0,0,0
3042,3043,-9.2308990874736027e-33,4.6154495437368014e-33,1,4.6154495437368014e-33,0,0,0
3042,3106,9.8028295479568686e-32,-4.7860285353850148e-32,1,-4.7860285353850148e-32,0,0,0
3042,3107,0,1.5634098534068551e-49,1,1.5634098534068551e-49,0,0,0
3042,3108,-2.3077247718684007e-33,1.1538623859342003e-33,1,1.1538623859342003e-33,0,0,0
3043,3044,0,-0,1,-0,0,0,0
3043,3107,4.3013222967360863e-34,-2.1506611483680432e-34,1,-2.1506611483680432e-34,0,0,0
3043,3108,0,-0,1,-0,0,0,0
3043,3109,0,-0,1,-0,0,0,0
3044,3045,0,-0,1,-0,0,0,0
3044,3108,0,-0,1,-0,0,0,0
3044,3109,0,-0,1,-0,0,0,0
3044,3110,0,-0,1,-0,0,0,0
3045,3046,0,-0,1,-0,0,0,0
3045,3109,0,-0,1,-0,0,0,0
3045,3110,0,-0,1,-0,0,0,0
3045,3111,0,-0,1,-0,0,0,0
3046,3047,0,-0,1,-0,0,0,0
3046,3110,0,-0,1,-0,0,0,0
3046,3111,0,-0,1,-0,0,0,0
3046,3112,0,-0,1,-0,0,0,0
3047,3048,0,-0,1,-0,0,0,0
3047,3111,0,-0,1,-0,0,0,0
3047,3112,0,-0,1,-0,0,0,0
3047,3113,0,-0,1,-0,0,0,0
3048,3049,0,-0,1,-0,0,0,0
3048,3112,0,-0,1,-0,0,0,0
3048,3113,0,-0,1,-0,0,0,0
3048,3114,0,-0,1,-0,0,0,0
3049,3050,0,-0,1,-0,0,0,0
3049,3113,0,-0,1,-0,0,0,0
3049,3114,0,-0,1,-0,0,0,0
3049,3115,0,-0,1,-0,0,0,0
3050,3051,0,-0,1,-0,0,0,0
3050,3114,0,-0,1,-0,0,0,0
3050,3115,0,-0,1,-0,0,0,0
3050,3116,0,-0,1,-0,0,0,0
3051,3052,0,-0,1,-0,0,0,0
3051,3115,0,-0,1,-0,0,0,0
3051,3116,0,-0,1,-0,0,0,0
3051,3117,0,-0,1,-0,0,0,0
3052,3053,0,-0,1,-0,0,0,0
3052,3116,0,-0,1,-0,0,0,0
3052,3117,0,-0,1,-0,0,0,0
3052,3118,0,-0,1,-0,0,0,0
3053,3054,0,-0,1,-0,0,0,0
3053,3117,0,-0,1,-0,0,0,0
3053,3118,0,-0,1,-0,0,0,0
3053,3119,0,-0,1,-0,0,0,0
3054,3118,0,-0,1,-0,0,0,0
3054,3119,0,-0,1,-0,0,0,0
3055,3056,0,-0,1,-0,0,0,0
3055,3120,0,-0,1,-0,0,0,0
3055,3121,0,-0,1,-0,0,0,0
3056,3057,0,-0,1,-0,0,0,0
3056,3120,0,-0,1,-0,0,0,0
3056,3121,0,-0,1,-0,0,0,0
3056,3122,0,-0,1,-0,0,0,0
3057,3058,0,-0,1,-0,0,0,0
3057,3121,0,-0,1,-0,0,0,0
3057,3122,0,-0,1,-0,0,0,0
3057,3123,0,-0,1,-0,0,0,0
3058,3059,0,-0,1,-0,0,0,0
3058,3122,0,-0,1,-0,0,0,0
3058,3123,0,-0,1,-0,0,0,0
3058,3124,0,-0,1,-0,0,0,0
3059,3060,0,-0,1,-0,0,0,0
3059,3123,0,-0,1,-0,0,0,0
3059,3124,0,-0,1,-0,0,0,0
3059,3125,0,-0,1,-0,0,0,0
3060,3061,0,-0,1,-0,0,0,0
3060,3124,0,-0,1,-0,0,0,0
3060,3125,0,-0,1,-0,0,0,0
3060,3126,0,-0,1,-0,0,0,0
3061,3062,0,-0,1,-0,0,0,0
3061,3125,0,-0,1,-0,0,0,0
3061,3126,0,-0,1,-0,0,0,0
3061,3127,0,-0,1,-0,0,0,0
3062,3063,0,-0,1,-0,0,0,0
3062,3126,0,-0,1,-0,0,0,0
3062,3127,0,-0,1,-0,0,0,0
3062,3128,0,-0,1,-0,0,0,0
3063,3064,0,-0,1,-0,0,0,0
3063,3127,0,-0,1,-0,0,0,0
3063,3128,0,-0,1,-0,0,0,0
3063,3129,0,-0,1,-0,0,0,0
3064,3065,0,-0,1,-0,0,0,0
3064,3128,0,-0,1,-0,0,0,0
3064,3129,0,-0,1,-0,0,0,0
3064,3130,0,-0,1,-0,0,0,0
3065,3066,0,-0,1,-0,0,0,0
3065,3129,0,-0,1,-0,0,0,0
3065,3130,0,-0,1,-0,0,0,0
3065,3131,0,-0,1,-0,0,0,0
3066,3067,0,-0,1,-0,0,0,0
3066,3130,0,-0,1,-0,0,0,0
3066,3131,0,-0,1,-0,0,0,0
3066,3132,0,-0,1,-0,0,0,0
3067,3068,0,-0,1,-0,0,0,0
3067,3131,0,-0,1,-0,0,0,0
3067,3132,0,-0,1,-0,0,0,0
3067,3133,0,-0,1,-0,0,0,0
3068,3069,0,-0,1,-0,0,0,0
3068,3132,0,-0,1,-0,0,0,0
3068,3133,0,-0,1,-0,0,0,0
3068,3134,0,-0,1,-0,0,0,0
3069,3070,0,-0,1,-0,0,0,0
3069,3133,0,-0,1,-0,0,0,0
3069,3134,0,-0,1,-0,0,0,0
3069,3135,0,-0,1,-0,0,0,0
3070,3071,0,-0,1,-0,0,0,0
3070,3134,0,-0,1,-0,0,0,0
3070,3135,0,-0,1,-0,0,0,0
3070,3136,0,-0,1,-0,0,0,0
3071,3072,0,6.644080692907919e-59,9.2909504102508106e-18,6.1729824239512318e-76,0,0,0
3071,3135,0,-0,1,-0,0,0,0
3071,3136,0,-0,1,-0,0,0,0
3071,3137,0,-0,1,-0,0,0,0
3072,3073,1.3288161385815838e-58,1.159617415660247e-59,0.32266687744535621,3.7417013054234564e-60,0,0,0
3072,3136,0,-1.6610201732269798e-59,0,-0,0,0,0
3072,3137,0,-2.7661542610251896e-75,0,-0,0,0,0
3072,3138,3.3220403464539595e-59,-0,1,-0,0,0,0
3073,3074,0,-1.2033303214686568e-40,4.4963035693580751e-12,-5.4105384195363215e-52,0,0,0
3073,3137,0,-1.9509245271420417e-59,0,-0,0,0,0
3073,3138,-2.2657354455220278e-91,-4.8278773298337281e-76,0.32266687744535621,-1.557796102706673e-76,0,0,0
3073,3139,0,-5.9668575329304321e-42,0.32266687744535621,-1.9253072883119644e-42,0,0,0
3074,3075,-2.4066606429373136e-40,6.5498729420456331e-49,4.4963035693580751e-12,2.9450217088161656e-60,0,0,0
3074,3138,0,3.008325803671642e-41,2.6195842413048503e-18,7.8805628680089825e-59,0,0,0
3074,3139,-6.9659069837128561e-73,4.016187466557742e-57,4.4963035693580751e-12,1.805799804109474e-68,0,0,0
3074,3140,-6.016651607343284e-41,1.1835363002356868e-51,4.4963035693580751e-12,5.3215384912145691e-63,0,0,0
3075,3076,-2.4068185020733153e-40,3.2219233843261462e-28,1.188977498833934e-13,3.8307944069306654e-41,0,0,0
3075,3139,1.1933715065860862e-41,2.4116400340039164e-41,1.188977498833934e-13,2.8673857357177601e-54,0,0,0
3075,3140,0,-2.7072225669706219e-65,3.1368483244373816e-12,-8.4921465730808622e-77,0,0,0
3075,3141,-6.0166514662890125e-41,3.4631635813334191e-32,1.188977498833934e-13,4.1176235729865778e-45,0,0,0
3076,3077,6.4438467686498871e-28,1.1852166338662795e-27,0.14414012990883698,1.708372795756e-28,0,0,0
3076,3140,6.0170462551832882e-41,-8.0548084608153655e-29,3.1368483244373816e-12,-2.5266712423972726e-40,0,0,0
3076,3141,1.5318191453196657e-60,-1.3408183392295054e-44,0.001787134776765753,-2.3962230833623496e-47,0,0,0
3076,3142,1.6109616921624715e-28,2.3781166658510375e-30,1,2.3781166658510375e-30,0,0,0
3077,3078,3.0148179445975454e-27,-2.1432753061644043e-26,0.14414012990883698,-3.0893198106093961e-27,0,0,0
3077,3141,-6.9263271566489937e-32,-3.7681761143891026e-28,0.001787134776765753,-6.7342385790028109e-31,0,0,0
3077,3142,0,-4.894851887161417e-44,0.14414012990883698,-7.0554458689996253e-45,0,0,0
3077,3143,7.5370448614938697e-28,-4.3126359178074976e-28,0.14414012990883698,-6.2162390144228912e-29,0,0,0
3078,3079,-3.9850688178690542e-26,3.3546253012323078e-26,1,3.3546253012323078e-26,0,0,0
3078,3142,-1.658524025479487e-28,5.0642622236102918e-27,1,5.0642622236102918e-27,0,0,0
3078,3143,0,8.2049778198871558e-43,1,8.2049778198871558e-43,0,0,0
3078,3144,-9.9626720446726356e-27,1.3144151816675405e-27,1,1.3144151816675405e-27,0,0,0
3079,3080,2.7241817845955614e-26,1.2487696543726286e-25,1,1.2487696543726286e-25,0,0,0
3079,3143,1.0882269741211267e-28,-3.4596385794505081e-27,1,-3.4596385794505081e-27,0,0,0
3079,3144,0,-1.1777492433662051e-42,1,-1.1777492433662051e-42,0,0,0
3079,3145,6.8104544614889036e-27,1.9791491524517674e-27,1,1.9791491524517674e-27,0,0,0
3080,3081,2.7699574872048131e-25,-3.1569280222247419e-25,1,-3.1569280222247419e-25,0,0,0
3080,3144,7.3338416813375589e-27,-3.8291389430728944e-26,1,-3.8291389430728944e-26,0,0,0
3080,3145,0,-4.8694535415334459e-42,1,-4.8694535415334459e-42,0,0,0
3080,3146,6.9248937180120326e-26,-7.0578534758237294e-27,1,-7.0578534758237294e-27,0,0,0
3081,3082,-3.5438985572446711e-25,-2.0394230813248584e-25,1,-2.0394230813248584e-25,0,0,0
3081,3145,-1.076875276639244e-26,4.9683108348754607e-26,1,4.9683108348754607e-26,0,0,0
3081,3146,0,1.1967984450099977e-41,1,1.1967984450099977e-41,0,0,0
3081,3147,-8.8597463931116778e-26,-5.4076936583999873e-27,1,-5.4076936583999873e-27,0,0,0
3082,3083,-7.6227447198943871e-25,1.702764055392697e-30,1,1.702764055392697e-30,0,0,0
3082,3146,-5.5133230228472882e-26,1.228509241129163e-25,1,1.228509241129163e-25,0,0,0
3082,3147,-1.5685828048073377e-57,7.5902423304443893e-42,1,7.5902423304443893e-42,0,0,0
3082,3148,-1.9056861799735972e-25,4.5829209241674033e-38,1,4.5829209241674033e-38,0,0,0
3083,3084,-7.6227106646132783e-25,9.8645839054896901e-25,0.0014311088454359918,1.4117293283691818e-27,0,0,0
3083,3147,9.9412851247916746e-26,4.5577457683707623e-26,0.0014311088454359918,6.5226302843638585e-29,0,0,0
3083,3148,-2.5097300942243258e-57,-7.0891787110443942e-47,1,-7.0891787110443942e-47,0,0,0
3083,3149,-1.9056776661533198e-25,-3.269976339602438e-31,0.0013620501927406102,-4.4538719036127358e-34,0,0,0
3084,3085,1.2106457146365962e-24,2.556901389915293e-22,0.025816329028584755,6.6009807575698888e-24,0,0,0
3084,3148,1.9056861799726805e-25,-2.4661502332821031e-25,1,-2.4661502332821031e-25,0,0,0
3084,3149,0,-4.1069635131875619e-41,0.0013620501927406102,-5.593890444715772e-44,0,0,0
3084,3150,3.0266142865915259e-25,2.7203351636034945e-25,0.025816329028584755,7.0229067651616751e-27,0,0,0
3085,3086,5.1259092369769529e-22,1.6903814657468111e-22,2.6344277787821614e-07,4.4531878901019062e-29,0,0,0
3085,3149,1.9056842061060023e-25,-6.41691496725172e-23,0.0013620501927406102,-8.7401602679453112e-26,0,0,0
3085,3150,-1.6062287921227138e-54,-1.0599937799425142e-38,0.047835696637768245,-5.0705540895251374e-40,0,0,0
3085,3151,1.2814773092442382e-22,1.1888254914719813e-23,1,1.1888254914719813e-23,0,0,0
3086,3087,8.5066721684705757e-22,-5.6418180548190161e-24,2.6344277787821614e-07,-1.4862962206449956e-30,0,0,0
3086,3150,-8.4672846137984786e-25,-1.0591003787519226e-22,2.6344277787821614e-07,-2.7901234583027737e-29,0,0,0
3086,3151,-8.0311439606135691e-55,-5.0578344394287232e-39,2.6344277787821614e-07,-1.332449954771213e-45,0,0,0
3086,3152,2.1266680421176434e-22,-1.4104545118921267e-24,2.6344277787821614e-07,-3.7157405468372532e-31,0,0,0
3087,3088,8.3938358053925561e-22,-3.4662510793378503e-15,1.8735718425979144e-10,-6.4942704216220262e-25,0,0,0
3087,3151,-1.5192424075386344e-22,-2.8960827215245712e-23,1.8735718425979144e-10,-5.4260190408827735e-33,0,0,0
3087,3152,1.927474550519208e-54,3.0186307434423957e-49,5.8302095152873602e-07,1.7599249683556814e-55,0,0,0
3087,3153,2.0984589518435483e-22,-7.4400396604326106e-24,1.8735718425979144e-10,-1.3939448815598287e-33,0,0,0
3088,3089,-6.9325013192921089e-15,-1.0475915395020921e-13,0.062751117068190615,-6.5737539334941813e-15,0,0,0
3088,3152,-2.098458951348139e-22,8.6656276983446259e-16,5.8302095152873602e-07,5.0522425062826541e-22,0,0,0
3088,3153,-2.6948047390861868e-47,1.4431168966396014e-31,1.3399292363921835e-08,1.9336745213389585e-39,0,0,0
3088,3154,-1.73312532982303e-15,6.5670433629920393e-16,0.43204643189419917,2.837267653075193e-16,0,0,0
3089,3090,-2.1645080921971051e-13,3.5433589390317393e-14,1,3.5433589390317393e-14,0,0,0
3089,3153,-1.9496581637664925e-22,2.7056351249946723e-14,1.3399292363921835e-08,3.6253596069899813e-22,0,0,0
3089,3154,0,4.4708391695210994e-30,0.43204643189419917,1.9316101107644158e-30,0,0,0
3089,3155,-5.4112702304927628e-14,2.6042179125036748e-14,1,2.6042179125036748e-14,0,0,0
3090,3091,-1.4558363043907573e-13,4.6167309396690974e-14,1,4.6167309396690974e-14,0,0,0
3090,3154,4.1971665722462424e-16,1.7988095476272152e-14,0.43204643189419917,7.7716924670955682e-15,0,0,0
3090,3155,0,2.8616745269201116e-30,1,2.8616745269201116e-30,0,0,0
3090,3156,-3.6395907609768931e-14,1.7610158774500125e-14,1,1.7610158774500125e-14,0,0,0
3091,3092,-5.3249011645693798e-14,1.9530918910619259e-14,1,1.9530918910619259e-14,0,0,0
3091,3155,2.0283440548541371e-15,5.6419544282846544e-15,1,5.6419544282846544e-15,0,0,0
3091,3156,0,1.010580190418228e-30,1,1.010580190418228e-30,0,0,0
3091,3157,-1.3312252911423449e-14,6.4637680512538527e-15,1,6.4637680512538527e-15,0,0,0
3092,3093,-1.4187173824455273e-14,5.5612606972414298e-15,1,5.5612606972414298e-15,0,0,0
3092,3156,1.175590060768688e-15,1.1856016976725648e-15,1,1.1856016976725648e-15,0,0,0
3092,3157,0,2.6329577245116172e-31,1,2.6329577245116172e-31,0,0,0
3092,3158,-3.5467934561138183e-15,1.7271864338336351e-15,1,1.7271864338336351e-15,0,0,0
3093,3094,-3.0646524299724113e-15,1.2479637633959959e-15,1,1.2479637633959959e-15,0,0,0
3093,3157,3.8471680891574239e-16,1.9072314928868025e-16,1,1.9072314928868025e-16,0,0,0
3093,3158,6.7370118477154671e-48,5.6100334298582911e-32,1,5.6100334298582911e-32,0,0,0
3093,3159,-7.6616310749310283e-16,3.7407432301478488e-16,1,3.7407432301478488e-16,0,0,0
3094,3095,-5.6872490318041955e-16,2.3771933881272747e-16,1,2.3771933881272747e-16,0,0,0
3094,3158,9.2420588446547752e-17,2.4880318674278559e-17,1,2.4880318674278559e-17,0,0,0
3094,3159,1.6842529619288668e-48,1.0338960049058754e-32,1,1.0338960049058754e-32,0,0,0
3094,3160,-1.4218122579510489e-16,6.9584630450495703e-17,1,6.9584630450495703e-17,0,0,0
3095,3096,-9.3286225554964557e-17,3.9875669540141187e-17,1,3.9875669540141187e-17,0,0,0
3095,3159,1.8014461463533073e-17,2.653547462604035e-18,1,2.653547462604035e-18,0,0,0
3095,3160,2.1053162024110835e-49,1.6911132073550173e-33,1,1.6911132073550173e-33,0,0,0
3095,3161,-2.3321556388741139e-17,1.1438760086326342e-17,1,1.1438760086326342e-17,0,0,0
3096,3097,-1.3534886474682187e-17,5.9150823081493178e-18,1,5.9150823081493178e-18,0,0,0
3096,3160,3.0119648941134683e-18,1.8587836227853909e-19,1,1.8587836227853909e-19,0,0,0
3096,3161,0,2.4477798143258349e-34,1,2.4477798143258349e-34,0,0,0
3096,3162,-3.3837216186705468e-18,1.6630203070462101e-18,1,1.6630203070462101e-18,0,0,0
3097,3098,-1.7047218583835514e-18,7.6148073325212621e-19,1,7.6148073325212621e-19,0,0,0
3097,3161,4.4403621608845466e-19,-8.9278757462834422e-21,1,-8.9278757462834422e-21,0,0,0
3097,3162,6.5791131325346358e-51,3.0683743880524155e-35,1,3.0683743880524155e-35,0,0,0
3097,3163,-4.2618046459588784e-19,2.0985933293045613e-19,1,2.0985933293045613e-19,0,0,0
3098,3099,-1.8176039187929883e-19,8.2864612627103565e-20,1,8.2864612627103565e-20,0,0,0
3098,3162,5.7681004578127104e-20,-6.1204533041512002e-21,1,-6.1204533041512002e-21,0,0,0
3098,3163,0,3.2455953953444045e-36,1,3.2455953953444045e-36,0,0,0
3098,3164,-4.5440097969824707e-20,2.2416783711878562e-20,1,2.2416783711878562e-20,0,0,0
3099,3100,-1.6031166625091722e-20,7.4421696717670913e-21,1,7.4421696717670913e-21,0,0,0
3099,3163,6.4617987349755138e-21,-1.2270035393512918e-21,1,-1.2270035393512918e-21,0,0,0
3099,3164,0,2.8321187979840771e-37,1,2.8321187979840771e-37,0,0,0
3099,3165,-4.0077916562729306e-21,1.9806920394465777e-21,1,1.9806920394465777e-21,0,0,0
3100,3101,-1.1468272815575383e-21,5.4075897139199111e-22,1,5.4075897139199111e-22,0,0,0
3100,3164,6.0653054606758098e-22,-1.5991186283909823e-22,1,-1.5991186283909823e-22,0,0,0
3100,3165,0,2.0008931429194821e-38,1,2.0008931429194821e-38,0,0,0
3100,3166,-2.8670682038938447e-22,1.419421101065351e-22,1,1.419421101065351e-22,0,0,0
3101,3102,-6.5309338773555929e-23,3.1205515955005944e-23,1,3.1205515955005944e-23,0,0,0
3101,3165,4.6407577379775051e-23,-1.5040121343193034e-23,1,-1.5040121343193034e-23,0,0,0
3101,3166,-2.0077859901533923e-55,1.1244950401729832e-39,1,1.1244950401729832e-39,0,0,0
3101,3167,-1.6327334693388988e-23,8.0971945645163393e-24,1,8.0971945645163393e-24,0,0,0
3102,3103,-2.8983068635440566e-24,1.4004352855094663e-24,1,1.4004352855094663e-24,0,0,0
3102,3166,2.8226001763142791e-24,-1.0490117302141325e-24,1,-1.0490117302141325e-24,0,0,0
3102,3167,-6.2743312192293509e-57,4.9263189488533238e-41,1,4.9263189488533238e-41,0,0,0
3102,3168,-7.2457671588601415e-25,3.5994174720758796e-25,1,3.5994174720758796e-25,0,0,0
3103,3104,-9.7436292525123834e-26,4.7528152815584812e-26,1,4.7528152815584812e-26,0,0,0
3103,3167,1.3294556435630665e-25,-5.4293245612512851e-26,1,-5.4293245612512851e-26,0,0,0
3103,3168,-1.9607285060091721e-58,1.6375110984214756e-42,1,1.6375110984214756e-42,0,0,0
3103,3169,-2.4359073131280958e-26,1.2120324307930592e-26,1,1.2120324307930592e-26,0,0,0
3104,3105,-2.3799868939542096e-27,1.1702570831237245e-27,1,1.1702570831237245e-27,0,0,0
3104,3168,4.6932214708382821e-27,-2.0491123736748646e-27,1,-2.0491123736748646e-27,0,0,0
3104,3169,0,3.9682607872080513e-44,1,3.9682607872080513e-44,0,0,0
3104,3170,-5.9499672348855241e-28,2.9651044615345413e-28,1,2.9651044615345413e-28,0,0,0
3105,3106,-3.9472727706760633e-29,1.954030726242118e-29,1,1.954030726242118e-29,0,0,0
3105,3169,1.1842451541977576e-28,-5.4278166746542794e-29,1,-5.4278166746542794e-29,0,0,0
3105,3170,0,6.5717021366757174e-46,1,6.5717021366757174e-46,0,0,0
3105,3171,-9.8681819266901554e-30,4.9246976335084752e-30,1,4.9246976335084752e-30,0,0,0
3106,3107,-3.9211318191827474e-31,1.9519632649979016e-31,1,1.9519632649979016e-31,0,0,0
3106,3170,1.9758311816441199e-30,-9.3890144308227562e-31,1,-9.3890144308227562e-31,0,0,0
3106,3171,0,6.5981916435889269e-48,1,6.5981916435889269e-48,0,0,0
3106,3172,-9.8028295479568686e-32,4.8979122406478981e-32,1,4.8979122406478981e-32,0,0,0
3107,3108,-1.7205289186944345e-33,8.6026445934721726e-34,1,8.6026445934721726e-34,0,0,0
3107,3171,1.8786659673205489e-32,-9.1782637217659399e-33,1,-9.1782637217659399e-33,0,0,0
3107,3172,0,2.9982813154157621e-50,1,2.9982813154157621e-50,0,0,0
3107,3173,-4.3013222967360863e-34,2.1506611483680432e-34,1,2.1506611483680432e-34,0,0,0
3108,3109,0,-0,1,-0,0,0,0
3108,3172,7.0050666610719567e-35,-3.5025333305359784e-35,1,-3.5025333305359784e-35,0,0,0
3108,3173,0,-0,1,-0,0,0,0
3108,3174,0,-0,1,-0,0,0,0
3109,3110,0,-0,1,-0,0,0,0
3109,3173,0,-0,1,-0,0,0,0
3109,3174,0,-0,1,-0,0,0,0
3109,3175,0,-0,1,-0,0,0,0
3110,3111,0,-0,1,-0,0,0,0
3110,3174,0,-0,1,-0,0,0,0
3110,3175,0,-0,1,-0,0,0,0
3110,3176,0,-0,1,-0,0,0,0
3111,3112,0,-0,1,-0,0,0,0
3111,3175,0,-0,1,-0,0,0,0
3111,3176,0,-0,1,-0,0,0,0
3111,3177,0,-0,1,-0,0,0,0
3112,3113,0,-0,1,-0,0,0,0
3112,3176,0,-0,1,-0,0,0,0
3112,3177,0,-0,1,-0,0,0,0
3112,3178,0,-0,1,-0,0,0,0
3113,3114,0,-0,1,-0,0,0,0
3113,3177,0,-0,1,-0,0,0,0
3113,3178,0,-0,1,-0,0,0,0
3113,3179,0,-0,1,-0,0,0,0
3114,3115,0,-0,1,-0,0,0,0
3114,3178,0,-0,1,-0,0,0,0
3114,3179,0,-0,1,-0,0,0,0
3114,3180,0,-0,1,-0,0,0,0
3115,3116,0,-0,1,-0,0,0,0
3115,3179,0,-0,1,-0,0,0,0
3115,3180,0,-0,1,-0,0,0,0
3115,3181,0,-0,1,-0,0,0,0
3116,3117,0,-0,1,-0,0,0,0
3116,3180,0,-0,1,-0,0,0,0
3116,3181,0,-0,1,-0,0,0,0
3116,3182,0,-0,1,-0,0,0,0
3117,3118,0,-0,1,-0,0,0,0
3117,3181,0,-0,1,-0,0,0,0
3117,3182,0,-0,1,-0,0,0,0
3117,3183,0,-0,1,-0,0,0,0
3118,3119,0,-0,1,-0,0,0,0
3118,3182,0,-0,1,-0,0,0,0
3118,3183,0,-0,1,-0,0,0,0
3118,3184,0,-0,1,-0,0,0,0
3119,3183,0,-0,1,-0,0,0,0
3119,3184,0,-0,1,-0,0,0,0
3120,3121,0,-0,1,-0,0,0,0
3120,3185,0,-0,1,-0,0,0,0
3120,3186,0,-0,1,-0,0,0,0
3121,3122,0,-0,1,-0,0,0,0
3121,3185,0,-0,1,-0,0,0,0
3121,3186,0,-0,1,-0,0,0,0
3121,3187,0,-0,1,-0,0,0,0
3122,3123,0,-0,1,-0,0,0,0
3122,3186,0,-0,1,-0,0,0,0
3122,3187,0,-0,1,-0,0,0,0
3122,3188,0,-0,1,-0,0,0,0
3123,3124,0,-0,1,-0,0,0,0
3123,3187,0,-0,1,-0,0,0,0
3123,3188,0,-0,1,-0,0,0,0
3123,3189,0,-0,1,-0,0,0,0
3124,3125,0,-0,1,-0,0,0,0
3124,3188,0,-0,1,-0,0,0,0
3124,3189,0,-0,1,-0,0,0,0
3124,3190,0,-0,1,-0,0,0,0
3125,3126,0,-0,1,-0,0,0,0
3125,3189,0,-0,1,-0,0,0,0
3125,3190,0,-0,1,-0,0,0,0
3125,3191,0,-0,1,-0,0,0,0
3126,3127,0,-0,1,-0,0,0,0
3126,3190,0,-0,1,-0,0,0,0
3126,3191,0,-0,1,-0,0,0,0
3126,3192,0,-0,1,-0,0,0,0
3127,3128,0,-0,1,-0,0,0,0
3127,3191,0,-0,1,-0,0,0,0
3127,3192,0,-0,1,-0,0,0,0
3127,3193,0,-0,1,-0,0,0,0
3128,3129,0,-0,1,-0,0,0,0
3128,3192,0,-0,1,-0,0,0,0
3128,3193,0,-0,1,-0,0,0,0
3128,3194,0,-0,1,-0,0,0,0
3129,3130,0,-0,1,-0,0,0,0
3129,3193,0,-0,1,-0,0,0,0
3129,3194,0,-0,1,-0,0,0,0
3129,3195,0,-0,1,-0,0,0,0
3130,3131,0,-0,1,-0,0,0,0
3130,3194,0,-0,1,-0,0,0,0
3130,3195,0,-0,1,-0,0,0,0
3130,3196,0,-0,1,-0,0,0,0
3131,3132,0,-0,1,-0,0,0,0
3131,3195,0,-0,1,-0,0,0,0
3131,3196,0,-0,1,-0,0,0,0
3131,3197,0,-0,1,-0,0,0,0
3132,3133,0,-0,1,-0,0,0,0
3132,3196,0,-0,1,-0,0,0,0
3132,3197,0,-0,1,-0,0,0,0
3132,3198,0,-0,1,-0,0,0,0
3133,3134,0,-0,1,-0,0,0,0
3133,3197,0,-0,1,-0,0,0,0
3133,3198,0,-0,1,-0,0,0,0
3133,3199,0,-0,1,-0,0,0,0
3134,3135,0,-0,1,-0,0,0,0
3134,3198,0,-0,1,-0,0,0,0
3134,3199,0,-0,1,-0,0,0,0
3134,3200,0,-0,1,-0,0,0,0
3135,3136,0,-0,1,-0,0,0,0
3135,3199,0,-0,1,-0,0,0,0
3135,3200,0,-0,1,-0,0,0,0
3135,3201,0,-0,1,-0,0,0,0
3136,3137,0,-0,1,-0,0,0,0
3136,3200,0,-0,1,-0,0,0,0
3136,3201,0,-0,1,-0,0,0,0
3136,3202,0,-0,1,-0,0,0,0
3137,3138,0,6.644080692907919e-59,0,0,0,0,0
3137,3201,0,-0,1,-0,0,0,0
3137,3202,0,-0,1,-0,0,0,0
3137,3203,0,1.4132837253359268e-59,0,0,0,0,0
3138,3139,0,-2.3867430131721728e-41,2.6195842413048503e-18,-6.2522743853502788e-59,0,0,0
3138,3202,0,-1.6610201732269798e-59,0,-0,0,0,0
3138,3203,1.5104902970146852e-91,-4.1256406273124619e-76,2.6195842413048503e-18,-1.0807463172594782e-93,0,0,0
3138,3204,3.3220403464539595e-59,-2.466822502404529e-60,2.6195842413048503e-18,-6.4620493533951001e-78,0,0,0
3139,3140,-4.7734860263443436e-41,-9.6465602010409813e-41,3.1368483244373816e-12,-3.0259796203219732e-52,0,0,0
3139,3203,0,5.9668575329304321e-42,4.3925950876819243e-17,2.6209989088048101e-58,0,0,0
3139,3204,0,9.9368139265761401e-58,3.1590485157638624e-20,3.1390877286172034e-77,0,0,0
3139,3205,-1.1933715065860862e-41,-4.4073836154018965e-42,3.099396637574029e-08,-1.3660229958075506e-49,0,0,0
3140,3141,-2.406660586515605e-40,1.3852654325333676e-31,3.1368483244373816e-12,4.3453675509433192e-43,0,0,0
3140,3204,0,3.0083258035532883e-41,3.1590485157638624e-20,9.5034471646491442e-61,0,0,0
3140,3205,0,3.2822106511344146e-57,3.1368483244373816e-12,1.0295796981461516e-68,0,0,0
3140,3206,-6.0166516071065766e-41,1.9709016887132184e-41,3.1368483244373816e-12,6.1824196598708652e-53,0,0,0
3141,3142,2.7705308626595975e-31,3.3156627855276544e-28,0.001787134776765753,5.9255362720444789e-31,0,0,0
3141,3205,2.0748487400309749e-41,-3.4631635793625174e-32,3.099396637574029e-08,-1.0733717553245025e-39,0,0,0
3141,3206,7.4795856705061804e-64,-5.7673259157773102e-48,9.6000862113829705e-12,-5.536682600060542e-59,0,0,0
3141,3207,6.9263271566502012e-32,3.7686755147637347e-30,0.001787134776765753,6.7351310747798468e-33,0,0,0
3142,3143,6.6340961019179676e-28,-5.493501999201235e-28,1,-5.493501999201235e-28,0,0,0
3142,3206,2.0751289997238399e-41,-8.2926201273984987e-29,9.6000862113829705e-12,-7.9609868141275212e-40,0,0,0
3142,3207,0,-1.3176608824621183e-44,1,-1.3176608824621183e-44,0,0,0
3142,3208,1.6585240254794921e-28,-1.7024234915470118e-29,1,-1.7024234915470118e-29,0,0,0
3143,3144,-4.3529078964845068e-28,-1.4450037967850884e-26,1,-1.4450037967850884e-26,0,0,0
3143,3207,-7.6066143010939754e-30,5.821465585660327e-29,1,5.821465585660327e-29,0,0,0
3143,3208,0,2.0036191883048423e-44,0.26744927169120603,5.3586649265865548e-45,0,0,0
3143,3209,-1.0882269741211263e-28,-1.8297025924564592e-28,1,-1.8297025924564592e-28,0,0,0
3144,3145,-2.9335366725350213e-26,3.6205188895459983e-26,1,3.6205188895459983e-26,0,0,0
3144,3208,-1.3180393271700901e-28,3.7328228070272821e-27,0.26744927169120603,9.9834074109176992e-28,0,0,0
3144,3209,9.8036425300458607e-59,5.7113301300266871e-43,1,5.7113301300266871e-43,0,0,0
3144,3210,-7.3338416813375546e-27,1.2648359781396181e-27,1,1.2648359781396181e-27,0,0,0
3145,3146,4.3075011065569742e-26,8.872895492416087e-26,1,8.872895492416087e-26,0,0,0
3145,3209,4.7476321590340443e-28,-5.621757991147922e-27,1,-5.621757991147922e-27,0,0,0
3145,3210,-1.9607285060091721e-58,-1.2967062833033696e-42,1,-1.2967062833033696e-42,0,0,0
3145,3211,1.076875276639244e-26,7.720176827808846e-28,1,7.720176827808846e-28,0,0,0
3146,3147,2.2053292091389153e-25,-3.0909216295277928e-25,1,-3.0909216295277928e-25,0,0,0
3146,3210,4.8041697250583214e-27,-2.9968699976765599e-26,1,-2.9968699976765599e-26,0,0,0
3146,3211,-7.8429140240366886e-58,-3.5655180555137513e-42,1,-3.5655180555137513e-42,0,0,0
3146,3212,5.513323022847287e-26,-8.8562355305780025e-27,1,-8.8562355305780025e-27,0,0,0
3147,3148,-3.9765140499166707e-25,-1.8231153349870256e-25,1,-1.8231153349870256e-25,0,0,0
3147,3211,-1.2312788131954209e-26,5.5862819689935482e-26,1,5.5862819689935482e-26,0,0,0
3147,3212,0,1.139368686191858e-41,1,1.139368686191858e-41,0,0,0
3147,3213,-9.9412851247916769e-26,-4.3572770148749398e-28,1,-4.3572770148749398e-28,0,0,0
3148,3149,-7.6227447198907229e-25,3.9477333623488458e-31,1,3.9477333623488458e-31,0,0,0
3148,3212,-3.7420759167316868e-26,1.1399468858229246e-25,1,1.1399468858229246e-25,0,0,0
3148,3213,1.5685828048073377e-57,7.5176790914379956e-42,1,7.5176790914379956e-42,0,0,0
3148,3214,-1.9056861799726803e-25,2.4932717435033356e-35,1,2.4932717435033356e-35,0,0,0
3149,3150,-7.6227368244239964e-25,2.0745937639809028e-24,0.0013620501927406102,2.8257008360886568e-27,0,0,0
3149,3213,1.0028430665089174e-25,4.5142056979854091e-26,0.0013620501927406102,6.1485747410117868e-29,0,0,0
3149,3214,6.2743551539034961e-58,-1.6431589645807736e-47,0.71121028006666231,-1.1686315473935389e-47,0,0,0
3149,3215,-1.9056842061059993e-25,-7.7311839100121174e-32,0.0014139566162646472,-1.0931558641120419e-34,0,0,0
3150,3151,3.3869138455194495e-24,3.0215502458496716e-22,0.047835696637768245,1.4453796093623894e-23,0,0,0
3150,3214,1.9056861794740261e-25,-5.1864853966362706e-25,0.71121028006666231,-3.6886817315033364e-25,0,0,0
3150,3215,-1.2548662438458702e-56,-8.6372329006833831e-41,0.0014139566162646472,-1.2212672606139961e-43,0,0,0
3150,3216,8.4672846137985153e-25,7.0006573813408677e-25,0.047835696637768245,3.3488132275877479e-26,0,0,0
3151,3152,6.0769696301545376e-22,1.1584330886823337e-22,5.8302095152873602e-07,6.7539076164594686e-29,0,0,0
3151,3215,1.9056857523426632e-25,-7.6057404664548849e-23,0.0014139566162646472,-1.0754187054135648e-25,0,0,0
3151,3216,0,-1.2463145583581259e-38,0.14209124249868949,-1.7709038414131157e-39,0,0,0
3151,3217,1.5192424075386344e-22,-2.1220333348362612e-23,1,-2.1220333348362612e-23,0,0,0
3152,3153,8.3938358075192041e-22,-2.976015864898095e-23,5.8302095152873602e-07,-1.7350796013175015e-29,0,0,0
3152,3216,-2.2468599376480267e-24,-1.0379951762516604e-22,5.8302095152873602e-07,-6.0517293534048112e-29,0,0,0
3152,3217,-1.6062287921227138e-54,-8.3568419793213464e-39,5.8302095152873602e-07,-4.8722139625592174e-45,0,0,0
3152,3218,2.0984589518798008e-22,-9.1405942004662496e-24,5.8302095152873602e-07,-5.329157928293879e-30,0,0,0
3153,3154,7.7986326356478555e-22,-8.3943370438087656e-16,1.3399292363921835e-08,-1.1247817625129298e-23,0,0,0
3153,3217,-1.094835740571382e-22,-4.2741120903175711e-23,1.3399292363921835e-08,-5.7270077494338224e-31,0,0,0
3153,3218,0,-2.8319922044456558e-40,1.3399292363921835e-08,-3.7946691519714839e-48,0,0,0
3153,3219,1.9496581586348963e-22,-3.351952631897756e-23,1.3399292363921835e-08,-4.49137933048153e-31,0,0,0
3154,3155,-1.6788666288984893e-15,-3.2172547952590295e-15,0.43204643189419917,-1.3900034547861659e-15,0,0,0
3154,3218,-1.9156470681527102e-22,2.0985842439466461e-16,4.4625344973633061e-06,9.3650045842349993e-22,0,0,0
3154,3219,0,3.4948442902253884e-32,1.2916611414118554e-06,4.5141545649692307e-38,0,0,0
3154,3220,-4.1971665722462237e-16,1.9641110528453142e-16,1,1.9641110528453142e-16,0,0,0
3155,3156,-8.1133762194165466e-15,1.7055079881708976e-15,1,1.7055079881708976e-15,0,0,0
3155,3219,-1.2792676319851032e-22,1.0141720913904501e-15,1.2916611414118554e-06,1.3099666811534372e-21,0,0,0
3155,3220,0,1.6665415782367951e-31,1,1.6665415782367951e-31,0,0,0
3155,3221,-2.0283440548541371e-15,9.8218153714731078e-16,1,9.8218153714731078e-16,0,0,0
3156,3157,-4.7023602430747519e-15,1.5817465037058916e-15,1,1.5817465037058916e-15,0,0,0
3156,3220,2.6894446655559547e-17,5.7434780705656428e-16,1,5.7434780705656428e-16,0,0,0
3156,3221,0,9.2560049642296233e-32,1,9.2560049642296233e-32,0,0,0
3156,3222,-1.175590060768688e-15,5.7193064462006505e-16,1,5.7193064462006505e-16,0,0,0
3157,3158,-1.5388672356629696e-15,5.8459244093838935e-16,1,5.8459244093838935e-16,0,0,0
3157,3221,6.3980980559515475e-17,1.6036791417811347e-16,1,1.6036791417811347e-16,0,0,0
3157,3222,0,2.9392158489337334e-32,1,2.9392158489337334e-32,0,0,0
3157,3223,-3.8471680891574239e-16,1.8773961105415511e-16,1,1.8773961105415511e-16,0,0,0
3158,3159,-3.6968235378619101e-16,1.4881225396602937e-16,1,1.4881225396602937e-16,0,0,0
3158,3222,3.1728771528558119e-17,3.0345908458994832e-17,1,3.0345908458994832e-17,0,0,0
3158,3223,-8.4212648096443338e-49,6.9263762757883739e-33,1,6.9263762757883739e-33,0,0,0
3158,3224,-9.2420588446547777e-17,4.5214464518051059e-17,1,4.5214464518051059e-17,0,0,0
3159,3160,-7.2057845854132292e-17,3.0004993138839204e-17,1,3.0004993138839204e-17,0,0,0
3159,3223,9.2375868074321792e-18,4.3884373280504453e-18,1,4.3884373280504453e-18,0,0,0
3159,3224,-2.1053162024110835e-49,1.3341662818761661e-33,1,1.3341662818761661e-33,0,0,0
3159,3225,-1.8014461463533073e-17,8.8328143020616944e-18,1,8.8328143020616944e-18,0,0,0
3160,3161,-1.2047859576453875e-17,5.1358573560500276e-18,1,5.1358573560500276e-18,0,0,0
3160,3224,1.9916594104456609e-18,5.1015274183390387e-19,1,5.1015274183390387e-19,0,0,0
3160,3225,0,2.21750287690874e-34,1,2.21750287690874e-34,0,0,0
3160,3226,-3.0119648941134686e-18,1.4798064721995758e-18,1,1.4798064721995758e-18,0,0,0
3161,3162,-1.7761448643538186e-18,7.7271042302065515e-19,1,7.7271042302065515e-19,0,0,0
3161,3225,3.4883285940968233e-19,4.7601678339386187e-20,1,4.7601678339386187e-20,0,0,0
3161,3226,0,3.2614266818398542e-35,1,3.2614266818398542e-35,0,0,0
3161,3227,-4.4403621608845466e-19,2.1856269395346543e-19,1,2.1856269395346543e-19,0,0,0
3162,3163,-2.3072401831250842e-19,1.024384116863032e-19,1,1.024384116863032e-19,0,0,0
3162,3226,5.2351949714317321e-20,2.6645274319048965e-21,1,2.6645274319048965e-21,0,0,0
3162,3227,8.2238914156682948e-52,4.2274664099842263e-36,1,4.2274664099842263e-36,0,0,0
3162,3228,-5.7681004578127104e-20,2.8440606019372318e-20,1,2.8440606019372318e-20,0,0,0
3163,3164,-2.5847194939902055e-20,1.1710536377815866e-20,1,1.1710536377815866e-20,0,0,0
3163,3227,6.9108281815238049e-21,-2.2451472327414537e-22,1,-2.2451472327414537e-22,0,0,0
3163,3228,0,4.7145672329382607e-37,1,4.7145672329382607e-37,0,0,0
3163,3229,-6.4617987349755138e-21,3.1913541642642927e-21,1,3.1913541642642927e-21,0,0,0
3164,3165,-2.4261221842703239e-21,1.1202459373756117e-21,1,1.1202459373756117e-21,0,0,0
3164,3228,7.9979253938247602e-22,-9.6630996657447534e-23,1,-9.6630996657447534e-23,0,0,0
3164,3229,0,4.3918214033876664e-38,1,4.3918214033876664e-38,0,0,0
3164,3230,-6.0653054606758098e-22,3.0003525819546824e-22,1,3.0003525819546824e-22,0,0,0
3165,3166,-1.8563030951910021e-22,8.7169954406921551e-23,1,8.7169954406921551e-23,0,0,0
3165,3229,7.909040644692885e-23,-1.6341414533576897e-23,1,-1.6341414533576897e-23,0,0,0
3165,3230,0,3.3263015427995553e-39,1,3.3263015427995553e-39,0,0,0
3165,3231,-4.6407577379775051e-23,2.2993042920699221e-23,1,2.2993042920699221e-23,0,0,0
3166,3167,-1.1290400705257116e-23,5.3793092239159448e-24,1,5.3793092239159448e-24,0,0,0
3166,3230,6.4600296766444568e-24,-1.8187147501650887e-24,1,-1.8187147501650887e-24,0,0,0
3166,3231,-5.0194649753834807e-56,1.9993245708485583e-40,1,1.9993245708485583e-40,0,0,0
3166,3232,-2.8226001763142791e-24,1.4006722886863959e-24,1,1.4006722886863959e-24,0,0,0
3167,3168,-5.3178225742522659e-25,2.565046857709367e-25,1,2.565046857709367e-25,0,0,0
3167,3231,4.2149153837661538e-25,-1.4427298701015433e-25,1,-1.4427298701015433e-25,0,0,0
3167,3232,0,9.300057841734e-42,1,9.300057841734e-42,0,0,0
3167,3233,-1.3294556435630665e-25,6.6074030683248406e-26,1,6.6074030683248406e-26,0,0,0
3168,3169,-1.8772885883353128e-26,9.1495939108370119e-27,1,9.1495939108370119e-27,0,0,0
3168,3232,2.1255598941487238e-26,-8.2811887353244785e-27,1,-8.2811887353244785e-27,0,0,0
3168,3233,0,3.2438372663216622e-43,1,3.2438372663216622e-43,0,0,0
3168,3234,-4.6932214708382821e-27,2.3360586460254416e-27,1,2.3360586460254416e-27,0,0,0
3169,3170,-4.7369806167910304e-28,2.3289736847626325e-28,1,2.3289736847626325e-28,0,0,0
3169,3233,7.9750298980981176e-28,-3.3953923719501804e-28,1,-3.3953923719501804e-28,0,0,0
3169,3234,0,8.1035458870152771e-45,1,8.1035458870152771e-45,0,0,0
3169,3235,-1.1842451541977576e-28,5.9032018275900172e-29,1,5.9032018275900172e-29,0,0,0
3170,3171,-7.9033247265764798e-30,3.9140890439418291e-30,1,3.9140890439418291e-30,0,0,0
3170,3234,2.1104178787397881e-29,-9.5641738028768807e-30,1,-9.5641738028768807e-30,0,0,0
3170,3235,0,1.3450509986374043e-46,1,1.3450509986374043e-46,0,0,0
3170,3236,-1.9758311816441199e-30,9.8625299241526709e-31,1,9.8625299241526709e-31,0,0,0
3171,3172,-7.5146638692821957e-32,3.7433218013189539e-32,1,3.7433218013189539e-32,0,0,0
3171,3235,3.6047886797539344e-31,-1.7084610415109398e-31,1,-1.7084610415109398e-31,0,0,0
3171,3236,0,1.2874254045852534e-48,1,1.2874254045852534e-48,0,0,0
3171,3237,-1.8786659673205489e-32,9.3883791367667554e-33,1,9.3883791367667554e-33,0,0,0
3172,3173,-2.8020266644287827e-34,1.4010133322143913e-34,1,1.4010133322143913e-34,0,0,0
3172,3236,3.3251968135856099e-33,-1.6275730734874451e-33,1,-1.6275730734874451e-33,0,0,0
3172,3237,-7.3042828813536917e-67,5.0084325802287915e-51,1,5.0084325802287915e-51,0,0,0
3172,3238,-7.0050666610719567e-35,3.5025333305359784e-35,1,3.5025333305359784e-35,0,0,0
3173,3174,0,-0,1,-0,0,0,0
3173,3237,9.9013996719765631e-36,-4.9506998359882816e-36,1,-4.9506998359882816e-36,0,0,0
3173,3238,0,-0,1,-0,0,0,0
3173,3239,0,-0,1,-0,0,0,0
3174,3175,0,-0,1,-0,0,0,0
3174,3238,0,-0,1,-0,0,0,0
3174,3239,0,-0,1,-0,0,0,0
3174,3240,0,-0,1,-0,0,0,0
3175,3176,0,-0,1,-0,0,0,0
3175,3239,0,-0,1,-0,0,0,0
3175,3240,0,-0,1,-0,0,0,0
3175,3241,0,-0,1,-0,0,0,0
3176,3177,0,-0,1,-0,0,0,0
3176,3240,0,-0,1,-0,0,0,0
3176,3241,0,-0,1,-0,0,0,0
3176,3242,0,-0,1,-0,0,0,0
3177,3178,0,-0,1,-0,0,0,0
3177,3241,0,-0,1,-0,0,0,0
3177,3242,0,-0,1,-0,0,0,0
3177,3243,0,-0,1,-0,0,0,0
3178,3179,0,-0,1,-0,0,0,0
3178,3242,0,-0,1,-0,0,0,0
3178,3243,0,-0,1,-0,0,0,0
3178,3244,0,-0,1,-0,0,0,0
3179,3180,0,-0,1,-0,0,0,0
3179,3243,0,-0,1,-0,0,0,0
3179,3244,0,-0,1,-0,0,0,0
3179,3245,0,-0,1,-0,0,0,0
3180,3181,0,-0,1,-0,0,0,0
3180,3244,0,-0,1,-0,0,0,0
3180,3245,0,-0,1,-0,0,0,0
3180,3246,0,-0,1,-0,0,0,0
3181,3182,0,-0,1,-0,0,0,0
3181,3245,0,-0,1,-0,0,0,0
3181,3246,0,-0,1,-0,0,0,0
3181,3247,0,-0,1,-0,0,0,0
3182,3183,0,-0,1,-0,0,0,0
3182,3246,0,-0,1,-0,0,0,0
3182,3247,0,-0,1,-0,0,0,0
3182,3248,0,-0,1,-0,0,0,0
3183,3184,0,-0,1,-0,0,0,0
3183,3247,0,-0,1,-0,0,0,0
3183,3248,0,-0,1,-0,0,0,0
3183,3249,0,-0,1,-0,0,0,0
3184,3248,0,-0,1,-0,0,0,0
3184,3249,0,-0,1,-0,0,0,0
3185,3186,0,-0,1,-0,0,0,0
3185,3250,0,-0,1,-0,0,0,0
3185,3251,0,-0,1,-0,0,0,0
3186,3187,0,-0,1,-0,0,0,0
3186,3250,0,-0,1,-0,0,0,0
3186,3251,0,-0,1,-0,0,0,0
3186,3252,0,-0,1,-0,0,0,0
3187,3188,0,-0,1,-0,0,0,0
3187,3251,0,-0,1,-0,0,0,0
3187,3252,0,-0,1,-0,0,0,0
3187,3253,0,-0,1,-0,0,0,0
3188,3189,0,-0,1,-0,0,0,0
3188,3252,0,-0,1,-0,0,0,0
3188,3253,0,-0,1,-0,0,0,0
3188,3254,0,-0,1,-0,0,0,0
3189,3190,0,-0,1,-0,0,0,0
3189,3253,0,-0,1,-0,0,0,0
3189,3254,0,-0,1,-0,0,0,0
3189,3255,0,-0,1,-0,0,0,0
3190,3191,0,-0,1,-0,0,0,0
3190,3254,0,-0,1,-0,0,0,0
3190,3255,0,-0,1,-0,0,0,0
3190,3256,0,-0,1,-0,0,0,0
3191,3192,0,-0,1,-0,0,0,0
3191,3255,0,-0,1,-0,0,0,0
3191,3256,0,-0,1,-0,0,0,0
3191,3257,0,-0,1,-0,0,0,0
3192,3193,0,-0,1,-0,0,0,0
3192,3256,0,-0,1,-0,0,0,0
3192,3257,0,-0,1,-0,0,0,0
3192,3258,0,-0,1,-0,0,0,0
3193,3194,0,-0,1,-0,0,0,0
3193,3257,0,-0,1,-0,0,0,0
3193,3258,0,-0,1,-0,0,0,0
3193,3259,0,-0,1,-0,0,0,0
3194,3195,0,-0,1,-0,0,0,0
3194,3258,0,-0,1,-0,0,0,0
3194,3259,0,-0,1,-0,0,0,0
3194,3260,0,-0,1,-0,0,0,0
3195,3196,0,-0,1,-0,0,0,0
3195,3259,0,-0,1,-0,0,0,0
3195,3260,0,-0,1,-0,0,0,0
3195,3261,0,-0,1,-0,0,0,0
3196,3197,0,-0,1,-0,0,0,0
3196,3260,0,-0,1,-0,0,0,0
3196,3261,0,-0,1,-0,0,0,0
3196,3262,0,-0,1,-0,0,0,0
3197,3198,0,-0,1,-0,0,0,0
3197,3261,0,-0,1,-0,0,0,0
3197,3262,0,-0,1,-0,0,0,0
3197,3263,0,-0,1,-0,0,0,0
3198,3199,0,-0,1,-0,0,0,0
3198,3262,0,-0,1,-0,0,0,0
3198,3263,0,-0,1,-0,0,0,0
3198,3264,0,-0,1,-0,0,0,0
3199,3200,0,-0,1,-0,0,0,0
3199,3263,0,-0,1,-0,0,0,0
3199,3264,0,-0,1,-0,0,0,0
3199,3265,0,-0,1,-0,0,0,0
3200,3201,0,-0,1,-0,0,0,0
3200,3264,0,-0,1,-0,0,0,0
3200,3265,0,-0,1,-0,0,0,0
3200,3266,0,-0,1,-0,0,0,0
3201,3202,0,-0,1,-0,0,0,0
3201,3265,0,-0,1,-0,0,0,0
3201,3266,0,-0,1,-0,0,0,0
3201,3267,0,-0,1,-0,0,0,0
3202,3203,0,5.6531349013437072e-59,0,0,0,0,0
3202,3266,0,-0,1,-0,0,0,0
3202,3267,0,-0,1,-0,0,0,0
3202,3268,0,-0,1,-0,0,0,0
3203,3204,1.1306269802687416e-58,4.2167906024002149e-62,3.1590485157638624e-20,1.3321046093799401e-81,0,0,0
3203,3267,0,-1.4132837253359268e-59,0,-0,0,0,0
3203,3268,0,-2.3535901982939435e-75,0,-0,0,0,0
3203,3269,2.8265674506718536e-59,-2.0556854186704385e-60,4.3925950876819243e-17,-9.0297936718711287e-77,0,0,0
3204,3205,0,-4.1496964593329317e-41,3.1590485157638624e-20,-1.3109092440726251e-60,0,0,0
3204,3268,0,-1.4143379229865269e-59,0,-0,0,0,0
3204,3269,0,-3.4409598423542186e-76,3.1590485157638624e-20,-1.0870159082792148e-95,0,0,0
3204,3270,2.8286758459730533e-59,-2.0662273951764391e-60,3.1590485157638624e-20,-6.5273125859627615e-80,0,0,0
3205,3206,-8.2993929186658624e-41,-2.734939149587278e-52,9.6000862113829705e-12,-2.6255651618924296e-63,0,0,0
3205,3269,0,1.0374241148332329e-41,1.8626367614954066e-17,1.9323442935502119e-58,0,0,0
3205,3270,0,1.727658207883842e-57,-0,-0,0,0,0
3205,3271,-2.0748482296664659e-41,1.1130451761490902e-49,3.099396637574029e-08,3.4497684764244832e-57,0,0,0
3206,3207,-8.2993087263722492e-41,1.5213228602229438e-29,9.6000862113829705e-12,1.4604830613487984e-40,0,0,0
3206,3270,0,1.0374241148400702e-41,-0,-0,0,0,0
3206,3271,-6.965907087512959e-74,1.8547312201685833e-65,9.6000862113829705e-12,1.7805579612561927e-76,0,0,0
3206,3272,-2.0748482296801404e-41,1.7676882488308817e-51,9.6000862113829705e-12,1.6969959583625057e-62,0,0,0
3207,3208,3.0426457204375902e-29,2.4839463683182997e-28,0.26744927169120603,6.6432964712674548e-29,0,0,0
3207,3271,2.0748271815930623e-41,-3.8033071505573594e-30,2.7276841236016045e-11,-1.0374220531755766e-40,0,0,0
3207,3272,0,-6.3337787524054197e-46,3.1486212116923848e-13,-1.9942670129990235e-58,0,0,0
3207,3273,7.6066143010939726e-30,-3.8023080966023773e-30,1,-3.8023080966023773e-30,0,0,0
3208,3209,5.2721573086803604e-28,-1.2131342972408271e-27,0.26744927169120603,-3.2445188426068224e-28,0,0,0
3208,3272,2.0751289997238399e-41,-6.5901966358514864e-29,3.1486212116923848e-13,-2.0750032916865786e-41,0,0,0
3208,3273,0,-1.0974715686988808e-44,0.26744927169120603,-2.9351797175032107e-45,0,0,0
3208,3274,1.3180393271700901e-28,-6.5900967300214472e-29,0.26744927169120603,-1.7625165708188344e-29,0,0,0
3209,3210,-1.8990528636136177e-27,-8.6588130183098285e-27,1,-8.6588130183098285e-27,0,0,0
3209,3273,-1.9981078892313901e-33,2.3738260700564686e-28,1,2.3738260700564686e-28,0,0,0
3209,3274,0,3.9532145392205794e-44,0.9245900882981174,3.6551029798793571e-44,0,0,0
3209,3275,-4.7476321590340443e-28,4.8669961139967533e-30,1,4.8669961139967533e-30,0,0,0
3210,3211,-1.9216678900233271e-26,3.4233915714025051e-26,1,3.4233915714025051e-26,0,0,0
3210,3274,-1.9981165796067308e-33,2.4020858615874487e-27,0.9245900882981174,2.2209447788647987e-27,0,0,0
3210,3275,-4.9018212650229304e-59,3.6130602687891395e-43,1,3.6130602687891395e-43,0,0,0
3210,3276,-4.8041697250583185e-27,1.0821376982767394e-27,1,1.0821376982767394e-27,0,0,0
3211,3212,4.925115252781684e-26,5.0215942070725317e-26,1,5.0215942070725317e-26,0,0,0
3211,3275,4.6502922367541131e-28,-6.3889086778148096e-27,1,-6.3889086778148096e-27,0,0,0
3211,3276,0,-1.2450609260632783e-42,1,-1.2450609260632783e-42,0,0,0
3211,3277,1.2312788131954207e-26,-6.3167052528498698e-28,1,-6.3167052528498698e-28,0,0,0
3212,3213,1.4968303666926747e-25,-2.7541013163641725e-25,1,-2.7541013163641725e-25,0,0,0
3212,3276,2.6398943285048401e-27,-2.0030326747910855e-26,1,-2.0030326747910855e-26,0,0,0
3212,3277,0,-2.1958528400533562e-42,1,-2.1958528400533562e-42,0,0,0
3212,3278,3.7420759167316868e-26,-8.3504151885001476e-27,1,-8.3504151885001476e-27,0,0,0
3213,3214,-4.01137226603567e-25,-1.805686225930217e-25,0.71121028006666231,-1.2842226064563441e-25,0,0,0
3213,3277,-1.1049447081384225e-26,5.5666876866137986e-26,1,5.5666876866137986e-26,0,0,0
3213,3278,-1.5685828048073377e-57,1.0075626619799471e-41,1,1.0075626619799471e-41,0,0,0
3213,3279,-1.0028430665089175e-25,1.211518740063352e-26,1,1.211518740063352e-26,0,0,0
3214,3215,-7.6227447178961036e-25,8.5426248964659734e-32,0.71121028006666231,6.0756026451200066e-32,0,0,0
3214,3278,-2.071992879031659e-26,1.056442733688596e-25,0.71121028006666231,7.5135293250105673e-26,0,0,0
3214,3279,0,9.5352630872606549e-42,0.71121028006666231,6.7815771307999574e-42,0,0,0
3214,3280,-1.9056861794740261e-25,7.4341832631922239e-33,0.71121028006666231,5.287267560681835e-33,0,0,0
3215,3216,-7.622743009371123e-25,4.8748570257646062e-24,0.0014139566162646472,6.8928363449240653e-27,0,0,0
3215,3279,7.6053931849624685e-26,5.72573216923267e-26,0.0014139566162646472,8.095936883645865e-29,0,0,0
3215,3280,-2.5097323381000268e-57,-2.3185418548353849e-48,0.42452449635853234,-9.8427781321016923e-49,0,0,0
3215,3281,-1.9056857523427812e-25,1.3605779551653106e-30,0.0014139566162646472,1.9237982016498156e-33,0,0,0
3216,3217,8.9874397505921069e-24,2.1447342823898034e-22,0.14209124249868949,3.0474795901430232e-23,0,0,0
3216,3280,1.9056860307903584e-25,-1.2187142703635303e-24,0.42452449635853234,-5.1737406183103392e-25,0,0,0
3216,3281,-2.5097324876917403e-56,-2.0295646760923828e-40,0.0021540216276218853,-4.3717262069603987e-43,0,0,0
3216,3282,2.2468599376480242e-24,4.2314239045978766e-24,0.14209124249868949,6.0124828014296843e-25,0,0,0
3217,3218,4.379342962285528e-22,1.6416226545981879e-22,4.4625344973633061e-06,7.3257977277975409e-28,0,0,0
3217,3281,1.9056585407837162e-25,-5.4837069955608282e-23,0.0021540216276218853,-1.1812023467979453e-25,0,0,0
3217,3282,0,-8.2245765456701993e-39,1,-8.2245765456701993e-39,0,0,0
3217,3283,1.0948357405713818e-22,-2.4257422171064309e-23,1,-2.4257422171064309e-23,0,0,0
3218,3219,7.6625882714819047e-22,-1.2727588712302619e-22,4.4625344973633061e-06,-5.6797303696902256e-28,0,0,0
3218,3282,-1.0709707746843782e-23,-9.0427499520101907e-23,4.4625344973633061e-06,-4.0353583611875859e-28,0,0,0
3218,3283,0,-1.0874299550159678e-38,4.4625344973633061e-06,-4.8526936877249848e-44,0,0,0
3218,3284,1.9156470678704762e-22,-3.2794753042246405e-23,4.4625344973633061e-06,-1.4634771678353481e-28,0,0,0
3219,3220,5.1170705290781926e-22,-5.3789149164645581e-17,1.2916611414118554e-06,-6.9477353805578654e-23,0,0,0
3219,3283,-6.0968729715009586e-23,-3.3479016755262469e-23,1.2916611414118554e-06,-4.324354499544895e-29,0,0,0
3219,3284,-9.5369834532286137e-55,-1.6250022352557382e-40,1.2916611414118554e-06,-2.0989522419872434e-46,0,0,0
3219,3285,1.2792676322553451e-22,-2.8221619688742293e-23,1.2916611414118554e-06,-3.6452769499652162e-29,0,0,0
3220,3221,-1.0757778662223824e-16,-7.4173067807911869e-17,1,-7.4173067807911869e-17,0,0,0
3220,3284,-1.2597520070381102e-22,1.3447286315380134e-17,0.00014157517425170105,1.9038019033124574e-21,0,0,0
3220,3285,0,2.2394184955657001e-33,3.2322565247855581e-05,7.2383750440176929e-38,0,0,0
3220,3286,-2.6894446655559562e-17,1.2872999821977457e-17,1,1.2872999821977457e-17,0,0,0
3221,3222,-2.55923922238062e-16,6.450441806191475e-17,1,6.450441806191475e-17,0,0,0
3221,3285,-7.1483523845087293e-23,3.1990526021519672e-17,3.2322565247855581e-05,1.0340158646437914e-21,0,0,0
3221,3286,0,5.2318594080317424e-33,1,5.2318594080317424e-33,0,0,0
3221,3287,-6.39809805595155e-17,3.1142267392874252e-17,1,3.1142267392874252e-17,0,0,0
3222,3223,-1.2691508611423245e-16,4.4982369442251876e-17,1,4.4982369442251876e-17,0,0,0
3222,3286,1.1484470116046491e-18,1.5290162258476733e-17,1,1.5290162258476733e-17,0,0,0
3222,3287,0,2.5006934652009156e-33,1,2.5006934652009156e-33,0,0,0
3222,3288,-3.1728771528558112e-17,1.5506514768798668e-17,1,1.5506514768798668e-17,0,0,0
3223,3224,-3.6950347229728717e-17,1.4491854793973035e-17,1,1.4491854793973035e-17,0,0,0
3223,3287,1.6964457737669919e-18,3.7705705168325934e-18,1,3.7705705168325934e-18,0,0,0
3223,3288,0,7.0958612456468173e-34,1,7.0958612456468173e-34,0,0,0
3223,3289,-9.2375868074321792e-18,4.5266242739817301e-18,1,4.5266242739817301e-18,0,0,0
3224,3225,-7.9666376417826436e-18,3.2856531020719571e-18,1,3.2856531020719571e-18,0,0,0
3224,3288,7.1574199096078308e-19,6.3795870974243891e-19,1,6.3795870974243891e-19,0,0,0
3224,3289,0,1.5048971660299809e-34,1,1.5048971660299809e-34,0,0,0
3224,3290,-1.9916594104456609e-18,9.780933748897428e-19,1,9.780933748897428e-19,0,0,0
3225,3226,-1.3953314376387293e-18,5.9296181939073005e-19,1,5.9296181939073005e-19,0,0,0
3225,3289,1.8433825946871838e-19,8.2247299970481988e-20,1,8.2247299970481988e-20,0,0,0
3225,3290,3.2895565662673179e-51,2.6092478073461756e-35,1,2.6092478073461756e-35,0,0,0
3225,3291,-3.4883285940968233e-19,1.7164019359095408e-19,1,1.7164019359095408e-19,0,0,0
3226,3227,-2.0940779885726928e-19,9.0882243065587036e-20,1,9.0882243065587036e-20,0,0,0
3226,3290,3.5472660666175308e-20,8.4396445240710094e-21,1,8.4396445240710094e-21,0,0,0
3226,3291,0,3.8968393084490112e-36,1,3.8968393084490112e-36,0,0,0
3226,3292,-5.2351949714317321e-20,2.5803890764733221e-20,1,2.5803890764733221e-20,0,0,0
3227,3228,-2.7643312726095214e-20,1.2222071284282656e-20,1,1.2222071284282656e-20,0,0,0
3227,3291,5.5524722277742273e-21,6.7917797687478846e-22,1,6.7917797687478846e-22,0,0,0
3227,3292,0,5.1347759350058869e-37,1,5.1347759350058869e-37,0,0,0
3227,3293,-6.9108281815238049e-21,3.4116680900307592e-21,1,3.4116680900307592e-21,0,0,0
3228,3229,-3.1991701575299041e-21,1.4414042658710945e-21,1,1.4414042658710945e-21,0,0,0
3228,3292,7.4416818485087416e-22,2.7812177265800886e-23,1,2.7812177265800886e-23,0,0,0
3228,3293,-1.2849830336981711e-53,5.9310934323890933e-38,1,5.9310934323890933e-38,0,0,0
3228,3294,-7.9979253938247602e-22,3.9541786938030902e-22,1,3.9541786938030902e-22,0,0,0
3229,3230,-3.163616257877154e-22,1.4526075354056877e-22,1,1.4526075354056877e-22,0,0,0
3229,3293,8.7492001462286666e-23,-4.2007975076789088e-24,1,-4.2007975076789088e-24,0,0,0
3229,3294,0,5.8397957990234013e-39,1,5.8397957990234013e-39,0,0,0
3229,3295,-7.909040644692885e-23,3.9158479974650875e-23,1,3.9158479974650875e-23,0,0,0
3230,3231,-2.5840118706577821e-23,1.2077076276535681e-23,1,1.2077076276535681e-23,0,0,0
3230,3294,8.956800621858011e-24,-1.2483854726067769e-24,1,-1.2483854726067769e-24,0,0,0
3230,3295,0,4.735031682593392e-40,1,4.735031682593392e-40,0,0,0
3230,3296,-6.4600296766444568e-24,3.2029774296027968e-24,1,3.2029774296027968e-24,0,0,0
3231,3232,-1.6859661535064615e-24,8.004718788702563e-25,1,8.004718788702563e-25,0,0,0
3231,3295,7.7344649762710062e-25,-1.7597747962524269e-25,1,-1.7597747962524269e-25,0,0,0
3231,3296,0,3.0593587741302671e-41,1,3.0593587741302671e-41,0,0,0
3231,3297,-4.2149153837661538e-25,2.0927824505070616e-25,1,2.0927824505070616e-25,0,0,0
3232,3233,-8.5022395765948954e-26,4.0916191903354853e-26,1,4.0916191903354853e-26,0,0,0
3232,3296,5.4074817438862794e-26,-1.6409609248687773e-26,1,-1.6409609248687773e-26,0,0,0
3232,3297,0,1.5254922880140361e-42,1,1.5254922880140361e-42,0,0,0
3232,3298,-2.1255598941487238e-26,1.0568709002375154e-26,1,1.0568709002375154e-26,0,0,0
3233,3234,-3.190011959239247e-27,1.552797622044828e-27,1,1.552797622044828e-27,0,0,0
3233,3297,2.9350482752030365e-27,-1.0687726426966124e-27,1,-1.0687726426966124e-27,0,0,0
3233,3298,0,5.6564923834285919e-44,1,5.6564923834285919e-44,0,0,0
3233,3299,-7.9750298980981176e-28,3.9708922628950134e-28,1,3.9708922628950134e-28,0,0,0
3234,3235,-8.4416715149591524e-29,4.1487399838844965e-29,1,4.1487399838844965e-29,0,0,0
3234,3298,1.1818093673693065e-28,-4.8538378974766387e-29,1,-4.8538378974766387e-29,0,0,0
3234,3299,1.9147739316495822e-61,1.4804525569280372e-45,1,1.4804525569280372e-45,0,0,0
3234,3300,-2.1104178787397881e-29,1.0522492573317704e-29,1,1.0522492573317704e-29,0,0,0
3235,3236,-1.4419154719015741e-30,7.1430734232361579e-31,1,7.1430734232361579e-31,0,0,0
3235,3299,3.3245372308090683e-30,-1.4820291814168373e-30,1,-1.4820291814168373e-30,0,0,0
3235,3300,0,2.5087034717340591e-47,1,2.5087034717340591e-47,0,0,0
3235,3301,-3.6047886797539344e-31,1.7996878263991912e-31,1,1.7996878263991912e-31,0,0,0
3236,3237,-1.3300787254342439e-32,6.6305908278272672e-33,1,6.6305908278272672e-33,0,0,0
3236,3300,5.9193640762471556e-32,-2.7934221974442975e-32,1,-2.7934221974442975e-32,0,0,0
3236,3301,0,2.3180575109668986e-49,1,2.3180575109668986e-49,0,0,0
3236,3302,-3.3251968135856099e-33,1.6619962347450731e-33,1,1.6619962347450731e-33,0,0,0
3237,3238,-3.9605598687906253e-35,1.9802799343953126e-35,1,1.9802799343953126e-35,0,0,0
3237,3301,5.4130269555523665e-34,-2.6570064794163005e-34,1,-2.6570064794163005e-34,0,0,0
3237,3302,9.1303536016921147e-68,7.2417535106168355e-52,1,7.2417535106168355e-52,0,0,0
3237,3303,-9.9013996719765631e-36,4.9506998359882816e-36,1,4.9506998359882816e-36,0,0,0
3238,3239,0,-0,1,-0,0,0,0
3238,3302,1.2043440954637779e-36,-6.0217204773188897e-37,1,-6.0217204773188897e-37,0,0,0
3238,3303,0,-0,1,-0,0,0,0
3238,3304,0,-0,1,-0,0,0,0
3239,3240,0,-0,1,-0,0,0,0
3239,3303,0,-0,1,-0,0,0,0
3239,3304,0,-0,1,-0,0,0,0
3239,3305,0,-0,1,-0,0,0,0
3240,3241,0,-0,1,-0,0,0,0
3240,3304,0,-0,1,-0,0,0,0
3240,3305,0,-0,1,-0,0,0,0
3240,3306,0,-0,1,-0,0,0,0
3241,3242,0,-0,1,-0,0,0,0
3241,3305,0,-0,1,-0,0,0,0
3241,3306,0,-0,1,-0,0,0,0
3241,3307,0,-0,1,-0,0,0,0
3242,3243,0,-0,1,-0,0,0,0
3242,3306,0,-0,1,-0,0,0,0
3242,3307,0,-0,1,-0,0,0,0
3242,3308,0,-0,1,-0,0,0,0
3243,3244,0,-0,1,-0,0,0,0
3243,3307,0,-0,1,-0,0,0,0
3243,3308,0,-0,1,-0,0,0,0
3243,3309,0,-0,1,-0,0,0,0
3244,3245,0,-0,1,-0,0,0,0
3244,3308,0,-0,1,-0,0,0,0
3244,3309,0,-0,1,-0,0,0,0
3244,3310,0,-0,1,-0,0,0,0
3245,3246,0,-0,1,-0,0,0,0
3245,3309,0,-0,1,-0,0,0,0
3245,3310,0,-0,1,-0,0,0,0
3245,3311,0,-0,1,-0,0,0,0
3246,3247,0,-0,1,-0,0,0,0
3246,3310,0,-0,1,-0,0,0,0
3246,3311,0,-0,1,-0,0,0,0
3246,3312,0,-0,1,-0,0,0,0
3247,3248,0,-0,1,-0,0,0,0
3247,3311,0,-0,1,-0,0,0,0
3247,3312,0,-0,1,-0,0,0,0
3247,3313,0,-0,1,-0,0,0,0
3248,3249,0,-0,1,-0,0,0,0
3248,3312,0,-0,1,-0,0,0,0
3248,3313,0,-0,1,-0,0,0,0
3248,3314,0,-0,1,-0,0,0,0
3249,3313,0,-0,1,-0,0,0,0
3249,3314,0,-0,1,-0,0,0,0
3250,3251,0,-0,1,-0,0,0,0
3250,3315,0,-0,1,-0,0,0,0
3250,3316,0,-0,1,-0,0,0,0
3251,3252,0,-0,1,-0,0,0,0
3251,3315,0,-0,1,-0,0,0,0
3251,3316,0,-0,1,-0,0,0,0
3251,3317,0,-0,1,-0,0,0,0
3252,3253,0,-0,1,-0,0,0,0
3252,3316,0,-0,1,-0,0,0,0
3252,3317,0,-0,1,-0,0,0,0
3252,3318,0,-0,1,-0,0,0,0
3253,3254,0,-0,1,-0,0,0,0
3253,3317,0,-0,1,-0,0,0,0
3253,3318,0,-0,1,-0,0,0,0
3253,3319,0,-0,1,-0,0,0,0
3254,3255,0,-0,1,-0,0,0,0
3254,3318,0,-0,1,-0,0,0,0
3254,3319,0,-0,1,-0,0,0,0
3254,3320,0,-0,1,-0,0,0,0
3255,3256,0,-0,1,-0,0,0,0
3255,3319,0,-0,1,-0,0,0,0
3255,3320,0,-0,1,-0,0,0,0
3255,3321,0,-0,1,-0,0,0,0
3256,3257,0,-0,1,-0,0,0,0
3256,3320,0,-0,1,-0,0,0,0
3256,3321,0,-0,1,-0,0,0,0
3256,3322,0,-0,1,-0,0,0,0
3257,3258,0,-0,1,-0,0,0,0
3257,3321,0,-0,1,-0,0,0,0
3257,3322,0,-0,1,-0,0,0,0
3257,3323,0,-0,1,-0,0,0,0
3258,3259,0,-0,1,-0,0,0,0
3258,3322,0,-0,1,-0,0,0,0
3258,3323,0,-0,1,-0,0,0,0
3258,3324,0,-0,1,-0,0,0,0
3259,3260,0,-0,1,-0,0,0,0
3259,3323,0,-0,1,-0,0,0,0
3259,3324,0,-0,1,-0,0,0,0
3259,3325,0,-0,1,-0,0,0,0
3260,3261,0,-0,1,-0,0,0,0
3260,3324,0,-0,1,-0,0,0,0
3260,3325,0,-0,1,-0,0,0,0
3260,3326,0,-0,1,-0,0,0,0
3261,3262,0,-0,1,-0,0,0,0
3261,3325,0,-0,1,-0,0,0,0
3261,3326,0,-0,1,-0,0,0,0
3261,3327,0,-0,1,-0,0,0,0
3262,3263,0,-0,1,-0,0,0,0
3262,3326,0,-0,1,-0,0,0,0
3262,3327,0,-0,1,-0,0,0,0
3262,3328,0,-0,1,-0,0,0,0
3263,3264,0,-0,1,-0,0,0,0
3263,3327,0,-0,1,-0,0,0,0
3263,3328,0,-0,1,-0,0,0,0
3263,3329,0,-0,1,-0,0,0,0
3264,3265,0,-0,1,-0,0,0,0
3264,3328,0,-0,1,-0,0,0,0
3264,3329,0,-0,1,-0,0,0,0
3264,3330,0,-0,1,-0,0,0,0
3265,3266,0,-0,1,-0,0,0,0
3265,3329,0,-0,1,-0,0,0,0
3265,3330,0,-0,1,-0,0,0,0
3265,3331,0,-0,1,-0,0,0,0
3266,3267,0,-0,1,-0,0,0,0
3266,3330,0,-0,1,-0,0,0,0
3266,3331,0,-0,1,-0,0,0,0
3266,3332,0,-0,1,-0,0,0,0
3267,3268,0,-0,1,-0,0,0,0
3267,3331,0,-0,1,-0,0,0,0
3267,3332,0,-0,1,-0,0,0,0
3267,3333,0,-0,1,-0,0,0,0
3268,3269,0,4.8308607338755314e-59,0,0,0,0,0
3268,3332,0,-0,1,-0,0,0,0
3268,3333,0,-0,1,-0,0,0,0
3268,3334,0,-0,1,-0,0,0,0
3269,3270,9.6617214677510629e-59,-0,1,-0,0,0,0
3269,3333,0,-1.2077151834688829e-59,0,-0,0,0,0
3269,3334,0,-2.0112498058148245e-75,0,-0,0,0,0
3269,3335,2.4154303669377657e-59,-2.0556854186704369e-60,1.8626367614954066e-17,-3.8289952308856314e-77,0,0,0
3270,3271,0,-4.1496964148111245e-41,-0,0,0,0,0
3270,3334,0,-1.2077151834688829e-59,-0,0,0,0,0
3270,3335,7.5524514850734259e-92,-3.4234039247911872e-76,-0,0,0,0,0
3270,3336,2.4154303669377657e-59,-2.0556854186704369e-60,-0,0,0,0,0
3271,3272,-8.2993928296222489e-41,-4.3842081137927127e-49,3.1486212116923848e-13,-1.3804210663561597e-61,0,0,0
3271,3335,0,1.0374241037027811e-41,1.6991606809773172e-17,1.7627502465099006e-58,0,0,0
3271,3336,0,1.7276581893479163e-57,3.0713691544603466e-19,5.3062760722140031e-76,0,0,0
3271,3337,-2.0748482074055622e-41,4.6848339770245796e-56,2.7276841236016045e-11,1.277874726083931e-66,0,0,0
3272,3273,-8.2993929390203456e-41,3.9962158199330478e-33,3.1486212116923848e-13,1.2582569897141869e-45,0,0,0
3272,3336,0,1.0374241146633014e-41,3.0713691544603466e-19,3.1863124258701978e-60,0,0,0
3272,3337,-2.089772100303862e-73,1.8252940774369949e-65,3.1486212116923848e-13,5.7471596497946047e-78,0,0,0
3272,3338,-2.0748482293266028e-41,-3.3463099835889858e-57,4.1536276677485604e-09,-1.3899325732698442e-65,0,0,0
3273,3274,7.9924315568721659e-33,1.7381634644841274e-38,0.9245900882981174,1.6070887111039411e-38,0,0,0
3273,3337,2.0748481926487623e-41,-9.9905395498326177e-34,1.0384064810730302e-07,-1.0374241017962625e-40,0,0,0
3273,3338,-2.3373705220331814e-65,-1.6637590554978636e-49,4.1536276677485604e-09,-6.9106356453831391e-58,0,0,0
3273,3339,1.9981078892180418e-33,-1.5285270309801619e-39,1,-1.5285270309801619e-39,0,0,0
3274,3275,7.9924663201929904e-33,-9.3006244358398195e-28,0.9245900882981174,-8.5992651683607668e-28,0,0,0
3274,3338,2.0748482347550864e-41,-9.9905830039192316e-34,4.1536276677485604e-09,-4.1497161982017442e-42,0,0,0
3274,3339,-9.349339426357699e-66,-9.7820679759560713e-55,0.9245900882981174,-9.0444030936274099e-55,0,0,0
3274,3340,1.9981165800353639e-33,-4.5549279005755528e-41,0.9245900882981174,-4.2114411897847089e-41,0,0,0
3275,3276,-1.8601168947016438e-27,-4.3497302096588572e-27,1,-4.3497302096588572e-27,0,0,0
3275,3339,-1.9981048321690082e-33,2.3251561089012156e-28,4.2967407178253778e-05,9.9905929284162708e-33,0,0,0
3275,3340,0,3.872162772022015e-44,1.0208435557100461e-06,3.9528724124790224e-50,0,0,0
3275,3341,-4.6502922367541095e-28,7.3161205804881943e-29,1,7.3161205804881943e-29,0,0,0
3276,3277,-1.0559577314019355e-26,2.7378682819778143e-26,1,2.7378682819778143e-26,0,0,0
3276,3340,-1.998116489095785e-33,1.3199481633106643e-27,1.0208435557100461e-06,1.3474605763870031e-33,0,0,0
3276,3341,0,1.9327768689174575e-43,1,1.9327768689174575e-43,0,0,0
3276,3342,-2.6398943285048394e-27,7.5796848752605628e-28,1,7.5796848752605628e-28,0,0,0
3277,3278,4.4197788325536942e-26,1.9340963417864675e-26,1,1.9340963417864675e-26,0,0,0
3277,3341,3.1870681206564754e-28,-5.684076946724941e-27,1,-5.684076946724941e-27,0,0,0
3277,3342,0,-1.0136395418722494e-42,1,-1.0136395418722494e-42,0,0,0
3277,3343,1.1049447081384234e-26,-1.6941889149853942e-27,1,-1.6941889149853942e-27,0,0,0
3278,3279,8.2879715161266326e-26,-1.9354772127988257e-25,1,-1.9354772127988257e-25,0,0,0
3278,3342,1.1239573534527288e-27,-1.0921943071884652e-26,1,-1.0921943071884652e-26,0,0,0
3278,3343,0,-1.0873684901577085e-42,1,-1.0873684901577085e-42,0,0,0
3278,3344,2.0719928790316573e-26,-6.2796539512478215e-27,1,-6.2796539512478215e-27,0,0,0
3279,3280,-3.0421572739849879e-25,-2.2902934245882274e-25,0.42452449635853234,-9.7228566258657549e-26,0,0,0
3279,3343,-7.661069251413447e-27,4.1857500550519074e-26,1,4.1857500550519074e-26,0,0,0
3279,3344,-7.8429140240366886e-58,7.0122701593216274e-42,1,7.0122701593216274e-42,0,0,0
3279,3345,-7.6053931849624696e-26,2.5345900134933624e-26,1,2.5345900134933624e-26,0,0,0
3280,3281,-7.6227441231614427e-25,5.4980013365731333e-30,0.42452449635853234,2.334036248387247e-30,0,0,0
3280,3344,-8.1606208878209227e-27,9.9364611983428498e-26,0.42452449635853234,4.2182711858125969e-26,0,0,0
3280,3345,1.5685828048073377e-57,1.3756202135668418e-41,0.42452449635853234,5.8398447834508026e-42,0,0,0
3280,3346,-1.9056860307903609e-25,1.3720021101626434e-30,0.42452449635853234,5.8244850481963985e-31,0,0,0
3281,3282,-7.6226341631347555e-25,2.1800547201844293e-23,0.0021540216276218853,4.695885016676438e-26,0,0,0
3281,3345,2.5362131579757462e-26,8.2601861249305163e-26,0.0021540216276218853,1.7792619561282545e-28,0,0,0
3281,3346,-6.274330845250067e-58,-4.1603786759655719e-49,0.14525532609692185,-6.0431716126405909e-50,0,0,0
3281,3347,-1.9056585407836778e-25,5.5206151483451074e-31,0.0021540216276218853,1.1891524427312364e-33,0,0,0
3282,3283,4.2838830987375111e-23,1.0051804393633161e-22,1,1.0051804393633161e-22,0,0,0
3282,3346,1.9056585907481667e-25,-5.450136802959297e-24,0.14525532609692185,-7.9166139858668784e-25,0,0,0
3282,3347,0,-9.076300125476044e-40,0.003058601576374971,-2.7760785871433374e-42,0,0,0
3282,3348,1.0709707746843776e-23,2.2993322742562455e-24,1,2.2993322742562455e-24,0,0,0
3283,3284,2.438749188600383e-22,1.3001294197509042e-22,0.00014157517425170105,1.8406604915099725e-26,0,0,0
3283,3347,1.9056474995533941e-25,-3.0579647232482463e-23,0.003058601576374971,-9.3530957230261383e-26,0,0,0
3283,3348,0,-3.8019885089934921e-39,1,-3.8019885089934921e-39,0,0,0
3283,3349,6.0968729715009586e-23,1.8233498246669863e-24,1,1.8233498246669863e-24,0,0,0
3284,3285,5.0390080281021918e-22,-1.0898335370900974e-22,0.00014157517425170105,-1.5429337291887825e-26,0,0,0
3284,3348,-1.5308372295356266e-23,-5.5333414203599262e-23,0.00014157517425170105,-7.8338377578161151e-27,0,0,0
3284,3349,8.0311439606135691e-55,-5.1092273194062679e-39,0.00014157517425170105,-7.2333974803649386e-43,0,0,0
3284,3350,1.259752007025548e-22,-2.7151591044249238e-23,0.00014157517425170105,-3.8439912333005116e-27,0,0,0
3285,3286,2.8593409539172697e-22,-2.2970369902569949e-18,3.2322565247855581e-05,-7.424612799431952e-23,0,0,0
3285,3349,-6.4615429364343557e-23,-3.4340472418531822e-24,3.2322565247855581e-05,-1.1099721603901798e-28,0,0,0
3285,3350,1.5999544609034845e-55,1.5695342193122233e-41,0.0023830347937325918,3.7402546545749484e-44,0,0,0
3285,3351,7.1483523848049926e-23,-1.1990468179011874e-25,3.2322565247855581e-05,-3.8756269006844741e-30,0,0,0
3286,3287,-4.5937880464185977e-18,-1.0959975243246861e-18,1,-1.0959975243246861e-18,0,0,0
3286,3350,-7.167201861396764e-23,5.7425934181163169e-19,0.0023830347937325918,1.3684799921630956e-21,0,0,0
3286,3351,-1.3158226265069272e-50,9.56333558443213e-35,1.9631171864475924e-05,1.8773948445564544e-39,0,0,0
3286,3352,-1.1484470116046494e-18,5.5566675138381207e-19,1,5.5566675138381207e-19,0,0,0
3287,3288,-6.7857830950679692e-18,1.9614075656124184e-18,1,1.9614075656124184e-18,0,0,0
3287,3351,-7.12437144845166e-23,8.4825850874073847e-19,1.9631171864475924e-05,1.6652308570593489e-23,0,0,0
3287,3352,0,1.3816716645214955e-34,1,1.3816716645214955e-34,0,0,0
3287,3353,-1.6964457737669923e-18,8.2935342942944574e-19,1,8.2935342942944574e-19,0,0,0
3288,3289,-2.8629679638431323e-18,1.0628074629841296e-18,1,1.0628074629841296e-18,0,0,0
3288,3352,3.7113508837025072e-20,3.3931424106187899e-19,1,3.3931424106187899e-19,0,0,0
3288,3353,0,5.6455096935027704e-35,1,5.6455096935027704e-35,0,0,0
3288,3354,-7.1574199096078308e-19,3.5113639087737866e-19,1,3.5113639087737866e-19,0,0,0
3289,3290,-7.3735303787487351e-19,2.9773119760508614e-19,1,2.9773119760508614e-19,0,0,0
3289,3353,3.7738914908100826e-20,7.3299672280308761e-20,1,7.3299672280308761e-20,0,0,0
3289,3354,0,1.4227706534810602e-35,1,1.4227706534810602e-35,0,0,0
3289,3355,-1.8433825946871835e-19,9.0644389109141665e-20,1,9.0644389109141665e-20,0,0,0
3290,3291,-1.4189064266470121e-19,5.9840376876802149e-20,1,5.9840376876802149e-20,0,0,0
3290,3354,1.346920920602567e-20,1.1001725730074816e-20,1,1.1001725730074816e-20,0,0,0
3290,3355,0,2.6997720239180482e-36,1,2.6997720239180482e-36,0,0,0
3290,3356,-3.5472660666175302e-20,1.7476198387484719e-20,1,1.7476198387484719e-20,0,0,0
3291,3292,-2.2209888911096912e-20,9.6166080858467081e-21,1,9.6166080858467081e-21,0,0,0
3291,3355,3.0494812504350179e-21,1.2514954886696049e-21,1,1.2514954886696049e-21,0,0,0
3291,3356,0,4.1901551699766444e-37,1,4.1901551699766444e-37,0,0,0
3291,3357,-5.552472227774228e-21,2.7400944773566937e-21,1,2.7400944773566937e-21,0,0,0
3292,3293,-2.9766727394034974e-21,1.3133523667771753e-21,1,1.3133523667771753e-21,0,0,0
3292,3356,5.2026389120586372e-22,1.1195214682250524e-22,1,1.1195214682250524e-22,0,0,0
3292,3357,0,5.5945657422565402e-38,1,5.5945657422565402e-38,0,0,0
3292,3358,-7.4416818485087425e-22,3.6778687811576476e-22,1,3.6778687811576476e-22,0,0,0
3293,3294,-3.4996800584914667e-22,1.570704016808573e-22,1,1.570704016808573e-22,0,0,0
3293,3357,7.2283273060840037e-23,7.6043642007233149e-24,1,7.6043642007233149e-24,0,0,0
3293,3358,-8.0311439606135691e-55,6.5695426467956e-39,1,6.5695426467956e-39,0,0,0
3293,3359,-8.7492001462286666e-23,4.329928181529007e-23,1,4.329928181529007e-23,0,0,0
3294,3295,-3.5827202487432038e-23,1.6366708248461817e-23,1,1.6366708248461817e-23,0,0,0
3294,3358,8.5944286193447242e-24,1.8118600125664424e-25,1,1.8118600125664424e-25,0,0,0
3294,3359,0,6.7140982691489429e-40,1,6.7140982691489429e-40,0,0,0
3294,3360,-8.956800621858011e-24,4.4383487361512194e-24,1,4.4383487361512194e-24,0,0,0
3295,3296,-3.0937859905084032e-24,1.4387433603764758e-24,1,1.4387433603764758e-24,0,0,0
3295,3359,8.9343783170652857e-25,-5.9995667039713876e-26,1,-5.9995667039713876e-26,0,0,0
3295,3360,0,5.7732431174977957e-41,1,5.7732431174977957e-41,0,0,0
3295,3361,-7.734464976271008e-25,3.83749294158041e-25,1,3.83749294158041e-25,0,0,0
3296,3297,-2.1629926975545118e-25,1.0227953832731951e-25,1,1.0227953832731951e-25,0,0,0
3296,3360,8.0103149555571601e-26,-1.3014166058354406e-26,1,-1.3014166058354406e-26,0,0,0
3296,3361,7.8429140240366886e-58,4.0073701130664117e-42,1,4.0073701130664117e-42,0,0,0
3296,3362,-5.4074817438862794e-26,2.6863647352980579e-26,1,2.6863647352980579e-26,0,0,0
3297,3298,-1.1740193100812146e-26,5.6337346769322123e-27,1,5.6337346769322123e-27,0,0,0
3297,3361,5.9479093110186661e-27,-1.5064305179078144e-27,1,-1.5064305179078144e-27,0,0,0
3297,3362,-2.4509106325114652e-59,2.1545478254015307e-43,1,2.1545478254015307e-43,0,0,0
3297,3363,-2.9350482752030365e-27,1.4599661014440314e-27,1,1.4599661014440314e-27,0,0,0
3298,3299,-4.727237469477226e-28,2.2971279901224317e-28,1,2.2971279901224317e-28,0,0,0
3298,3362,3.4752273290163931e-28,-1.1467089808235434e-28,1,-1.1467089808235434e-28,0,0,0
3298,3363,-1.5318191453196657e-60,8.5818739133345144e-45,1,8.5818739133345144e-45,0,0,0
3298,3364,-1.1818093673693065e-28,5.8861875441047908e-29,1,5.8861875441047908e-29,0,0,0
3299,3300,-1.3298148923236271e-29,6.5306871800931922e-30,1,6.5306871800931922e-30,0,0,0
3299,3363,1.511607231497365e-29,-5.8957675420822917e-30,1,-5.8957675420822917e-30,0,0,0
3299,3364,0,2.387549637972915e-46,1,2.387549637972915e-46,0,0,0
3299,3365,-3.3245372308090676e-30,1.6579547709633266e-30,1,1.6579547709633266e-30,0,0,0
3300,3301,-2.3677456304988622e-31,1.1730467613383263e-31,1,1.1730467613383263e-31,0,0,0
3300,3364,4.5718585483483374e-31,-1.9899610703618109e-31,1,-1.9899610703618109e-31,0,0,0
3300,3365,7.4795856705061804e-64,4.2104613029495083e-48,1,4.2104613029495083e-48,0,0,0
3300,3366,-5.9193640762471556e-32,2.95567082725874e-32,1,2.95567082725874e-32,0,0,0
3301,3302,-2.1652107822209469e-33,1.0801967029195459e-33,1,1.0801967029195459e-33,0,0,0
3301,3365,8.6276888824147807e-33,-4.0431930934297719e-33,1,-4.0431930934297719e-33,0,0,0
3301,3366,-5.8434263050829534e-66,3.8392495704127114e-50,1,3.8392495704127114e-50,0,0,0
3301,3367,-5.4130269555523673e-34,2.7058900538471617e-34,1,2.7058900538471617e-34,0,0,0
3302,3303,-4.8173763818551117e-36,2.4086881909275559e-36,1,2.4086881909275559e-36,0,0,0
3302,3366,8.0224217296756317e-35,-3.9509936600646272e-35,1,-3.9509936600646272e-35,0,0,0
3302,3367,0,8.9899696825104982e-53,1,8.9899696825104982e-53,0,0,0
3302,3368,-1.2043440954637779e-36,6.0217204773188897e-37,1,6.0217204773188897e-37,0,0,0
3303,3304,0,-0,1,-0,0,0,0
3303,3367,1.2468478580440941e-37,-6.2342392902204706e-38,1,-6.2342392902204706e-38,0,0,0
3303,3368,0,-0,1,-0,0,0,0
3303,3369,0,-0,1,-0,0,0,0
3304,3305,0,-0,1,-0,0,0,0
3304,3368,0,-0,1,-0,0,0,0
3304,3369,0,-0,1,-0,0,0,0
3304,3370,0,-0,1,-0,0,0,0
3305,3306,0,-0,1,-0,0,0,0
3305,3369,0,-0,1,-0,0,0,0
3305,3370,0,-0,1,-0,0,0,0
3305,3371,0,-0,1,-0,0,0,0
3306,3307,0,-0,1,-0,0,0,0
3306,3370,0,-0,1,-0,0,0,0
3306,3371,0,-0,1,-0,0,0,0
3306,3372,0,-0,1,-0,0,0,0
3307,3308,0,-0,1,-0,0,0,0
3307,3371,0,-0,1,-0,0,0,0
3307,3372,0,-0,1,-0,0,0,0
3307,3373,0,-0,1,-0,0,0,0
3308,3309,0,-0,1,-0,0,0,0
3308,3372,0,-0,1,-0,0,0,0
3308,3373,0,-0,1,-0,0,0,0
3308,3374,0,-0,1,-0,0,0,0
3309,3310,0,-0,1,-0,0,0,0
3309,3373,0,-0,1,-0,0,0,0
3309,3374,0,-0,1,-0,0,0,0
3309,3375,0,-0,1,-0,0,0,0
3310,3311,0,-0,1,-0,0,0,0
3310,3374,0,-0,1,-0,0,0,0
3310,3375,0,-0,1,-0,0,0,0
3310,3376,0,-0,1,-0,0,0,0
3311,3312,0,-0,1,-0,0,0,0
3311,3375,0,-0,1,-0,0,0,0
3311,3376,0,-0,1,-0,0,0,0
3311,3377,0,-0,1,-0,0,0,0
3312,3313,0,-0,1,-0,0,0,0
3312,3376,0,-0,1,-0,0,0,0
3312,3377,0,-0,1,-0,0,0,0
3312,3378,0,-0,1,-0,0,0,0
3313,3314,0,-0,1,-0,0,0,0
3313,3377,0,-0,1,-0,0,0,0
3313,3378,0,-0,1,-0,0,0,0
3313,3379,0,-0,1,-0,0,0,0
3314,3378,0,-0,1,-0,0,0,0
3314,3379,0,-0,1,-0,0,0,0
3315,3316,0,-0,1,-0,0,0,0
3315,3380,0,-0,1,-0,0,0,0
3315,3381,0,-0,1,-0,0,0,0
3316,3317,0,-0,1,-0,0,0,0
3316,3380,0,-0,1,-0,0,0,0
3316,3381,0,-0,1,-0,0,0,0
3316,3382,0,-0,1,-0,0,0,0
3317,3318,0,-0,1,-0,0,0,0
3317,3381,0,-0,1,-0,0,0,0
3317,3382,0,-0,1,-0,0,0,0
3317,3383,0,-0,1,-0,0,0,0
3318,3319,0,-0,1,-0,0,0,0
3318,3382,0,-0,1,-0,0,0,0
3318,3383,0,-0,1,-0,0,0,0
3318,3384,0,-0,1,-0,0,0,0
3319,3320,0,-0,1,-0,0,0,0
3319,3383,0,-0,1,-0,0,0,0
3319,3384,0,-0,1,-0,0,0,0
3319,3385,0,-0,1,-0,0,0,0
3320,3321,0,-0,1,-0,0,0,0
3320,3384,0,-0,1,-0,0,0,0
3320,3385,0,-0,1,-0,0,0,0
3320,3386,0,-0,1,-0,0,0,0
3321,3322,0,-0,1,-0,0,0,0
3321,3385,0,-0,1,-0,0,0,0
3321,3386,0,-0,1,-0,0,0,0
3321,3387,0,-0,1,-0,0,0,0
3322,3323,0,-0,1,-0,0,0,0
3322,3386,0,-0,1,-0,0,0,0
3322,3387,0,-0,1,-0,0,0,0
3322,3388,0,-0,1,-0,0,0,0
3323,3324,0,-0,1,-0,0,0,0
3323,3387,0,-0,1,-0,0,0,0
3323,3388,0,-0,1,-0,0,0,0
3323,3389,0,-0,1,-0,0,0,0
3324,3325,0,-0,1,-0,0,0,0
3324,3388,0,-0,1,-0,0,0,0
3324,3389,0,-0,1,-0,0,0,0
3324,3390,0,-0,1,-0,0,0,0
3325,3326,0,-0,1,-0,0,0,0
3325,3389,0,-0,1,-0,0,0,0
3325,3390,0,-0,1,-0,0,0,0
3325,3391,0,-0,1,-0,0,0,0
3326,3327,0,-0,1,-0,0,0,0
3326,3390,0,-0,1,-0,0,0,0
3326,3391,0,-0,1,-0,0,0,0
3326,3392,0,-0,1,-0,0,0,0
3327,3328,0,-0,1,-0,0,0,0
3327,3391,0,-0,1,-0,0,0,0
3327,3392,0,-0,1,-0,0,0,0
3327,3393,0,-0,1,-0,0,0,0
3328,3329,0,-0,1,-0,0,0,0
3328,3392,0,-0,1,-0,0,0,0
3328,3393,0,-0,1,-0,0,0,0
3328,3394,0,-0,1,-0,0,0,0
3329,3330,0,-0,1,-0,0,0,0
3329,3393,0,-0,1,-0,0,0,0
3329,3394,0,-0,1,-0,0,0,0
3329,3395,0,-0,1,-0,0,0,0
3330,3331,0,-0,1,-0,0,0,0
3330,3394,0,-0,1,-0,0,0,0
3330,3395,0,-0,1,-0,0,0,0
3330,3396,0,-0,1,-0,0,0,0
3331,3332,0,-0,1,-0,0,0,0
3331,3395,0,-0,1,-0,0,0,0
3331,3396,0,-0,1,-0,0,0,0
3331,3397,0,-0,1,-0,0,0,0
3332,3333,0,-0,1,-0,0,0,0
3332,3396,0,-0,1,-0,0,0,0
3332,3397,0,-0,1,-0,0,0,0
3332,3398,0,-0,1,-0,0,0,0
3333,3334,0,-0,1,-0,0,0,0
3333,3397,0,-0,1,-0,0,0,0
3333,3398,0,-0,1,-0,0,0,0
3333,3399,0,-0,1,-0,0,0,0
3334,3335,0,4.0085865664073575e-59,0,0,0,0,0
3334,3398,0,-0,1,-0,0,0,0
3334,3399,0,-0,1,-0,0,0,0
3334,3400,0,-0,1,-0,0,0,0
3335,3336,8.017173132814715e-59,-0,1,-0,0,0,0
3335,3399,0,-1.0021466416018394e-59,0,-0,0,0,0
3335,3400,0,-1.6689094133357059e-75,0,-0,0,0,0
3335,3401,2.0042932832036787e-59,-1.0021466416018394e-59,1.6991606809773172e-17,-1.7028081699833127e-76,0,0,0
3336,3337,0,-4.1496964148111056e-41,3.0713691544603466e-19,-1.2745249568825516e-59,0,0,0
3336,3400,0,-1.0021466416018394e-59,0,-0,0,0,0
3336,3401,0,-1.6689094133357059e-75,3.0713691544603466e-19,-5.1258368937078004e-94,0,0,0
3336,3402,2.0042932832036787e-59,-1.0021466416018394e-59,3.0713691544603466e-19,-3.0779622832619175e-78,0,0,0
3337,3338,-8.2993928296222112e-41,-4.3842101215787025e-49,4.1536276677485604e-09,-1.821037646221258e-57,0,0,0
3337,3401,0,1.0374241037027764e-41,4.5160272763730465e-17,4.6850355494885984e-58,0,0,0
3337,3402,0,1.7276581893479086e-57,9.0320544751748999e-18,1.5604302880672343e-74,0,0,0
3337,3403,-2.0748482074055528e-41,-8.3971777357514583e-50,1.038408030672558e-07,-8.7196967957891214e-57,0,0,0
3338,3339,-8.2993929390203456e-41,3.9962097058249238e-33,4.1536276677485604e-09,1.6598767200239739e-41,0,0,0
3338,3402,0,1.0374241146633018e-41,9.0320544751748999e-18,9.3700711174990326e-59,0,0,0
3338,3403,2.0897720938163556e-73,4.2688312354909898e-66,4.1536276677485604e-09,1.7731135528684647e-74,0,0,0
3338,3404,-2.0748482293266035e-41,4.4195519067655799e-51,4.1536276677485604e-09,1.8357173078992419e-59,0,0,0
3339,3340,7.992419328655918e-33,2.3313545652738897e-38,1.0208435557100461e-06,2.3799482840350461e-44,0,0,0
3339,3403,2.0748482347550864e-41,-9.9905242645623095e-34,1.038408030672558e-07,-1.0374240626950553e-40,0,0,0
3339,3404,0,-1.6637565099890085e-49,4.1536122092132758e-09,-6.9105993530484157e-58,0,0,0
3339,3405,1.9981048321639795e-33,4.5778433239202879e-39,6.2692112828955057e-05,2.8699467017648933e-43,0,0,0
3340,3341,7.992465955720865e-33,-6.3741762036427189e-28,1.0208435557100461e-06,-6.507036700448996e-34,0,0,0
3340,3404,2.0748482347550864e-41,-9.9905825484264405e-34,4.1536122092132758e-09,-4.1497005650297147e-42,0,0,0
3340,3405,0,-2.082572596480876e-55,1.0208435557100461e-06,-2.1259808144158405e-61,0,0,0
3340,3406,1.998116488936806e-33,-1.193539601664049e-40,1.0208435557100461e-06,-1.2184172108434799e-46,0,0,0
3341,3342,-1.2748272482625884e-27,-1.6105010827741597e-27,1,-1.6105010827741597e-27,0,0,0
3341,3405,-1.9981139878754705e-33,1.5935440508981745e-28,6.2692112828955057e-05,9.9902643436818459e-33,0,0,0
3341,3406,3.0636382906393315e-60,2.6537839441112326e-44,2.4301984764777588e-06,6.4492216978802549e-50,0,0,0
3341,3407,-3.1870681206564709e-28,9.4297592040571931e-29,1,9.4297592040571931e-29,0,0,0
3342,3343,-4.495829413810908e-27,1.7570053209732346e-26,1,1.7570053209732346e-26,0,0,0
3342,3406,-1.9981162502351918e-33,5.6197967578448858e-28,2.4301984764777588e-06,1.3657221519029289e-33,0,0,0
3342,3407,1.2254553162557326e-59,8.2754280550508616e-44,1,8.2754280550508616e-44,0,0,0
3342,3408,-1.123957353452727e-27,4.0918158551323684e-28,1,4.0918158551323684e-28,0,0,0
3343,3344,3.0644277005653782e-26,9.9910327281496742e-28,1,9.9910327281496742e-28,0,0,0
3343,3407,1.3011162798450347e-28,-3.8955904396989745e-27,1,-3.8955904396989745e-27,0,0,0
3343,3408,0,-6.6335798802661125e-43,1,-6.6335798802661125e-43,0,0,0
3343,3409,7.6610692514134456e-27,-2.3409035318632458e-27,1,-2.3409035318632458e-27,0,0,0
3344,3345,3.2642483551283719e-26,-6.7045504935156767e-26,1,-6.7045504935156767e-26,0,0,0
3344,3408,3.0559418242625363e-28,-4.2331075351235914e-27,1,-4.2331075351235914e-27,0,0,0
3344,3409,4.9018212650229304e-59,-4.3143477957979607e-43,1,-4.3143477957979607e-43,0,0,0
3344,3410,8.1606208878209284e-27,-2.9746928077452896e-27,1,-2.9746928077452896e-27,0,0,0
3345,3346,-1.0144852631902979e-25,-3.3040745499011659e-25,0.14525532609692185,-4.7993442619443412e-26,0,0,0
3345,3409,-2.9792621876869529e-27,1.4170696883722204e-26,1,1.4170696883722204e-26,0,0,0
3345,3410,0,2.2959440059217977e-42,1,2.2959440059217977e-42,0,0,0
3345,3411,-2.5362131579757456e-26,1.1702813572972012e-26,0.2193645787657954,2.5671827698096384e-27,0,0,0
3346,3347,-7.6226343629926283e-25,2.2182389552606019e-30,0.14525532609692185,3.2221102280727397e-31,0,0,0
3346,3410,-2.2112352723303558e-27,9.6388547173573056e-26,0.14525532609692185,1.400094985170589e-26,0,0,0
3346,3411,0,1.5704883613659938e-41,0.14525532609692185,2.2812179906163788e-42,0,0,0
3346,3412,-1.9056585907481575e-25,2.2138375951958275e-31,0.14525532609692185,3.2157170181579522e-32,0,0,0
3347,3348,-7.6225899982135037e-25,3.0997874090623213e-23,0.003058601576374971,9.4810146557853034e-26,0,0,0
3347,3411,1.9565044338134208e-27,9.4304122760762346e-26,0.003058601576374971,2.8843873853472651e-28,0,0,0
3347,3412,-1.8822945788339762e-57,-5.5484946519896095e-47,0.11499269946463535,-6.3803637799737765e-48,0,0,0
3347,3413,-1.905647499553381e-25,6.4467762996233426e-29,0.003058601576374971,1.9718120152564758e-31,0,0,0
3348,3349,6.1233489181425077e-23,9.861411413797457e-23,1,9.861411413797457e-23,0,0,0
3348,3412,1.9056541630729671e-25,-7.7494688558317831e-24,0.11499269946463535,-8.9113234314921571e-25,0,0,0
3348,3413,0,-1.2905350213298323e-39,0.0056699395471477062,-7.3172555544171243e-42,0,0,0
3348,3414,1.5308372295356266e-23,-7.3367114767712271e-24,0.186094851147246,-1.3653242301800329e-24,0,0,0
3349,3350,2.5846171745737418e-22,1.4113178499425519e-23,0.0023830347937325918,3.3632195414289739e-26,0,0,0
3349,3413,1.904358144293451e-25,-3.2402932589386454e-23,0.0056699395471477062,-1.8372266893212349e-25,0,0,0
3349,3414,8.0311439606135691e-55,-5.3274451535686809e-39,0.186094851147246,-9.914101128484808e-40,0,0,0
3349,3415,6.4615429364343557e-23,-1.4985955947531202e-24,1,-1.4985955947531202e-24,0,0,0
3350,3351,2.8668807445622523e-22,-8.5660825917326261e-25,0.0023830347937325918,-2.0413272862085903e-27,0,0,0
3350,3414,-6.3494934181380498e-25,-3.5518534636121254e-23,0.0023830347937325918,-8.4641903860273127e-26,0,0,0
3350,3415,0,-8.3714538961102173e-40,0.0023830347937325918,-1.9949465908558913e-42,0,0,0
3350,3416,7.1672018614056308e-23,-1.1692925631908719e-34,0.0023830347937325918,-2.786464862136613e-37,0,0,0
3351,3352,2.8497485793788862e-22,-7.4369505103019118e-20,1.9631171864475924e-05,-1.4599605361533875e-24,0,0,0
3351,3415,-6.1618238174837313e-23,-4.8127381548161838e-24,1.9631171864475924e-05,-9.4479689855917237e-29,0,0,0
3351,3416,-1.6313261169996311e-55,3.5663482946210996e-41,0.0059885231000605709,2.1357159145200077e-43,0,0,0
3351,3417,7.1243714484469674e-23,2.1299235142666275e-25,0.0027828846123313482,5.927331373295306e-28,0,0,0
3352,3353,-1.4845403534810036e-19,-1.2508121421514422e-21,1,-1.2508121421514422e-21,0,0,0
3352,3416,-7.1672018613823196e-23,1.8592590427819457e-20,0.0059885231000605709,1.1134215726696186e-22,0,0,0
3352,3417,-4.1119457078341474e-52,3.0962881039275168e-36,0.0027828846123313482,8.6166125197644929e-39,0,0,0
3352,3418,-3.711350883702509e-20,1.8072952562257758e-20,1,1.8072952562257758e-20,0,0,0
3353,3354,-1.5095565963240323e-19,4.8539411404150282e-20,1,4.8539411404150282e-20,0,0,0
3353,3417,-7.1669699187324439e-23,1.8905292303644068e-20,0.0027828846123313482,5.261124704343734e-23,0,0,0
3353,3418,0,3.0618267251251652e-36,1,3.0618267251251652e-36,0,0,0
3353,3419,-3.7738914908100808e-20,1.8516791677599078e-20,1,1.8516791677599078e-20,0,0,0
3354,3355,-5.3876836824102682e-20,2.0839455911181302e-20,1,2.0839455911181302e-20,0,0,0
3354,3418,9.6760371250957477e-22,6.2508027467580471e-21,1,6.2508027467580471e-21,0,0,0
3354,3419,-2.0559728539170737e-52,1.0628063140496759e-36,1,1.0628063140496759e-36,0,0,0
3354,3420,-1.346920920602567e-20,6.6294871885721481e-21,1,6.6294871885721481e-21,0,0,0
3355,3356,-1.2197925001740072e-20,5.058434718458308e-21,1,5.058434718458308e-21,0,0,0
3355,3419,7.0533155290266151e-22,1.1720748487661783e-21,1,1.1720748487661783e-21,0,0,0
3355,3420,5.1399321347926842e-53,2.3641475623450801e-37,1,2.3641475623450801e-37,0,0,0
3355,3421,-3.0494812504350179e-21,1.5039382926211682e-21,1,1.5039382926211682e-21,0,0,0
3356,3357,-2.0810555648234549e-21,8.9596123629004748e-22,1,8.9596123629004748e-22,0,0,0
3356,3420,2.1023482888137406e-22,1.5501453116224486e-22,1,1.5501453116224486e-22,0,0,0
3356,3421,-6.4249151684908553e-54,3.9856387025181898e-38,1,3.9856387025181898e-38,0,0,0
3356,3422,-5.2026389120586372e-22,2.5701189435509023e-22,1,2.5701189435509023e-22,0,0,0
3357,3358,-2.8913309224336015e-22,1.2737768888299062e-22,1,1.2737768888299062e-22,0,0,0
3357,3421,4.1604665192681461e-23,1.5339303934079291e-23,1,1.5339303934079291e-23,0,0,0
3357,3422,0,5.4991986435512538e-39,1,5.4991986435512538e-39,0,0,0
3357,3423,-7.2283273060840037e-23,3.5760114200592538e-23,1,3.5760114200592538e-23,0,0,0
3358,3359,-3.4377714477378885e-23,1.5401981575276386e-23,1,1.5401981575276386e-23,0,0,0
3358,3422,6.2401024956833602e-24,1.1771630618306809e-24,1,1.1771630618306809e-24,0,0,0
3358,3423,-1.0038929950766961e-55,6.5209370900457756e-40,1,6.5209370900457756e-40,0,0,0
3358,3424,-8.5944286193447212e-24,4.2573079739031388e-24,1,4.2573079739031388e-24,0,0,0
3359,3360,-3.5737513268261136e-24,1.6266693643019136e-24,1,1.6266693643019136e-24,0,0,0
3359,3423,7.6304465965496618e-25,6.5196586025781139e-26,1,6.5196586025781139e-26,0,0,0
3359,3424,0,6.7747903967470479e-41,1,6.7747903967470479e-41,0,0,0
3359,3425,-8.9343783170652839e-25,4.4308613976076616e-25,1,4.4308613976076616e-25,0,0,0
3360,3361,-3.204125982222864e-25,1.4831048048910587e-25,1,1.4831048048910587e-25,0,0,0
3360,3424,7.9812671538443062e-26,1.4523900856426923e-28,1,1.4523900856426923e-28,0,0,0
3360,3425,7.8429140240366886e-58,6.0649483244392363e-42,1,6.0649483244392363e-42,0,0,0
3360,3426,-8.0103149555571601e-26,3.9770313405732004e-26,1,3.9770313405732004e-26,0,0,0
3361,3362,-2.3791637244074664e-26,1.1200773156234053e-26,1,1.1200773156234053e-26,0,0,0
3361,3425,7.2655521849960075e-27,-6.5882143698867099e-28,1,-6.5882143698867099e-28,0,0,0
3361,3426,-9.8036425300458607e-59,4.4842351223187715e-43,1,4.4842351223187715e-43,0,0,0
3361,3427,-5.9479093110186661e-27,2.9563969285523738e-27,1,2.9563969285523738e-27,0,0,0
3362,3363,-1.3900909316065572e-27,6.6481332117333134e-28,1,6.6481332117333134e-28,0,0,0
3362,3426,5.6252274410759861e-28,-1.0750000560297965e-28,1,-1.0750000560297965e-28,0,0,0
3362,3427,-3.0636382906393315e-60,2.6013131564449754e-44,1,2.6013131564449754e-44,0,0,0
3362,3428,-3.4752273290163931e-28,1.7293473688869999e-28,1,1.7293473688869999e-28,0,0,0
3363,3364,-6.0464289259894601e-29,2.9317772920277636e-29,1,2.9317772920277636e-29,0,0,0
3363,3427,3.5115453913917889e-29,-9.9996907994721224e-30,1,-9.9996907994721224e-30,0,0,0
3363,3428,0,1.1210043885435354e-45,1,1.1210043885435354e-45,0,0,0
3363,3429,-1.511607231497365e-29,7.5309250077664929e-30,1,7.5309250077664929e-30,0,0,0
3364,3365,-1.828743419339335e-30,8.971163319048379e-31,1,8.971163319048379e-31,0,0,0
3364,3428,1.6532591242393737e-30,-5.9803663470226994e-31,1,-5.9803663470226994e-31,0,0,0
3364,3429,0,3.3553456296256572e-47,1,3.3553456296256572e-47,0,0,0
3364,3430,-4.5718585483483366e-31,2.2804281162528624e-31,1,2.2804281162528624e-31,0,0,0
3365,3366,-3.4510755529659123e-32,1.7094929330236051e-32,1,1.7094929330236051e-32,0,0,0
3365,3429,5.4222299440665012e-32,-2.2797305279125118e-32,1,-2.2797305279125118e-32,0,0,0
3365,3430,0,6.2678673069695421e-49,1,6.2678673069695421e-49,0,0,0
3365,3431,-8.6276888824147807e-33,4.3085111882026555e-33,1,4.3085111882026555e-33,0,0,0
3366,3367,-3.2089686918702527e-34,1.6019906502190382e-34,1,1.6019906502190382e-34,0,0,0
3366,3430,1.1002315842612526e-33,-5.1000368348224816e-34,1,-5.1000368348224816e-34,0,0,0
3366,3431,0,5.7918429458530643e-51,1,5.7918429458530643e-51,0,0,0
3366,3432,-8.0224217296756317e-35,4.0106693336131709e-35,1,4.0106693336131709e-35,0,0,0
3367,3368,-4.9873914321763765e-37,2.4936957160881883e-37,1,2.4936957160881883e-37,0,0,0
3367,3431,1.0666506009470227e-35,-5.2709106118329091e-36,1,-5.2709106118329091e-36,0,0,0
3367,3432,0,9.4802633503070278e-54,1,9.4802633503070278e-54,0,0,0
3367,3433,-1.2468478580440941e-37,6.2342392902204706e-38,1,6.2342392902204706e-38,0,0,0
3368,3369,0,-0,1,-0,0,0,0
3368,3432,1.0830624492897731e-38,-5.4153122464488657e-39,1,-5.4153122464488657e-39,0,0,0
3368,3433,0,-0,1,-0,0,0,0
3368,3434,0,-0,1,-0,0,0,0
3369,3370,0,-0,1,-0,0,0,0
3369,3433,0,-0,1,-0,0,0,0
3369,3434,0,-0,1,-0,0,0,0
3369,3435,0,-0,1,-0,0,0,0
3370,3371,0,-0,1,-0,0,0,0
3370,3434,0,-0,1,-0,0,0,0
3370,3435,0,-0,1,-0,0,0,0
3370,3436,0,-0,1,-0,0,0,0
3371,3372,0,-0,1,-0,0,0,0
3371,3435,0,-0,1,-0,0,0,0
3371,3436,0,-0,1,-0,0,0,0
3371,3437,0,-0,1,-0,0,0,0
3372,3373,0,-0,1,-0,0,0,0
3372,3436,0,-0,1,-0,0,0,0
3372,3437,0,-0,1,-0,0,0,0
3372,3438,0,-0,1,-0,0,0,0
3373,3374,0,-0,1,-0,0,0,0
3373,3437,0,-0,1,-0,0,0,0
3373,3438,0,-0,1,-0,0,0,0
3373,3439,0,-0,1,-0,0,0,0
3374,3375,0,-0,1,-0,0,0,0
3374,3438,0,-0,1,-0,0,0,0
3374,3439,0,-0,1,-0,0,0,0
3374,3440,0,-0,1,-0,0,0,0
3375,3376,0,-0,1,-0,0,0,0
3375,3439,0,-0,1,-0,0,0,0
3375,3440,0,-0,1,-0,0,0,0
3375,3441,0,-0,1,-0,0,0,0
3376,3377,0,-0,1,-0,0,0,0
3376,3440,0,-0,1,-0,0,0,0
3376,3441,0,-0,1,-0,0,0,0
3376,3442,0,-0,1,-0,0,0,0
3377,3378,0,-0,1,-0,0,0,0
3377,3441,0,-0,1,-0,0,0,0
3377,3442,0,-0,1,-0,0,0,0
3377,3443,0,-0,1,-0,0,0,0
3378,3379,0,-0,1,-0,0,0,0
3378,3442,0,-0,1,-0,0,0,0
3378,3443,0,-0,1,-0,0,0,0
3378,3444,0,-0,1,-0,0,0,0
3379,3443,0,-0,1,-0,0,0,0
3379,3444,0,-0,1,-0,0,0,0
3380,3381,0,-0,1,-0,0,0,0
3380,3445,0,-0,1,-0,0,0,0
3380,3446,0,-0,1,-0,0,0,0
3381,3382,0,-0,1,-0,0,0,0
3381,3445,0,-0,1,-0,0,0,0
3381,3446,0,-0,1,-0,0,0,0
3381,3447,0,-0,1,-0,0,0,0
3382,3383,0,-0,1,-0,0,0,0
3382,3446,0,-0,1,-0,0,0,0
3382,3447,0,-0,1,-0,0,0,0
3382,3448,0,-0,1,-0,0,0,0
3383,3384,0,-0,1,-0,0,0,0
3383,3447,0,-0,1,-0,0,0,0
3383,3448,0,-0,1,-0,0,0,0
3383,3449,0,-0,1,-0,0,0,0
3384,3385,0,-0,1,-0,0,0,0
3384,3448,0,-0,1,-0,0,0,0
3384,3449,0,-0,1,-0,0,0,0
3384,3450,0,-0,1,-0,0,0,0
3385,3386,0,-0,1,-0,0,0,0
3385,3449,0,-0,1,-0,0,0,0
3385,3450,0,-0,1,-0,0,0,0
3385,3451,0,-0,1,-0,0,0,0
3386,3387,0,-0,1,-0,0,0,0
3386,3450,0,-0,1,-0,0,0,0
3386,3451,0,-0,1,-0,0,0,0
3386,3452,0,-0,1,-0,0,0,0
3387,3388,0,-0,1,-0,0,0,0
3387,3451,0,-0,1,-0,0,0,0
3387,3452,0,-0,1,-0,0,0,0
3387,3453,0,-0,1,-0,0,0,0
3388,3389,0,-0,1,-0,0,0,0
3388,3452,0,-0,1,-0,0,0,0
3388,3453,0,-0,1,-0,0,0,0
3388,3454,0,-0,1,-0,0,0,0
3389,3390,0,-0,1,-0,0,0,0
3389,3453,0,-0,1,-0,0,0,0
3389,3454,0,-0,1,-0,0,0,0
3389,3455,0,-0,1,-0,0,0,0
3390,3391,0,-0,1,-0,0,0,0
3390,3454,0,-0,1,-0,0,0,0
3390,3455,0,-0,1,-0,0,0,0
3390,3456,0,-0,1,-0,0,0,0
3391,3392,0,-0,1,-0,0,0,0
3391,3455,0,-0,1,-0,0,0,0
3391,3456,0,-0,1,-0,0,0,0
3391,3457,0,-0,1,-0,0,0,0
3392,3393,0,-0,1,-0,0,0,0
3392,3456,0,-0,1,-0,0,0,0
3392,3457,0,-0,1,-0,0,0,0
3392,3458,0,-0,1,-0,0,0,0
3393,3394,0,-0,1,-0,0,0,0
3393,3457,0,-0,1,-0,0,0,0
3393,3458,0,-0,1,-0,0,0,0
3393,3459,0,-0,1,-0,0,0,0
3394,3395,0,-0,1,-0,0,0,0
3394,3458,0,-0,1,-0,0,0,0
3394,3459,0,-0,1,-0,0,0,0
3394,3460,0,-0,1,-0,0,0,0
3395,3396,0,-0,1,-0,0,0,0
3395,3459,0,-0,1,-0,0,0,0
3395,3460,0,-0,1,-0,0,0,0
3395,3461,0,-0,1,-0,0,0,0
3396,3397,0,-0,1,-0,0,0,0
3396,3460,0,-0,1,-0,0,0,0
3396,3461,0,-0,1,-0,0,0,0
3396,3462,0,-0,1,-0,0,0,0
3397,3398,0,-0,1,-0,0,0,0
3397,3461,0,-0,1,-0,0,0,0
3397,3462,0,-0,1,-0,0,0,0
3397,3463,0,-0,1,-0,0,0,0
3398,3399,0,-0,1,-0,0,0,0
3398,3462,0,-0,1,-0,0,0,0
3398,3463,0,-0,1,-0,0,0,0
3398,3464,0,-0,1,-0,0,0,0
3399,3400,0,-0,1,-0,0,0,0
3399,3463,0,-0,1,-0,0,0,0
3399,3464,0,-0,1,-0,0,0,0
3399,3465,0,-0,1,-0,0,0,0
3400,3401,0,-0,1,-0,0,0,0
3400,3464,0,-0,1,-0,0,0,0
3400,3465,0,-0,1,-0,0,0,0
3400,3466,0,-0,1,-0,0,0,0
3401,3402,0,-0,1,-0,0,0,0
3401,3465,0,-0,1,-0,0,0,0
3401,3466,0,-0,1,-0,0,0,0
3401,3467,0,-0,1,-0,0,0,0
3402,3403,0,-4.1496964483998167e-41,9.0320544751748999e-18,-3.7480284377386955e-58,0,0,0
3402,3466,0,-0,1,-0,0,0,0
3402,3467,0,-0,1,-0,0,0,0
3402,3468,0,-0,1,-0,0,0,0
3403,3404,-8.2993928967996324e-41,-8.4855695100749667e-50,4.1536122092132758e-09,-3.5245765119175298e-58,0,0,0
3403,3467,0,1.0374241120999542e-41,-0,-0,0,0,0
3403,3468,0,1.7276582033320185e-57,-0,-0,0,0,0
3403,3469,-2.0748482241999084e-41,1.0374241120999542e-41,1.038408030672558e-07,1.0772695292179405e-48,0,0,0
3404,3405,-8.2993928548076974e-41,3.9962280171982192e-33,4.1536122092132758e-09,1.6598781483034683e-41,0,0,0
3404,3468,0,1.0374241142213465e-41,-0,-0,0,0,0
3404,3469,0,1.7276582068648466e-57,4.1536122092132758e-09,7.176022221381342e-66,0,0,0
3404,3470,-2.0748482284426929e-41,1.0374241142213465e-41,4.1536122092132758e-09,4.3090574669620525e-50,0,0,0
3405,3406,7.9924559514025101e-33,4.5247565163921278e-39,2.4301984764777588e-06,1.099605639256896e-44,0,0,0
3405,3469,0,-9.9905699392531377e-34,4.8545355909611298e-07,-4.8499577344090725e-40,0,0,0
3405,3470,0,-1.6637641163530185e-49,4.8545300939614773e-07,-8.076792972088953e-56,0,0,0
3405,3471,1.9981139878506275e-33,-9.9905699392531377e-34,6.2692112828955057e-05,-6.2632993785722436e-38,0,0,0
3406,3407,7.9924650009407673e-33,-2.6022725220150683e-28,2.4301984764777588e-06,-6.3240387183809537e-34,0,0,0
3406,3470,0,-9.99058125114443e-34,4.8545300939614773e-07,-4.8499577339847939e-40,0,0,0
3406,3471,0,-1.663766000161343e-49,2.4301984764777588e-06,-4.0432815988075901e-55,0,0,0
3406,3472,1.998116250228886e-33,-9.9905812513073035e-34,2.4301984764777588e-06,-2.4279095336054271e-39,0,0,0
3407,3408,-5.2044651193801273e-28,-3.5096510888350023e-28,1,-3.5096510888350023e-28,0,0,0
3407,3471,0,6.5055813992251591e-29,0.00071793690287298955,4.6705969611478407e-32,0,0,0
3407,3472,0,1.0833969386989372e-44,0.00030567314455296325,3.3116534905115811e-48,0,0,0
3407,3473,-1.3011162798450318e-28,6.5055813992240291e-29,1,6.5055813992240291e-29,0,0,0
3408,3409,-1.2223767297050127e-27,6.569712740226414e-27,1,6.569712740226414e-27,0,0,0
3408,3472,5.5189601056485106e-44,1.5279709121312659e-28,0.00030567314455296325,4.6705967349662355e-32,0,0,0
3408,3473,0,2.5445827314082639e-44,1,2.5445827314082639e-44,0,0,0
3408,3474,-3.0559418242625327e-28,1.527970912131154e-28,1,1.527970912131154e-28,0,0,0
3409,3410,1.1917048750747815e-26,-1.5360538307132078e-27,1,-1.5360538307132078e-27,0,0,0
3409,3473,2.2517357231045924e-41,-1.4896310938434881e-27,1,-1.4896310938434881e-27,0,0,0
3409,3474,0,-2.4807341078738977e-43,1,-2.4807341078738977e-43,0,0,0
3409,3475,2.9792621876869537e-27,-1.3074194535911908e-27,1,-1.3074194535911908e-27,0,0,0
3410,3411,8.8449410893213986e-27,-8.3354794122875568e-27,1,-8.3354794122875568e-27,0,0,0
3410,3474,2.2517357231045924e-41,-1.1056176361651861e-27,1,-1.1056176361651861e-27,0,0,0
3410,3475,0,-1.5377798966091196e-43,1,-1.5377798966091196e-43,0,0,0
3410,3476,2.2112352723303497e-27,-6.2384950199942664e-28,1,-6.2384950199942664e-28,0,0,0
3411,3412,-7.8260177352536833e-27,-3.7721782374696661e-25,0.11499269946463535,-4.337729583883872e-26,0,0,0
3411,3475,-3.6442328050457216e-28,1.1604638571590004e-27,1,1.1604638571590004e-27,0,0,0
3411,3476,0,2.4314223152729296e-43,0.33145559961679039,8.0590854143043365e-44,0,0,0
3411,3477,-1.9565044338134284e-27,1.3185954209808925e-27,0.019483421056078944,2.56907497895884e-29,0,0,0
3412,3413,-7.6226166522918685e-25,2.5920375590211595e-28,0.11499269946463535,2.9806539602556719e-29,0,0,0
3412,3476,-9.6353626833149512e-28,9.5764476287814101e-26,0.11499269946463535,1.1012215641152805e-26,0,0,0
3412,3477,3.1371656096146754e-57,1.5924436995338616e-41,0.019483421056078944,3.1026251106118291e-43,0,0,0
3412,3478,-1.9056541630729671e-25,3.6810040418255009e-27,0.11499269946463535,4.2328859150974787e-28,0,0,0
3413,3414,-7.6174325771738241e-25,1.650770312486315e-24,0.0056699395471477062,9.3597678780235345e-27,0,0,0
3413,3477,-6.8068640814834209e-28,9.5558250418747e-26,0.0056699395471477062,5.4180950310549749e-28,0,0,0
3413,3478,-1.2744735289059618e-57,6.0221879197574605e-43,0.0056699395471477062,3.4145441446588001e-45,0,0,0
3413,3479,-1.9043581442934567e-25,6.9793715933011632e-28,0.0056699395471477062,3.9572615011097563e-30,0,0,0
3414,3415,2.5397973672552343e-24,1.21966577666047e-22,0.186094851147246,2.2697352115702036e-23,0,0,0
3414,3478,1.8320340822364565e-25,-4.0907637501872876e-25,1,-4.0907637501872876e-25,0,0,0
3414,3479,0,-6.8610890462769502e-41,0.0077681013020053239,-5.329763475355844e-43,0,0,0
3414,3480,6.3494934181381196e-25,-2.6441927183705713e-25,0.10130891475404703,-2.6788029469867609e-26,0,0,0
3415,3416,2.4647295269934925e-22,2.0107560877970282e-23,0.0059885231000605709,1.2041459280359925e-25,0,0,0
3415,3479,1.8903994011068398e-25,-3.0903639057473998e-23,0.0077681013020053239,-2.4006259879906635e-25,0,0,0
3415,3480,0,-5.1219135080463863e-39,0.10130891475404703,-5.1889549896427336e-40,0,0,0
3415,3481,6.1618238174837313e-23,-2.4019828386652711e-23,1,-2.4019828386652711e-23,0,0,0
3416,3417,2.8668807445528982e-22,-4.6388529988946156e-27,0.0059885231000605709,-2.7779878341665657e-29,0,0,0
3416,3480,-1.0611079813969562e-25,-3.5782953907841382e-23,0.0059885231000605709,-2.142870460655108e-25,0,0,0
3416,3481,0,-4.8372503679525663e-39,0.0059885231000605709,-2.8967985569260439e-41,0,0,0
3416,3482,7.1672018613822443e-23,-1.73904132356326e-23,0.0059885231000605709,-1.0414289138118491e-25,0,0,0
3417,3418,2.8667879674929221e-22,-2.0785468233937953e-21,0.0027828846123313482,-5.7843559708327976e-24,0,0,0
3417,3481,-1.3578581401531895e-23,-2.904555889289556e-23,0.0027828846123313482,-8.0830438899603004e-26,0,0,0
3417,3482,0,-2.8958924462390377e-39,0.0027828846123313482,-8.0589345276052036e-42,0,0,0
3417,3483,7.1669699187323005e-23,-3.1382766241236096e-23,0.0027828846123313482,-8.7334617265127639e-26,0,0,0
3418,3419,-3.8704148500382983e-21,5.2454431921382576e-22,1,5.2454431921382576e-22,0,0,0
3418,3482,-3.6891192142557256e-23,5.0224745232606597e-22,1,5.0224745232606597e-22,0,0,0
3418,3483,-1.2849830336981711e-53,8.1310614842380279e-38,1,8.1310614842380279e-38,0,0,0
3418,3484,-9.6760371250957458e-22,4.73238354863932e-22,1,4.73238354863932e-22,0,0,0
3419,3420,-2.8213262116106468e-21,9.9019344804257523e-22,1,9.9019344804257523e-22,0,0,0
3419,3483,-8.9041667048508059e-24,3.5711785980375626e-22,1,3.5711785980375626e-22,0,0,0
3419,3484,-6.4249151684908553e-54,5.6971473382318294e-38,1,5.6971473382318294e-38,0,0,0
3419,3485,-7.053315529026617e-22,3.4730799163401009e-22,1,3.4730799163401009e-22,0,0,0
3420,3421,-8.4093931552549635e-22,3.3726032737738529e-22,1,3.3726032737738529e-22,0,0,0
3420,3484,2.1127002781710597e-23,9.4553913049831752e-23,1,9.4553913049831752e-23,0,0,0
3420,3485,-3.2124575842454276e-54,1.6613315660390878e-38,1,1.6613315660390878e-38,0,0,0
3420,3486,-2.1023482888137409e-22,1.0376392403083139e-22,1,1.0376392403083139e-22,0,0,0
3421,3422,-1.664186607707258e-22,7.0729125393996185e-23,1,7.0729125393996185e-23,0,0,0
3421,3485,1.0715569634641477e-23,1.5444547779019989e-23,1,1.5444547779019989e-23,0,0,0
3421,3486,0,3.2388828596605204e-39,1,3.2388828596605204e-39,0,0,0
3421,3487,-4.160466519268145e-23,2.0570355080804334e-23,1,2.0570355080804334e-23,0,0,0
3422,3423,-2.4960409982733441e-23,1.0954115672056788e-23,1,1.0954115672056788e-23,0,0,0
3422,3486,2.706980819711328e-24,1.7665608379860159e-24,1,1.7665608379860159e-24,0,0,0
3422,3487,0,4.8096089316306645e-40,1,4.8096089316306645e-40,0,0,0
3422,3488,-6.2401024956833602e-24,3.0897747252899625e-24,1,3.0897747252899625e-24,0,0,0
3423,3424,-3.0521786386198647e-24,1.3664639762330463e-24,1,1.3664639762330463e-24,0,0,0
3423,3487,4.6395503107278421e-25,1.4954481429109099e-25,1,1.4954481429109099e-25,0,0,0
3423,3488,-1.2548662438458702e-56,5.8494177381090849e-41,1,5.8494177381090849e-41,0,0,0
3423,3489,-7.6304465965496618e-25,3.7829810597265591e-25,1,3.7829810597265591e-25,0,0,0
3424,3425,-3.1925068615377229e-25,1.4509423870689412e-25,1,1.4509423870689412e-25,0,0,0
3424,3488,6.0553045103434742e-26,9.6298132175041613e-27,1,9.6298132175041613e-27,0,0,0
3424,3489,0,6.1087987858856082e-42,1,6.1087987858856082e-42,0,0,0
3424,3490,-7.9812671538443062e-26,3.9612801644238418e-26,1,3.9612801644238418e-26,0,0,0
3425,3426,-2.906220873998403e-26,1.3406058881776816e-26,1,1.3406058881776816e-26,0,0,0
3425,3489,6.4484477096543956e-27,4.0855223767080569e-28,1,4.0855223767080569e-28,0,0,0
3425,3490,-9.8036425300458607e-59,5.5609549756944661e-43,1,5.5609549756944661e-43,0,0,0
3425,3491,-7.2655521849960075e-27,3.6096805964857044e-27,1,3.6096805964857044e-27,0,0,0
3426,3427,-2.2500909764303944e-27,1.0548145803873616e-27,1,1.0548145803873616e-27,0,0,0
3426,3490,5.8706824996622339e-28,-1.2272752929312429e-29,1,-1.2272752929312429e-29,0,0,0
3426,3491,-6.1272765812786629e-60,4.2993254963069616e-44,1,4.2993254963069616e-44,0,0,0
3426,3492,-5.6252274410759861e-28,2.7974859890623651e-28,1,2.7974859890623651e-28,0,0,0
3427,3428,-1.4046181565567156e-28,6.6924389579357034e-29,1,6.6924389579357034e-29,0,0,0
3427,3491,4.6190992024598755e-29,-5.5377690553404302e-30,1,-5.5377690553404302e-30,0,0,0
3427,3492,-3.8295478632991643e-61,2.6720215722358126e-45,1,2.6720215722358126e-45,0,0,0
3427,3493,-3.5115453913917889e-29,1.748104161674699e-29,1,1.748104161674699e-29,0,0,0
3428,3429,-6.6130364969574948e-30,3.1980736495974171e-30,1,3.1980736495974171e-30,0,0,0
3428,3492,3.0255462951255557e-30,-6.8614358544309116e-31,1,-6.8614358544309116e-31,0,0,0
3428,3493,0,1.2489080135198413e-46,1,1.2489080135198413e-46,0,0,0
3428,3494,-1.6532591242393737e-30,8.2388966920611366e-31,1,8.2388966920611366e-31,0,0,0
3429,3430,-2.1688919776266005e-31,1.0624413571280752e-31,1,1.0624413571280752e-31,0,0,0
3429,3493,1.5337068042391215e-31,-4.9574190491623565e-32,1,-4.9574190491623565e-32,0,0,0
3429,3494,-7.4795856705061804e-64,4.0586295668875365e-48,1,4.0586295668875365e-48,0,0,0
3429,3495,-5.4222299440665012e-32,2.7050665392625035e-32,1,2.7050665392625035e-32,0,0,0
3430,3431,-4.4009263370450112e-33,2.1791301565035654e-33,1,2.1791301565035654e-33,0,0,0
3430,3494,5.479785827146147e-33,-2.1897771214424468e-33,1,-2.1897771214424468e-33,0,0,0
3430,3495,0,8.1540018807528367e-50,1,8.1540018807528367e-50,0,0,0
3430,3496,-1.1002315842612528e-33,5.4949059486656169e-34,1,5.4949059486656169e-34,0,0,0
3431,3432,-4.2666024037880903e-35,2.1311350769954657e-35,1,2.1311350769954657e-35,0,0,0
3431,3495,1.209686554149386e-34,-5.5151074702734186e-35,1,-5.5151074702734186e-35,0,0,0
3431,3496,9.1303536016921147e-68,7.8404878267663848e-52,1,7.8404878267663848e-52,0,0,0
3431,3497,-1.0666506009470227e-35,5.3328658655520062e-36,1,5.3328658655520062e-36,0,0,0
3432,3433,-4.3322497971590925e-38,2.1661248985795463e-38,1,2.1661248985795463e-38,0,0,0
3432,3496,1.2503945281294312e-36,-6.1978195181826669e-37,1,-6.1978195181826669e-37,0,0,0
3432,3497,0,8.3735902600820173e-55,1,8.3735902600820173e-55,0,0,0
3432,3498,-1.0830624492897731e-38,5.4153122464488657e-39,1,5.4153122464488657e-39,0,0,0
3433,3434,0,-0,1,-0,0,0,0
3433,3497,7.7427836621544539e-40,-3.871391831077227e-40,1,-3.871391831077227e-40,0,0,0
3433,3498,0,-0,1,-0,0,0,0
3433,3499,0,-0,1,-0,0,0,0
3434,3435,0,-0,1,-0,0,0,0
3434,3498,0,-0,1,-0,0,0,0
3434,3499,0,-0,1,-0,0,0,0
3434,3500,0,-0,1,-0,0,0,0
3435,3436,0,-0,1,-0,0,0,0
3435,3499,0,-0,1,-0,0,0,0
3435,3500,0,-0,1,-0,0,0,0
3435,3501,0,-0,1,-0,0,0,0
3436,3437,0,-0,1,-0,0,0,0
3436,3500,0,-0,1,-0,0,0,0
3436,3501,0,-0,1,-0,0,0,0
3436,3502,0,-0,1,-0,0,0,0
3437,3438,0,-0,1,-0,0,0,0
3437,3501,0,-0,1,-0,0,0,0
3437,3502,0,-0,1,-0,0,0,0
3437,3503,0,-0,1,-0,0,0,0
3438,3439,0,-0,1,-0,0,0,0
3438,3502,0,-0,1,-0,0,0,0
3438,3503,0,-0,1,-0,0,0,0
3438,3504,0,-0,1,-0,0,0,0
3439,3440,0,-0,1,-0,0,0,0
3439,3503,0,-0,1,-0,0,0,0
3439,3504,0,-0,1,-0,0,0,0
3439,3505,0,-0,1,-0,0,0,0
3440,3441,0,-0,1,-0,0,0,0
3440,3504,0,-0,1,-0,0,0,0
3440,3505,0,-0,1,-0,0,0,0
3440,3506,0,-0,1,-0,0,0,0
3441,3442,0,-0,1,-0,0,0,0
3441,3505,0,-0,1,-0,0,0,0
3441,3506,0,-0,1,-0,0,0,0
3441,3507,0,-0,1,-0,0,0,0
3442,3443,0,-0,1,-0,0,0,0
3442,3506,0,-0,1,-0,0,0,0
3442,3507,0,-0,1,-0,0,0,0
3442,3508,0,-0,1,-0,0,0,0
3443,3444,0,-0,1,-0,0,0,0
3443,3507,0,-0,1,-0,0,0,0
3443,3508,0,-0,1,-0,0,0,0
3443,3509,0,-0,1,-0,0,0,0
3444,3508,0,-0,1,-0,0,0,0
3444,3509,0,-0,1,-0,0,0,0
3445,3446,0,-0,1,-0,0,0,0
3445,3510,0,-0,1,-0,0,0,0
3445,3511,0,-0,1,-0,0,0,0
3446,3447,0,-0,1,-0,0,0,0
3446,3510,0,-0,1,-0,0,0,0
3446,3511,0,-0,1,-0,0,0,0
3446,3512,0,-0,1,-0,0,0,0
3447,3448,0,-0,1,-0,0,0,0
3447,3511,0,-0,1,-0,0,0,0
3447,3512,0,-0,1,-0,0,0,0
3447,3513,0,-0,1,-0,0,0,0
3448,3449,0,-0,1,-0,0,0,0
3448,3512,0,-0,1,-0,0,0,0
3448,3513,0,-0,1,-0,0,0,0
3448,3514,0,-0,1,-0,0,0,0
3449,3450,0,-0,1,-0,0,0,0
3449,3513,0,-0,1,-0,0,0,0
3449,3514,0,-0,1,-0,0,0,0
3449,3515,0,-0,1,-0,0,0,0
3450,3451,0,-0,1,-0,0,0,0
3450,3514,0,-0,1,-0,0,0,0
3450,3515,0,-0,1,-0,0,0,0
3450,3516,0,-0,1,-0,0,0,0
3451,3452,0,-0,1,-0,0,0,0
3451,3515,0,-0,1,-0,0,0,0
3451,3516,0,-0,1,-0,0,0,0
3451,3517,0,-0,1,-0,0,0,0
3452,3453,0,-0,1,-0,0,0,0
3452,3516,0,-0,1,-0,0,0,0
3452,3517,0,-0,1,-0,0,0,0
3452,3518,0,-0,1,-0,0,0,0
3453,3454,0,-0,1,-0,0,0,0
3453,3517,0,-0,1,-0,0,0,0
3453,3518,0,-0,1,-0,0,0,0
3453,3519,0,-0,1,-0,0,0,0
3454,3455,0,-0,1,-0,0,0,0
3454,3518,0,-0,1,-0,0,0,0
3454,3519,0,-0,1,-0,0,0,0
3454,3520,0,-0,1,-0,0,0,0
3455,3456,0,-0,1,-0,0,0,0
3455,3519,0,-0,1,-0,0,0,0
3455,3520,0,-0,1,-0,0,0,0
3455,3521,0,-0,1,-0,0,0,0
3456,3457,0,-0,1,-0,0,0,0
3456,3520,0,-0,1,-0,0,0,0
3456,3521,0,-0,1,-0,0,0,0
3456,3522,0,-0,1,-0,0,0,0
3457,3458,0,-0,1,-0,0,0,0
3457,3521,0,-0,1,-0,0,0,0
3457,3522,0,-0,1,-0,0,0,0
3457,3523,0,-0,1,-0,0,0,0
3458,3459,0,-0,1,-0,0,0,0
3458,3522,0,-0,1,-0,0,0,0
3458,3523,0,-0,1,-0,0,0,0
3458,3524,0,-0,1,-0,0,0,0
3459,3460,0,-0,1,-0,0,0,0
3459,3523,0,-0,1,-0,0,0,0
3459,3524,0,-0,1,-0,0,0,0
3459,3525,0,-0,1,-0,0,0,0
3460,3461,0,-0,1,-0,0,0,0
3460,3524,0,-0,1,-0,0,0,0
3460,3525,0,-0,1,-0,0,0,0
3460,3526,0,-0,1,-0,0,0,0
3461,3462,0,-0,1,-0,0,0,0
3461,3525,0,-0,1,-0,0,0,0
3461,3526,0,-0,1,-0,0,0,0
3461,3527,0,-0,1,-0,0,0,0
3462,3463,0,-0,1,-0,0,0,0
3462,3526,0,-0,1,-0,0,0,0
3462,3527,0,-0,1,-0,0,0,0
3462,3528,0,-0,1,-0,0,0,0
3463,3464,0,-0,1,-0,0,0,0
3463,3527,0,-0,1,-0,0,0,0
3463,3528,0,-0,1,-0,0,0,0
3463,3529,0,-0,1,-0,0,0,0
3464,3465,0,-0,1,-0,0,0,0
3464,3528,0,-0,1,-0,0,0,0
3464,3529,0,-0,1,-0,0,0,0
3464,3530,0,-0,1,-0,0,0,0
3465,3466,0,-0,1,-0,0,0,0
3465,3529,0,-0,1,-0,0,0,0
3465,3530,0,-0,1,-0,0,0,0
3465,3531,0,-0,1,-0,0,0,0
3466,3467,0,-0,1,-0,0,0,0
3466,3530,0,-0,1,-0,0,0,0
3466,3531,0,-0,1,-0,0,0,0
3466,3532,0,-0,1,-0,0,0,0
3467,3468,0,-0,1,-0,0,0,0
3467,3531,0,-0,1,-0,0,0,0
3467,3532,0,-0,1,-0,0,0,0
3467,3533,0,-0,1,-0,0,0,0
3468,3469,0,-0,1,-0,0,0,0
3468,3532,0,-0,1,-0,0,0,0
3468,3533,0,-0,1,-0,0,0,0
3468,3534,0,-0,1,-0,0,0,0
3469,3470,0,-0,1,-0,0,0,0
3469,3533,0,-0,1,-0,0,0,0
3469,3534,0,-0,1,-0,0,0,0
3469,3535,0,-0,1,-0,0,0,0
3470,3471,0,-0,1,-0,0,0,0
3470,3534,0,-0,1,-0,0,0,0
3470,3535,0,-0,1,-0,0,0,0
3470,3536,0,-0,1,-0,0,0,0
3471,3472,0,-6.5150060573096007e-44,0.00071793690287298955,-4.6773632709836217e-47,0,0,0
3471,3535,0,-0,1,-0,0,0,0
3471,3536,0,-0,1,-0,0,0,0
3471,3537,0,-0,1,-0,0,0,0
3472,3473,-1.3030012114619369e-43,-4.514103686251834e-41,0.00030567314455296325,-1.379840268614721e-44,0,0,0
3472,3536,0,1.6287515143274002e-44,-0,-0,0,0,0
3472,3537,0,2.7124161488990565e-60,-0,-0,0,0,0
3472,3538,-3.2575030286548003e-44,1.3034390053813607e-44,0.0026955555626662427,3.5134922615518811e-47,0,0,0
3473,3474,-9.0412373846182875e-41,2.7252037422255513e-43,1,2.7252037422255513e-43,0,0,0
3473,3537,0,1.1301546730772859e-41,-0,-0,0,0,0
3473,3538,0,1.8815438550007341e-57,0.0026955555626662427,5.0718060047477151e-60,0,0,0
3473,3539,-2.2603093461545719e-41,3.051690813703861e-51,1,3.051690813703861e-51,0,0,0
3474,3475,-8.9848670519957755e-41,7.2884656100918889e-28,1,7.2884656100918889e-28,0,0,0
3474,3538,6.5062501789194335e-45,1.123016351212776e-41,0.0026955555626662427,3.027152972476745e-44,0,0,0
3474,3539,0,-1.134593927209182e-59,6.200838236232327e-13,-7.0354334064356936e-72,0,0,0
3474,3540,-2.2466833274434443e-41,3.2979538794879916e-42,1,3.2979538794879916e-42,0,0,0
3475,3476,1.4576931220182881e-27,1.1982259756538488e-27,0.33145559961679039,3.9715870923676012e-28,0,0,0
3475,3539,2.260014163263065e-41,-1.8221164025229727e-28,6.200838236232327e-13,-1.1298649059630543e-40,0,0,0
3475,3540,0,-3.0344333754421915e-44,2.8105850108807482e-13,-8.5285329615340978e-57,0,0,0
3475,3541,3.6442328050457198e-28,-1.7236846805780868e-28,0.3780647427664568,-6.5166440537323661e-29,0,0,0
3476,3477,3.8541450733259855e-27,-5.6569972036628005e-28,0.33145559961679039,-1.87504340017056e-28,0,0,0
3476,3540,1.5894605104267709e-41,-4.8176813416575617e-28,2.8105850108807482e-13,-1.3540502966062595e-40,0,0,0
3476,3541,0,-7.8591293801378495e-44,0.33145559961679039,-2.604952441159525e-44,0,0,0
3476,3542,9.6353626833149638e-28,-1.1745987442089367e-28,0.33145559961679039,-3.8932733107090211e-29,0,0,0
3477,3478,2.7227456325934247e-27,-3.6776818926358813e-25,0.019483421056078944,-7.1653824824542193e-27,0,0,0
3477,3541,-1.9686344388954703e-29,-3.3050003187970082e-28,0.019483421056078944,-6.4392712801597249e-30,0,0,0
3477,3542,0,3.9909834888012883e-45,0.09598493206199972,3.8307427903315426e-46,0,0,0
3477,3543,6.8068640814835644e-28,-9.970913898602577e-29,0.019483421056078944,-1.9426751380038366e-30,0,0,0
3478,3479,-7.3281363289458276e-25,-1.1673063774079422e-26,0.0077681013020053239,-9.0677541901817534e-29,0,0,0
3478,3542,-7.2861651948970783e-28,9.1966012371567703e-26,0.09598493206199972,8.8273514494979521e-27,0,0,0
3478,3543,3.1371656096146754e-57,1.5294821771912499e-41,0.025894590962041952,3.9605315362100784e-43,0,0,0
3478,3544,-1.8320340822364569e-25,6.4231189587985379e-26,1,6.4231189587985379e-26,0,0,0
3479,3480,-7.5615976044274163e-25,5.9030147650076605e-25,0.0077681013020053239,4.5855216681812661e-27,0,0,0
3479,3543,-4.8126813017632569e-28,9.4760604120430868e-26,0.0077681013020053239,7.3610997224673008e-28,0,0,0
3479,3544,0,1.1182630743318034e-41,0.0077681013020053239,8.6867808437013579e-44,0,0,0
3479,3545,-1.8903994011068541e-25,2.7020767996894382e-27,0.0077681013020053239,2.0990006305785904e-29,0,0,0
3480,3481,4.2444319255879331e-25,2.6944941206784383e-23,0.10130891475404703,2.7297627517709281e-24,0,0,0
3480,3544,5.4741029047674944e-26,-8.0425913593686251e-26,1,-8.0425913593686251e-26,0,0,0
3480,3545,3.1371656096146754e-57,-2.4126249718953519e-41,0.1128606922061684,-2.7229052436199699e-42,0,0,0
3480,3546,1.0611079813969759e-25,-1.4158010106219503e-25,0.02805770923347297,-3.9724133088487857e-27,0,0,0
3481,3482,5.4314325606127555e-23,4.6625221482050728e-23,1,4.6625221482050728e-23,0,0,0
3481,3545,1.8363578651130612e-25,-6.8811085940215983e-24,0.1128606922061684,-7.7660667906709178e-25,0,0,0
3481,3546,0,-1.1453863528895705e-39,0.02805770923347297,-3.2136917249363634e-41,0,0,0
3481,3547,1.3578581401531892e-23,-6.3114568861816692e-24,1,-6.3114568861816692e-24,0,0,0
3482,3483,1.47564768570229e-22,-5.5974050875412873e-23,1,-5.5974050875412873e-23,0,0,0
3482,3546,1.7704940398469527e-25,-1.8534120773270973e-23,0.02805770923347297,-5.2002497155450821e-25,0,0,0
3482,3547,0,-2.9922335037559407e-39,1,-2.9922335037559407e-39,0,0,0
3482,3548,3.689119214255725e-23,-1.7840836097690322e-23,1,-1.7840836097690322e-23,0,0,0
3483,3484,3.5616666819403241e-23,-6.0062338973122838e-23,1,-6.0062338973122838e-23,0,0,0
3483,3547,-9.5566762916855309e-25,-3.9742495378411292e-24,1,-3.9742495378411292e-24,0,0,0
3483,3548,0,-6.4070804975454124e-40,1,-6.4070804975454124e-40,0,0,0
3483,3549,8.9041667048508117e-24,-4.4661653404203255e-24,1,-4.4661653404203255e-24,0,0,0
3484,3485,-8.4508011126842436e-23,2.0822866294138258e-23,1,2.0822866294138258e-23,0,0,0
3484,3548,-1.2095199471766045e-24,1.1168261364443606e-23,1,1.1168261364443606e-23,0,0,0
3484,3549,0,1.7568312476224462e-39,1,1.7568312476224462e-39,0,0,0
3484,3550,-2.1127002781710606e-23,1.0393146146050339e-23,1,1.0393146146050339e-23,0,0,0
3485,3486,-4.2862278538565913e-23,1.60171776298603e-23,1,1.60171776298603e-23,0,0,0
3485,3549,2.8163975989838629e-26,5.3437028293258202e-24,1,5.3437028293258202e-24,0,0,0
3485,3550,1.0038929950766961e-55,8.6388056250426735e-40,1,8.6388056250426735e-40,0,0,0
3485,3551,-1.0715569634641478e-23,5.2909682997673689e-24,1,5.2909682997673689e-24,0,0,0
3486,3487,-1.0827923278845313e-23,4.4860515772770879e-24,1,4.4860515772770879e-24,0,0,0
3486,3550,3.407104896099279e-25,1.1831351650507001e-24,1,1.1831351650507001e-24,0,0,0
3486,3551,0,2.1427424706271148e-40,1,2.1427424706271148e-40,0,0,0
3486,3552,-2.7069808197113283e-24,1.3392749676579335e-24,1,1.3392749676579335e-24,0,0,0
3487,3488,-1.8558201242911368e-24,8.0680397193869898e-25,1,8.0680397193869898e-25,0,0,0
3487,3551,1.3363303510674041e-25,1.6516099798302189e-25,1,1.6516099798302189e-25,0,0,0
3487,3552,-6.2743312192293509e-57,3.6264670156604133e-41,1,3.6264670156604133e-41,0,0,0
3487,3553,-4.6395503107278421e-25,2.2989000367374491e-25,1,2.2989000367374491e-25,0,0,0
3488,3489,-2.4221218041373897e-25,1.082091947875607e-25,1,1.082091947875607e-25,0,0,0
3488,3552,2.8430884395460894e-26,1.6061080353986927e-26,1,1.6061080353986927e-26,0,0,0
3488,3553,0,4.69441330626156e-42,1,4.69441330626156e-42,0,0,0
3488,3554,-6.0553045103434742e-26,3.0042493227965242e-26,1,3.0042493227965242e-26,0,0,0
3489,3490,-2.5793790838617582e-26,1.1722758919376346e-26,1,1.1722758919376346e-26,0,0,0
3489,3553,4.1750237252943534e-27,1.1367119921800212e-27,1,1.1367119921800212e-27,0,0,0
3489,3554,0,4.9796742247616456e-43,1,4.9796742247616456e-43,0,0,0
3489,3555,-6.4484477096543956e-27,3.2028064238889564e-27,1,3.2028064238889564e-27,0,0,0
3490,3491,-2.3482729998648936e-27,1.0817545158832494e-27,1,1.0817545158832494e-27,0,0,0
3490,3554,4.6805864750426253e-28,5.9504801230980433e-29,1,5.9504801230980433e-29,0,0,0
3490,3555,-6.1272765812786629e-60,4.5316532867024144e-44,1,4.5316532867024144e-44,0,0,0
3490,3556,-5.8706824996622339e-28,2.9186003643985078e-28,1,2.9186003643985078e-28,0,0,0
3491,3492,-1.8476396809839502e-28,8.6330891458946397e-29,1,8.6330891458946397e-29,0,0,0
3491,3555,4.2834861876483081e-29,1.6780650740578349e-30,1,1.6780650740578349e-30,0,0,0
3491,3556,0,3.5673809688005669e-45,1,3.5673809688005669e-45,0,0,0
3491,3557,-4.6190992024598755e-29,2.2983724446481804e-29,1,2.2983724446481804e-29,0,0,0
3492,3493,-1.2102185180502224e-29,5.7443512294032881e-30,1,5.7443512294032881e-30,0,0,0
3492,3556,3.3481770865218903e-30,-1.6131539569816711e-31,1,-1.6131539569816711e-31,0,0,0
3492,3557,0,2.3331363203846903e-46,1,2.3331363203846903e-46,0,0,0
3492,3558,-3.025546295125556e-30,1.5067727987120883e-30,1,1.5067727987120883e-30,0,0,0
3493,3494,-6.1348272169564853e-31,2.9578178919353197e-31,1,2.9578178919353197e-31,0,0,0
3493,3557,2.2354313163514097e-31,-3.5086225605614405e-32,1,-3.5086225605614405e-32,0,0,0
3493,3558,0,1.1771415735706223e-47,1,1.1771415735706223e-47,0,0,0
3493,3559,-1.5337068042391215e-31,7.6452223805772441e-32,1,7.6452223805772441e-32,0,0,0
3494,3495,-2.1919143308584583e-32,1.0717634343462413e-32,1,1.0717634343462413e-32,0,0,0
3494,3558,1.2000697701379553e-32,-3.2604559371167031e-33,1,-3.2604559371167031e-33,0,0,0
3494,3559,0,4.1746214941397752e-49,1,4.1746214941397752e-49,0,0,0
3494,3560,-5.479785827146147e-33,2.7342468869633183e-33,1,2.7342468869633183e-33,0,0,0
3495,3496,-4.8387462165975441e-34,2.3943652177361832e-34,1,2.3943652177361832e-34,0,0,0
3495,3559,4.6623281236728078e-34,-1.7263207847617107e-34,1,-1.7263207847617107e-34,0,0,0
3495,3560,0,9.1324116765013667e-51,1,9.1324116765013667e-51,0,0,0
3495,3561,-1.209686554149386e-34,6.0420918531808223e-35,1,6.0420918531808223e-35,0,0,0
3496,3497,-5.0015781125177246e-36,2.4992404995264313e-36,1,2.4992404995264313e-36,0,0,0
3496,3560,1.1292053219510591e-35,-5.0208293456905796e-36,1,-5.0208293456905796e-36,0,0,0
3496,3561,-1.1412942002115143e-68,9.355651060588026e-53,1,9.355651060588026e-53,0,0,0
3496,3562,-1.2503945281294312e-36,6.2517509051889683e-37,1,6.2517509051889683e-37,0,0,0
3497,3498,-3.0971134648617816e-39,1.5485567324308908e-39,1,1.5485567324308908e-39,0,0,0
3497,3561,1.2681835132216185e-37,-6.3022036477973197e-38,1,-6.3022036477973197e-38,0,0,0
3497,3562,0,6.0778988057274098e-56,1,6.0778988057274098e-56,0,0,0
3497,3563,-7.7427836621544539e-40,3.871391831077227e-40,1,3.871391831077227e-40,0,0,0
3498,3499,0,-0,1,-0,0,0,0
3498,3562,4.4347091637591357e-41,-2.2173545818795678e-41,1,-2.2173545818795678e-41,0,0,0
3498,3563,0,-0,1,-0,0,0,0
3498,3564,0,-0,1,-0,0,0,0
3499,3500,0,-0,1,-0,0,0,0
3499,3563,0,-0,1,-0,0,0,0
3499,3564,0,-0,1,-0,0,0,0
3499,3565,0,-0,1,-0,0,0,0
3500,3501,0,-0,1,-0,0,0,0
3500,3564,0,-0,1,-0,0,0,0
3500,3565,0,-0,1,-0,0,0,0
3500,3566,0,-0,1,-0,0,0,0
3501,3502,0,-0,1,-0,0,0,0
3501,3565,0,-0,1,-0,0,0,0
3501,3566,0,-0,1,-0,0,0,0
3501,3567,0,-0,1,-0,0,0,0
3502,3503,0,-0,1,-0,0,0,0
3502,3566,0,-0,1,-0,0,0,0
3502,3567,0,-0,1,-0,0,0,0
3502,3568,0,-0,1,-0,0,0,0
3503,3504,0,-0,1,-0,0,0,0
3503,3567,0,-0,1,-0,0,0,0
3503,3568,0,-0,1,-0,0,0,0
3503,3569,0,-0,1,-0,0,0,0
3504,3505,0,-0,1,-0,0,0,0
3504,3568,0,-0,1,-0,0,0,0
3504,3569,0,-0,1,-0,0,0,0
3504,3570,0,-0,1,-0,0,0,0
3505,3506,0,-0,1,-0,0,0,0
3505,3569,0,-0,1,-0,0,0,0
3505,3570,0,-0,1,-0,0,0,0
3505,3571,0,-0,1,-0,0,0,0
3506,3507,0,-0,1,-0,0,0,0
3506,3570,0,-0,1,-0,0,0,0
3506,3571,0,-0,1,-0,0,0,0
3506,3572,0,-0,1,-0,0,0,0
3507,3508,0,-0,1,-0,0,0,0
3507,3571,0,-0,1,-0,0,0,0
3507,3572,0,-0,1,-0,0,0,0
3507,3573,0,-0,1,-0,0,0,0
3508,3509,0,-0,1,-0,0,0,0
3508,3572,0,-0,1,-0,0,0,0
3508,3573,0,-0,1,-0,0,0,0
3508,3574,0,-0,1,-0,0,0,0
3509,3573,0,-0,1,-0,0,0,0
3509,3574,0,-0,1,-0,0,0,0
3510,3511,0,-0,1,-0,0,0,0
3510,3575,0,-0,1,-0,0,0,0
3510,3576,0,-0,1,-0,0,0,0
3511,3512,0,-0,1,-0,0,0,0
3511,3575,0,-0,1,-0,0,0,0
3511,3576,0,-0,1,-0,0,0,0
3511,3577,0,-0,1,-0,0,0,0
3512,3513,0,-0,1,-0,0,0,0
3512,3576,0,-0,1,-0,0,0,0
3512,3577,0,-0,1,-0,0,0,0
3512,3578,0,-0,1,-0,0,0,0
3513,3514,0,-0,1,-0,0,0,0
3513,3577,0,-0,1,-0,0,0,0
3513,3578,0,-0,1,-0,0,0,0
3513,3579,0,-0,1,-0,0,0,0
3514,3515,0,-0,1,-0,0,0,0
3514,3578,0,-0,1,-0,0,0,0
3514,3579,0,-0,1,-0,0,0,0
3514,3580,0,-0,1,-0,0,0,0
3515,3516,0,-0,1,-0,0,0,0
3515,3579,0,-0,1,-0,0,0,0
3515,3580,0,-0,1,-0,0,0,0
3515,3581,0,-0,1,-0,0,0,0
3516,3517,0,-0,1,-0,0,0,0
3516,3580,0,-0,1,-0,0,0,0
3516,3581,0,-0,1,-0,0,0,0
3516,3582,0,-0,1,-0,0,0,0
3517,3518,0,-0,1,-0,0,0,0
3517,3581,0,-0,1,-0,0,0,0
3517,3582,0,-0,1,-0,0,0,0
3517,3583,0,-0,1,-0,0,0,0
3518,3519,0,-0,1,-0,0,0,0
3518,3582,0,-0,1,-0,0,0,0
3518,3583,0,-0,1,-0,0,0,0
3518,3584,0,-0,1,-0,0,0,0
3519,3520,0,-0,1,-0,0,0,0
3519,3583,0,-0,1,-0,0,0,0
3519,3584,0,-0,1,-0,0,0,0
3519,3585,0,-0,1,-0,0,0,0
3520,3521,0,-0,1,-0,0,0,0
3520,3584,0,-0,1,-0,0,0,0
3520,3585,0,-0,1,-0,0,0,0
3520,3586,0,-0,1,-0,0,0,0
3521,3522,0,-0,1,-0,0,0,0
3521,3585,0,-0,1,-0,0,0,0
3521,3586,0,-0,1,-0,0,0,0
3521,3587,0,-0,1,-0,0,0,0
3522,3523,0,-0,1,-0,0,0,0
3522,3586,0,-0,1,-0,0,0,0
3522,3587,0,-0,1,-0,0,0,0
3522,3588,0,-0,1,-0,0,0,0
3523,3524,0,-0,1,-0,0,0,0
3523,3587,0,-0,1,-0,0,0,0
3523,3588,0,-0,1,-0,0,0,0
3523,3589,0,-0,1,-0,0,0,0
3524,3525,0,-0,1,-0,0,0,0
3524,3588,0,-0,1,-0,0,0,0
3524,3589,0,-0,1,-0,0,0,0
3524,3590,0,-0,1,-0,0,0,0
3525,3526,0,-0,1,-0,0,0,0
3525,3589,0,-0,1,-0,0,0,0
3525,3590,0,-0,1,-0,0,0,0
3525,3591,0,-0,1,-0,0,0,0
3526,3527,0,-0,1,-0,0,0,0
3526,3590,0,-0,1,-0,0,0,0
3526,3591,0,-0,1,-0,0,0,0
3526,3592,0,-0,1,-0,0,0,0
3527,3528,0,-0,1,-0,0,0,0
3527,3591,0,-0,1,-0,0,0,0
3527,3592,0,-0,1,-0,0,0,0
3527,3593,0,-0,1,-0,0,0,0
3528,3529,0,-0,1,-0,0,0,0
3528,3592,0,-0,1,-0,0,0,0
3528,3593,0,-0,1,-0,0,0,0
3528,3594,0,-0,1,-0,0,0,0
3529,3530,0,-0,1,-0,0,0,0
3529,3593,0,-0,1,-0,0,0,0
3529,3594,0,-0,1,-0,0,0,0
3529,3595,0,-0,1,-0,0,0,0
3530,3531,0,-0,1,-0,0,0,0
3530,3594,0,-0,1,-0,0,0,0
3530,3595,0,-0,1,-0,0,0,0
3530,3596,0,-0,1,-0,0,0,0
3531,3532,0,-0,1,-0,0,0,0
3531,3595,0,-0,1,-0,0,0,0
3531,3596,0,-0,1,-0,0,0,0
3531,3597,0,-0,1,-0,0,0,0
3532,3533,0,-0,1,-0,0,0,0
3532,3596,0,-0,1,-0,0,0,0
3532,3597,0,-0,1,-0,0,0,0
3532,3598,0,-0,1,-0,0,0,0
3533,3534,0,-0,1,-0,0,0,0
3533,3597,0,-0,1,-0,0,0,0
3533,3598,0,-0,1,-0,0,0,0
3533,3599,0,-0,1,-0,0,0,0
3534,3535,0,-0,1,-0,0,0,0
3534,3598,0,-0,1,-0,0,0,0
3534,3599,0,-0,1,-0,0,0,0
3534,3600,0,-0,1,-0,0,0,0
3535,3536,0,-0,1,-0,0,0,0
3535,3599,0,-0,1,-0,0,0,0
3535,3600,0,-0,1,-0,0,0,0
3535,3601,0,-0,1,-0,0,0,0
3536,3537,0,-0,1,-0,0,0,0
3536,3600,0,-0,1,-0,0,0,0
3536,3601,0,-0,1,-0,0,0,0
3536,3602,0,-0,1,-0,0,0,0
3537,3538,0,-1.301250035784158e-44,-0,0,0,0,0
3537,3601,0,-0,1,-0,0,0,0
3537,3602,0,-0,1,-0,0,0,0
3537,3603,0,-0,1,-0,0,0,0
3538,3539,-2.6025000715677734e-44,-4.5193174410526832e-41,6.200838236232327e-13,-2.8023556390151113e-53,0,0,0
3538,3602,0,3.253125089460395e-45,-0,-0,0,0,0
3538,3603,0,5.4175415644570576e-61,-0,-0,0,0,0
3538,3604,-6.5062501789207901e-45,2.9552132795455439e-45,0.00043989531528853398,1.2999844773505496e-48,0,0,0
3539,3540,-9.0412373821769335e-41,1.3464335879967756e-41,6.200838236232327e-13,8.3490168749978899e-54,0,0,0
3539,3603,0,1.1301546727721167e-41,-0,-0,0,0,0
3539,3604,3.482953491856428e-73,1.8820359963663698e-57,6.200838236232327e-13,1.1670200768234192e-69,0,0,0
3539,3605,-2.2603093455442334e-41,3.3660839699938469e-42,6.200838236232327e-13,2.0872542187506554e-54,0,0,0
3540,3541,-6.3488737315354049e-41,3.9372688777940975e-29,2.8105850108807482e-13,1.1066028891735355e-41,0,0,0
3540,3604,5.9582361983104814e-46,7.9351648459193132e-42,2.8105850108807482e-13,2.2302455374808662e-54,0,0,0
3540,3605,0,3.1764535845730625e-70,2.8105850108807482e-13,8.927692832559473e-83,0,0,0
3540,3606,-1.5870925515458458e-41,4.0024256015048893e-43,2.8105850108807482e-13,1.1249157402755004e-55,0,0,0
3541,3542,7.8745377555818589e-29,1.4178603502015089e-27,0.09598493206199972,1.3609322938749496e-28,0,0,0
3541,3605,1.5872184328838512e-41,-9.8431721944852438e-30,2.4048947231159063e-11,-2.367179286923878e-40,0,0,0
3541,3606,0,-1.6392174608500809e-45,8.4080761202507172e-14,-1.378266518847158e-58,0,0,0
3541,3607,1.9686344388954614e-29,-9.8431721440033755e-30,0.015098147777755611,-1.486136676320505e-31,0,0,0
3542,3543,2.9144660779588363e-27,-4.9469677862680858e-28,0.09598493206199972,-4.7483436687784336e-29,0,0,0
3542,3606,1.5121950689476918e-41,-3.6430825974486212e-28,8.4080761202507172e-14,-3.0631315791708706e-41,0,0,0
3542,3607,0,-6.0669512696073364e-44,0.015098147777755611,-9.1599726828973586e-46,0,0,0
3542,3608,7.2861651948970908e-28,-1.0095469910625622e-28,0.09598493206199972,-9.690129935053627e-30,0,0,0
3543,3544,1.9250725207052321e-27,-1.104445943557025e-25,0.025894590962041952,-2.8599175948095636e-27,0,0,0
3543,3607,-1.0094785118842748e-37,-2.4063406503767852e-28,0.015098147777755611,-3.633128674300925e-30,0,0,0
3543,3608,2.2977287179794986e-60,3.7835560601960792e-45,0.24942008663078824,9.4369488030654992e-46,0,0,0
3543,3609,4.8126813017630479e-28,-6.3236598583767714e-29,0.025894590962041952,-1.6374858541575064e-30,0,0,0
3544,3545,-2.1896411619069977e-25,-2.577895149272632e-25,0.1128606922061684,-2.9094303098183304e-26,0,0,0
3544,3608,-5.2670712127719738e-28,2.7633868084476067e-26,0.24942008663078824,6.8924417715737956e-27,0,0,0
3544,3609,0,4.5876489258037447e-42,0.038345196564550189,1.7591429982909212e-43,0,0,0
3544,3610,-5.4741029047674944e-26,2.6285627024539543e-26,0.55953940479300945,1.47078440999219e-26,0,0,0
3545,3546,-7.3454314604522622e-25,1.3172765053228178e-26,0.1128606922061684,1.4866873821765569e-27,0,0,0
3545,3609,-3.547949330087806e-28,9.1995290722157664e-26,0.038345196564550189,3.5275775057540759e-27,0,0,0
3545,3610,0,1.5110080812622892e-41,0.1128606922061684,1.7053341798037632e-42,0,0,0
3545,3611,-1.8363578651130653e-25,7.3731427511185247e-26,0.1128606922061684,8.3213799462612948e-27,0,0,0
3546,3547,-7.0819761593877004e-25,2.265434066306491e-24,0.02805770923347297,6.3562890320031849e-26,0,0,0
3546,3610,2.1697749985958511e-27,8.743981449304831e-26,0.02805770923347297,2.4533608904747653e-27,0,0,0
3546,3611,-1.5685828048073377e-57,1.1730322754457107e-41,0.02805770923347297,3.2912598505934926e-43,0,0,0
3546,3612,-1.7704940398469244e-25,7.925590068257186e-26,0.02805770923347297,2.2237390163886132e-27,0,0,0
3547,3548,3.8226705166742109e-24,5.0770463601610408e-25,1,5.0770463601610408e-25,0,0,0
3547,3611,3.6172931488936078e-26,-4.9592028032874451e-25,1,-4.9592028032874451e-25,0,0,0
3547,3612,-1.2548662438458702e-56,-8.1118880928107874e-41,1,-8.1118880928107874e-41,0,0,0
3547,3613,9.5566762916855291e-25,-4.6236940573719053e-25,1,-4.6236940573719053e-25,0,0,0
3548,3549,4.8380797887064194e-24,-2.4753678463328887e-24,1,-2.4753678463328887e-24,0,0,0
3548,3612,1.8537602619548888e-26,-6.1402877489807695e-25,1,-6.1402877489807695e-25,0,0,0
3548,3613,0,-9.8137425642777537e-41,1,-9.8137425642777537e-41,0,0,0
3548,3614,1.2095199471766049e-24,-5.9443821568553007e-25,1,-5.9443821568553007e-25,0,0,0
3549,3550,-1.1265590395935711e-25,-6.2509302724017691e-25,1,-6.2509302724017691e-25,0,0,0
3549,3613,-3.0928817694171749e-26,2.9546396842005522e-26,1,2.9546396842005522e-26,0,0,0
3549,3614,0,4.0640400874079129e-42,1,4.0640400874079129e-42,0,0,0
3549,3615,-2.8163975989839295e-26,1.2591952863541243e-26,1,1.2591952863541243e-26,0,0,0
3550,3551,-1.3628419584397107e-24,4.1415490900637456e-25,1,4.1415490900637456e-25,0,0,0
3550,3614,-2.0643515805544768e-26,1.8067700270773622e-25,1,1.8067700270773622e-25,0,0,0
3550,3615,-3.1371656096146754e-57,2.8121706575665406e-41,1,2.8121706575665406e-41,0,0,0
3550,3616,-3.4071048960992767e-25,1.6816195064685154e-25,1,1.6816195064685154e-25,0,0,0
3551,3552,-5.3453214042696165e-25,2.1040430142255904e-25,1,2.1040430142255904e-25,0,0,0
3551,3615,2.9800702627567989e-27,6.5326482421991808e-26,1,6.5326482421991808e-26,0,0,0
3551,3616,0,1.0761928580836562e-41,1,1.0761928580836562e-41,0,0,0
3551,3617,-1.3363303510674041e-25,6.6141703372045506e-26,1,6.6141703372045506e-26,0,0,0
3552,3553,-1.1372353758184358e-25,4.8511721340333078e-26,1,4.8511721340333078e-26,0,0,0
3552,3616,4.3865883162246521e-27,1.202214803961812e-26,1,1.202214803961812e-26,0,0,0
3552,3617,3.9214570120183443e-58,2.254967548754718e-42,1,2.254967548754718e-42,0,0,0
3552,3618,-2.8430884395460894e-26,1.4095402165949402e-26,1,1.4095402165949402e-26,0,0,0
3553,3554,-1.6700094901177414e-26,7.41393015558018e-27,1,7.41393015558018e-27,0,0,0
3553,3617,1.3496283626494186e-27,1.4126976813224673e-27,1,1.4126976813224673e-27,0,0,0
3553,3618,0,3.2764987903934874e-43,1,3.2764987903934874e-43,0,0,0
3553,3619,-4.1750237252943534e-27,2.0726266101613769e-27,1,2.0726266101613769e-27,0,0,0
3554,3555,-1.8722345900170501e-27,8.5044757125555894e-28,1,8.5044757125555894e-28,0,0,0
3554,3618,2.4008006356209075e-28,1.1398929197108591e-28,1,1.1398929197108591e-28,0,0,0
3554,3619,-6.1272765812786629e-60,3.6494819044496695e-44,1,3.6494819044496695e-44,0,0,0
3554,3620,-4.6805864750426253e-28,2.326200185263768e-28,1,2.326200185263768e-28,0,0,0
3555,3556,-1.7133944750593232e-28,7.8973369579922385e-29,1,7.8973369579922385e-29,0,0,0
3555,3619,2.9770504971598862e-29,6.5321784524421064e-30,1,6.5321784524421064e-30,0,0,0
3555,3620,3.8295478632991643e-61,3.3320222768396637e-45,1,3.3320222768396637e-45,0,0,0
3555,3621,-4.2834861876483081e-29,2.1308454395810161e-29,1,2.1308454395810161e-29,0,0,0
3556,3557,-1.3392708346087561e-29,6.2492679097734989e-30,1,6.2492679097734989e-30,0,0,0
3556,3620,2.8186104515089628e-30,2.6478331750646372e-31,1,2.6478331750646372e-31,0,0,0
3556,3621,0,2.6064350691571937e-46,1,2.6064350691571937e-46,0,0,0
3556,3622,-3.3481770865218903e-30,1.6669058937134707e-30,1,1.6669058937134707e-30,0,0,0
3557,3558,-8.941725265405639e-31,4.2308486786752275e-31,1,4.2308486786752275e-31,0,0,0
3557,3621,2.1795308486276365e-31,2.7950233861886445e-33,1,2.7950233861886445e-33,0,0,0
3557,3622,0,1.7417553444548007e-47,1,1.7417553444548007e-47,0,0,0
3557,3623,-2.2354313163514093e-31,1.1137578594272854e-31,1,1.1137578594272854e-31,0,0,0
3558,3559,-4.8002790805518213e-32,2.3068929778024545e-32,1,2.3068929778024545e-32,0,0,0
3558,3622,1.4365299094948766e-32,-1.1823006967846068e-33,1,-1.1823006967846068e-33,0,0,0
3558,3623,0,9.3334822801291893e-49,1,9.3334822801291893e-49,0,0,0
3558,3624,-1.2000697701379553e-32,5.9838459974777626e-33,1,5.9838459974777626e-33,0,0,0
3559,3560,-1.8649312494691231e-33,9.0988151829554027e-34,1,9.0988151829554027e-34,0,0,0
3559,3623,7.9155974968383892e-34,-1.6266346865827909e-34,1,-1.6266346865827909e-34,0,0,0
3559,3624,0,3.6073403093244226e-50,1,3.6073403093244226e-50,0,0,0
3559,3625,-4.6623281236728078e-34,2.3267647919802504e-34,1,2.3267647919802504e-34,0,0,0
3560,3561,-4.5168212878042362e-35,2.2330469736376857e-35,1,2.2330469736376857e-35,0,0,0
3560,3624,3.30057064240266e-35,-1.0856826602258002e-35,1,-1.0856826602258002e-35,0,0,0
3560,3625,1.8260707203384229e-67,8.6698975068188805e-52,1,8.6698975068188805e-52,0,0,0
3560,3626,-1.1292053219510591e-35,5.6405755367696336e-36,1,5.6405755367696336e-36,0,0,0
3561,3562,-5.072734052886474e-37,2.535480084610485e-37,1,2.535480084610485e-37,0,0,0
3561,3625,8.7985397123061977e-37,-3.7651780995422893e-37,1,-3.7651780995422893e-37,0,0,0
3561,3626,0,9.6519630080759035e-54,1,9.6519630080759035e-54,0,0,0
3561,3627,-1.2681835132216185e-37,6.3408197683995659e-38,1,6.3408197683995659e-38,0,0,0
3562,3563,-1.7738836655036543e-40,8.8694183275182714e-41,1,8.8694183275182714e-41,0,0,0
3562,3626,1.0902145971323363e-38,-5.4288994398428856e-39,1,-5.4288994398428856e-39,0,0,0
3562,3627,-6.9659069837128561e-73,3.5297712641988007e-57,1,3.5297712641988007e-57,0,0,0
3562,3628,-4.4347091637591357e-41,2.2173545818795678e-41,1,2.2173545818795678e-41,0,0,0
3563,3564,0,-0,1,-0,0,0,0
3563,3627,1.9559541705279129e-42,-9.7797708526395647e-43,1,-9.7797708526395647e-43,0,0,0
3563,3628,0,-0,1,-0,0,0,0
3563,3629,0,-0,1,-0,0,0,0
3564,3565,0,-0,1,-0,0,0,0
3564,3628,0,-0,1,-0,0,0,0
3564,3629,0,-0,1,-0,0,0,0
3564,3630,0,-0,1,-0,0,0,0
3565,3566,0,-0,1,-0,0,0,0
3565,3629,0,-0,1,-0,0,0,0
3565,3630,0,-0,1,-0,0,0,0
3565,3631,0,-0,1,-0,0,0,0
3566,3567,0,-0,1,-0,0,0,0
3566,3630,0,-0,1,-0,0,0,0
3566,3631,0,-0,1,-0,0,0,0
3566,3632,0,-0,1,-0,0,0,0
3567,3568,0,-0,1,-0,0,0,0
3567,3631,0,-0,1,-0,0,0,0
3567,3632,0,-0,1,-0,0,0,0
3567,3633,0,-0,1,-0,0,0,0
3568,3569,0,-0,1,-0,0,0,0
3568,3632,0,-0,1,-0,0,0,0
3568,3633,0,-0,1,-0,0,0,0
3568,3634,0,-0,1,-0,0,0,0
3569,3570,0,-0,1,-0,0,0,0
3569,3633,0,-0,1,-0,0,0,0
3569,3634,0,-0,1,-0,0,0,0
3569,3635,0,-0,1,-0,0,0,0
3570,3571,0,-0,1,-0,0,0,0
3570,3634,0,-0,1,-0,0,0,0
3570,3635,0,-0,1,-0,0,0,0
3570,3636,0,-0,1,-0,0,0,0
3571,3572,0,-0,1,-0,0,0,0
3571,3635,0,-0,1,-0,0,0,0
3571,3636,0,-0,1,-0,0,0,0
3571,3637,0,-0,1,-0,0,0,0
3572,3573,0,-0,1,-0,0,0,0
3572,3636,0,-0,1,-0,0,0,0
3572,3637,0,-0,1,-0,0,0,0
3572,3638,0,-0,1,-0,0,0,0
3573,3574,0,-0,1,-0,0,0,0
3573,3637,0,-0,1,-0,0,0,0
3573,3638,0,-0,1,-0,0,0,0
3573,3639,0,-0,1,-0,0,0,0
3574,3638,0,-0,1,-0,0,0,0
3574,3639,0,-0,1,-0,0,0,0
3575,3576,0,-0,1,-0,0,0,0
3575,3640,0,-0,1,-0,0,0,0
3575,3641,0,-0,1,-0,0,0,0
3576,3577,0,-0,1,-0,0,0,0
3576,3640,0,-0,1,-0,0,0,0
3576,3641,0,-0,1,-0,0,0,0
3576,3642,0,-0,1,-0,0,0,0
3577,3578,0,-0,1,-0,0,0,0
3577,3641,0,-0,1,-0,0,0,0
3577,3642,0,-0,1,-0,0,0,0
3577,3643,0,-0,1,-0,0,0,0
3578,3579,0,-0,1,-0,0,0,0
3578,3642,0,-0,1,-0,0,0,0
3578,3643,0,-0,1,-0,0,0,0
3578,3644,0,-0,1,-0,0,0,0
3579,3580,0,-0,1,-0,0,0,0
3579,3643,0,-0,1,-0,0,0,0
3579,3644,0,-0,1,-0,0,0,0
3579,3645,0,-0,1,-0,0,0,0
3580,3581,0,-0,1,-0,0,0,0
3580,3644,0,-0,1,-0,0,0,0
3580,3645,0,-0,1,-0,0,0,0
3580,3646,0,-0,1,-0,0,0,0
3581,3582,0,-0,1,-0,0,0,0
3581,3645,0,-0,1,-0,0,0,0
3581,3646,0,-0,1,-0,0,0,0
3581,3647,0,-0,1,-0,0,0,0
3582,3583,0,-0,1,-0,0,0,0
3582,3646,0,-0,1,-0,0,0,0
3582,3647,0,-0,1,-0,0,0,0
3582,3648,0,-0,1,-0,0,0,0
3583,3584,0,-0,1,-0,0,0,0
3583,3647,0,-0,1,-0,0,0,0
3583,3648,0,-0,1,-0,0,0,0
3583,3649,0,-0,1,-0,0,0,0
3584,3585,0,-0,1,-0,0,0,0
3584,3648,0,-0,1,-0,0,0,0
3584,3649,0,-0,1,-0,0,0,0
3584,3650,0,-0,1,-0,0,0,0
3585,3586,0,-0,1,-0,0,0,0
3585,3649,0,-0,1,-0,0,0,0
3585,3650,0,-0,1,-0,0,0,0
3585,3651,0,-0,1,-0,0,0,0
3586,3587,0,-0,1,-0,0,0,0
3586,3650,0,-0,1,-0,0,0,0
3586,3651,0,-0,1,-0,0,0,0
3586,3652,0,-0,1,-0,0,0,0
3587,3588,0,-0,1,-0,0,0,0
3587,3651,0,-0,1,-0,0,0,0
3587,3652,0,-0,1,-0,0,0,0
3587,3653,0,-0,1,-0,0,0,0
3588,3589,0,-0,1,-0,0,0,0
3588,3652,0,-0,1,-0,0,0,0
3588,3653,0,-0,1,-0,0,0,0
3588,3654,0,-0,1,-0,0,0,0
3589,3590,0,-0,1,-0,0,0,0
3589,3653,0,-0,1,-0,0,0,0
3589,3654,0,-0,1,-0,0,0,0
3589,3655,0,-0,1,-0,0,0,0
3590,3591,0,-0,1,-0,0,0,0
3590,3654,0,-0,1,-0,0,0,0
3590,3655,0,-0,1,-0,0,0,0
3590,3656,0,-0,1,-0,0,0,0
3591,3592,0,-0,1,-0,0,0,0
3591,3655,0,-0,1,-0,0,0,0
3591,3656,0,-0,1,-0,0,0,0
3591,3657,0,-0,1,-0,0,0,0
3592,3593,0,-0,1,-0,0,0,0
3592,3656,0,-0,1,-0,0,0,0
3592,3657,0,-0,1,-0,0,0,0
3592,3658,0,-0,1,-0,0,0,0
3593,3594,0,-0,1,-0,0,0,0
3593,3657,0,-0,1,-0,0,0,0
3593,3658,0,-0,1,-0,0,0,0
3593,3659,0,-0,1,-0,0,0,0
3594,3595,0,-0,1,-0,0,0,0
3594,3658,0,-0,1,-0,0,0,0
3594,3659,0,-0,1,-0,0,0,0
3594,3660,0,-0,1,-0,0,0,0
3595,3596,0,-0,1,-0,0,0,0
3595,3659,0,-0,1,-0,0,0,0
3595,3660,0,-0,1,-0,0,0,0
3595,3661,0,-0,1,-0,0,0,0
3596,3597,0,-0,1,-0,0,0,0
3596,3660,0,-0,1,-0,0,0,0
3596,3661,0,-0,1,-0,0,0,0
3596,3662,0,-0,1,-0,0,0,0
3597,3598,0,-0,1,-0,0,0,0
3597,3661,0,-0,1,-0,0,0,0
3597,3662,0,-0,1,-0,0,0,0
3597,3663,0,-0,1,-0,0,0,0
3598,3599,0,-0,1,-0,0,0,0
3598,3662,0,-0,1,-0,0,0,0
3598,3663,0,-0,1,-0,0,0,0
3598,3664,0,-0,1,-0,0,0,0
3599,3600,0,-0,1,-0,0,0,0
3599,3663,0,-0,1,-0,0,0,0
3599,3664,0,-0,1,-0,0,0,0
3599,3665,0,-0,1,-0,0,0,0
3600,3601,0,-0,1,-0,0,0,0
3600,3664,0,-0,1,-0,0,0,0
3600,3665,0,-0,1,-0,0,0,0
3600,3666,0,-0,1,-0,0,0,0
3601,3602,0,-0,1,-0,0,0,0
3601,3665,0,-0,1,-0,0,0,0
3601,3666,0,-0,1,-0,0,0,0
3601,3667,0,-0,1,-0,0,0,0
3602,3603,0,-0,1,-0,0,0,0
3602,3666,0,-0,1,-0,0,0,0
3602,3667,0,-0,1,-0,0,0,0
3602,3668,0,-0,1,-0,0,0,0
3603,3604,0,-1.1916472396594042e-45,-0,0,0,0,0
3603,3667,0,-0,1,-0,0,0,0
3603,3668,0,-0,1,-0,0,0,0
3603,3669,0,-0,1,-0,0,0,0
3604,3605,-2.3832944793241925e-45,-3.1740659383669626e-41,2.4048947231159063e-11,-7.6332944260006463e-52,0,0,0
3604,3668,0,2.9791180991485105e-46,-0,-0,0,0,0
3604,3669,0,4.9612282601283114e-62,-0,-0,0,0,0
3604,3670,-5.958236198297021e-46,2.8086849341721753e-46,3.2438578368967136e-05,9.1109746350881416e-51,0,0,0
3605,3606,-6.348370206181857e-41,1.6009702405943261e-42,2.4048947231159063e-11,3.8501648834708978e-53,0,0,0
3605,3669,0,7.9354627577273213e-42,-0,-0,0,0,0
3605,3670,0,1.3215171814202889e-57,2.4048947231159063e-11,3.1781096961046586e-68,0,0,0
3605,3671,-1.5870925515454643e-41,4.0024256077690724e-43,2.4048947231159063e-11,9.6254122237878166e-54,0,0,0
3606,3607,-6.0281761580626703e-41,2.0192586832292233e-37,8.4080761202507172e-14,1.697808071506854e-50,0,0,0
3606,3670,3.4086632994568102e-47,7.5352031542622423e-42,8.4080761202507172e-14,6.3356561702590243e-55,0,0,0
3606,3671,6.9659069841183252e-74,1.0463725721072527e-67,8.4080761202507172e-14,8.797980236420313e-81,0,0,0
3606,3672,-1.5070440395157484e-41,2.2535224240685105e-44,8.4080761202507172e-14,1.8947788080259953e-57,0,0,0
3607,3608,4.037916255121141e-37,1.0534142423524975e-27,0.015098147777755611,1.590460390223047e-29,0,0,0
3607,3671,1.5070440393897394e-41,-5.0481467080729955e-38,0.0018619060116393923,-9.3991747033987188e-41,0,0,0
3607,3672,0,-8.4068493076138781e-54,6.0317434902186956e-14,-5.0707958584449556e-67,0,0,0
3607,3673,1.00947863721066e-37,-5.0481095134685527e-38,2.0844754046798761e-10,-1.0522660120955694e-47,0,0,0
3608,3609,2.106828485108787e-27,-3.4382437653685454e-28,0.24942008663078824,-8.5756705781599012e-29,0,0,0
3608,3672,1.5011571487363948e-41,-2.6335356063860586e-28,6.0317434902186956e-14,-1.5884811250078254e-41,0,0,0
3608,3673,-6.1272765812786629e-60,-4.3857177995699594e-44,2.0844754046798761e-10,-9.1419208850703272e-54,0,0,0
3608,3674,5.2670712127719675e-28,-1.865967291500119e-28,0.24942008663078824,-4.6540972349617698e-29,0,0,0
3609,3610,1.4191797320350783e-27,-5.0491398632092557e-27,0.038345196564550189,-1.9361026053666496e-28,0,0,0
3609,3673,1.4321701474157886e-41,-1.7739746650439187e-28,2.0844754046798761e-10,-3.69780655780927e-38,0,0,0
3609,3674,0,-1.6760032531115405e-44,0.038345196564550189,-6.4266674183387585e-46,0,0,0
3609,3675,3.5479493300876943e-28,-7.9344091806653354e-29,0.038345196564550189,-3.0424647965618391e-30,0,0,0
3610,3611,-8.6790999943834331e-27,-6.8006312980680406e-26,0.55953940479300945,-3.8052211887377029e-26,0,0,0
3610,3674,-1.5351366297717273e-28,1.1616443307865155e-27,1,1.1616443307865155e-27,0,0,0
3610,3675,0,1.9699922926202835e-43,0.21329970364921114,4.201987722071365e-44,0,0,0
3610,3676,-2.1697749985958583e-27,1.0209671286712642e-27,0.71114650653161227,7.2605720683818062e-28,0,0,0
3611,3612,-1.4469172595574424e-25,3.5270657738774643e-26,1,3.5270657738774643e-26,0,0,0
3611,3675,-1.9610674939546203e-28,1.8184519119165761e-26,0.21329970364921114,3.8787525391214707e-27,0,0,0
3611,3676,0,3.0013567254585433e-42,0.71114650653161227,2.1344043501650025e-42,0,0,0
3611,3677,-3.617293148893606e-26,1.7588678449983778e-26,1,1.7588678449983778e-26,0,0,0
3612,3613,-7.4150410478194932e-26,9.8932840627440963e-26,1,9.8932840627440963e-26,0,0,0
3612,3676,1.2784074125333055e-28,9.2048809391477016e-27,0.71114650653161227,6.5460189229143145e-27,0,0,0
3612,3677,0,1.4606672563627551e-42,1,1.4606672563627551e-42,0,0,0
3612,3678,-1.8537602619548733e-26,9.1760185866106518e-27,1,9.1760185866106518e-27,0,0,0
3613,3614,1.2371527077668699e-25,-2.0570603777253945e-26,1,-2.0570603777253945e-26,0,0,0
3613,3677,9.9557458896850488e-28,-1.5962196141570126e-26,1,-1.5962196141570126e-26,0,0,0
3613,3678,0,-2.590792841969324e-42,1,-2.590792841969324e-42,0,0,0
3613,3679,3.0928817694171749e-26,-1.5177915397747528e-26,1,-1.5177915397747528e-26,0,0,0
3614,3615,8.2574063222179105e-26,-4.7247172136603164e-26,1,-4.7247172136603164e-26,0,0,0
3614,3678,1.8556544632743064e-28,-1.0414540625936103e-26,1,-1.0414540625936103e-26,0,0,0
3614,3679,-1.9607285060091721e-58,-1.6712072481607298e-42,1,-1.6712072481607298e-42,0,0,0
3614,3680,2.0643515805544776e-26,-1.021741626836832e-26,1,-1.021741626836832e-26,0,0,0
3615,3616,-1.1920281051027226e-26,-2.8130361069356908e-27,1,-2.8130361069356908e-27,0,0,0
3615,3679,-5.729868986766895e-28,1.776528580716748e-27,1,1.776528580716748e-27,0,0,0
3615,3680,0,2.655170692948637e-43,1,2.655170692948637e-43,0,0,0
3615,3681,-2.9800702627568065e-27,1.4590429654071506e-27,1,1.4590429654071506e-27,0,0,0
3616,3617,-1.7546353264898608e-26,6.0739199071504677e-27,1,6.0739199071504677e-27,0,0,0
3616,3680,-2.0868326880813693e-28,2.2976357925163949e-27,1,2.2976357925163949e-27,0,0,0
3616,3681,-4.9018212650229304e-59,3.6009561868017987e-43,1,3.6009561868017987e-43,0,0,0
3616,3682,-4.3865883162246521e-27,2.171023654602517e-27,1,2.171023654602517e-27,0,0,0
3617,3618,-5.3985134505976736e-27,2.2190965981746555e-27,1,2.2190965981746555e-27,0,0,0
3617,3681,6.1984331942505103e-29,6.4382201535345667e-28,1,6.4382201535345667e-28,0,0,0
3617,3682,1.2254553162557326e-59,1.0867035235255234e-43,1,1.0867035235255234e-43,0,0,0
3617,3683,-1.3496283626494186e-27,6.6937215815350879e-28,1,6.6937215815350879e-28,0,0,0
3618,3619,-9.6032025424836298e-28,4.2061911718098371e-28,1,4.2061911718098371e-28,0,0,0
3618,3682,4.4541007019618347e-29,9.7769528271236213e-29,1,9.7769528271236213e-29,0,0,0
3618,3683,0,1.9084402160226268e-44,1,1.9084402160226268e-44,0,0,0
3618,3684,-2.4008006356209075e-28,1.1924144242696083e-28,1,1.1924144242696083e-28,0,0,0
3619,3620,-1.1908201988639545e-28,5.3903789040179809e-29,1,5.3903789040179809e-29,0,0,0
3619,3683,1.0884046342400995e-29,9.4432293145989358e-30,1,9.4432293145989358e-30,0,0,0
3619,3684,0,2.3459006623452283e-45,1,2.3459006623452283e-45,0,0,0
3619,3685,-2.9770504971598874e-29,1.4803332360468931e-29,1,1.4803332360468931e-29,0,0,0
3620,3621,-1.1274441806035851e-29,5.2013147332923986e-30,1,5.2013147332923986e-30,0,0,0
3620,3684,1.5971787081690968e-30,6.1071587166993294e-31,1,6.1071587166993294e-31,0,0,0
3620,3685,0,2.2105402515526112e-46,1,2.2105402515526112e-46,0,0,0
3620,3686,-2.8186104515089628e-30,1.4029001260325123e-30,1,1.4029001260325123e-30,0,0,0
3621,3622,-8.7181233945105459e-31,4.0717557153562979e-31,1,4.0717557153562979e-31,0,0,0
3621,3685,1.6384025066101117e-31,2.7056417100876233e-32,1,2.7056417100876233e-32,0,0,0
3621,3686,0,1.7081576604751513e-47,1,1.7081576604751513e-47,0,0,0
3621,3687,-2.1795308486276365e-31,1.0856712323316994e-31,1,1.0856712323316994e-31,0,0,0
3622,3623,-5.7461196379795066e-32,2.7147478690529858e-32,1,2.7147478690529858e-32,0,0,0
3622,3686,1.2810199443938443e-32,7.775498255051626e-34,1,7.775498255051626e-34,0,0,0
3622,3687,0,1.127969442726168e-48,1,1.127969442726168e-48,0,0,0
3622,3688,-1.4365299094948766e-32,7.1604638150972742e-33,1,7.1604638150972742e-33,0,0,0
3623,3624,-3.1662389987353557e-33,1.5171080865196246e-33,1,1.5171080865196246e-33,0,0,0
3623,3687,8.1883839642377064e-34,-1.3639323369965853e-35,1,-1.3639323369965853e-35,0,0,0
3623,3688,1.1686852610165907e-65,6.2215922824428448e-50,1,6.2215922824428448e-50,0,0,0
3623,3689,-7.9155974968383892e-34,3.948172912677388e-34,1,3.948172912677388e-34,0,0,0
3624,3625,-1.3202282569610636e-34,6.4251704905591949e-35,1,6.4251704905591949e-35,0,0,0
3624,3688,4.4371464754219196e-35,-5.6828791650962986e-36,1,-5.6828791650962986e-36,0,0,0
3624,3689,0,2.5879747741207641e-51,1,2.5879747741207641e-51,0,0,0
3624,3690,-3.30057064240266e-35,1.6474794427605986e-35,1,1.6474794427605986e-35,0,0,0
3625,3626,-3.5194158849224791e-36,1.7379036505185929e-36,1,1.7379036505185929e-36,0,0,0
3625,3689,1.9251671483612334e-36,-5.2265658856530673e-37,1,-5.2265658856530673e-37,0,0,0
3625,3690,0,6.8589834013809898e-53,1,6.8589834013809898e-53,0,0,0
3625,3691,-8.7985397123061977e-37,4.3953907148227379e-37,1,4.3953907148227379e-37,0,0,0
3626,3627,-4.3608583885293451e-38,2.180038003430567e-38,1,2.180038003430567e-38,0,0,0
3626,3690,5.6117568814624464e-38,-2.260771142165055e-38,1,-2.260771142165055e-38,0,0,0
3626,3691,0,8.4318533032793599e-55,1,8.4318533032793599e-55,0,0,0
3626,3692,-1.0902145971323363e-38,5.451041809378737e-39,1,5.451041809378737e-39,0,0,0
3627,3628,-7.8238166821116517e-42,3.9119083410558259e-42,1,3.9119083410558259e-42,0,0,0
3627,3691,7.7582826607227121e-40,-3.8693615595087167e-40,1,-3.8693615595087167e-40,0,0,0
3627,3692,-2.1768459324102675e-74,1.576740075702826e-58,1,1.576740075702826e-58,0,0,0
3627,3693,-1.9559541705279129e-42,9.7797708526395647e-43,1,9.7797708526395647e-43,0,0,0
3628,3629,0,-0,1,-0,0,0,0
3628,3692,6.235256588914736e-44,-3.117628294457368e-44,1,-3.117628294457368e-44,0,0,0
3628,3693,0,-0,1,-0,0,0,0
3628,3694,0,-0,1,-0,0,0,0
3629,3630,0,-0,1,-0,0,0,0
3629,3693,0,-0,1,-0,0,0,0
3629,3694,0,-0,1,-0,0,0,0
3629,3695,0,-0,1,-0,0,0,0
3630,3631,0,-0,1,-0,0,0,0
3630,3694,0,-0,1,-0,0,0,0
3630,3695,0,-0,1,-0,0,0,0
3630,3696,0,-0,1,-0,0,0,0
3631,3632,0,-0,1,-0,0,0,0
3631,3695,0,-0,1,-0,0,0,0
3631,3696,0,-0,1,-0,0,0,0
3631,3697,0,-0,1,-0,0,0,0
3632,3633,0,-0,1,-0,0,0,0
3632,3696,0,-0,1,-0,0,0,0
3632,3697,0,-0,1,-0,0,0,0
3632,3698,0,-0,1,-0,0,0,0
3633,3634,0,-0,1,-0,0,0,0
3633,3697,0,-0,1,-0,0,0,0
3633,3698,0,-0,1,-0,0,0,0
3633,3699,0,-0,1,-0,0,0,0
3634,3635,0,-0,1,-0,0,0,0
3634,3698,0,-0,1,-0,0,0,0
3634,3699,0,-0,1,-0,0,0,0
3634,3700,0,-0,1,-0,0,0,0
3635,3636,0,-0,1,-0,0,0,0
3635,3699,0,-0,1,-0,0,0,0
3635,3700,0,-0,1,-0,0,0,0
3635,3701,0,-0,1,-0,0,0,0
3636,3637,0,-0,1,-0,0,0,0
3636,3700,0,-0,1,-0,0,0,0
3636,3701,0,-0,1,-0,0,0,0
3636,3702,0,-0,1,-0,0,0,0
3637,3638,0,-0,1,-0,0,0,0
3637,3701,0,-0,1,-0,0,0,0
3637,3702,0,-0,1,-0,0,0,0
3637,3703,0,-0,1,-0,0,0,0
3638,3639,0,-0,1,-0,0,0,0
3638,3702,0,-0,1,-0,0,0,0
3638,3703,0,-0,1,-0,0,0,0
3638,3704,0,-0,1,-0,0,0,0
3639,3703,0,-0,1,-0,0,0,0
3639,3704,0,-0,1,-0,0,0,0
3640,3641,0,-0,1,-0,0,0,0
3640,3705,0,-0,1,-0,0,0,0
3640,3706,0,-0,1,-0,0,0,0
3641,3642,0,-0,1,-0,0,0,0
3641,3705,0,-0,1,-0,0,0,0
3641,3706,0,-0,1,-0,0,0,0
3641,3707,0,-0,1,-0,0,0,0
3642,3643,0,-0,1,-0,0,0,0
3642,3706,0,-0,1,-0,0,0,0
3642,3707,0,-0,1,-0,0,0,0
3642,3708,0,-0,1,-0,0,0,0
3643,3644,0,-0,1,-0,0,0,0
3643,3707,0,-0,1,-0,0,0,0
3643,3708,0,-0,1,-0,0,0,0
3643,3709,0,-0,1,-0,0,0,0
3644,3645,0,-0,1,-0,0,0,0
3644,3708,0,-0,1,-0,0,0,0
3644,3709,0,-0,1,-0,0,0,0
3644,3710,0,-0,1,-0,0,0,0
3645,3646,0,-0,1,-0,0,0,0
3645,3709,0,-0,1,-0,0,0,0
3645,3710,0,-0,1,-0,0,0,0
3645,3711,0,-0,1,-0,0,0,0
3646,3647,0,-0,1,-0,0,0,0
3646,3710,0,-0,1,-0,0,0,0
3646,3711,0,-0,1,-0,0,0,0
3646,3712,0,-0,1,-0,0,0,0
3647,3648,0,-0,1,-0,0,0,0
3647,3711,0,-0,1,-0,0,0,0
3647,3712,0,-0,1,-0,0,0,0
3647,3713,0,-0,1,-0,0,0,0
3648,3649,0,-0,1,-0,0,0,0
3648,3712,0,-0,1,-0,0,0,0
3648,3713,0,-0,1,-0,0,0,0
3648,3714,0,-0,1,-0,0,0,0
3649,3650,0,-0,1,-0,0,0,0
3649,3713,0,-0,1,-0,0,0,0
3649,3714,0,-0,1,-0,0,0,0
3649,3715,0,-0,1,-0,0,0,0
3650,3651,0,-0,1,-0,0,0,0
3650,3714,0,-0,1,-0,0,0,0
3650,3715,0,-0,1,-0,0,0,0
3650,3716,0,-0,1,-0,0,0,0
3651,3652,0,-0,1,-0,0,0,0
3651,3715,0,-0,1,-0,0,0,0
3651,3716,0,-0,1,-0,0,0,0
3651,3717,0,-0,1,-0,0,0,0
3652,3653,0,-0,1,-0,0,0,0
3652,3716,0,-0,1,-0,0,0,0
3652,3717,0,-0,1,-0,0,0,0
3652,3718,0,-0,1,-0,0,0,0
3653,3654,0,-0,1,-0,0,0,0
3653,3717,0,-0,1,-0,0,0,0
3653,3718,0,-0,1,-0,0,0,0
3653,3719,0,-0,1,-0,0,0,0
3654,3655,0,-0,1,-0,0,0,0
3654,3718,0,-0,1,-0,0,0,0
3654,3719,0,-0,1,-0,0,0,0
3654,3720,0,-0,1,-0,0,0,0
3655,3656,0,-0,1,-0,0,0,0
3655,3719,0,-0,1,-0,0,0,0
3655,3720,0,-0,1,-0,0,0,0
3655,3721,0,-0,1,-0,0,0,0
3656,3657,0,-0,1,-0,0,0,0
3656,3720,0,-0,1,-0,0,0,0
3656,3721,0,-0,1,-0,0,0,0
3656,3722,0,-0,1,-0,0,0,0
3657,3658,0,-0,1,-0,0,0,0
3657,3721,0,-0,1,-0,0,0,0
3657,3722,0,-0,1,-0,0,0,0
3657,3723,0,-0,1,-0,0,0,0
3658,3659,0,-0,1,-0,0,0,0
3658,3722,0,-0,1,-0,0,0,0
3658,3723,0,-0,1,-0,0,0,0
3658,3724,0,-0,1,-0,0,0,0
3659,3660,0,-0,1,-0,0,0,0
3659,3723,0,-0,1,-0,0,0,0
3659,3724,0,-0,1,-0,0,0,0
3659,3725,0,-0,1,-0,0,0,0
3660,3661,0,-0,1,-0,0,0,0
3660,3724,0,-0,1,-0,0,0,0
3660,3725,0,-0,1,-0,0,0,0
3660,3726,0,-0,1,-0,0,0,0
3661,3662,0,-0,1,-0,0,0,0
3661,3725,0,-0,1,-0,0,0,0
3661,3726,0,-0,1,-0,0,0,0
3661,3727,0,-0,1,-0,0,0,0
3662,3663,0,-0,1,-0,0,0,0
3662,3726,0,-0,1,-0,0,0,0
3662,3727,0,-0,1,-0,0,0,0
3662,3728,0,-0,1,-0,0,0,0
3663,3664,0,-0,1,-0,0,0,0
3663,3727,0,-0,1,-0,0,0,0
3663,3728,0,-0,1,-0,0,0,0
3663,3729,0,-0,1,-0,0,0,0
3664,3665,0,-0,1,-0,0,0,0
3664,3728,0,-0,1,-0,0,0,0
3664,3729,0,-0,1,-0,0,0,0
3664,3730,0,-0,1,-0,0,0,0
3665,3666,0,-0,1,-0,0,0,0
3665,3729,0,-0,1,-0,0,0,0
3665,3730,0,-0,1,-0,0,0,0
3665,3731,0,-0,1,-0,0,0,0
3666,3667,0,-0,1,-0,0,0,0
3666,3730,0,-0,1,-0,0,0,0
3666,3731,0,-0,1,-0,0,0,0
3666,3732,0,-0,1,-0,0,0,0
3667,3668,0,-0,1,-0,0,0,0
3667,3731,0,-0,1,-0,0,0,0
3667,3732,0,-0,1,-0,0,0,0
3667,3733,0,-0,1,-0,0,0,0
3668,3669,0,-0,1,-0,0,0,0
3668,3732,0,-0,1,-0,0,0,0
3668,3733,0,-0,1,-0,0,0,0
3668,3734,0,-0,1,-0,0,0,0
3669,3670,0,-6.8173265990534009e-47,-0,0,0,0,0
3669,3733,0,-0,1,-0,0,0,0
3669,3734,0,-0,1,-0,0,0,0
3669,3735,0,-0,1,-0,0,0,0
3670,3671,-1.3634653197827241e-46,-3.0140812614535667e-41,3.2438578368967136e-05,-9.7772511210096844e-46,0,0,0
3670,3734,0,1.7043316497633502e-47,-0,-0,0,0,0
3670,3735,0,2.8382823587469758e-63,-0,-0,0,0,0
3670,3736,-3.4086632995267005e-47,1.6952497359612001e-47,1.0762704437858183e-06,1.8245471856507521e-53,0,0,0
3671,3672,-6.0281761575603309e-41,9.01408944494374e-44,0.0018619060116393923,1.6783387326995944e-46,0,0,0
3671,3735,0,7.5352201969504137e-42,-0,-0,0,0,0
3671,3736,0,1.2548662286168043e-57,1.0762704437858183e-06,1.3505754327652442e-63,0,0,0
3671,3737,-1.5070440393900825e-41,7.2035829620899928e-43,0.0018619060116393923,1.3412394422458459e-45,0,0,0
3672,3673,-6.0101479786704439e-41,1.397643283255845e-42,6.0317434902186956e-14,8.430225775426327e-56,0,0,0
3672,3736,1.8163827635049023e-49,7.5126848825189158e-42,6.0317434902186956e-14,4.5314588134197873e-55,0,0,0
3672,3737,1.3061075594461605e-73,1.1621088634671933e-58,6.0317434902186956e-14,7.0095425721436904e-72,0,0,0
3672,3738,-1.502536994667611e-41,6.1388777500940789e-43,6.0317434902186956e-14,3.7028135906378355e-56,0,0,0
3673,3674,-5.734199549768803e-41,3.0702732595437451e-28,2.0844754046798761e-10,6.3999090951652505e-38,0,0,0
3673,3737,1.3629723801482831e-41,3.4841225178267876e-43,2.0844754046798761e-10,7.2625676953012616e-53,0,0,0
3673,3738,0,4.4044260604577686e-59,2.0844754046798761e-10,9.1809177947552999e-69,0,0,0
3673,3739,-1.4326548305048188e-41,6.6960375386616357e-42,2.0844754046798761e-10,1.3957725558153355e-51,0,0,0
3674,3675,6.1405465190869163e-28,8.5186172836579642e-29,0.21329970364921114,1.8170185421052918e-29,0,0,0
3674,3738,1.3797400264121278e-41,-7.6756831488593359e-29,5.6240122590147572e-13,-4.3168136125497899e-41,0,0,0
3674,3739,0,-1.2782580242385372e-44,2.2814197346784704e-12,-2.9162430825089095e-56,0,0,0
3674,3740,1.5351366297717293e-28,-7.2618971737545283e-29,1,-7.2618971737545283e-29,0,0,0
3675,3676,7.8442699758185089e-28,-6.4789498129758435e-28,0.21329970364921114,-1.3819580750658593e-28,0,0,0
3675,3739,9.3822321796024676e-43,-9.8053374697731843e-29,2.2814197346784704e-12,-2.2370090408722801e-40,0,0,0
3675,3740,0,-1.5640075059501528e-44,0.21329970364921114,-3.3360233752430939e-45,0,0,0
3675,3741,1.9610674939546275e-28,-9.274321003397911e-29,0.21329970364921114,-1.9782099215724288e-29,0,0,0
3676,3677,-5.1136296501331753e-28,-1.7354676954303486e-27,0.71114650653161227,-1.2341717888037605e-27,0,0,0
3676,3740,-8.275719502082359e-30,6.8058230377705929e-29,1,6.8058230377705929e-29,0,0,0
3676,3741,0,1.1529200142981817e-44,1,1.1529200142981817e-44,0,0,0
3676,3742,-1.278407412533295e-28,5.974431841985215e-29,1,5.974431841985215e-29,0,0,0
3677,3678,-3.9822983558740145e-27,1.6200182852821479e-27,1,1.6200182852821479e-27,0,0,0
3677,3741,-1.0620329327504531e-29,5.0309745914800407e-28,1,5.0309745914800407e-28,0,0,0
3677,3742,0,8.2202784958535976e-44,1,8.2202784958535976e-44,0,0,0
3677,3743,-9.9557458896850363e-28,4.8989552724197464e-28,1,4.8989552724197464e-28,0,0,0
3678,3679,-7.4226178530971854e-28,1.5171046900082382e-27,1,1.5171046900082382e-27,0,0,0
3678,3742,8.3521044136251939e-30,8.8606670956902243e-29,1,8.8606670956902243e-29,0,0,0
3678,3743,0,1.4137184076962902e-44,1,1.4137184076962902e-44,0,0,0
3678,3744,-1.855654463274297e-28,9.3392109067409548e-29,1,9.3392109067409548e-29,0,0,0
3679,3680,2.291947594706758e-27,-7.2860725973710532e-28,1,-7.2860725973710532e-28,0,0,0
3679,3743,1.5783534484554479e-29,-2.9438521658062197e-28,1,-2.9438521658062197e-28,0,0,0
3679,3744,0,-4.7609260439782123e-44,1,-4.7609260439782123e-44,0,0,0
3679,3745,5.729868986766895e-28,-2.8302680689700773e-28,1,-2.8302680689700773e-28,0,0,0
3680,3681,8.3473307523254736e-28,-5.4133520150128389e-28,1,-5.4133520150128389e-28,0,0,0
3680,3744,-1.218771807389402e-30,-1.0373224850037371e-28,1,-1.0373224850037371e-28,0,0,0
3680,3745,0,-1.6799060802885318e-44,1,-1.6799060802885318e-44,0,0,0
3680,3746,2.0868326880813684e-28,-1.0370744464706396e-28,1,-1.0370744464706396e-28,0,0,0
3681,3682,-2.4793732777002037e-28,3.4886649845773489e-29,1,3.4886649845773489e-29,0,0,0
3681,3745,-6.9332848826739241e-30,3.4458808412589514e-29,1,3.4458808412589514e-29,0,0,0
3681,3746,0,5.2668462471744947e-45,1,5.2668462471744947e-45,0,0,0
3681,3747,-6.1984331942505091e-29,3.0606313944649973e-29,1,3.0606313944649973e-29,0,0,0
3682,3683,-1.7816402807847343e-28,6.7313921354434717e-29,1,6.7313921354434717e-29,0,0,0
3682,3746,-1.2683795140088739e-30,2.2904693266813616e-29,1,2.2904693266813616e-29,0,0,0
3682,3747,0,3.64452659438296e-45,1,3.64452659438296e-45,0,0,0
3682,3748,-4.4541007019618358e-29,2.2093146865493492e-29,1,2.2093146865493492e-29,0,0,0
3683,3684,-4.353618536960398e-29,1.8573735268463795e-29,1,1.8573735268463795e-29,0,0,0
3683,3747,7.7170405320514386e-31,5.0561711445979259e-30,1,5.0561711445979259e-30,0,0,0
3683,3748,0,8.7674309926813119e-46,1,8.7674309926813119e-46,0,0,0
3683,3749,-1.0884046342400995e-29,5.4077126536228491e-30,1,5.4077126536228491e-30,0,0,0
3684,3685,-6.3887148326763885e-30,2.866676915016172e-30,1,2.866676915016172e-30,0,0,0
3684,3748,3.5471328863137401e-31,6.2123270976886155e-31,1,6.2123270976886155e-31,0,0,0
3684,3749,0,1.2727799422855296e-46,1,1.2727799422855296e-46,0,0,0
3684,3750,-1.5971787081690971e-30,7.9452861735749888e-31,1,7.9452861735749888e-31,0,0,0
3685,3686,-6.5536100264404477e-31,3.0206010243414554e-31,1,3.0206010243414554e-31,0,0,0
3685,3749,6.8621035155297208e-32,4.7609607752856987e-32,1,4.7609607752856987e-32,0,0,0
3685,3750,0,1.2966192886619153e-47,1,1.2966192886619153e-47,0,0,0
3685,3751,-1.6384025066101119e-31,8.158528902834927e-32,1,8.158528902834927e-32,0,0,0
3686,3687,-5.124079777575377e-32,2.3982722095029341e-32,1,2.3982722095029341e-32,0,0,0
3686,3750,8.1214734540992928e-33,2.3443629949195742e-33,1,2.3443629949195742e-33,0,0,0
3686,3751,0,1.0109019321324163e-48,1,1.0109019321324163e-48,0,0,0
3686,3752,-1.2810199443938443e-32,6.3841275602846687e-33,1,6.3841275602846687e-33,0,0,0
3687,3688,-3.2753535856950826e-33,1.548933863339103e-33,1,1.548933863339103e-33,0,0,0
3687,3751,6.6967260431267713e-34,7.4582896055546778e-35,1,7.4582896055546778e-35,0,0,0
3687,3752,0,6.4689426570008091e-50,1,6.4689426570008091e-50,0,0,0
3687,3753,-8.1883839642377064e-34,4.083428379225596e-34,1,4.083428379225596e-34,0,0,0
3688,3689,-1.7748585901687678e-34,8.4892595211715923e-35,1,8.4892595211715923e-35,0,0,0
3688,3752,4.1944323369105621e-35,1.2135706925567877e-36,1,1.2135706925567877e-36,0,0,0
3688,3753,0,3.5154166390855865e-51,1,3.5154166390855865e-51,0,0,0
3688,3754,-4.4371464754219201e-35,2.2139657721389793e-35,1,2.2139657721389793e-35,0,0,0
3689,3690,-7.7006685934449349e-36,3.7380991590932182e-36,1,3.7380991590932182e-36,0,0,0
3689,3753,2.1527205786515081e-36,-1.1377671514513732e-37,1,-1.1377671514513732e-37,0,0,0
3689,3754,0,1.5262939553242379e-52,1,1.5262939553242379e-52,0,0,0
3689,3755,-1.9251671483612337e-36,9.6115180298291827e-37,1,9.6115180298291827e-37,0,0,0
3690,3691,-2.2447027525849786e-37,1.1068348109710438e-37,1,1.1068348109710438e-37,0,0,0
3690,3754,9.2149311439613342e-38,-1.8015871312494436e-38,1,-1.8015871312494436e-38,0,0,0
3690,3755,0,4.4342884713467058e-54,1,4.4342884713467058e-54,0,0,0
3690,3756,-5.6117568814624464e-38,2.8036602553197566e-38,1,2.8036602553197566e-38,0,0,0
3691,3692,-3.1033130642890848e-39,1.5515318270127643e-39,1,1.5515318270127643e-39,0,0,0
3691,3755,2.8635423953969919e-39,-1.0438570646623602e-39,1,-1.0438570646623602e-39,0,0,0
3691,3756,0,6.0906659536087564e-56,1,6.0906659536087564e-56,0,0,0
3691,3757,-7.7582826607227137e-40,3.879134938147436e-40,1,3.879134938147436e-40,0,0,0
3692,3693,-2.4941026355658944e-43,1.2470513177829472e-43,1,1.2470513177829472e-43,0,0,0
3692,3756,4.4363708229323184e-41,-2.2150677831717019e-41,1,-2.2150677831717019e-41,0,0,0
3692,3757,0,5.0854423259955826e-60,1,5.0854423259955826e-60,0,0,0
3692,3758,-6.235256588914736e-44,3.117628294457368e-44,1,3.117628294457368e-44,0,0,0
3693,3694,0,-0,1,-0,0,0,0
3693,3757,1.2784427841664401e-45,-6.3922139208322007e-46,1,-6.3922139208322007e-46,0,0,0
3693,3758,0,-0,1,-0,0,0,0
3693,3759,0,-0,1,-0,0,0,0
3694,3695,0,-0,1,-0,0,0,0
3694,3758,0,-0,1,-0,0,0,0
3694,3759,0,-0,1,-0,0,0,0
3694,3760,0,-0,1,-0,0,0,0
3695,3696,0,-0,1,-0,0,0,0
3695,3759,0,-0,1,-0,0,0,0
3695,3760,0,-0,1,-0,0,0,0
3695,3761,0,-0,1,-0,0,0,0
3696,3697,0,-0,1,-0,0,0,0
3696,3760,0,-0,1,-0,0,0,0
3696,3761,0,-0,1,-0,0,0,0
3696,3762,0,-0,1,-0,0,0,0
3697,3698,0,-0,1,-0,0,0,0
3697,3761,0,-0,1,-0,0,0,0
3697,3762,0,-0,1,-0,0,0,0
3697,3763,0,-0,1,-0,0,0,0
3698,3699,0,-0,1,-0,0,0,0
3698,3762,0,-0,1,-0,0,0,0
3698,3763,0,-0,1,-0,0,0,0
3698,3764,0,-0,1,-0,0,0,0
3699,3700,0,-0,1,-0,0,0,0
3699,3763,0,-0,1,-0,0,0,0
3699,3764,0,-0,1,-0,0,0,0
3699,3765,0,-0,1,-0,0,0,0
3700,3701,0,-0,1,-0,0,0,0
3700,3764,0,-0,1,-0,0,0,0
3700,3765,0,-0,1,-0,0,0,0
3700,3766,0,-0,1,-0,0,0,0
3701,3702,0,-0,1,-0,0,0,0
3701,3765,0,-0,1,-0,0,0,0
3701,3766,0,-0,1,-0,0,0,0
3701,3767,0,-0,1,-0,0,0,0
3702,3703,0,-0,1,-0,0,0,0
3702,3766,0,-0,1,-0,0,0,0
3702,3767,0,-0,1,-0,0,0,0
3702,3768,0,-0,1,-0,0,0,0
3703,3704,0,-0,1,-0,0,0,0
3703,3767,0,-0,1,-0,0,0,0
3703,3768,0,-0,1,-0,0,0,0
3703,3769,0,-0,1,-0,0,0,0
3704,3768,0,-0,1,-0,0,0,0
3704,3769,0,-0,1,-0,0,0,0
3705,3706,0,-0,1,-0,0,0,0
3705,3770,0,-0,1,-0,0,0,0
3705,3771,0,-0,1,-0,0,0,0
3706,3707,0,-0,1,-0,0,0,0
3706,3770,0,-0,1,-0,0,0,0
3706,3771,0,-0,1,-0,0,0,0
3706,3772,0,-0,1,-0,0,0,0
3707,3708,0,-0,1,-0,0,0,0
3707,3771,0,-0,1,-0,0,0,0
3707,3772,0,-0,1,-0,0,0,0
3707,3773,0,-0,1,-0,0,0,0
3708,3709,0,-0,1,-0,0,0,0
3708,3772,0,-0,1,-0,0,0,0
3708,3773,0,-0,1,-0,0,0,0
3708,3774,0,-0,1,-0,0,0,0
3709,3710,0,-0,1,-0,0,0,0
3709,3773,0,-0,1,-0,0,0,0
3709,3774,0,-0,1,-0,0,0,0
3709,3775,0,-0,1,-0,0,0,0
3710,3711,0,-0,1,-0,0,0,0
3710,3774,0,-0,1,-0,0,0,0
3710,3775,0,-0,1,-0,0,0,0
3710,3776,0,-0,1,-0,0,0,0
3711,3712,0,-0,1,-0,0,0,0
3711,3775,0,-0,1,-0,0,0,0
3711,3776,0,-0,1,-0,0,0,0
3711,3777,0,-0,1,-0,0,0,0
3712,3713,0,-0,1,-0,0,0,0
3712,3776,0,-0,1,-0,0,0,0
3712,3777,0,-0,1,-0,0,0,0
3712,3778,0,-0,1,-0,0,0,0
3713,3714,0,-0,1,-0,0,0,0
3713,3777,0,-0,1,-0,0,0,0
3713,3778,0,-0,1,-0,0,0,0
3713,3779,0,-0,1,-0,0,0,0
3714,3715,0,-0,1,-0,0,0,0
3714,3778,0,-0,1,-0,0,0,0
3714,3779,0,-0,1,-0,0,0,0
3714,3780,0,-0,1,-0,0,0,0
3715,3716,0,-0,1,-0,0,0,0
3715,3779,0,-0,1,-0,0,0,0
3715,3780,0,-0,1,-0,0,0,0
3715,3781,0,-0,1,-0,0,0,0
3716,3717,0,-0,1,-0,0,0,0
3716,3780,0,-0,1,-0,0,0,0
3716,3781,0,-0,1,-0,0,0,0
3716,3782,0,-0,1,-0,0,0,0
3717,3718,0,-0,1,-0,0,0,0
3717,3781,0,-0,1,-0,0,0,0
3717,3782,0,-0,1,-0,0,0,0
3717,3783,0,-0,1,-0,0,0,0
3718,3719,0,-0,1,-0,0,0,0
3718,3782,0,-0,1,-0,0,0,0
3718,3783,0,-0,1,-0,0,0,0
3718,3784,0,-0,1,-0,0,0,0
3719,3720,0,-0,1,-0,0,0,0
3719,3783,0,-0,1,-0,0,0,0
3719,3784,0,-0,1,-0,0,0,0
3719,3785,0,-0,1,-0,0,0,0
3720,3721,0,-0,1,-0,0,0,0
3720,3784,0,-0,1,-0,0,0,0
3720,3785,0,-0,1,-0,0,0,0
3720,3786,0,-0,1,-0,0,0,0
3721,3722,0,-0,1,-0,0,0,0
3721,3785,0,-0,1,-0,0,0,0
3721,3786,0,-0,1,-0,0,0,0
3721,3787,0,-0,1,-0,0,0,0
3722,3723,0,-0,1,-0,0,0,0
3722,3786,0,-0,1,-0,0,0,0
3722,3787,0,-0,1,-0,0,0,0
3722,3788,0,-0,1,-0,0,0,0
3723,3724,0,-0,1,-0,0,0,0
3723,3787,0,-0,1,-0,0,0,0
3723,3788,0,-0,1,-0,0,0,0
3723,3789,0,-0,1,-0,0,0,0
3724,3725,0,-0,1,-0,0,0,0
3724,3788,0,-0,1,-0,0,0,0
3724,3789,0,-0,1,-0,0,0,0
3724,3790,0,-0,1,-0,0,0,0
3725,3726,0,-0,1,-0,0,0,0
3725,3789,0,-0,1,-0,0,0,0
3725,3790,0,-0,1,-0,0,0,0
3725,3791,0,-0,1,-0,0,0,0
3726,3727,0,-0,1,-0,0,0,0
3726,3790,0,-0,1,-0,0,0,0
3726,3791,0,-0,1,-0,0,0,0
3726,3792,0,-0,1,-0,0,0,0
3727,3728,0,-0,1,-0,0,0,0
3727,3791,0,-0,1,-0,0,0,0
3727,3792,0,-0,1,-0,0,0,0
3727,3793,0,-0,1,-0,0,0,0
3728,3729,0,-0,1,-0,0,0,0
3728,3792,0,-0,1,-0,0,0,0
3728,3793,0,-0,1,-0,0,0,0
3728,3794,0,-0,1,-0,0,0,0
3729,3730,0,-0,1,-0,0,0,0
3729,3793,0,-0,1,-0,0,0,0
3729,3794,0,-0,1,-0,0,0,0
3729,3795,0,-0,1,-0,0,0,0
3730,3731,0,-0,1,-0,0,0,0
3730,3794,0,-0,1,-0,0,0,0
3730,3795,0,-0,1,-0,0,0,0
3730,3796,0,-0,1,-0,0,0,0
3731,3732,0,-0,1,-0,0,0,0
3731,3795,0,-0,1,-0,0,0,0
3731,3796,0,-0,1,-0,0,0,0
3731,3797,0,-0,1,-0,0,0,0
3732,3733,0,-0,1,-0,0,0,0
3732,3796,0,-0,1,-0,0,0,0
3732,3797,0,-0,1,-0,0,0,0
3732,3798,0,-0,1,-0,0,0,0
3733,3734,0,-0,1,-0,0,0,0
3733,3797,0,-0,1,-0,0,0,0
3733,3798,0,-0,1,-0,0,0,0
3733,3799,0,-0,1,-0,0,0,0
3734,3735,0,-0,1,-0,0,0,0
3734,3798,0,-0,1,-0,0,0,0
3734,3799,0,-0,1,-0,0,0,0
3734,3800,0,-0,1,-0,0,0,0
3735,3736,0,-3.6327655208600981e-49,-0,0,0,0,0
3735,3799,0,-0,1,-0,0,0,0
3735,3800,0,-0,1,-0,0,0,0
3735,3801,0,-0,1,-0,0,0,0
3736,3737,-7.2655310540196092e-49,-2.7259447239689105e-41,1.0762704437858183e-06,-2.9338537378016295e-47,0,0,0
3736,3800,0,9.0819138021502453e-50,-0,-0,0,0,0
3736,3801,0,1.5124424716212307e-65,-0,-0,0,0,0
3736,3802,-1.8163827604300491e-49,9.0324693609098533e-50,2.2130141442269769e-08,1.9988982452990308e-57,0,0,0
3737,3738,-5.4518895205931312e-41,-3.357411903489283e-43,5.6240122590147572e-13,-1.8882125703785797e-55,0,0,0
3737,3801,0,6.8148619007414141e-42,-0,-0,0,0,0
3737,3802,-1.741476745928214e-73,1.1349024886942406e-57,2.2130141442269769e-08,2.5115552597987513e-65,0,0,0
3737,3803,-1.3629723801482828e-41,6.2823557174021985e-42,1,6.2823557174021985e-42,0,0,0
3738,3739,-5.5190377586629174e-41,2.5726242337864755e-41,5.6240122590147572e-13,1.4468470228653584e-53,0,0,0
3738,3802,9.888887162573115e-52,6.8987971978342033e-42,5.6240122590147572e-13,3.8798920013076212e-54,0,0,0
3738,3803,1.741476745928214e-73,1.0602004299458288e-57,5.6240122590147572e-13,5.962580215028057e-70,0,0,0
3738,3804,-1.3797594396657294e-41,6.4278459359799769e-42,5.6240122590147572e-13,3.6150284343009573e-54,0,0,0
3739,3740,-3.7390954715768658e-42,1.655143900416661e-29,2.2814197346784704e-12,3.7760779581432671e-41,0,0,0
3739,3803,1.0650123666784342e-42,-6.526956947675865e-44,1,-6.526956947675865e-44,0,0,0
3739,3804,4.4217183002083556e-75,-6.1861324166702866e-61,7.2731085347042143e-11,-4.499241247649507e-71,0,0,0
3739,3805,-9.3447322772491677e-43,6.6279897439971757e-44,2.2814197346784704e-12,1.5121226603201659e-55,0,0,0
3740,3741,3.3102878008329481e-29,4.6892196508443105e-30,1,4.6892196508443105e-30,0,0,0
3740,3804,9.4167256802627707e-43,-4.1378597510416559e-30,7.2731085347042143e-11,-3.0095103070710122e-40,0,0,0
3740,3805,9.5738696582479109e-62,-6.8909207524141343e-46,4.5469512547131411e-13,-3.133268076131827e-58,0,0,0
3740,3806,8.2757195020823702e-30,-4.0323378050518384e-30,1,-4.0323378050518384e-30,0,0,0
3741,3742,4.2481317310018112e-29,-3.7944867482259435e-29,1,-3.7944867482259435e-29,0,0,0
3741,3805,8.0197389035204925e-43,-5.310164663752664e-30,4.5469512547131411e-13,-2.4145059880583562e-42,0,0,0
3741,3806,0,-8.667471270312063e-46,1,-8.667471270312063e-46,0,0,0
3741,3807,1.0620329327504525e-29,-5.2317498064603005e-30,1,-5.2317498064603005e-30,0,0,0
3742,3743,-3.3408417654500764e-29,-1.4862860141858556e-29,1,-1.4862860141858556e-29,0,0,0
3742,3806,-2.1104389197869406e-31,4.2815741528019423e-30,1,4.2815741528019423e-30,0,0,0
3742,3807,-9.5738696582479109e-62,7.0851109381174111e-46,1,7.0851109381174111e-46,0,0,0
3742,3808,-8.3521044136251911e-30,4.0889121645070581e-30,1,4.0889121645070581e-30,0,0,0
3743,3744,-6.3134137938217883e-29,3.4004612583887739e-29,1,3.4004612583887739e-29,0,0,0
3743,3807,-1.5682971458392634e-31,7.9701820995691974e-30,1,7.9701820995691974e-30,0,0,0
3743,3808,0,1.2997315224036524e-45,1,1.2997315224036524e-45,0,0,0
3743,3809,-1.5783534484554468e-29,7.812687463379807e-30,1,7.812687463379807e-30,0,0,0
3744,3745,4.8750872295575889e-30,1.1429026150569049e-29,1,1.1429026150569049e-29,0,0,0
3744,3808,1.7428008461107342e-31,-6.9652594600023533e-31,1,-6.9652594600023533e-31,0,0,0
3744,3809,0,-1.1465256787170804e-46,1,-1.1465256787170804e-46,0,0,0
3744,3810,1.2187718073893972e-30,-5.8683605926667232e-31,1,-5.8683605926667232e-31,0,0,0
3745,3746,2.7733139530695691e-29,-1.1329810737330103e-29,1,-1.1329810737330103e-29,0,0,0
3745,3809,1.5815955779485531e-31,-3.545722220234389e-30,1,-3.545722220234389e-30,0,0,0
3745,3810,9.5738696582479109e-62,-5.7355663500440245e-46,1,-5.7355663500440245e-46,0,0,0
3745,3811,6.9332848826739227e-30,-3.437461497706368e-30,1,-3.437461497706368e-30,0,0,0
3746,3747,5.073518056035483e-30,-4.0801671344280287e-30,1,-4.0801671344280287e-30,0,0,0
3746,3810,-4.5099688856052661e-32,-6.1163991257640908e-31,1,-6.1163991257640908e-31,0,0,0
3746,3811,0,-1.0075420720631773e-46,1,-1.0075420720631773e-46,0,0,0
3746,3812,1.2683795140088706e-30,-6.3267102304610261e-31,1,-6.3267102304610261e-31,0,0,0
3747,3748,-3.0868162128205747e-30,8.3398152914753951e-31,1,8.3398152914753951e-31,0,0,0
3747,3811,-5.8361887261185097e-32,4.1503297023316433e-31,1,4.1503297023316433e-31,0,0,0
3747,3812,0,6.4510190616191248e-47,1,6.4510190616191248e-47,0,0,0
3747,3813,-7.7170405320514368e-31,3.8245471113628709e-31,1,3.8245471113628709e-31,0,0,0
3748,3749,-1.4188531545254961e-30,5.7218450695215352e-31,1,5.7218450695215352e-31,0,0,0
3748,3812,-3.0374679166653773e-33,1.7887537827401968e-31,1,1.7887537827401968e-31,0,0,0
3748,3813,0,2.8970047835541841e-47,1,2.8970047835541841e-47,0,0,0
3748,3814,-3.5471328863137401e-31,1.7626916379683398e-31,1,1.7626916379683398e-31,0,0,0
3749,3750,-2.7448414062118892e-31,1.2099912340239585e-31,1,1.2099912340239585e-31,0,0,0
3749,3813,6.7946309325696094e-33,3.0913202111363806e-32,1,3.0913202111363806e-32,0,0,0
3749,3814,7.4795856705061804e-64,5.5327471035974568e-48,1,5.5327471035974568e-48,0,0,0
3749,3815,-6.862103515529723e-32,3.4146937873291372e-32,1,3.4146937873291372e-32,0,0,0
3750,3751,-3.2485893816397171e-32,1.4903601699573233e-32,1,1.4903601699573233e-32,0,0,0
3750,3814,2.1749610377060584e-33,2.9732562081966175e-33,1,2.9732562081966175e-33,0,0,0
3750,3815,0,6.4900701857591006e-49,1,6.4900701857591006e-49,0,0,0
3750,3816,-8.1214734540992928e-33,4.0456541036825772e-33,1,4.0456541036825772e-33,0,0,0
3751,3752,-2.6786904172507085e-33,1.2554565618871428e-33,1,1.2554565618871428e-33,0,0,0
3751,3815,3.271594087144831e-34,1.7125659779909697e-34,1,1.7125659779909697e-34,0,0,0
3751,3816,1.1686852610165907e-65,5.3249684460066402e-50,1,5.3249684460066402e-50,0,0,0
3751,3817,-6.6967260431267713e-34,3.3387804510688159e-34,1,3.3387804510688159e-34,0,0,0
3752,3753,-1.6777729347642248e-34,7.9583205580908223e-35,1,7.9583205580908223e-35,0,0,0
3752,3816,3.0165246734139882e-35,5.8895383174828673e-36,1,5.8895383174828673e-36,0,0,0
3752,3817,0,3.3329846607803383e-51,1,3.3329846607803383e-51,0,0,0
3752,3818,-4.1944323369105621e-35,2.092606679379686e-35,1,2.092606679379686e-35,0,0,0
3753,3754,-8.6108823146060339e-36,4.1211425344237896e-36,1,4.1211425344237896e-36,0,0,0
3753,3817,1.9165140989138796e-36,1.1810323986881422e-37,1,1.1810323986881422e-37,0,0,0
3753,3818,0,1.7157365504502176e-52,1,1.7157365504502176e-52,0,0,0
3753,3819,-2.1527205786515081e-36,1.0745374771660507e-36,1,1.0745374771660507e-36,0,0,0
3754,3755,-3.6859724575845333e-37,1.7857153808843267e-37,1,1.7857153808843267e-37,0,0,0
3754,3818,9.2189781511898372e-38,-2.0235036142522054e-41,1,-2.0235036142522054e-41,0,0,0
3754,3819,-1.4266177502643929e-69,7.3694123403805813e-54,1,7.3694123403805813e-54,0,0,0
3754,3820,-9.2149311439613332e-38,4.6017698930862044e-38,1,4.6017698930862044e-38,0,0,0
3755,3756,-1.1454169581587967e-38,5.6383573743353368e-39,1,5.6383573743353368e-39,0,0,0
3755,3819,3.6456243194066591e-39,-3.9104096200483354e-40,1,-3.9104096200483354e-40,0,0,0
3755,3820,4.4581804695762279e-71,2.2895259167774588e-55,1,2.2895259167774588e-55,0,0,0
3755,3821,-2.8635423953969919e-39,1.4307932142843072e-39,1,1.4307932142843072e-39,0,0,0
3756,3757,-1.7745483291729274e-40,8.8724859573078028e-41,1,8.8724859573078028e-41,0,0,0
3756,3820,1.1391357788924456e-40,-3.4774934829960688e-41,1,-3.4774934829960688e-41,0,0,0
3756,3821,0,3.5311538194259768e-57,1,3.5311538194259768e-57,0,0,0
3756,3822,-4.4363708229323184e-41,2.2181847785736919e-41,1,2.2181847785736919e-41,0,0,0
3757,3758,-5.1137711366657606e-45,2.5568855683328803e-45,1,2.5568855683328803e-45,0,0,0
3757,3821,1.9559668283772608e-42,-9.7734419279654718e-43,1,-9.7734419279654718e-43,0,0,0
3757,3822,-2.1258261058694019e-77,1.0539776841441624e-61,1,1.0539776841441624e-61,0,0,0
3757,3823,-1.2784427841664401e-45,6.3922139208322007e-46,1,6.3922139208322007e-46,0,0,0
3758,3759,0,-0,1,-0,0,0,0
3758,3822,1.2657849348182567e-47,-6.3289246740912837e-48,1,-6.3289246740912837e-48,0,0,0
3758,3823,0,-0,1,-0,0,0,0
3758,3824,0,-0,1,-0,0,0,0
3759,3760,0,-0,1,-0,0,0,0
3759,3823,0,-0,1,-0,0,0,0
3759,3824,0,-0,1,-0,0,0,0
3759,3825,0,-0,1,-0,0,0,0
3760,3761,0,-0,1,-0,0,0,0
3760,3824,0,-0,1,-0,0,0,0
3760,3825,0,-0,1,-0,0,0,0
3760,3826,0,-0,1,-0,0,0,0
3761,3762,0,-0,1,-0,0,0,0
3761,3825,0,-0,1,-0,0,0,0
3761,3826,0,-0,1,-0,0,0,0
3761,3827,0,-0,1,-0,0,0,0
3762,3763,0,-0,1,-0,0,0,0
3762,3826,0,-0,1,-0,0,0,0
3762,3827,0,-0,1,-0,0,0,0
3762,3828,0,-0,1,-0,0,0,0
3763,3764,0,-0,1,-0,0,0,0
3763,3827,0,-0,1,-0,0,0,0
3763,3828,0,-0,1,-0,0,0,0
3763,3829,0,-0,1,-0,0,0,0
3764,3765,0,-0,1,-0,0,0,0
3764,3828,0,-0,1,-0,0,0,0
3764,3829,0,-0,1,-0,0,0,0
3764,3830,0,-0,1,-0,0,0,0
3765,3766,0,-0,1,-0,0,0,0
3765,3829,0,-0,1,-0,0,0,0
3765,3830,0,-0,1,-0,0,0,0
3765,3831,0,-0,1,-0,0,0,0
3766,3767,0,-0,1,-0,0,0,0
3766,3830,0,-0,1,-0,0,0,0
3766,3831,0,-0,1,-0,0,0,0
3766,3832,0,-0,1,-0,0,0,0
3767,3768,0,-0,1,-0,0,0,0
3767,3831,0,-0,1,-0,0,0,0
3767,3832,0,-0,1,-0,0,0,0
3767,3833,0,-0,1,-0,0,0,0
3768,3769,0,-0,1,-0,0,0,0
3768,3832,0,-0,1,-0,0,0,0
3768,3833,0,-0,1,-0,0,0,0
3768,3834,0,-0,1,-0,0,0,0
3769,3833,0,-0,1,-0,0,0,0
3769,3834,0,-0,1,-0,0,0,0
3770,3771,0,-0,1,-0,0,0,0
3770,3835,0,-0,1,-0,0,0,0
3770,3836,0,-0,1,-0,0,0,0
3771,3772,0,-0,1,-0,0,0,0
3771,3835,0,-0,1,-0,0,0,0
3771,3836,0,-0,1,-0,0,0,0
3771,3837,0,-0,1,-0,0,0,0
3772,3773,0,-0,1,-0,0,0,0
3772,3836,0,-0,1,-0,0,0,0
3772,3837,0,-0,1,-0,0,0,0
3772,3838,0,-0,1,-0,0,0,0
3773,3774,0,-0,1,-0,0,0,0
3773,3837,0,-0,1,-0,0,0,0
3773,3838,0,-0,1,-0,0,0,0
3773,3839,0,-0,1,-0,0,0,0
3774,3775,0,-0,1,-0,0,0,0
3774,3838,0,-0,1,-0,0,0,0
3774,3839,0,-0,1,-0,0,0,0
3774,3840,0,-0,1,-0,0,0,0
3775,3776,0,-0,1,-0,0,0,0
3775,3839,0,-0,1,-0,0,0,0
3775,3840,0,-0,1,-0,0,0,0
3775,3841,0,-0,1,-0,0,0,0
3776,3777,0,-0,1,-0,0,0,0
3776,3840,0,-0,1,-0,0,0,0
3776,3841,0,-0,1,-0,0,0,0
3776,3842,0,-0,1,-0,0,0,0
3777,3778,0,-0,1,-0,0,0,0
3777,3841,0,-0,1,-0,0,0,0
3777,3842,0,-0,1,-0,0,0,0
3777,3843,0,-0,1,-0,0,0,0
3778,3779,0,-0,1,-0,0,0,0
3778,3842,0,-0,1,-0,0,0,0
3778,3843,0,-0,1,-0,0,0,0
3778,3844,0,-0,1,-0,0,0,0
3779,3780,0,-0,1,-0,0,0,0
3779,3843,0,-0,1,-0,0,0,0
3779,3844,0,-0,1,-0,0,0,0
3779,3845,0,-0,1,-0,0,0,0
3780,3781,0,-0,1,-0,0,0,0
3780,3844,0,-0,1,-0,0,0,0
3780,3845,0,-0,1,-0,0,0,0
3780,3846,0,-0,1,-0,0,0,0
3781,3782,0,-0,1,-0,0,0,0
3781,3845,0,-0,1,-0,0,0,0
3781,3846,0,-0,1,-0,0,0,0
3781,3847,0,-0,1,-0,0,0,0
3782,3783,0,-0,1,-0,0,0,0
3782,3846,0,-0,1,-0,0,0,0
3782,3847,0,-0,1,-0,0,0,0
3782,3848,0,-0,1,-0,0,0,0
3783,3784,0,-0,1,-0,0,0,0
3783,3847,0,-0,1,-0,0,0,0
3783,3848,0,-0,1,-0,0,0,0
3783,3849,0,-0,1,-0,0,0,0
3784,3785,0,-0,1,-0,0,0,0
3784,3848,0,-0,1,-0,0,0,0
3784,3849,0,-0,1,-0,0,0,0
3784,3850,0,-0,1,-0,0,0,0
3785,3786,0,-0,1,-0,0,0,0
3785,3849,0,-0,1,-0,0,0,0
3785,3850,0,-0,1,-0,0,0,0
3785,3851,0,-0,1,-0,0,0,0
3786,3787,0,-0,1,-0,0,0,0
3786,3850,0,-0,1,-0,0,0,0
3786,3851,0,-0,1,-0,0,0,0
3786,3852,0,-0,1,-0,0,0,0
3787,3788,0,-0,1,-0,0,0,0
3787,3851,0,-0,1,-0,0,0,0
3787,3852,0,-0,1,-0,0,0,0
3787,3853,0,-0,1,-0,0,0,0
3788,3789,0,-0,1,-0,0,0,0
3788,3852,0,-0,1,-0,0,0,0
3788,3853,0,-0,1,-0,0,0,0
3788,3854,0,-0,1,-0,0,0,0
3789,3790,0,-0,1,-0,0,0,0
3789,3853,0,-0,1,-0,0,0,0
3789,3854,0,-0,1,-0,0,0,0
3789,3855,0,-0,1,-0,0,0,0
3790,3791,0,-0,1,-0,0,0,0
3790,3854,0,-0,1,-0,0,0,0
3790,3855,0,-0,1,-0,0,0,0
3790,3856,0,-0,1,-0,0,0,0
3791,3792,0,-0,1,-0,0,0,0
3791,3855,0,-0,1,-0,0,0,0
3791,3856,0,-0,1,-0,0,0,0
3791,3857,0,-0,1,-0,0,0,0
3792,3793,0,-0,1,-0,0,0,0
3792,3856,0,-0,1,-0,0,0,0
3792,3857,0,-0,1,-0,0,0,0
3792,3858,0,-0,1,-0,0,0,0
3793,3794,0,-0,1,-0,0,0,0
3793,3857,0,-0,1,-0,0,0,0
3793,3858,0,-0,1,-0,0,0,0
3793,3859,0,-0,1,-0,0,0,0
3794,3795,0,-0,1,-0,0,0,0
3794,3858,0,-0,1,-0,0,0,0
3794,3859,0,-0,1,-0,0,0,0
3794,3860,0,-0,1,-0,0,0,0
3795,3796,0,-0,1,-0,0,0,0
3795,3859,0,-0,1,-0,0,0,0
3795,3860,0,-0,1,-0,0,0,0
3795,3861,0,-0,1,-0,0,0,0
3796,3797,0,-0,1,-0,0,0,0
3796,3860,0,-0,1,-0,0,0,0
3796,3861,0,-0,1,-0,0,0,0
3796,3862,0,-0,1,-0,0,0,0
3797,3798,0,-0,1,-0,0,0,0
3797,3861,0,-0,1,-0,0,0,0
3797,3862,0,-0,1,-0,0,0,0
3797,3863,0,-0,1,-0,0,0,0
3798,3799,0,-0,1,-0,0,0,0
3798,3862,0,-0,1,-0,0,0,0
3798,3863,0,-0,1,-0,0,0,0
3798,3864,0,-0,1,-0,0,0,0
3799,3800,0,-0,1,-0,0,0,0
3799,3863,0,-0,1,-0,0,0,0
3799,3864,0,-0,1,-0,0,0,0
3799,3865,0,-0,1,-0,0,0,0
3800,3801,0,-0,1,-0,0,0,0
3800,3864,0,-0,1,-0,0,0,0
3800,3865,0,-0,1,-0,0,0,0
3800,3866,0,-0,1,-0,0,0,0
3801,3802,0,-1.9777776496156421e-51,-0,0,0,0,0
3801,3865,0,-0,1,-0,0,0,0
3801,3866,0,-0,1,-0,0,0,0
3801,3867,0,-0,1,-0,0,0,0
3802,3803,-3.9555552571749476e-51,-2.1300247313790909e-42,2.2130141442269769e-08,-4.7137748580951956e-50,0,0,0
3802,3866,0,4.9444441240391052e-52,-0,-0,0,0,0
3802,3867,0,8.2341535657211721e-68,-0,-0,0,0,0
3802,3868,-9.8888882480782105e-52,4.8985113476458773e-52,5.0300889676014381e-10,2.4639947887463981e-61,0,0,0
3803,3804,-4.2600494667137366e-42,2.4621968396219144e-43,1,2.4621968396219144e-43,0,0,0
3803,3867,0,5.3250618333921708e-43,-0,-0,0,0,0
3803,3868,-1.0884229662051338e-74,8.8680093824004685e-59,5.0300889676014381e-10,4.4606876158998642e-68,0,0,0
3803,3869,-1.0650123666784342e-42,7.4860762505551921e-44,1,7.4860762505551921e-44,0,0,0
3804,3805,-3.7676100987893531e-42,2.7997818370473019e-43,7.2731085347042143e-11,2.0363117174338574e-53,0,0,0
3804,3868,9.1866012692047744e-54,4.7095126234407585e-43,7.2731085347042143e-11,3.4252796455844215e-53,0,0,0
3804,3869,0,2.2158677417956168e-60,7.2731085347042143e-11,1.6116246584629455e-70,0,0,0
3804,3870,-9.4190252469733827e-43,1.064473057126345e-44,7.2731085347042143e-11,7.7420280767483066e-55,0,0,0
3805,3806,-3.2076799770290701e-42,4.2208778395899244e-31,4.5469512547131411e-13,1.91921257887143e-43,0,0,0
3805,3869,9.1529084166733035e-43,-5.6688704411178496e-44,1,-5.6688704411178496e-44,0,0,0
3805,3870,0,-9.8837297271424294e-60,1.3642116786050975e-11,-1.3483499521944077e-70,0,0,0
3805,3871,-8.0191343284497324e-43,8.525866408040258e-43,4.5469512547131411e-13,3.8766698961555273e-55,0,0,0
3806,3807,8.4417556791477713e-31,-1.0842835478953847e-31,1,-1.0842835478953847e-31,0,0,0
3806,3870,9.2061266899031863e-43,-1.0552194598980745e-31,1.3642116786050975e-11,-1.4395427106843166e-42,0,0,0
3806,3871,0,-1.7572934106018605e-47,4.0550134578511247e-10,-7.1258484293836466e-57,0,0,0
3806,3872,2.1104389197869428e-31,-1.0416051805137208e-31,1,-1.0416051805137208e-31,0,0,0
3807,3808,6.2731885833570027e-31,-6.6221959838999684e-31,1,-6.6221959838999684e-31,0,0,0
3807,3871,-9.0327160049429902e-43,-7.84148572915109e-32,4.0550134578511247e-10,-3.1797330161255212e-41,0,0,0
3807,3872,1.4959171341012361e-63,-1.2831973709268728e-47,1,-1.2831973709268728e-47,0,0,0
3807,3873,1.5682971458392505e-31,-7.7852336491226241e-32,1,-7.7852336491226241e-32,0,0,0
3808,3809,-6.9712033844429341e-31,3.22410536324369e-32,1,3.22410536324369e-32,0,0,0
3808,3872,-2.7228558759501195e-33,8.850147024351174e-32,1,8.850147024351174e-32,0,0,0
3808,3873,-2.9918342682024721e-63,1.4605410731883761e-47,1,1.4605410731883761e-47,0,0,0
3808,3874,-1.7428008461107335e-31,8.6193863786408734e-32,1,8.6193863786408734e-32,0,0,0
3809,3810,-6.3263823117941967e-31,4.0651849330181506e-31,1,4.0651849330181506e-31,0,0,0
3809,3873,-1.1250416014725557e-33,7.9642299698163731e-32,1,7.9642299698163731e-32,0,0,0
3809,3874,0,1.301185832052735e-47,1,1.301185832052735e-47,0,0,0
3809,3875,-1.5815955779485492e-31,7.8585592013748795e-32,1,7.8585592013748795e-32,0,0,0
3810,3811,1.8039875542421047e-31,2.6524396810265003e-32,1,2.6524396810265003e-32,0,0,0
3810,3874,1.892357038255872e-33,-2.3496022947154245e-32,1,-2.3496022947154245e-32,0,0,0
3810,3875,0,-3.8376021213656882e-48,1,-3.8376021213656882e-48,0,0,0
3810,3876,4.5099688856052617e-32,-2.2291274678024241e-32,1,-2.2291274678024241e-32,0,0,0
3811,3812,2.3344754904474047e-31,-1.1064883868903945e-31,1,-1.1064883868903945e-31,0,0,0
3811,3875,9.8837376735732985e-34,-2.9675130514271223e-32,1,-2.9675130514271223e-32,0,0,0
3811,3876,0,-4.8165428113573224e-48,1,-4.8165428113573224e-48,0,0,0
3811,3877,5.8361887261185118e-32,-2.9016876362841667e-32,1,-2.9016876362841667e-32,0,0,0
3812,3813,1.2149871666661587e-32,-1.9664197698470007e-32,1,-1.9664197698470007e-32,0,0,0
3812,3876,-5.1713950000413558e-34,-1.2601642083306303e-33,1,-1.2601642083306303e-33,0,0,0
3812,3877,0,-2.2559732258650243e-49,1,-2.2559732258650243e-49,0,0,0
3812,3878,3.0374679166653965e-33,-1.5328019357654516e-33,1,-1.5328019357654516e-33,0,0,0
3813,3814,-2.7178523730278427e-32,9.2393397897270953e-33,1,9.2393397897270953e-33,0,0,0
3813,3877,-3.2813453550178696e-34,3.5613827340356972e-33,1,3.5613827340356972e-33,0,0,0
3813,3878,0,5.6342388901931849e-49,1,5.6342388901931849e-49,0,0,0
3813,3879,-6.7946309325696067e-33,3.3756932394846803e-33,1,3.3756932394846803e-33,0,0,0
3814,3815,-8.6998441508242335e-33,3.6956032579831507e-33,1,3.6956032579831507e-33,0,0,0
3814,3878,2.8135954865506724e-35,1.0734125414202758e-33,1,1.0734125414202758e-33,0,0,0
3814,3879,-2.3373705220331814e-65,1.7750106252371725e-49,1,1.7750106252371725e-49,0,0,0
3814,3880,-2.1749610377060584e-33,1.0825143889598535e-33,1,1.0825143889598535e-33,0,0,0
3815,3816,-1.3086376348579324e-33,5.9398832396068642e-34,1,5.9398832396068642e-34,0,0,0
3815,3879,4.3244453600245754e-35,1.4195747755711867e-34,1,1.4195747755711867e-34,0,0,0
3815,3880,5.8434263050829534e-66,2.6414466358215426e-50,1,2.6414466358215426e-50,0,0,0
3815,3881,-3.271594087144831e-34,1.6301923453972025e-34,1,1.6301923453972025e-34,0,0,0
3816,3817,-1.2066098693655953e-34,5.6497465270452011e-35,1,5.6497465270452011e-35,0,0,0
3816,3880,9.9322597863512476e-36,1.0116493473894316e-35,1,1.0116493473894316e-35,0,0,0
3816,3881,-3.6521414406768459e-67,2.4184243856776271e-51,1,2.4184243856776271e-51,0,0,0
3816,3882,-3.0165246734139882e-35,1.504462480422425e-35,1,1.504462480422425e-35,0,0,0
3817,3818,-7.6660563956555196e-36,3.6486486348039628e-36,1,3.6486486348039628e-36,0,0,0
3817,3881,1.1209396350426133e-36,3.9778723193563316e-37,1,3.9778723193563316e-37,0,0,0
3817,3882,0,1.5325382406637651e-52,1,1.5325382406637651e-52,0,0,0
3817,3883,-1.9165140989138796e-36,9.5651203697875158e-37,1,9.5651203697875158e-37,0,0,0
3818,3819,-3.6875912604759353e-37,1.7708831438498345e-37,1,1.7708831438498345e-37,0,0,0
3818,3882,7.5997125691382436e-38,8.0963279102579704e-39,1,8.0963279102579704e-39,0,0,0
3818,3883,0,7.3857384004940072e-54,1,7.3857384004940072e-54,0,0,0
3818,3884,-9.2189781511898372e-38,4.6034223441882178e-38,1,4.6034223441882178e-38,0,0,0
3819,3820,-1.4582497277626636e-38,7.0634214830348283e-39,1,7.0634214830348283e-39,0,0,0
3819,3883,3.49002495637636e-39,7.7799681515149292e-41,1,7.7799681515149292e-41,0,0,0
3819,3884,0,2.9345606705249763e-55,1,2.9345606705249763e-55,0,0,0
3819,3885,-3.6456243194066598e-39,1.821090402643673e-39,1,1.821090402643673e-39,0,0,0
3820,3821,-4.5565431155697826e-40,2.239152221217346e-40,1,2.239152221217346e-40,0,0,0
3820,3884,1.2133462813402165e-40,-3.7105251223885444e-42,1,-3.7105251223885444e-42,0,0,0
3820,3885,0,9.1984806246890267e-57,1,9.1984806246890267e-57,0,0,0
3820,3886,-1.1391357788924456e-40,5.6925612661677711e-41,1,5.6925612661677711e-41,0,0,0
3821,3822,-7.8238673135090434e-42,3.9119083410558252e-42,1,3.9119083410558252e-42,0,0,0
3821,3885,3.4435141193133393e-42,-7.4377364546803909e-43,1,-7.4377364546803909e-43,0,0,0
3821,3886,-2.1768459324102675e-74,1.5767506154796672e-58,1,1.5767506154796672e-58,0,0,0
3821,3887,-1.9559668283772608e-42,9.7798341418863042e-43,1,9.7798341418863042e-43,0,0,0
3822,3823,-5.063139739273027e-47,2.5315698696365135e-47,1,2.5315698696365135e-47,0,0,0
3822,3886,6.235256588914736e-44,-3.1169954019899588e-44,1,-3.1169954019899588e-44,0,0,0
3822,3887,0,1.0539776841441618e-63,1,1.0539776841441618e-63,0,0,0
3822,3888,-1.2657849348182567e-47,6.3289246740912837e-48,1,6.3289246740912837e-48,0,0,0
3823,3824,0,-0,1,-0,0,0,0
3823,3887,0,-0,1,-0,0,0,0
3823,3888,0,-0,1,-0,0,0,0
3823,3889,0,-0,1,-0,0,0,0
3824,3825,0,-0,1,-0,0,0,0
3824,3888,0,-0,1,-0,0,0,0
3824,3889,0,-0,1,-0,0,0,0
3824,3890,0,-0,1,-0,0,0,0
3825,3826,0,-0,1,-0,0,0,0
3825,3889,0,-0,1,-0,0,0,0
3825,3890,0,-0,1,-0,0,0,0
3825,3891,0,-0,1,-0,0,0,0
3826,3827,0,-0,1,-0,0,0,0
3826,3890,0,-0,1,-0,0,0,0
3826,3891,0,-0,1,-0,0,0,0
3826,3892,0,-0,1,-0,0,0,0
3827,3828,0,-0,1,-0,0,0,0
3827,3891,0,-0,1,-0,0,0,0
3827,3892,0,-0,1,-0,0,0,0
3827,3893,0,-0,1,-0,0,0,0
3828,3829,0,-0,1,-0,0,0,0
3828,3892,0,-0,1,-0,0,0,0
3828,3893,0,-0,1,-0,0,0,0
3828,3894,0,-0,1,-0,0,0,0
3829,3830,0,-0,1,-0,0,0,0
3829,3893,0,-0,1,-0,0,0,0
3829,3894,0,-0,1,-0,0,0,0
3829,3895,0,-0,1,-0,0,0,0
3830,3831,0,-0,1,-0,0,0,0
3830,3894,0,-0,1,-0,0,0,0
3830,3895,0,-0,1,-0,0,0,0
3830,3896,0,-0,1,-0,0,0,0
3831,3832,0,-0,1,-0,0,0,0
3831,3895,0,-0,1,-0,0,0,0
3831,3896,0,-0,1,-0,0,0,0
3831,3897,0,-0,1,-0,0,0,0
3832,3833,0,-0,1,-0,0,0,0
3832,3896,0,-0,1,-0,0,0,0
3832,3897,0,-0,1,-0,0,0,0
3832,3898,0,-0,1,-0,0,0,0
3833,3834,0,-0,1,-0,0,0,0
3833,3897,0,-0,1,-0,0,0,0
3833,3898,0,-0,1,-0,0,0,0
3833,3899,0,-0,1,-0,0,0,0
3834,3898,0,-0,1,-0,0,0,0
3834,3899,0,-0,1,-0,0,0,0
3835,3836,0,-0,1,-0,0,0,0
3835,3900,0,-0,1,-0,0,0,0
3835,3901,0,-0,1,-0,0,0,0
3836,3837,0,-0,1,-0,0,0,0
3836,3900,0,-0,1,-0,0,0,0
3836,3901,0,-0,1,-0,0,0,0
3836,3902,0,-0,1,-0,0,0,0
3837,3838,0,-0,1,-0,0,0,0
3837,3901,0,-0,1,-0,0,0,0
3837,3902,0,-0,1,-0,0,0,0
3837,3903,0,-0,1,-0,0,0,0
3838,3839,0,-0,1,-0,0,0,0
3838,3902,0,-0,1,-0,0,0,0
3838,3903,0,-0,1,-0,0,0,0
3838,3904,0,-0,1,-0,0,0,0
3839,3840,0,-0,1,-0,0,0,0
3839,3903,0,-0,1,-0,0,0,0
3839,3904,0,-0,1,-0,0,0,0
3839,3905,0,-0,1,-0,0,0,0
3840,3841,0,-0,1,-0,0,0,0
3840,3904,0,-0,1,-0,0,0,0
3840,3905,0,-0,1,-0,0,0,0
3840,3906,0,-0,1,-0,0,0,0
3841,3842,0,-0,1,-0,0,0,0
3841,3905,0,-0,1,-0,0,0,0
3841,3906,0,-0,1,-0,0,0,0
3841,3907,0,-0,1,-0,0,0,0
3842,3843,0,-0,1,-0,0,0,0
3842,3906,0,-0,1,-0,0,0,0
3842,3907,0,-0,1,-0,0,0,0
3842,3908,0,-0,1,-0,0,0,0
3843,3844,0,-0,1,-0,0,0,0
3843,3907,0,-0,1,-0,0,0,0
3843,3908,0,-0,1,-0,0,0,0
3843,3909,0,-0,1,-0,0,0,0
3844,3845,0,-0,1,-0,0,0,0
3844,3908,0,-0,1,-0,0,0,0
3844,3909,0,-0,1,-0,0,0,0
3844,3910,0,-0,1,-0,0,0,0
3845,3846,0,-0,1,-0,0,0,0
3845,3909,0,-0,1,-0,0,0,0
3845,3910,0,-0,1,-0,0,0,0
3845,3911,0,-0,1,-0,0,0,0
3846,3847,0,-0,1,-0,0,0,0
3846,3910,0,-0,1,-0,0,0,0
3846,3911,0,-0,1,-0,0,0,0
3846,3912,0,-0,1,-0,0,0,0
3847,3848,0,-0,1,-0,0,0,0
3847,3911,0,-0,1,-0,0,0,0
3847,3912,0,-0,1,-0,0,0,0
3847,3913,0,-0,1,-0,0,0,0
3848,3849,0,-0,1,-0,0,0,0
3848,3912,0,-0,1,-0,0,0,0
3848,3913,0,-0,1,-0,0,0,0
3848,3914,0,-0,1,-0,0,0,0
3849,3850,0,-0,1,-0,0,0,0
3849,3913,0,-0,1,-0,0,0,0
3849,3914,0,-0,1,-0,0,0,0
3849,3915,0,-0,1,-0,0,0,0
3850,3851,0,-0,1,-0,0,0,0
3850,3914,0,-0,1,-0,0,0,0
3850,3915,0,-0,1,-0,0,0,0
3850,3916,0,-0,1,-0,0,0,0
3851,3852,0,-0,1,-0,0,0,0
3851,3915,0,-0,1,-0,0,0,0
3851,3916,0,-0,1,-0,0,0,0
3851,3917,0,-0,1,-0,0,0,0
3852,3853,0,-0,1,-0,0,0,0
3852,3916,0,-0,1,-0,0,0,0
3852,3917,0,-0,1,-0,0,0,0
3852,3918,0,-0,1,-0,0,0,0
3853,3854,0,-0,1,-0,0,0,0
3853,3917,0,-0,1,-0,0,0,0
3853,3918,0,-0,1,-0,0,0,0
3853,3919,0,-0,1,-0,0,0,0
3854,3855,0,-0,1,-0,0,0,0
3854,3918,0,-0,1,-0,0,0,0
3854,3919,0,-0,1,-0,0,0,0
3854,3920,0,-0,1,-0,0,0,0
3855,3856,0,-0,1,-0,0,0,0
3855,3919,0,-0,1,-0,0,0,0
3855,3920,0,-0,1,-0,0,0,0
3855,3921,0,-0,1,-0,0,0,0
3856,3857,0,-0,1,-0,0,0,0
3856,3920,0,-0,1,-0,0,0,0
3856,3921,0,-0,1,-0,0,0,0
3856,3922,0,-0,1,-0,0,0,0
3857,3858,0,-0,1,-0,0,0,0
3857,3921,0,-0,1,-0,0,0,0
3857,3922,0,-0,1,-0,0,0,0
3857,3923,0,-0,1,-0,0,0,0
3858,3859,0,-0,1,-0,0,0,0
3858,3922,0,-0,1,-0,0,0,0
3858,3923,0,-0,1,-0,0,0,0
3858,3924,0,-0,1,-0,0,0,0
3859,3860,0,-0,1,-0,0,0,0
3859,3923,0,-0,1,-0,0,0,0
3859,3924,0,-0,1,-0,0,0,0
3859,3925,0,-0,1,-0,0,0,0
3860,3861,0,-0,1,-0,0,0,0
3860,3924,0,-0,1,-0,0,0,0
3860,3925,0,-0,1,-0,0,0,0
3860,3926,0,-0,1,-0,0,0,0
3861,3862,0,-0,1,-0,0,0,0
3861,3925,0,-0,1,-0,0,0,0
3861,3926,0,-0,1,-0,0,0,0
3861,3927,0,-0,1,-0,0,0,0
3862,3863,0,-0,1,-0,0,0,0
3862,3926,0,-0,1,-0,0,0,0
3862,3927,0,-0,1,-0,0,0,0
3862,3928,0,-0,1,-0,0,0,0
3863,3864,0,-0,1,-0,0,0,0
3863,3927,0,-0,1,-0,0,0,0
3863,3928,0,-0,1,-0,0,0,0
3863,3929,0,-0,1,-0,0,0,0
3864,3865,0,-0,1,-0,0,0,0
3864,3928,0,-0,1,-0,0,0,0
3864,3929,0,-0,1,-0,0,0,0
3864,3930,0,-0,1,-0,0,0,0
3865,3866,0,-0,1,-0,0,0,0
3865,3929,0,-0,1,-0,0,0,0
3865,3930,0,-0,1,-0,0,0,0
3865,3931,0,-0,1,-0,0,0,0
3866,3867,0,-0,1,-0,0,0,0
3866,3930,0,-0,1,-0,0,0,0
3866,3931,0,-0,1,-0,0,0,0
3866,3932,0,-0,1,-0,0,0,0
3867,3868,0,-1.8373110557291624e-53,-0,0,0,0,0
3867,3931,0,-0,1,-0,0,0,0
3867,3932,0,-0,1,-0,0,0,0
3867,3933,0,-0,1,-0,0,0,0
3868,3869,-3.6746405076819097e-53,-1.8305816833162876e-42,5.0300889676014381e-10,-9.2079887295425276e-52,0,0,0
3868,3932,0,4.5932776393229061e-54,-0,-0,0,0,0
3868,3933,0,7.6493438905082677e-70,-0,-0,0,0,0
3868,3934,-9.1865552786458122e-54,4.5807059903836796e-54,4.1349620186081544e-12,1.8941045288647366e-65,0,0,0
3869,3870,-3.6611633666693214e-42,-1.0644443774962407e-44,1.3642116786050975e-11,-1.4521274510059047e-55,0,0,0
3869,3933,0,4.5764542083366518e-43,-0,-0,0,0,0
3869,3934,0,7.6213272498568592e-59,4.1349620186081544e-12,3.1513898709541452e-70,0,0,0
3869,3935,-9.1529084166733035e-43,-1.0644443830057415e-44,0.83801881926860711,-8.9202442502357244e-45,0,0,0
3870,3871,-3.6824522542192454e-42,3.6477458246357798e-42,1.3642116786050975e-11,4.9762974545511124e-53,0,0,0
3870,3934,2.5097324876917403e-56,4.6030653177739317e-43,4.1349620186081544e-12,1.9033500258167683e-54,0,0,0
3870,3935,-2.0407930616346258e-75,-1.3294919975454204e-60,0.83801881926860711,-1.1141393140100751e-60,0,0,0
3870,3936,-9.2061306355481152e-43,4.6030653177741333e-43,1.3642116786050975e-11,6.2795554638895567e-54,0,0,0
3871,3872,3.6130392428942621e-42,5.4457117500937182e-33,4.0550134578511247e-10,2.208243443420803e-42,0,0,0
3871,3935,9.3657972932744504e-43,-9.1991978904526178e-43,0.83801881926860711,-7.7091009543753633e-43,0,0,0
3871,3936,0,-7.5211491098714254e-59,1.3340550778034623e-08,-1.0033627160940966e-66,0,0,0
3871,3937,9.0325984876307884e-43,6.7501139711442049e-42,4.0550134578511247e-10,2.737180299501865e-51,0,0,0
3872,3873,1.0891423503800478e-32,-3.19562854895513e-33,1,-3.19562854895513e-33,0,0,0
3872,3936,0,-1.3614279379750596e-33,1.3340550778034623e-08,-1.8162198537191254e-41,0,0,0
3872,3937,-4.6747410440663627e-65,-2.2672329526684789e-49,4.4277469914118995e-07,-1.0038733885007774e-55,0,0,0
3872,3938,2.7228558759501191e-33,-1.3521131643090036e-33,1,-1.3521131643090036e-33,0,0,0
3873,3874,4.5001664058902158e-33,-6.0347972794568543e-33,1,-6.0347972794568543e-33,0,0,0
3873,3937,-1.4403487745331049e-41,-5.6252079353453316e-34,4.4277469914118995e-07,-2.4906997511791634e-40,0,0,0
3873,3938,0,-9.2127310292215109e-50,1,-9.2127310292215109e-50,0,0,0
3873,3939,1.1250416014725539e-33,-5.6070012699791938e-34,1,-5.6070012699791938e-34,0,0,0
3874,3875,-7.5694281530234907e-33,1.8079665417970836e-33,1,1.8079665417970836e-33,0,0,0
3874,3938,-1.8629547332111888e-35,9.5549329279399242e-34,1,9.5549329279399242e-34,0,0,0
3874,3939,0,1.5787357968693371e-49,1,1.5787357968693371e-49,0,0,0
3874,3940,-1.8923570382558727e-33,9.403871594184033e-34,1,9.403871594184033e-34,0,0,0
3875,3876,-3.9534950694293235e-33,3.0110265347229331e-33,1,3.0110265347229331e-33,0,0,0
3875,3939,-3.6413474767153991e-36,4.960075574170232e-34,1,4.960075574170232e-34,0,0,0
3875,3940,1.1686852610165907e-65,8.1334193375159766e-50,1,8.1334193375159766e-50,0,0,0
3875,3941,-9.8837376735733122e-34,4.9264746109391906e-34,1,4.9264746109391906e-34,0,0,0
3876,3877,2.0685580000165423e-33,-3.7800992900469728e-34,1,-3.7800992900469728e-34,0,0,0
3876,3940,1.1582719419066408e-35,-2.6436110971160099e-34,1,-2.6436110971160099e-34,0,0,0
3876,3941,5.8434263050829534e-66,-4.3316878848312001e-50,1,-4.3316878848312001e-50,0,0,0
3876,3942,5.1713950000413558e-34,-2.569607954661188e-34,1,-2.569607954661188e-34,0,0,0
3877,3878,1.3125381420071477e-33,-7.1254098073458794e-34,1,-7.1254098073458794e-34,0,0,0
3877,3941,3.0788451694930424e-36,-1.6560669033563999e-34,1,-1.6560669033563999e-34,0,0,0
3877,3942,-5.8434263050829534e-66,-2.7054743980949512e-50,1,-2.7054743980949512e-50,0,0,0
3877,3943,3.2813453550178692e-34,-1.6356712711021364e-34,1,-1.6356712711021364e-34,0,0,0
3878,3879,-1.1254381946202816e-34,-3.0216997469477378e-35,1,-3.0216997469477378e-35,0,0,0
3878,3942,-3.2179090718980484e-36,1.5676931968702545e-35,1,1.5676931968702545e-35,0,0,0
3878,3943,0,2.4260790165875335e-51,1,2.4260790165875335e-51,0,0,0
3878,3944,-2.8135954865507039e-35,1.3896371143299502e-35,1,1.3896371143299502e-35,0,0,0
3879,3880,-1.7297781440098291e-34,6.6624387627788958e-35,1,6.6624387627788958e-35,0,0,0
3879,3943,-1.0002812813596037e-36,2.2122367440802666e-35,1,2.2122367440802666e-35,0,0,0
3879,3944,7.3042828813536917e-67,3.5722459175161794e-51,1,3.5722459175161794e-51,0,0,0
3879,3945,-4.3244453600245728e-35,2.1524352375138243e-35,1,2.1524352375138243e-35,0,0,0
3880,3881,-3.9729039145404996e-35,1.762264030261727e-35,1,1.762264030261727e-35,0,0,0
3880,3944,3.4321257890803762e-37,4.7945236037216058e-36,1,4.7945236037216058e-36,0,0,0
3880,3945,0,8.1072739658144666e-52,1,8.1072739658144666e-52,0,0,0
3880,3946,-9.932259786351249e-36,4.9500554397209347e-36,1,4.9500554397209347e-36,0,0,0
3881,3882,-4.483758540170453e-36,2.0898850187024618e-36,1,2.0898850187024618e-36,0,0,0
3881,3945,1.9574884996923776e-37,4.6259539253668771e-37,1,4.6259539253668771e-37,0,0,0
3881,3946,-1.1412942002115143e-68,9.0660040152892951e-53,1,9.0660040152892951e-53,0,0,0
3881,3947,-1.1209396350426133e-36,5.5921096033236618e-37,1,5.5921096033236618e-37,0,0,0
3882,3883,-3.0398850276552974e-37,1.4501420147001215e-37,1,1.4501420147001215e-37,0,0,0
3882,3946,3.2148906909379463e-38,2.1924109391001492e-38,1,2.1924109391001492e-38,0,0,0
3882,3947,0,6.1183900707113698e-54,1,6.1183900707113698e-54,0,0,0
3882,3948,-7.5997125691382436e-38,3.7941599930874923e-38,1,3.7941599930874923e-38,0,0,0
3883,3884,-1.396009982550544e-38,6.737380656484678e-39,1,6.737380656484678e-39,0,0,0
3883,3947,2.5177143778809507e-39,4.8615528924770471e-40,1,4.8615528924770471e-40,0,0,0
3883,3948,-4.4581804695762279e-71,2.8111672379458631e-55,1,2.8111672379458631e-55,0,0,0
3883,3949,-3.49002495637636e-39,1.7433060624419336e-39,1,1.7433060624419336e-39,0,0,0
3884,3885,-4.8533851253608659e-40,2.3578222802941664e-40,1,2.3578222802941664e-40,0,0,0
3884,3948,1.1392582963259284e-40,3.7043992507143987e-42,1,3.7043992507143987e-42,0,0,0
3884,3949,0,9.818962030244269e-57,1,9.818962030244269e-57,0,0,0
3884,3950,-1.2133462813402165e-40,6.0628468709592429e-41,1,6.0628468709592429e-41,0,0,0
3885,3886,-1.3774056477253355e-41,6.7623231068483837e-42,1,6.7623231068483837e-42,0,0,0
3885,3949,3.4128314924933431e-42,1.5341313409997836e-44,1,1.5341313409997836e-44,0,0,0
3885,3950,0,2.8026109803540587e-58,1,2.8026109803540587e-58,0,0,0
3885,3951,-3.4435141193133387e-42,1.7211178382645861e-42,1,1.7211178382645861e-42,0,0,0
3886,3887,-2.4941026355658944e-43,1.2470513177829472e-43,1,1.2470513177829472e-43,0,0,0
3886,3950,7.7690714836807563e-44,-7.6690744738301039e-45,1,-7.6690744738301039e-45,0,0,0
3886,3951,0,5.0854423259955826e-60,1,5.0854423259955826e-60,0,0,0
3886,3952,-6.235256588914736e-44,3.117628294457368e-44,1,3.117628294457368e-44,0,0,0
3887,3888,0,-0,1,-0,0,0,0
3887,3951,1.2784427841664401e-45,-6.3922139208322007e-46,1,-6.3922139208322007e-46,0,0,0
3887,3952,0,-0,1,-0,0,0,0
3887,3953,0,-0,1,-0,0,0,0
3888,3889,0,-0,1,-0,0,0,0
3888,3952,0,-0,1,-0,0,0,0
3888,3953,0,-0,1,-0,0,0,0
3888,3954,0,-0,1,-0,0,0,0
3889,3890,0,-0,1,-0,0,0,0
3889,3953,0,-0,1,-0,0,0,0
3889,3954,0,-0,1,-0,0,0,0
3889,3955,0,-0,1,-0,0,0,0
3890,3891,0,-0,1,-0,0,0,0
3890,3954,0,-0,1,-0,0,0,0
3890,3955,0,-0,1,-0,0,0,0
3890,3956,0,-0,1,-0,0,0,0
3891,3892,0,-0,1,-0,0,0,0
3891,3955,0,-0,1,-0,0,0,0
3891,3956,0,-0,1,-0,0,0,0
3891,3957,0,-0,1,-0,0,0,0
3892,3893,0,-0,1,-0,0,0,0
3892,3956,0,-0,1,-0,0,0,0
3892,3957,0,-0,1,-0,0,0,0
3892,3958,0,-0,1,-0,0,0,0
3893,3894,0,-0,1,-0,0,0,0
3893,3957,0,-0,1,-0,0,0,0
3893,3958,0,-0,1,-0,0,0,0
3893,3959,0,-0,1,-0,0,0,0
3894,3895,0,-0,1,-0,0,0,0
3894,3958,0,-0,1,-0,0,0,0
3894,3959,0,-0,1,-0,0,0,0
3894,3960,0,-0,1,-0,0,0,0
3895,3896,0,-0,1,-0,0,0,0
3895,3959,0,-0,1,-0,0,0,0
3895,3960,0,-0,1,-0,0,0,0
3895,3961,0,-0,1,-0,0,0,0
3896,3897,0,-0,1,-0,0,0,0
3896,3960,0,-0,1,-0,0,0,0
3896,3961,0,-0,1,-0,0,0,0
3896,3962,0,-0,1,-0,0,0,0
3897,3898,0,-0,1,-0,0,0,0
3897,3961,0,-0,1,-0,0,0,0
3897,3962,0,-0,1,-0,0,0,0
3897,3963,0,-0,1,-0,0,0,0
3898,3899,0,-0,1,-0,0,0,0
3898,3962,0,-0,1,-0,0,0,0
3898,3963,0,-0,1,-0,0,0,0
3898,3964,0,-0,1,-0,0,0,0
3899,3963,0,-0,1,-0,0,0,0
3899,3964,0,-0,1,-0,0,0,0
3900,3901,0,-0,1,-0,0,0,0
3900,3965,0,-0,1,-0,0,0,0
3900,3966,0,-0,1,-0,0,0,0
3901,3902,0,-0,1,-0,0,0,0
3901,3965,0,-0,1,-0,0,0,0
3901,3966,0,-0,1,-0,0,0,0
3901,3967,0,-0,1,-0,0,0,0
3902,3903,0,-0,1,-0,0,0,0
3902,3966,0,-0,1,-0,0,0,0
3902,3967,0,-0,1,-0,0,0,0
3902,3968,0,-0,1,-0,0,0,0
3903,3904,0,-0,1,-0,0,0,0
3903,3967,0,-0,1,-0,0,0,0
3903,3968,0,-0,1,-0,0,0,0
3903,3969,0,-0,1,-0,0,0,0
3904,3905,0,-0,1,-0,0,0,0
3904,3968,0,-0,1,-0,0,0,0
3904,3969,0,-0,1,-0,0,0,0
3904,3970,0,-0,1,-0,0,0,0
3905,3906,0,-0,1,-0,0,0,0
3905,3969,0,-0,1,-0,0,0,0
3905,3970,0,-0,1,-0,0,0,0
3905,3971,0,-0,1,-0,0,0,0
3906,3907,0,-0,1,-0,0,0,0
3906,3970,0,-0,1,-0,0,0,0
3906,3971,0,-0,1,-0,0,0,0
3906,3972,0,-0,1,-0,0,0,0
3907,3908,0,-0,1,-0,0,0,0
3907,3971,0,-0,1,-0,0,0,0
3907,3972,0,-0,1,-0,0,0,0
3907,3973,0,-0,1,-0,0,0,0
3908,3909,0,-0,1,-0,0,0,0
3908,3972,0,-0,1,-0,0,0,0
3908,3973,0,-0,1,-0,0,0,0
3908,3974,0,-0,1,-0,0,0,0
3909,3910,0,-0,1,-0,0,0,0
3909,3973,0,-0,1,-0,0,0,0
3909,3974,0,-0,1,-0,0,0,0
3909,3975,0,-0,1,-0,0,0,0
3910,3911,0,-0,1,-0,0,0,0
3910,3974,0,-0,1,-0,0,0,0
3910,3975,0,-0,1,-0,0,0,0
3910,3976,0,-0,1,-0,0,0,0
3911,3912,0,-0,1,-0,0,0,0
3911,3975,0,-0,1,-0,0,0,0
3911,3976,0,-0,1,-0,0,0,0
3911,3977,0,-0,1,-0,0,0,0
3912,3913,0,-0,1,-0,0,0,0
3912,3976,0,-0,1,-0,0,0,0
3912,3977,0,-0,1,-0,0,0,0
3912,3978,0,-0,1,-0,0,0,0
3913,3914,0,-0,1,-0,0,0,0
3913,3977,0,-0,1,-0,0,0,0
3913,3978,0,-0,1,-0,0,0,0
3913,3979,0,-0,1,-0,0,0,0
3914,3915,0,-0,1,-0,0,0,0
3914,3978,0,-0,1,-0,0,0,0
3914,3979,0,-0,1,-0,0,0,0
3914,3980,0,-0,1,-0,0,0,0
3915,3916,0,-0,1,-0,0,0,0
3915,3979,0,-0,1,-0,0,0,0
3915,3980,0,-0,1,-0,0,0,0
3915,3981,0,-0,1,-0,0,0,0
3916,3917,0,-0,1,-0,0,0,0
3916,3980,0,-0,1,-0,0,0,0
3916,3981,0,-0,1,-0,0,0,0
3916,3982,0,-0,1,-0,0,0,0
3917,3918,0,-0,1,-0,0,0,0
3917,3981,0,-0,1,-0,0,0,0
3917,3982,0,-0,1,-0,0,0,0
3917,3983,0,-0,1,-0,0,0,0
3918,3919,0,-0,1,-0,0,0,0
3918,3982,0,-0,1,-0,0,0,0
3918,3983,0,-0,1,-0,0,0,0
3918,3984,0,-0,1,-0,0,0,0
3919,3920,0,-0,1,-0,0,0,0
3919,3983,0,-0,1,-0,0,0,0
3919,3984,0,-0,1,-0,0,0,0
3919,3985,0,-0,1,-0,0,0,0
3920,3921,0,-0,1,-0,0,0,0
3920,3984,0,-0,1,-0,0,0,0
3920,3985,0,-0,1,-0,0,0,0
3920,3986,0,-0,1,-0,0,0,0
3921,3922,0,-0,1,-0,0,0,0
3921,3985,0,-0,1,-0,0,0,0
3921,3986,0,-0,1,-0,0,0,0
3921,3987,0,-0,1,-0,0,0,0
3922,3923,0,-0,1,-0,0,0,0
3922,3986,0,-0,1,-0,0,0,0
3922,3987,0,-0,1,-0,0,0,0
3922,3988,0,-0,1,-0,0,0,0
3923,3924,0,-0,1,-0,0,0,0
3923,3987,0,-0,1,-0,0,0,0
3923,3988,0,-0,1,-0,0,0,0
3923,3989,0,-0,1,-0,0,0,0
3924,3925,0,-0,1,-0,0,0,0
3924,3988,0,-0,1,-0,0,0,0
3924,3989,0,-0,1,-0,0,0,0
3924,3990,0,-0,1,-0,0,0,0
3925,3926,0,-0,1,-0,0,0,0
3925,3989,0,-0,1,-0,0,0,0
3925,3990,0,-0,1,-0,0,0,0
3925,3991,0,-0,1,-0,0,0,0
3926,3927,0,-0,1,-0,0,0,0
3926,3990,0,-0,1,-0,0,0,0
3926,3991,0,-0,1,-0,0,0,0
3926,3992,0,-0,1,-0,0,0,0
3927,3928,0,-0,1,-0,0,0,0
3927,3991,0,-0,1,-0,0,0,0
3927,3992,0,-0,1,-0,0,0,0
3927,3993,0,-0,1,-0,0,0,0
3928,3929,0,-0,1,-0,0,0,0
3928,3992,0,-0,1,-0,0,0,0
3928,3993,0,-0,1,-0,0,0,0
3928,3994,0,-0,1,-0,0,0,0
3929,3930,0,-0,1,-0,0,0,0
3929,3993,0,-0,1,-0,0,0,0
3929,3994,0,-0,1,-0,0,0,0
3929,3995,0,-0,1,-0,0,0,0
3930,3931,0,-0,1,-0,0,0,0
3930,3994,0,-0,1,-0,0,0,0
3930,3995,0,-0,1,-0,0,0,0
3930,3996,0,-0,1,-0,0,0,0
3931,3932,0,-0,1,-0,0,0,0
3931,3995,0,-0,1,-0,0,0,0
3931,3996,0,-0,1,-0,0,0,0
3931,3997,0,-0,1,-0,0,0,0
3932,3933,0,-0,1,-0,0,0,0
3932,3996,0,-0,1,-0,0,0,0
3932,3997,0,-0,1,-0,0,0,0
3932,3998,0,-0,1,-0,0,0,0
3933,3934,0,-5.0286595756907778e-56,-0,0,0,0,0
3933,3997,0,-0,1,-0,0,0,0
3933,3998,0,-0,1,-0,0,0,0
3933,3999,0,-0,1,-0,0,0,0
3934,3935,-1.0038929950766961e-55,-1.8731594586548401e-42,4.1349620186081544e-12,-7.7454432163343751e-54,0,0,0
3934,3998,0,1.2571648939226945e-56,-0,-0,0,0,0
3934,3999,0,2.0936001164751279e-72,-0,-0,0,0,0
3934,4000,-2.5143297878453889e-56,1.2571648939226945e-56,1,1.2571648939226945e-56,0,0,0
3935,3936,-3.7463189173097808e-42,1.8731594586549207e-42,0.83801881926860711,1.5697428778438198e-42,0,0,0
3935,3999,0,4.682898646637226e-43,-0,-0,0,0,0
3935,4000,0,7.7985928492239533e-59,0.83801881926860711,6.5353675714632598e-59,0,0,0
3935,4001,-9.365797293274452e-43,4.682898646637226e-43,0.83801881926860711,3.9243571946094867e-43,0,0,0
3936,3937,6.2743312192293509e-56,2.8806975582102949e-41,1.3340550778034623e-08,3.8430092051464787e-49,0,0,0
3936,4000,0,-7.5667198069473046e-57,1,-7.5667198069473046e-57,0,0,0
3936,4001,0,-1.2601119825840182e-72,1,-1.2601119825840182e-72,0,0,0
3936,4002,1.5133439613894611e-56,1.3204112651285267e-56,1.3340550778034623e-08,1.7615013530336048e-64,0,0,0
3937,3938,5.7613951165539365e-41,3.7259065857248099e-35,4.4277469914118995e-07,1.6497371675224809e-41,0,0,0
3937,4001,0,-7.2017438955257449e-42,1,-7.2017438955257449e-42,0,0,0
3937,4002,0,-1.1993312835399495e-57,8.903147061527566e-20,-1.0677822792846786e-76,0,0,0
3937,4003,1.4403487791051487e-41,2.847000968399038e-42,4.4277469914118995e-07,1.2605799972375604e-48,0,0,0
3938,3939,7.4518189328447369e-35,-2.9976399710792992e-35,1,-2.9976399710792992e-35,0,0,0
3938,4002,0,-9.3147736660559211e-36,8.903147061527566e-20,-8.2930799793740132e-55,0,0,0
3938,4003,0,-1.5512197555319176e-51,0.00019860609801761487,-3.0808170281403261e-55,0,0,0
3938,4004,1.8629547332111842e-35,-9.2869447958291855e-36,1,-9.2869447958291855e-36,0,0,0
3939,3940,1.4565389906861374e-35,-3.0448133791563498e-35,1,-3.0448133791563498e-35,0,0,0
3939,4003,-2.0097489727943076e-41,-1.8206636896128082e-36,0.00019860609801761487,-3.6159491119635371e-40,0,0,0
3939,4004,0,-2.9856864782700316e-52,1,-2.9856864782700316e-52,0,0,0
3939,4005,3.6413474767153443e-36,-1.8206763138184559e-36,1,-1.8206763138184559e-36,0,0,0
3940,3941,-4.6330877676265621e-35,1.7007748499146754e-35,1,1.7007748499146754e-35,0,0,0
3940,4004,-5.5657740453468208e-38,5.819188579759937e-36,1,5.819188579759937e-36,0,0,0
3940,4005,0,9.6445470511115439e-52,1,9.6445470511115439e-52,0,0,0
3940,4006,-1.1582719419066405e-35,5.7750603620245881e-36,1,5.7750603620245881e-36,0,0,0
3941,3942,-1.2315380677972111e-35,1.2593508482782155e-35,1,1.2593508482782155e-35,0,0,0
3941,4005,5.1509215675158666e-42,1.5394200092857301e-36,1,1.5394200092857301e-36,0,0,0
3941,4006,4.5651768008460573e-68,2.5365097309846815e-52,1,2.5365097309846815e-52,0,0,0
3941,4007,-3.0788451694930271e-36,1.5394228575476681e-36,1,1.5394228575476681e-36,0,0,0
3942,3943,1.2871636287592201e-35,-4.435255581076903e-36,1,-4.435255581076903e-36,0,0,0
3942,4006,3.2598695017228812e-38,-1.6252538834576395e-36,1,-1.6252538834576395e-36,0,0,0
3942,4007,4.5651768008460573e-68,-2.6794471027733546e-52,1,-2.6794471027733546e-52,0,0,0
3942,4008,3.2179090718980497e-36,-1.6041726634227658e-36,1,-1.6041726634227658e-36,0,0,0
3943,3944,4.0011251254383961e-36,-2.6869877205352746e-36,1,-2.6869877205352746e-36,0,0,0
3943,4007,-5.4560230922867551e-43,-5.0014036787864492e-37,1,-5.0014036787864492e-37,0,0,0
3943,4008,0,-8.2493806478102339e-53,1,-8.2493806478102339e-53,0,0,0
3943,4009,1.000281281359599e-36,-5.0014064067979952e-37,1,-5.0014064067979952e-37,0,0,0
3944,3945,-1.3728503156321533e-36,2.9492745787760101e-37,1,2.9492745787760101e-37,0,0,0
3944,4008,-9.5637450525179863e-39,1.7638816198027812e-37,1,1.7638816198027812e-37,0,0,0
3944,4009,0,2.8578188058351199e-53,1,2.8578188058351199e-53,0,0,0
3944,4010,-3.4321257890803828e-37,1.7073870051994157e-37,1,1.7073870051994157e-37,0,0,0
3945,3946,-7.8299539987695104e-37,3.2719988611971657e-37,1,3.2719988611971657e-37,0,0,0
3945,4009,0,9.787442498461888e-38,1,9.787442498461888e-38,0,0,0
3945,4010,0,1.6154883439402308e-53,1,1.6154883439402308e-53,0,0,0
3945,4011,-1.9574884996923776e-37,9.756115064725277e-38,1,9.756115064725277e-38,0,0,0
3946,3947,-1.2859562763751783e-37,5.926238506299701e-38,1,5.926238506299701e-38,0,0,0
3946,4010,1.7351778681551154e-39,1.5206864520612171e-38,1,1.5206864520612171e-38,0,0,0
3946,4011,0,2.6247635926940838e-54,1,2.6247635926940838e-54,0,0,0
3946,4012,-3.2148906909379458e-38,1.6041513426127152e-38,1,1.6041513426127152e-38,0,0,0
3947,3948,-1.0070857511523803e-38,4.8075770964967164e-39,1,4.8075770964967164e-39,0,0,0
3947,4011,6.2654867473222042e-40,9.4558285157436517e-40,1,9.4558285157436517e-40,0,0,0
3947,4012,0,2.0415621866019549e-55,1,2.0415621866019549e-55,0,0,0
3947,4013,-2.5177143778809507e-39,1.2573084731199747e-39,1,1.2573084731199747e-39,0,0,0
3948,3949,-4.5570331853037135e-40,2.21025996280199e-40,1,2.21025996280199e-40,0,0,0
3948,4012,6.5880057125149339e-41,2.402288625372175e-41,1,2.402288625372175e-41,0,0,0
3948,4013,0,9.2283179424438865e-57,1,9.2283179424438865e-57,0,0,0
3948,4014,-1.1392582963259284e-40,5.6924221353070197e-41,1,5.6924221353070197e-41,0,0,0
3949,3950,-1.3651325969973373e-41,6.6702815553130713e-42,1,6.6702815553130713e-42,0,0,0
3949,4013,3.097431641001564e-42,1.5769992574588981e-43,1,1.5769992574588981e-43,0,0,0
3949,4014,4.353691864820535e-74,2.7773155159345977e-58,1,2.7773155159345977e-58,0,0,0
3949,4015,-3.4128314924933431e-42,1.7057765248545883e-42,1,1.7057765248545883e-42,0,0,0
3950,3951,-3.1076285934723025e-43,1.5282454410528226e-43,1,1.5282454410528226e-43,0,0,0
3950,4014,7.7386926452451223e-44,1.5189419217816502e-46,1,1.5189419217816502e-46,0,0,0
3950,4015,1.3605287077564172e-75,6.3625997847572681e-60,1,6.3625997847572681e-60,0,0,0
3950,4016,-7.7690714836807563e-44,3.8839028493729694e-44,1,3.8839028493729694e-44,0,0,0
3951,3952,-5.1137711366657606e-45,2.5568855683328803e-45,1,2.5568855683328803e-45,0,0,0
3951,4015,1.2784427841664401e-45,-0,1,-0,0,0,0
3951,4016,-2.1258261058694019e-77,1.0539776841441624e-61,1,1.0539776841441624e-61,0,0,0
3951,4017,-1.2784427841664401e-45,6.3922139208322007e-46,1,6.3922139208322007e-46,0,0,0
3952,3953,0,-0,1,-0,0,0,0
3952,4016,1.2657849348182567e-47,-6.3289246740912837e-48,1,-6.3289246740912837e-48,0,0,0
3952,4017,0,-0,1,-0,0,0,0
3952,4018,0,-0,1,-0,0,0,0
3953,3954,0,-0,1,-0,0,0,0
3953,4017,0,-0,1,-0,0,0,0
3953,4018,0,-0,1,-0,0,0,0
3953,4019,0,-0,1,-0,0,0,0
3954,3955,0,-0,1,-0,0,0,0
3954,4018,0,-0,1,-0,0,0,0
3954,4019,0,-0,1,-0,0,0,0
3954,4020,0,-0,1,-0,0,0,0
3955,3956,0,-0,1,-0,0,0,0
3955,4019,0,-0,1,-0,0,0,0
3955,4020,0,-0,1,-0,0,0,0
3955,4021,0,-0,1,-0,0,0,0
3956,3957,0,-0,1,-0,0,0,0
3956,4020,0,-0,1,-0,0,0,0
3956,4021,0,-0,1,-0,0,0,0
3956,4022,0,-0,1,-0,0,0,0
3957,3958,0,-0,1,-0,0,0,0
3957,4021,0,-0,1,-0,0,0,0
3957,4022,0,-0,1,-0,0,0,0
3957,4023,0,-0,1,-0,0,0,0
3958,3959,0,-0,1,-0,0,0,0
3958,4022,0,-0,1,-0,0,0,0
3958,4023,0,-0,1,-0,0,0,0
3958,4024,0,-0,1,-0,0,0,0
3959,3960,0,-0,1,-0,0,0,0
3959,4023,0,-0,1,-0,0,0,0
3959,4024,0,-0,1,-0,0,0,0
3959,4025,0,-0,1,-0,0,0,0
3960,3961,0,-0,1,-0,0,0,0
3960,4024,0,-0,1,-0,0,0,0
3960,4025,0,-0,1,-0,0,0,0
3960,4026,0,-0,1,-0,0,0,0
3961,3962,0,-0,1,-0,0,0,0
3961,4025,0,-0,1,-0,0,0,0
3961,4026,0,-0,1,-0,0,0,0
3961,4027,0,-0,1,-0,0,0,0
3962,3963,0,-0,1,-0,0,0,0
3962,4026,0,-0,1,-0,0,0,0
3962,4027,0,-0,1,-0,0,0,0
3962,4028,0,-0,1,-0,0,0,0
3963,3964,0,-0,1,-0,0,0,0
3963,4027,0,-0,1,-0,0,0,0
3963,4028,0,-0,1,-0,0,0,0
3963,4029,0,-0,1,-0,0,0,0
3964,4028,0,-0,1,-0,0,0,0
3964,4029,0,-0,1,-0,0,0,0
3965,3966,0,-0,1,-0,0,0,0
3965,4030,0,-0,1,-0,0,0,0
3965,4031,0,-0,1,-0,0,0,0
3966,3967,0,-0,1,-0,0,0,0
3966,4030,0,-0,1,-0,0,0,0
3966,4031,0,-0,1,-0,0,0,0
3966,4032,0,-0,1,-0,0,0,0
3967,3968,0,-0,1,-0,0,0,0
3967,4031,0,-0,1,-0,0,0,0
3967,4032,0,-0,1,-0,0,0,0
3967,4033,0,-0,1,-0,0,0,0
3968,3969,0,-0,1,-0,0,0,0
3968,4032,0,-0,1,-0,0,0,0
3968,4033,0,-0,1,-0,0,0,0
3968,4034,0,-0,1,-0,0,0,0
3969,3970,0,-0,1,-0,0,0,0
3969,4033,0,-0,1,-0,0,0,0
3969,4034,0,-0,1,-0,0,0,0
3969,4035,0,-0,1,-0,0,0,0
3970,3971,0,-0,1,-0,0,0,0
3970,4034,0,-0,1,-0,0,0,0
3970,4035,0,-0,1,-0,0,0,0
3970,4036,0,-0,1,-0,0,0,0
3971,3972,0,-0,1,-0,0,0,0
3971,4035,0,-0,1,-0,0,0,0
3971,4036,0,-0,1,-0,0,0,0
3971,4037,0,-0,1,-0,0,0,0
3972,3973,0,-0,1,-0,0,0,0
3972,4036,0,-0,1,-0,0,0,0
3972,4037,0,-0,1,-0,0,0,0
3972,4038,0,-0,1,-0,0,0,0
3973,3974,0,-0,1,-0,0,0,0
3973,4037,0,-0,1,-0,0,0,0
3973,4038,0,-0,1,-0,0,0,0
3973,4039,0,-0,1,-0,0,0,0
3974,3975,0,-0,1,-0,0,0,0
3974,4038,0,-0,1,-0,0,0,0
3974,4039,0,-0,1,-0,0,0,0
3974,4040,0,-0,1,-0,0,0,0
3975,3976,0,-0,1,-0,0,0,0
3975,4039,0,-0,1,-0,0,0,0
3975,4040,0,-0,1,-0,0,0,0
3975,4041,0,-0,1,-0,0,0,0
3976,3977,0,-0,1,-0,0,0,0
3976,4040,0,-0,1,-0,0,0,0
3976,4041,0,-0,1,-0,0,0,0
3976,4042,0,-0,1,-0,0,0,0
3977,3978,0,-0,1,-0,0,0,0
3977,4041,0,-0,1,-0,0,0,0
3977,4042,0,-0,1,-0,0,0,0
3977,4043,0,-0,1,-0,0,0,0
3978,3979,0,-0,1,-0,0,0,0
3978,4042,0,-0,1,-0,0,0,0
3978,4043,0,-0,1,-0,0,0,0
3978,4044,0,-0,1,-0,0,0,0
3979,3980,0,-0,1,-0,0,0,0
3979,4043,0,-0,1,-0,0,0,0
3979,4044,0,-0,1,-0,0,0,0
3979,4045,0,-0,1,-0,0,0,0
3980,3981,0,-0,1,-0,0,0,0
3980,4044,0,-0,1,-0,0,0,0
3980,4045,0,-0,1,-0,0,0,0
3980,4046,0,-0,1,-0,0,0,0
3981,3982,0,-0,1,-0,0,0,0
3981,4045,0,-0,1,-0,0,0,0
3981,4046,0,-0,1,-0,0,0,0
3981,4047,0,-0,1,-0,0,0,0
3982,3983,0,-0,1,-0,0,0,0
3982,4046,0,-0,1,-0,0,0,0
3982,4047,0,-0,1,-0,0,0,0
3982,4048,0,-0,1,-0,0,0,0
3983,3984,0,-0,1,-0,0,0,0
3983,4047,0,-0,1,-0,0,0,0
3983,4048,0,-0,1,-0,0,0,0
3983,4049,0,-0,1,-0,0,0,0
3984,3985,0,-0,1,-0,0,0,0
3984,4048,0,-0,1,-0,0,0,0
3984,4049,0,-0,1,-0,0,0,0
3984,4050,0,-0,1,-0,0,0,0
3985,3986,0,-0,1,-0,0,0,0
3985,4049,0,-0,1,-0,0,0,0
3985,4050,0,-0,1,-0,0,0,0
3985,4051,0,-0,1,-0,0,0,0
3986,3987,0,-0,1,-0,0,0,0
3986,4050,0,-0,1,-0,0,0,0
3986,4051,0,-0,1,-0,0,0,0
3986,4052,0,-0,1,-0,0,0,0
3987,3988,0,-0,1,-0,0,0,0
3987,4051,0,-0,1,-0,0,0,0
3987,4052,0,-0,1,-0,0,0,0
3987,4053,0,-0,1,-0,0,0,0
3988,3989,0,-0,1,-0,0,0,0
3988,4052,0,-0,1,-0,0,0,0
3988,4053,0,-0,1,-0,0,0,0
3988,4054,0,-0,1,-0,0,0,0
3989,3990,0,-0,1,-0,0,0,0
3989,4053,0,-0,1,-0,0,0,0
3989,4054,0,-0,1,-0,0,0,0
3989,4055,0,-0,1,-0,0,0,0
3990,3991,0,-0,1,-0,0,0,0
3990,4054,0,-0,1,-0,0,0,0
3990,4055,0,-0,1,-0,0,0,0
3990,4056,0,-0,1,-0,0,0,0
3991,3992,0,-0,1,-0,0,0,0
3991,4055,0,-0,1,-0,0,0,0
3991,4056,0,-0,1,-0,0,0,0
3991,4057,0,-0,1,-0,0,0,0
3992,3993,0,-0,1,-0,0,0,0
3992,4056,0,-0,1,-0,0,0,0
3992,4057,0,-0,1,-0,0,0,0
3992,4058,0,-0,1,-0,0,0,0
3993,3994,0,-0,1,-0,0,0,0
3993,4057,0,-0,1,-0,0,0,0
3993,4058,0,-0,1,-0,0,0,0
3993,4059,0,-0,1,-0,0,0,0
3994,3995,0,-0,1,-0,0,0,0
3994,4058,0,-0,1,-0,0,0,0
3994,4059,0,-0,1,-0,0,0,0
3994,4060,0,-0,1,-0,0,0,0
3995,3996,0,-0,1,-0,0,0,0
3995,4059,0,-0,1,-0,0,0,0
3995,4060,0,-0,1,-0,0,0,0
3995,4061,0,-0,1,-0,0,0,0
3996,3997,0,-0,1,-0,0,0,0
3996,4060,0,-0,1,-0,0,0,0
3996,4061,0,-0,1,-0,0,0,0
3996,4062,0,-0,1,-0,0,0,0
3997,3998,0,-0,1,-0,0,0,0
3997,4061,0,-0,1,-0,0,0,0
3997,4062,0,-0,1,-0,0,0,0
3997,4063,0,-0,1,-0,0,0,0
3998,3999,0,-0,1,-0,0,0,0
3998,4062,0,-0,1,-0,0,0,0
3998,4063,0,-0,1,-0,0,0,0
3998,4064,0,-0,1,-0,0,0,0
3999,4000,0,-0,1,-0,0,0,0
3999,4063,0,-0,1,-0,0,0,0
3999,4064,0,-0,1,-0,0,0,0
3999,4065,0,-0,1,-0,0,0,0
4000,4001,0,-0,1,-0,0,0,0
4000,4064,0,-0,1,-0,0,0,0
4000,4065,0,-0,1,-0,0,0,0
4000,4066,0,-0,1,-0,0,0,0
4001,4002,0,8.3083329832930295e-56,1,8.3083329832930295e-56,0,0,0
4001,4065,0,-0,1,-0,0,0,0
4001,4066,0,-0,1,-0,0,0,0
4001,4067,0,-0,1,-0,0,0,0
4002,4003,1.5685828048073377e-55,4.0194979455699054e-41,8.903147061527566e-20,3.578618132291679e-60,0,0,0
4002,4066,0,-2.0770832458232574e-56,0,-0,0,0,0
4002,4067,0,-3.4590384653642033e-72,0,-0,0,0,0
4002,4068,4.1541664916465147e-56,-2.7236141934874916e-60,3.0410900703041678e-17,-8.2827560791543055e-77,0,0,0
4003,4004,8.0389958911386811e-41,1.1127528592748026e-37,0.00019860609801761487,2.2099950343851264e-41,0,0,0
4003,4067,0,-1.0048744863924783e-41,0,-0,0,0,0
4003,4068,0,-1.6734521874769593e-57,3.0410900703041678e-17,-5.0891188304649695e-74,0,0,0
4003,4069,2.0097489727849565e-41,-1.0028090639273313e-41,1,-1.0028090639273313e-41,0,0,0
4004,4005,2.2263096181387191e-37,-1.1132578275007099e-37,1,-1.1132578275007099e-37,0,0,0
4004,4068,0,-2.7828870226733989e-38,3.0410900703041678e-17,-8.4630100914304031e-55,0,0,0
4004,4069,0,-4.6344344316344737e-54,1,-4.6344344316344737e-54,0,0,0
4004,4070,5.5657740453467979e-38,-2.7828870226733989e-38,1,-2.7828870226733989e-38,0,0,0
4005,4006,-2.0603686270063466e-41,-6.5187088191322383e-38,1,-6.5187088191322383e-38,0,0,0
4005,4069,-4.1308449302941151e-44,2.5961150084101876e-42,1,2.5961150084101876e-42,0,0,0
4005,4070,0,4.2890037917221208e-58,1,4.2890037917221208e-58,0,0,0
4005,4071,-5.1509215675174342e-42,2.570708661942483e-42,1,2.570708661942483e-42,0,0,0
4006,4007,-1.3039478006891483e-37,6.5198481239075795e-38,1,6.5198481239075795e-38,0,0,0
4006,4070,0,1.6299347508614354e-38,1,1.6299347508614354e-38,0,0,0
4006,4071,0,2.7143858421772936e-54,1,2.7143858421772936e-54,0,0,0
4006,4072,-3.2598695017228707e-38,1.6299347508614354e-38,1,1.6299347508614354e-38,0,0,0
4007,4008,2.1824092367572915e-42,1.9126398900417626e-38,1,1.9126398900417626e-38,0,0,0
4007,4071,9.5042436324676693e-45,-2.7755327641110555e-43,1,-2.7755327641110555e-43,0,0,0
4007,4072,-5.4421148310256688e-75,-4.5430518446344185e-59,1,-4.5430518446344185e-59,0,0,0
4007,4073,5.4560230918974322e-43,-2.7234850027357515e-43,1,-2.7234850027357515e-43,0,0,0
4008,4009,3.8254980210072008e-38,-1.9127490105036004e-38,1,-1.9127490105036004e-38,0,0,0
4008,4072,0,-4.781872526259001e-39,1,-4.781872526259001e-39,0,0,0
4008,4073,0,-7.9634167153919396e-55,1,-7.9634167153919396e-55,0,0,0
4008,4074,9.5637450525180019e-39,-4.781872526259001e-39,1,-4.781872526259001e-39,0,0,0
4009,4010,0,-3.4703557363102288e-39,1,-3.4703557363102288e-39,0,0,0
4009,4073,-9.0530864259296351e-46,4.5265432129648175e-46,1,4.5265432129648175e-46,0,0,0
4009,4074,0,-0,1,-0,0,0,0
4009,4075,0,-2.5530319088661086e-62,1,-2.5530319088661086e-62,0,0,0
4010,4011,-6.9407114726204575e-39,2.2172583868457873e-39,1,2.2172583868457873e-39,0,0,0
4010,4074,0,8.6758893407755719e-40,1,8.6758893407755719e-40,0,0,0
4010,4075,0,1.4448258157843524e-55,3.665936267203281e-21,5.2966393578754241e-76,0,0,0
4010,4076,-1.7351778681551144e-39,8.6449981146495066e-40,1,8.6449981146495066e-40,0,0,0
4011,4012,-2.5061946989288817e-39,1.1213372352141422e-39,1,1.1213372352141422e-39,0,0,0
4011,4075,0,3.1327433736611029e-40,3.665936267203281e-21,1.1484437549344997e-60,0,0,0
4011,4076,1.114545117394057e-71,5.1656215097645814e-56,1,5.1656215097645814e-56,0,0,0
4011,4077,-6.2654867473222058e-40,3.1266247700593507e-40,1,3.1266247700593507e-40,0,0,0
4012,4013,-2.6352022850059735e-40,1.2556525096829555e-40,1,1.2556525096829555e-40,0,0,0
4012,4076,6.1782452252130579e-42,2.9850905949968139e-41,1,2.9850905949968139e-41,0,0,0
4012,4077,0,5.3837215023388134e-57,1,5.3837215023388134e-57,0,0,0
4012,4078,-6.5880057125149339e-41,3.2906423554786418e-41,1,3.2906423554786418e-41,0,0,0
4013,4014,-1.2389726564006256e-41,6.040089429098224e-42,1,6.040089429098224e-42,0,0,0
4013,4077,1.2237207203504191e-42,9.3685546032557221e-43,1,9.3685546032557221e-43,0,0,0
4013,4078,0,2.5231663636979703e-58,1,2.5231663636979703e-58,0,0,0
4013,4079,-3.097431641001564e-42,1.5480765991086988e-42,1,1.5480765991086988e-42,0,0,0
4014,4015,-3.0954770580980497e-43,1.5221696733656958e-43,1,1.5221696733656958e-43,0,0,0
4014,4078,6.7210015576512507e-44,5.0884554379693611e-45,1,5.0884554379693611e-45,0,0,0
4014,4079,1.3605287077564172e-75,6.3373043203378127e-60,1,6.3373043203378127e-60,0,0,0
4014,4080,-7.7386926452451242e-44,3.8687134301551524e-44,1,3.8687134301551524e-44,0,0,0
4015,4016,-5.1137711366657606e-45,2.5315698696365148e-45,1,2.5315698696365148e-45,0,0,0
4015,4079,1.2784427841664401e-45,-0,1,-0,0,0,0
4015,4080,-2.1258261058694019e-77,1.0539776841441624e-61,1,1.0539776841441624e-61,0,0,0
4015,4081,-1.2784427841664401e-45,6.3922139208322007e-46,1,6.3922139208322007e-46,0,0,0
4016,4017,-5.063139739273027e-47,2.5315698696365135e-47,1,2.5315698696365135e-47,0,0,0
4016,4080,1.2657849348182567e-47,-0,1,-0,0,0,0
4016,4081,0,1.0539776841441618e-63,1,1.0539776841441618e-63,0,0,0
4016,4082,-1.2657849348182567e-47,6.3289246740912837e-48,1,6.3289246740912837e-48,0,0,0
4017,4018,0,-0,1,-0,0,0,0
4017,4081,0,-0,1,-0,0,0,0
4017,4082,0,-0,1,-0,0,0,0
4017,4083,0,-0,1,-0,0,0,0
4018,4019,0,-0,1,-0,0,0,0
4018,4082,0,-0,1,-0,0,0,0
4018,4083,0,-0,1,-0,0,0,0
4018,4084,0,-0,1,-0,0,0,0
4019,4020,0,-0,1,-0,0,0,0
4019,4083,0,-0,1,-0,0,0,0
4019,4084,0,-0,1,-0,0,0,0
4019,4085,0,-0,1,-0,0,0,0
4020,4021,0,-0,1,-0,0,0,0
4020,4084,0,-0,1,-0,0,0,0
4020,4085,0,-0,1,-0,0,0,0
4020,4086,0,-0,1,-0,0,0,0
4021,4022,0,-0,1,-0,0,0,0
4021,4085,0,-0,1,-0,0,0,0
4021,4086,0,-0,1,-0,0,0,0
4021,4087,0,-0,1,-0,0,0,0
4022,4023,0,-0,1,-0,0,0,0
4022,4086,0,-0,1,-0,0,0,0
4022,4087,0,-0,1,-0,0,0,0
4022,4088,0,-0,1,-0,0,0,0
4023,4024,0,-0,1,-0,0,0,0
4023,4087,0,-0,1,-0,0,0,0
4023,4088,0,-0,1,-0,0,0,0
4023,4089,0,-0,1,-0,0,0,0
4024,4025,0,-0,1,-0,0,0,0
4024,4088,0,-0,1,-0,0,0,0
4024,4089,0,-0,1,-0,0,0,0
4024,4090,0,-0,1,-0,0,0,0
4025,4026,0,-0,1,-0,0,0,0
4025,4089,0,-0,1,-0,0,0,0
4025,4090,0,-0,1,-0,0,0,0
4025,4091,0,-0,1,-0,0,0,0
4026,4027,0,-0,1,-0,0,0,0
4026,4090,0,-0,1,-0,0,0,0
4026,4091,0,-0,1,-0,0,0,0
4026,4092,0,-0,1,-0,0,0,0
4027,4028,0,-0,1,-0,0,0,0
4027,4091,0,-0,1,-0,0,0,0
4027,4092,0,-0,1,-0,0,0,0
4027,4093,0,-0,1,-0,0,0,0
4028,4029,0,-0,1,-0,0,0,0
4028,4092,0,-0,1,-0,0,0,0
4028,4093,0,-0,1,-0,0,0,0
4028,4094,0,-0,1,-0,0,0,0
4029,4093,0,-0,1,-0,0,0,0
4029,4094,0,-0,1,-0,0,0,0
4030,4031,0,-0,1,-0,0,0,0
4030,4095,0,-0,1,-0,0,0,0
4030,4096,0,-0,1,-0,0,0,0
4031,4032,0,-0,1,-0,0,0,0
4031,4095,0,-0,1,-0,0,0,0
4031,4096,0,-0,1,-0,0,0,0
4031,4097,0,-0,1,-0,0,0,0
4032,4033,0,-0,1,-0,0,0,0
4032,4096,0,-0,1,-0,0,0,0
4032,4097,0,-0,1,-0,0,0,0
4032,4098,0,-0,1,-0,0,0,0
4033,4034,0,-0,1,-0,0,0,0
4033,4097,0,-0,1,-0,0,0,0
4033,4098,0,-0,1,-0,0,0,0
4033,4099,0,-0,1,-0,0,0,0
4034,4035,0,-0,1,-0,0,0,0
4034,4098,0,-0,1,-0,0,0,0
4034,4099,0,-0,1,-0,0,0,0
4034,4100,0,-0,1,-0,0,0,0
4035,4036,0,-0,1,-0,0,0,0
4035,4099,0,-0,1,-0,0,0,0
4035,4100,0,-0,1,-0,0,0,0
4035,4101,0,-0,1,-0,0,0,0
4036,4037,0,-0,1,-0,0,0,0
4036,4100,0,-0,1,-0,0,0,0
4036,4101,0,-0,1,-0,0,0,0
4036,4102,0,-0,1,-0,0,0,0
4037,4038,0,-0,1,-0,0,0,0
4037,4101,0,-0,1,-0,0,0,0
4037,4102,0,-0,1,-0,0,0,0
4037,4103,0,-0,1,-0,0,0,0
4038,4039,0,-0,1,-0,0,0,0
4038,4102,0,-0,1,-0,0,0,0
4038,4103,0,-0,1,-0,0,0,0
4038,4104,0,-0,1,-0,0,0,0
4039,4040,0,-0,1,-0,0,0,0
4039,4103,0,-0,1,-0,0,0,0
4039,4104,0,-0,1,-0,0,0,0
4039,4105,0,-0,1,-0,0,0,0
4040,4041,0,-0,1,-0,0,0,0
4040,4104,0,-0,1,-0,0,0,0
4040,4105,0,-0,1,-0,0,0,0
4040,4106,0,-0,1,-0,0,0,0
4041,4042,0,-0,1,-0,0,0,0
4041,4105,0,-0,1,-0,0,0,0
4041,4106,0,-0,1,-0,0,0,0
4041,4107,0,-0,1,-0,0,0,0
4042,4043,0,-0,1,-0,0,0,0
4042,4106,0,-0,1,-0,0,0,0
4042,4107,0,-0,1,-0,0,0,0
4042,4108,0,-0,1,-0,0,0,0
4043,4044,0,-0,1,-0,0,0,0
4043,4107,0,-0,1,-0,0,0,0
4043,4108,0,-0,1,-0,0,0,0
4043,4109,0,-0,1,-0,0,0,0
4044,4045,0,-0,1,-0,0,0,0
4044,4108,0,-0,1,-0,0,0,0
4044,4109,0,-0,1,-0,0,0,0
4044,4110,0,-0,1,-0,0,0,0
4045,4046,0,-0,1,-0,0,0,0
4045,4109,0,-0,1,-0,0,0,0
4045,4110,0,-0,1,-0,0,0,0
4045,4111,0,-0,1,-0,0,0,0
4046,4047,0,-0,1,-0,0,0,0
4046,4110,0,-0,1,-0,0,0,0
4046,4111,0,-0,1,-0,0,0,0
4046,4112,0,-0,1,-0,0,0,0
4047,4048,0,-0,1,-0,0,0,0
4047,4111,0,-0,1,-0,0,0,0
4047,4112,0,-0,1,-0,0,0,0
4047,4113,0,-0,1,-0,0,0,0
4048,4049,0,-0,1,-0,0,0,0
4048,4112,0,-0,1,-0,0,0,0
4048,4113,0,-0,1,-0,0,0,0
4048,4114,0,-0,1,-0,0,0,0
4049,4050,0,-0,1,-0,0,0,0
4049,4113,0,-0,1,-0,0,0,0
4049,4114,0,-0,1,-0,0,0,0
4049,4115,0,-0,1,-0,0,0,0
4050,4051,0,-0,1,-0,0,0,0
4050,4114,0,-0,1,-0,0,0,0
4050,4115,0,-0,1,-0,0,0,0
4050,4116,0,-0,1,-0,0,0,0
4051,4052,0,-0,1,-0,0,0,0
4051,4115,0,-0,1,-0,0,0,0
4051,4116,0,-0,1,-0,0,0,0
4051,4117,0,-0,1,-0,0,0,0
4052,4053,0,-0,1,-0,0,0,0
4052,4116,0,-0,1,-0,0,0,0
4052,4117,0,-0,1,-0,0,0,0
4052,4118,0,-0,1,-0,0,0,0
4053,4054,0,-0,1,-0,0,0,0
4053,4117,0,-0,1,-0,0,0,0
4053,4118,0,-0,1,-0,0,0,0
4053,4119,0,-0,1,-0,0,0,0
4054,4055,0,-0,1,-0,0,0,0
4054,4118,0,-0,1,-0,0,0,0
4054,4119,0,-0,1,-0,0,0,0
4054,4120,0,-0,1,-0,0,0,0
4055,4056,0,-0,1,-0,0,0,0
4055,4119,0,-0,1,-0,0,0,0
4055,4120,0,-0,1,-0,0,0,0
4055,4121,0,-0,1,-0,0,0,0
4056,4057,0,-0,1,-0,0,0,0
4056,4120,0,-0,1,-0,0,0,0
4056,4121,0,-0,1,-0,0,0,0
4056,4122,0,-0,1,-0,0,0,0
4057,4058,0,-0,1,-0,0,0,0
4057,4121,0,-0,1,-0,0,0,0
4057,4122,0,-0,1,-0,0,0,0
4057,4123,0,-0,1,-0,0,0,0
4058,4059,0,-0,1,-0,0,0,0
4058,4122,0,-0,1,-0,0,0,0
4058,4123,0,-0,1,-0,0,0,0
4058,4124,0,-0,1,-0,0,0,0
4059,4060,0,-0,1,-0,0,0,0
4059,4123,0,-0,1,-0,0,0,0
4059,4124,0,-0,1,-0,0,0,0
4059,4125,0,-0,1,-0,0,0,0
4060,4061,0,-0,1,-0,0,0,0
4060,4124,0,-0,1,-0,0,0,0
4060,4125,0,-0,1,-0,0,0,0
4060,4126,0,-0,1,-0,0,0,0
4061,4062,0,-0,1,-0,0,0,0
4061,4125,0,-0,1,-0,0,0,0
4061,4126,0,-0,1,-0,0,0,0
4061,4127,0,-0,1,-0,0,0,0
4062,4063,0,-0,1,-0,0,0,0
4062,4126,0,-0,1,-0,0,0,0
4062,4127,0,-0,1,-0,0,0,0
4062,4128,0,-0,1,-0,0,0,0
4063,4064,0,-0,1,-0,0,0,0
4063,4127,0,-0,1,-0,0,0,0
4063,4128,0,-0,1,-0,0,0,0
4063,4129,0,-0,1,-0,0,0,0
4064,4065,0,-0,1,-0,0,0,0
4064,4128,0,-0,1,-0,0,0,0
4064,4129,0,-0,1,-0,0,0,0
4064,4130,0,-0,1,-0,0,0,0
4065,4066,0,-0,1,-0,0,0,0
4065,4129,0,-0,1,-0,0,0,0
4065,4130,0,-0,1,-0,0,0,0
4065,4131,0,-0,1,-0,0,0,0
4066,4067,0,-0,1,-0,0,0,0
4066,4130,0,-0,1,-0,0,0,0
4066,4131,0,-0,1,-0,0,0,0
4066,4132,0,-0,1,-0,0,0,0
4067,4068,0,8.3072435376156345e-56,0,0,0,0,0
4067,4131,0,-0,1,-0,0,0,0
4067,4132,0,-0,1,-0,0,0,0
4067,4133,0,-0,1,-0,0,0,0
4068,4069,1.6614723177795221e-55,8.2616898605798934e-44,3.0410900703041678e-17,2.5124542998942136e-60,0,0,0
4068,4132,0,-2.0768108844039086e-56,0,-0,0,0,0
4068,4133,0,-3.4585848924860322e-72,0,-0,0,0,0
4068,4134,4.1536217688078173e-56,-2.0768108844039086e-56,1,-2.0768108844039086e-56,0,0,0
4069,4070,1.6523379721176403e-43,-8.2616898605882014e-44,1,-8.2616898605882014e-44,0,0,0
4069,4133,0,-2.0654224651470504e-44,0,-0,0,0,0
4069,4134,0,-3.4396193645764588e-60,1,-3.4396193645764588e-60,0,0,0
4069,4135,4.1308449302941007e-44,-2.0654224651470504e-44,1,-2.0654224651470504e-44,0,0,0
4070,4071,0,-1.9008487264935299e-44,1,-1.9008487264935299e-44,0,0,0
4070,4134,0,-0,1,-0,0,0,0
4070,4135,0,-0,1,-0,0,0,0
4070,4136,0,-0,1,-0,0,0,0
4071,4072,-3.8016974529870597e-44,1.9008487264667127e-44,1,1.9008487264667127e-44,0,0,0
4071,4135,0,4.7521218162338247e-45,1,4.7521218162338247e-45,0,0,0
4071,4136,0,7.9138725843094675e-61,-0,-0,0,0,0
4071,4137,-9.5042436324676481e-45,4.7521218162334892e-45,1,4.7521218162334892e-45,0,0,0
4072,4073,-5.3634502826564651e-55,1.8106172854540995e-45,1,1.8106172854540995e-45,0,0,0
4072,4136,0,6.7043149343049707e-56,-0,-0,0,0,0
4072,4137,0,1.1109144357457402e-71,1,1.1109144357457402e-71,0,0,0
4072,4138,-1.3408629868609941e-55,6.7043149343049707e-56,1,6.7043149343049707e-56,0,0,0
4073,4074,3.621234570371854e-45,-1.810617285185927e-45,1,-1.810617285185927e-45,0,0,0
4073,4137,6.6997939868418885e-58,-4.5265432129681671e-46,1,-4.5265432129681671e-46,0,0,0
4073,4138,0,-7.5382087454914142e-62,1,-7.5382087454914142e-62,0,0,0
4073,4139,9.0530864259296351e-46,-4.5265432129648175e-46,1,-4.5265432129648175e-46,0,0,0
4074,4075,0,-1.0212127635464434e-61,1,-1.0212127635464434e-61,0,0,0
4074,4138,0,-0,1,-0,0,0,0
4074,4139,0,-0,1,-0,0,0,0
4074,4140,0,-0,1,-0,0,0,0
4075,4076,0,-1.2356490450426129e-41,3.665936267203281e-21,-4.529810647756815e-62,0,0,0
4075,4139,0,2.5530319088661086e-62,1,2.5530319088661086e-62,0,0,0
4075,4140,0,4.2516522117388037e-78,-0,-0,0,0,0
4075,4141,-5.0861182559442024e-62,-3.1644623370456321e-48,3.665936267203281e-21,-1.1600717247574435e-68,0,0,0
4076,4077,-2.4712980900852257e-41,9.9090490097252899e-42,1,9.9090490097252899e-42,0,0,0
4076,4140,0,3.0891226126065321e-42,-0,-0,0,0,0
4076,4141,-8.7073837296410701e-74,5.1444173057205674e-58,0.00018246810526279691,9.3869207845597455e-62,0,0,0
4076,4142,-6.1782452252130643e-42,3.0827498551226263e-42,1,3.0827498551226263e-42,0,0,0
4077,4078,-4.8948828814016772e-42,2.3130214095478134e-42,1,2.3130214095478134e-42,0,0,0
4077,4141,6.3289246741732707e-48,6.1185719571287251e-43,0.00018246810526279691,1.1164442319313614e-46,0,0,0
4077,4142,0,1.0083394164494624e-58,1,1.0083394164494624e-58,0,0,0
4077,4143,-1.2237207203504193e-42,6.1132662086102795e-43,1,6.1132662086102795e-43,0,0,0
4078,4079,-2.6884006230605003e-43,1.3186314558469215e-43,1,1.3186314558469215e-43,0,0,0
4078,4142,1.2745514967811038e-44,2.7232250304350736e-44,1,2.7232250304350736e-44,0,0,0
4078,4143,0,5.5074725570216488e-60,1,5.5074725570216488e-60,0,0,0
4078,4144,-6.7210015576512507e-44,3.3598678863582166e-44,1,3.3598678863582166e-44,0,0,0
4079,4080,-5.1137711366657606e-45,2.5315698696365148e-45,1,2.5315698696365148e-45,0,0,0
4079,4143,1.0674786283633975e-45,1.054820779015213e-46,1,1.054820779015213e-46,0,0,0
4079,4144,-2.1258261058694019e-77,1.0539776841441624e-61,1,1.0539776841441624e-61,0,0,0
4079,4145,-1.2784427841664401e-45,6.3922139208322007e-46,1,6.3922139208322007e-46,0,0,0
4080,4081,-5.063139739273027e-47,2.5315698696365135e-47,1,2.5315698696365135e-47,0,0,0
4080,4144,1.2657849348182567e-47,-0,1,-0,0,0,0
4080,4145,0,1.0539776841441618e-63,1,1.0539776841441618e-63,0,0,0
4080,4146,-1.2657849348182567e-47,6.3289246740912837e-48,1,6.3289246740912837e-48,0,0,0
4081,4082,0,-0,1,-0,0,0,0
4081,4145,0,-0,1,-0,0,0,0
4081,4146,0,-0,1,-0,0,0,0
4081,4147,0,-0,1,-0,0,0,0
4082,4083,0,-0,1,-0,0,0,0
4082,4146,0,-0,1,-0,0,0,0
4082,4147,0,-0,1,-0,0,0,0
4082,4148,0,-0,1,-0,0,0,0
4083,4084,0,-0,1,-0,0,0,0
4083,4147,0,-0,1,-0,0,0,0
4083,4148,0,-0,1,-0,0,0,0
4083,4149,0,-0,1,-0,0,0,0
4084,4085,0,-0,1,-0,0,0,0
4084,4148,0,-0,1,-0,0,0,0
4084,4149,0,-0,1,-0,0,0,0
4084,4150,0,-0,1,-0,0,0,0
4085,4086,0,-0,1,-0,0,0,0
4085,4149,0,-0,1,-0,0,0,0
4085,4150,0,-0,1,-0,0,0,0
4085,4151,0,-0,1,-0,0,0,0
4086,4087,0,-0,1,-0,0,0,0
4086,4150,0,-0,1,-0,0,0,0
4086,4151,0,-0,1,-0,0,0,0
4086,4152,0,-0,1,-0,0,0,0
4087,4088,0,-0,1,-0,0,0,0
4087,4151,0,-0,1,-0,0,0,0
4087,4152,0,-0,1,-0,0,0,0
4087,4153,0,-0,1,-0,0,0,0
4088,4089,0,-0,1,-0,0,0,0
4088,4152,0,-0,1,-0,0,0,0
4088,4153,0,-0,1,-0,0,0,0
4088,4154,0,-0,1,-0,0,0,0
4089,4090,0,-0,1,-0,0,0,0
4089,4153,0,-0,1,-0,0,0,0
4089,4154,0,-0,1,-0,0,0,0
4089,4155,0,-0,1,-0,0,0,0
4090,4091,0,-0,1,-0,0,0,0
4090,4154,0,-0,1,-0,0,0,0
4090,4155,0,-0,1,-0,0,0,0
4090,4156,0,-0,1,-0,0,0,0
4091,4092,0,-0,1,-0,0,0,0
4091,4155,0,-0,1,-0,0,0,0
4091,4156,0,-0,1,-0,0,0,0
4091,4157,0,-0,1,-0,0,0,0
4092,4093,0,-0,1,-0,0,0,0
4092,4156,0,-0,1,-0,0,0,0
4092,4157,0,-0,1,-0,0,0,0
4092,4158,0,-0,1,-0,0,0,0
4093,4094,0,-0,1,-0,0,0,0
4093,4157,0,-0,1,-0,0,0,0
4093,4158,0,-0,1,-0,0,0,0
4093,4159,0,-0,1,-0,0,0,0
4094,4158,0,-0,1,-0,0,0,0
4094,4159,0,-0,1,-0,0,0,0
4095,4096,0,-0,1,-0,0,0,0
4095,4160,0,-0,1,-0,0,0,0
4095,4161,0,-0,1,-0,0,0,0
4096,4097,0,-0,1,-0,0,0,0
4096,4160,0,-0,1,-0,0,0,0
4096,4161,0,-0,1,-0,0,0,0
4096,4162,0,-0,1,-0,0,0,0
4097,4098,0,-0,1,-0,0,0,0
4097,4161,0,-0,1,-0,0,0,0
4097,4162,0,-0,1,-0,0,0,0
4097,4163,0,-0,1,-0,0,0,0
4098,4099,0,-0,1,-0,0,0,0
4098,4162,0,-0,1,-0,0,0,0
4098,4163,0,-0,1,-0,0,0,0
4098,4164,0,-0,1,-0,0,0,0
4099,4100,0,-0,1,-0,0,0,0
4099,4163,0,-0,1,-0,0,0,0
4099,4164,0,-0,1,-0,0,0,0
4099,4165,0,-0,1,-0,0,0,0
4100,4101,0,-0,1,-0,0,0,0
4100,4164,0,-0,1,-0,0,0,0
4100,4165,0,-0,1,-0,0,0,0
4100,4166,0,-0,1,-0,0,0,0
4101,4102,0,-0,1,-0,0,0,0
4101,4165,0,-0,1,-0,0,0,0
4101,4166,0,-0,1,-0,0,0,0
4101,4167,0,-0,1,-0,0,0,0
4102,4103,0,-0,1,-0,0,0,0
4102,4166,0,-0,1,-0,0,0,0
4102,4167,0,-0,1,-0,0,0,0
4102,4168,0,-0,1,-0,0,0,0
4103,4104,0,-0,1,-0,0,0,0
4103,4167,0,-0,1,-0,0,0,0
4103,4168,0,-0,1,-0,0,0,0
4103,4169,0,-0,1,-0,0,0,0
4104,4105,0,-0,1,-0,0,0,0
4104,4168,0,-0,1,-0,0,0,0
4104,4169,0,-0,1,-0,0,0,0
4104,4170,0,-0,1,-0,0,0,0
4105,4106,0,-0,1,-0,0,0,0
4105,4169,0,-0,1,-0,0,0,0
4105,4170,0,-0,1,-0,0,0,0
4105,4171,0,-0,1,-0,0,0,0
4106,4107,0,-0,1,-0,0,0,0
4106,4170,0,-0,1,-0,0,0,0
4106,4171,0,-0,1,-0,0,0,0
4106,4172,0,-0,1,-0,0,0,0
4107,4108,0,-0,1,-0,0,0,0
4107,4171,0,-0,1,-0,0,0,0
4107,4172,0,-0,1,-0,0,0,0
4107,4173,0,-0,1,-0,0,0,0
4108,4109,0,-0,1,-0,0,0,0
4108,4172,0,-0,1,-0,0,0,0
4108,4173,0,-0,1,-0,0,0,0
4108,4174,0,-0,1,-0,0,0,0
4109,4110,0,-0,1,-0,0,0,0
4109,4173,0,-0,1,-0,0,0,0
4109,4174,0,-0,1,-0,0,0,0
4109,4175,0,-0,1,-0,0,0,0
4110,4111,0,-0,1,-0,0,0,0
4110,4174,0,-0,1,-0,0,0,0
4110,4175,0,-0,1,-0,0,0,0
4110,4176,0,-0,1,-0,0,0,0
4111,4112,0,-0,1,-0,0,0,0
4111,4175,0,-0,1,-0,0,0,0
4111,4176,0,-0,1,-0,0,0,0
4111,4177,0,-0,1,-0,0,0,0
4112,4113,0,-0,1,-0,0,0,0
4112,4176,0,-0,1,-0,0,0,0
4112,4177,0,-0,1,-0,0,0,0
4112,4178,0,-0,1,-0,0,0,0
4113,4114,0,-0,1,-0,0,0,0
4113,4177,0,-0,1,-0,0,0,0
4113,4178,0,-0,1,-0,0,0,0
4113,4179,0,-0,1,-0,0,0,0
4114,4115,0,-0,1,-0,0,0,0
4114,4178,0,-0,1,-0,0,0,0
4114,4179,0,-0,1,-0,0,0,0
4114,4180,0,-0,1,-0,0,0,0
4115,4116,0,-0,1,-0,0,0,0
4115,4179,0,-0,1,-0,0,0,0
4115,4180,0,-0,1,-0,0,0,0
4115,4181,0,-0,1,-0,0,0,0
4116,4117,0,-0,1,-0,0,0,0
4116,4180,0,-0,1,-0,0,0,0
4116,4181,0,-0,1,-0,0,0,0
4116,4182,0,-0,1,-0,0,0,0
4117,4118,0,-0,1,-0,0,0,0
4117,4181,0,-0,1,-0,0,0,0
4117,4182,0,-0,1,-0,0,0,0
4117,4183,0,-0,1,-0,0,0,0
4118,4119,0,-0,1,-0,0,0,0
4118,4182,0,-0,1,-0,0,0,0
4118,4183,0,-0,1,-0,0,0,0
4118,4184,0,-0,1,-0,0,0,0
4119,4120,0,-0,1,-0,0,0,0
4119,4183,0,-0,1,-0,0,0,0
4119,4184,0,-0,1,-0,0,0,0
4119,4185,0,-0,1,-0,0,0,0
4120,4121,0,-0,1,-0,0,0,0
4120,4184,0,-0,1,-0,0,0,0
4120,4185,0,-0,1,-0,0,0,0
4120,4186,0,-0,1,-0,0,0,0
4121,4122,0,-0,1,-0,0,0,0
4121,4185,0,-0,1,-0,0,0,0
4121,4186,0,-0,1,-0,0,0,0
4121,4187,0,-0,1,-0,0,0,0
4122,4123,0,-0,1,-0,0,0,0
4122,4186,0,-0,1,-0,0,0,0
4122,4187,0,-0,1,-0,0,0,0
4122,4188,0,-0,1,-0,0,0,0
4123,4124,0,-0,1,-0,0,0,0
4123,4187,0,-0,1,-0,0,0,0
4123,4188,0,-0,1,-0,0,0,0
4123,4189,0,-0,1,-0,0,0,0
4124,4125,0,-0,1,-0,0,0,0
4124,4188,0,-0,1,-0,0,0,0
4124,4189,0,-0,1,-0,0,0,0
4124,4190,0,-0,1,-0,0,0,0
4125,4126,0,-0,1,-0,0,0,0
4125,4189,0,-0,1,-0,0,0,0
4125,4190,0,-0,1,-0,0,0,0
4125,4191,0,-0,1,-0,0,0,0
4126,4127,0,-0,1,-0,0,0,0
4126,4190,0,-0,1,-0,0,0,0
4126,4191,0,-0,1,-0,0,0,0
4126,4192,0,-0,1,-0,0,0,0
4127,4128,0,-0,1,-0,0,0,0
4127,4191,0,-0,1,-0,0,0,0
4127,4192,0,-0,1,-0,0,0,0
4127,4193,0,-0,1,-0,0,0,0
4128,4129,0,-0,1,-0,0,0,0
4128,4192,0,-0,1,-0,0,0,0
4128,4193,0,-0,1,-0,0,0,0
4128,4194,0,-0,1,-0,0,0,0
4129,4130,0,-0,1,-0,0,0,0
4129,4193,0,-0,1,-0,0,0,0
4129,4194,0,-0,1,-0,0,0,0
4129,4195,0,-0,1,-0,0,0,0
4130,4131,0,-0,1,-0,0,0,0
4130,4194,0,-0,1,-0,0,0,0
4130,4195,0,-0,1,-0,0,0,0
4130,4196,0,-0,1,-0,0,0,0
4131,4132,0,-0,1,-0,0,0,0
4131,4195,0,-0,1,-0,0,0,0
4131,4196,0,-0,1,-0,0,0,0
4131,4197,0,-0,1,-0,0,0,0
4132,4133,0,-0,1,-0,0,0,0
4132,4196,0,-0,1,-0,0,0,0
4132,4197,0,-0,1,-0,0,0,0
4132,4198,0,-0,1,-0,0,0,0
4133,4134,0,-0,1,-0,0,0,0
4133,4197,0,-0,1,-0,0,0,0
4133,4198,0,-0,1,-0,0,0,0
4133,4199,0,-0,1,-0,0,0,0
4134,4135,0,-0,1,-0,0,0,0
4134,4198,0,-0,1,-0,0,0,0
4134,4199,0,-0,1,-0,0,0,0
4134,4200,0,-0,1,-0,0,0,0
4135,4136,0,-0,1,-0,0,0,0
4135,4199,0,-0,1,-0,0,0,0
4135,4200,0,-0,1,-0,0,0,0
4135,4201,0,-0,1,-0,0,0,0
4136,4137,0,-1.3398592993978346e-57,-0,0,0,0,0
4136,4200,0,-0,1,-0,0,0,0
4136,4201,0,-0,1,-0,0,0,0
4136,4202,0,-0,1,-0,0,0,0
4137,4138,-2.6797185987956692e-57,1.3398592993978346e-57,1,1.3398592993978346e-57,0,0,0
4137,4201,0,3.3496482484945865e-58,-0,-0,0,0,0
4137,4202,0,5.5782849148110286e-74,-0,-0,0,0,0
4137,4203,-6.699296496989173e-58,3.3496482484945865e-58,1,3.3496482484945865e-58,0,0,0
4138,4139,0,-0,1,-0,0,0,0
4138,4202,0,-0,1,-0,0,0,0
4138,4203,0,-0,1,-0,0,0,0
4138,4204,0,-0,1,-0,0,0,0
4139,4140,0,-0,1,-0,0,0,0
4139,4203,0,-0,1,-0,0,0,0
4139,4204,0,-0,1,-0,0,0,0
4139,4205,0,-0,1,-0,0,0,0
4140,4141,0,-1.2657849348182631e-47,-0,0,0,0,0
4140,4204,0,-0,1,-0,0,0,0
4140,4205,0,-0,1,-0,0,0,0
4140,4206,0,-0,1,-0,0,0,0
4141,4142,-2.5315698696365271e-47,-2.5478372086273896e-44,0.00018246810526279691,-4.6489902797629318e-48,0,0,0
4141,4205,0,3.1644623370456576e-48,-0,-0,0,0,0
4141,4206,0,5.2698884207208344e-64,-0,-0,0,0,0
4141,4207,-6.3289246740913141e-48,-3.1644623370455969e-48,0.00018246810526279691,-5.7741344681619227e-52,0,0,0
4142,4143,-5.098205987124415e-44,2.3356072678895284e-44,1,2.3356072678895284e-44,0,0,0
4142,4206,0,6.37275748390552e-45,-0,-0,0,0,0
4142,4207,0,1.0602233356634846e-60,0.22883858267716359,2.4262000545448648e-61,0,0,0
4142,4208,-1.274551496781104e-44,6.3622092761153682e-45,1,6.3622092761153682e-45,0,0,0
4143,4144,-4.26991451345359e-45,2.1096415580304298e-45,1,2.1096415580304298e-45,0,0,0
4143,4207,1.2657849348182541e-47,5.2741038950760745e-46,0.22883858267716359,1.2069184602413167e-46,0,0,0
4143,4208,0,8.7128821889250789e-62,1,8.7128821889250789e-62,0,0,0
4143,4209,-1.0674786283633975e-45,5.3373931418169875e-46,1,5.3373931418169875e-46,0,0,0
4144,4145,-5.063139739273027e-47,2.5315698696365135e-47,1,2.5315698696365135e-47,0,0,0
4144,4208,2.1096415580304292e-47,-4.2192831160608617e-48,1,-4.2192831160608617e-48,0,0,0
4144,4209,0,1.0539776841441618e-63,1,1.0539776841441618e-63,0,0,0
4144,4210,-1.2657849348182567e-47,6.3289246740912837e-48,1,6.3289246740912837e-48,0,0,0
4145,4146,0,-0,1,-0,0,0,0
4145,4209,0,-0,1,-0,0,0,0
4145,4210,0,-0,1,-0,0,0,0
4145,4211,0,-0,1,-0,0,0,0
4146,4147,0,-0,1,-0,0,0,0
4146,4210,0,-0,1,-0,0,0,0
4146,4211,0,-0,1,-0,0,0,0
4146,4212,0,-0,1,-0,0,0,0
4147,4148,0,-0,1,-0,0,0,0
4147,4211,0,-0,1,-0,0,0,0
4147,4212,0,-0,1,-0,0,0,0
4147,4213,0,-0,1,-0,0,0,0
4148,4149,0,-0,1,-0,0,0,0
4148,4212,0,-0,1,-0,0,0,0
4148,4213,0,-0,1,-0,0,0,0
4148,4214,0,-0,1,-0,0,0,0
4149,4150,0,-0,1,-0,0,0,0
4149,4213,0,-0,1,-0,0,0,0
4149,4214,0,-0,1,-0,0,0,0
4149,4215,0,-0,1,-0,0,0,0
4150,4151,0,-0,1,-0,0,0,0
4150,4214,0,-0,1,-0,0,0,0
4150,4215,0,-0,1,-0,0,0,0
4150,4216,0,-0,1,-0,0,0,0
4151,4152,0,-0,1,-0,0,0,0
4151,4215,0,-0,1,-0,0,0,0
4151,4216,0,-0,1,-0,0,0,0
4151,4217,0,-0,1,-0,0,0,0
4152,4153,0,-0,1,-0,0,0,0
4152,4216,0,-0,1,-0,0,0,0
4152,4217,0,-0,1,-0,0,0,0
4152,4218,0,-0,1,-0,0,0,0
4153,4154,0,-0,1,-0,0,0,0
4153,4217,0,-0,1,-0,0,0,0
4153,4218,0,-0,1,-0,0,0,0
4153,4219,0,-0,1,-0,0,0,0
4154,4155,0,-0,1,-0,0,0,0
4154,4218,0,-0,1,-0,0,0,0
4154,4219,0,-0,1,-0,0,0,0
4154,4220,0,-0,1,-0,0,0,0
4155,4156,0,-0,1,-0,0,0,0
4155,4219,0,-0,1,-0,0,0,0
4155,4220,0,-0,1,-0,0,0,0
4155,4221,0,-0,1,-0,0,0,0
4156,4157,0,-0,1,-0,0,0,0
4156,4220,0,-0,1,-0,0,0,0
4156,4221,0,-0,1,-0,0,0,0
4156,4222,0,-0,1,-0,0,0,0
4157,4158,0,-0,1,-0,0,0,0
4157,4221,0,-0,1,-0,0,0,0
4157,4222,0,-0,1,-0,0,0,0
4157,4223,0,-0,1,-0,0,0,0
4158,4159,0,-0,1,-0,0,0,0
4158,4222,0,-0,1,-0,0,0,0
4158,4223,0,-0,1,-0,0,0,0
4158,4224,0,-0,1,-0,0,0,0
4159,4223,0,-0,1,-0,0,0,0
4159,4224,0,-0,1,-0,0,0,0
4160,4161,0,-0,1,-0,0,0,0
4161,4162,0,-0,1,-0,0,0,0
4162,4163,0,-0,1,-0,0,0,0
4163,4164,0,-0,1,-0,0,0,0
4164,4165,0,-0,1,-0,0,0,0
4165,4166,0,-0,1,-0,0,0,0
4166,4167,0,-0,1,-0,0,0,0
4167,4168,0,-0,1,-0,0,0,0
4168,4169,0,-0,1,-0,0,0,0
4169,4170,0,-0,1,-0,0,0,0
4170,4171,0,-0,1,-0,0,0,0
4171,4172,0,-0,1,-0,0,0,0
4172,4173,0,-0,1,-0,0,0,0
4173,4174,0,-0,1,-0,0,0,0
4174,4175,0,-0,1,-0,0,0,0
4175,4176,0,-0,1,-0,0,0,0
4176,4177,0,-0,1,-0,0,0,0
4177,4178,0,-0,1,-0,0,0,0
4178,4179,0,-0,1,-0,0,0,0
4179,4180,0,-0,1,-0,0,0,0
4180,4181,0,-0,1,-0,0,0,0
4181,4182,0,-0,1,-0,0,0,0
4182,4183,0,-0,1,-0,0,0,0
4183,4184,0,-0,1,-0,0,0,0
4184,4185,0,-0,1,-0,0,0,0
4185,4186,0,-0,1,-0,0,0,0
4186,4187,0,-0,1,-0,0,0,0
4187,4188,0,-0,1,-0,0,0,0
4188,4189,0,-0,1,-0,0,0,0
4189,4190,0,-0,1,-0,0,0,0
4190,4191,0,-0,1,-0,0,0,0
4191,4192,0,-0,1,-0,0,0,0
4192,4193,0,-0,1,-0,0,0,0
4193,4194,0,-0,1,-0,0,0,0
4194,4195,0,-0,1,-0,0,0,0
4195,4196,0,-0,1,-0,0,0,0
4196,4197,0,-0,1,-0,0,0,0
4197,4198,0,-0,1,-0,0,0,0
4198,4199,0,-0,1,-0,0,0,0
4199,4200,0,-0,1,-0,0,0,0
4200,4201,0,-0,1,-0,0,0,0
4201,4202,0,-0,1,-0,0,0,0
4202,4203,0,-0,1,-0,0,0,0
4203,4204,0,-0,1,-0,0,0,0
4204,4205,0,-0,1,-0,0,0,0
4205,4206,0,-0,1,-0,0,0,0
4206,4207,0,-1.2657849348182509e-47,-0,0,0,0,0
4207,4208,-2.5315698696365018e-47,-8.4385662321217829e-48,0.22883858267716359,-1.9310695363861215e-48,0,0,0
4208,4209,-4.2192831160608584e-47,2.1096415580304292e-47,1,2.1096415580304292e-47,0,0,0
4209,4210,0,-0,1,-0,0,0,0
4210,4211,0,-0,1,-0,0,0,0
4211,4212,0,-0,1,-0,0,0,0
4212,4213,0,-0,1,-0,0,0,0
4213,4214,0,-0,1,-0,0,0,0
4214,4215,0,-0,1,-0,0,0,0
4215,4216,0,-0,1,-0,0,0,0
4216,4217,0,-0,1,-0,0,0,0
4217,4218,0,-0,1,-0,0,0,0
4218,4219,0,-0,1,-0,0,0,0
4219,4220,0,-0,1,-0,0,0,0
4220,4221,0,-0,1,-0,0,0,0
4221,4222,0,-0,1,-0,0,0,0
4222,4223,0,-0,1,-0,0,0,0
4223,4224,0,-0,1,-0,0,0,0
