step,time,previous_measure,low_order_measure,raw_target_measure,limited_measure,cumulative_boundary_transfer,cumulative_discrete_divergence_source,accounted_measure,raw_measure_error,accounted_balance_error,minimum_indicator,maximum_indicator,maximum_courant,maximum_local_balance_residual,maximum_component_balance_residual,components
1,0.0070422535211267607,0.014160156249999991,0.014160156249999991,0.014160156249999991,0.014160156249999991,1.3031234782207263e-19,-5.3911857586509625e-20,0.014160156249999991,0,0,-2.7755575615628914e-17,1.0000000000000002,0.49946728943152985,6.3205362114866132e-21,1.050589644844518e-17,1
2,0.014084507042253521,0.014160156249999991,0.014160156249999991,0.014160156249999991,0.014160156249999993,2.5281946463687216e-19,-7.7558263011203071e-20,0.014160156249999991,1.7347234759768071e-18,1.7347234759768071e-18,-5.5511151231257827e-17,1.0000000000000002,0.49944012593764187,5.3320986395654322e-21,2.713730436205198e-17,1
3,0.021126760563380281,0.014160156249999993,0.014160156249999991,0.014160156249999991,0.014160156249999993,3.6716906902772225e-19,-1.0676070594403463e-19,0.014160156249999991,1.7347234759768071e-18,1.7347234759768071e-18,-6.2450045135165055e-17,1.0000000000000002,0.49938580042715042,6.2197229451326495e-21,1.1855857935956599e-17,1
4,0.028169014084507043,0.014160156249999993,0.014160156249999991,0.014160156249999991,0.014160156249999991,4.729900582088313e-19,-1.5817794039475257e-19,0.014160156249999991,0,0,-6.9388939039072284e-17,1.0000000000000002,0.49930431585454466,6.3527471044072525e-21,2.4098290027214172e-17,1
5,0.035211267605633804,0.014160156249999991,0.014160156249999991,0.014160156249999991,0.014160156249999991,5.6987914856240802e-19,-2.3057998241439645e-19,0.014160156249999991,0,0,-7.0256300777060687e-17,1.0000000000000002,0.49919567665135767,6.0351097491868899e-21,4.5048734124629101e-17,1
6,0.042253521126760563,0.014160156249999991,0.014160156249999991,0.014160156249999991,0.014160156249999991,6.5731764974929557e-19,-2.9160081723326052e-19,0.014160156249999991,0,0,-8.3266726846886741e-17,1.0000000000000002,0.49905988872592461,5.5057141571529522e-21,6.4588442057465218e-17,1
7,0.049295774647887328,0.014160156249999991,0.014160156249999991,0.014160156249999991,0.014160156249999991,7.3486180728785781e-19,-3.6233944150579268e-19,0.014160156249999991,0,0,-9.0205620750793969e-17,1.0000000000000002,0.49889695946306267,6.1409888675936775e-21,3.8468025274867117e-17,1
8,0.056338028169014086,0.014160156249999991,0.014160156249999991,0.014160156249999991,0.014160156249999991,8.021305412104623e-19,-1.955736337758953e-19,0.014160156249999991,0,0,-9.1940344226770776e-17,1.0000000000000002,0.4987068977236685,5.7174723939665273e-21,3.7252889038649763e-17,1
9,0.063380281690140844,0.014160156249999991,0.014160156249999993,0.014160156249999993,0.014160156249999993,8.5871449341060552e-19,1.5097845894658721e-18,0.014160156249999993,1.7347234759768071e-18,0,-9.3675067702747583e-17,1.0000000000000002,0.49848971384423635,5.082197683525802e-21,2.9671122027205428e-17,1
10,0.070422535211267609,0.014160156249999993,0.01416015625,0.01416015625,0.01416015625,9.0426045255337662e-19,8.4481772857644884e-18,0.01416015625,8.6736173798840355e-18,0,-9.7144514654701197e-17,1.0000000000000002,0.49824541963629676,6.6703844596276152e-21,2.4310862494901629e-17,1
11,0.077464788732394374,0.01416015625,0.014160156250000021,0.014160156250000021,0.014160156250000021,9.3847959273365745e-19,2.8592334091330141e-17,0.014160156250000021,2.9490299091605721e-17,0,-9.8879238130678004e-17,1.0000000000000002,0.49797402838577309,5.6115932755597397e-21,2.1536968468513824e-17,1
12,0.084507042253521125,0.014160156250000021,0.014160156250000068,0.014160156250000068,0.014160156250000068,9.6110859164483514e-19,7.4768599470536366e-17,0.014160156250000068,7.6327832942979512e-17,0,-9.9096078565175105e-17,1.0000000000000002,0.49767555485225973,5.7174723939665273e-21,4.3006098220017995e-17,1
13,0.09154929577464789,0.014160156250000068,0.014160156250000161,0.014160156250000161,0.014160156250000161,9.7195213339301644e-19,1.6872011248764606e-16,0.014160156250000161,1.700029006457271e-16,0,-9.9312918999672206e-17,1.0000000000000002,0.49735001526821898,6.3527471044072525e-21,6.3394486438376248e-17,1
14,0.098591549295774655,0.014160156250000161,0.01416015625000035,0.01416015625000035,0.01416015625000035,9.7088133532963474e-19,3.5737941963669317e-16,0.01416015625000035,3.5908775952719907e-16,0,-1.0061396160665481e-16,1.0000000000000002,0.49699742733809865,5.9292306307801024e-21,2.3123057624442128e-17,1
15,0.10563380281690141,0.01416015625000035,0.014160156250000694,0.014160156250000694,0.014160156250000694,9.5778177767661293e-19,7.0087395876082126e-16,0.014160156250000694,7.0256300777060687e-16,0,-1.0072238182390336e-16,1.0000000000000002,0.49661781023736901,5.8233515123733148e-21,4.4804577992338171e-18,1
16,0.11267605633802817,0.014160156250000694,0.014160156250001261,0.014160156250001261,0.014160156250001261,9.3260652801835782e-19,1.2688329507198886e-15,0.014160156250001261,1.2698175844150228e-15,0,-1.0755285551056204e-16,1.0000000000000002,0.49621118461147956,6.3527471044072525e-21,2.7173335512613843e-17,1
17,0.11971830985915494,0.014160156250001261,0.014160156250002122,0.01416015625000212,0.014160156250002122,8.9539957307819679e-19,2.1279806849518004e-15,0.01416015625000212,2.1302404284995191e-15,1.7347234759768071e-18,-1.0755963177414007e-16,1.0000000000000002,0.49577757257473665,6.1939284267970712e-21,3.7546744738001725e-17,1
18,0.12676056338028169,0.014160156250002122,0.014160156250003313,0.014160156250003312,0.014160156250003313,8.4625484981722968e-19,3.3195433210494008e-15,0.014160156250003312,3.3219954564955856e-15,1.7347234759768071e-18,-1.1449174941446927e-16,1.0000000000000002,0.49531699770910115,6.1409888675936775e-21,9.7733089726899853e-17,1
19,0.13380281690140847,0.014160156250003313,0.014160156250004861,0.014160156250004861,0.014160156250004861,7.852967748749442e-19,4.8676680721243196e-15,0.014160156250004859,4.8693687970668975e-15,1.7347234759768071e-18,-1.2490009027033011e-16,1.0000000000000002,0.49482948506290469,6.7762635780344027e-21,1.4443832619164534e-16,1
20,0.14084507042253522,0.014160156250004861,0.014160156250006986,0.014160156250006986,0.014160156250006986,7.1270890380463809e-19,6.9923825518077163e-15,0.014160156250006984,6.9944050551384862e-15,1.7347234759768071e-18,-1.2663481374630692e-16,1.0000000000000002,0.49431506114948931,7.6232965252887031e-21,6.3018014227113872e-17,1
21,0.14788732394366197,0.014160156250006986,0.014160156250009806,0.014160156250009806,0.014160156250009806,6.2874404788665048e-19,9.8129507509927642e-15,0.014160156250009805,9.8150654270767745e-15,1.7347234759768071e-18,-1.2671612890924333e-16,1,0.49377375394576345,6.7762635780344027e-21,6.1862453432080708e-17,1
22,0.15492957746478875,0.014160156250009806,0.014160156250013373,0.014160156250013373,0.014160156250013373,5.3370361885500039e-19,1.3379493736334389e-14,0.014160156250013371,1.338165689368509e-14,1.7347234759768071e-18,-1.3183898417423734e-16,1,0.49320559289068189,5.5057141571529522e-21,1.1002019129668235e-16,1
23,0.1619718309859155,0.014160156250013373,0.014160156250017594,0.014160156250017594,0.014160156250017594,4.279204788706339e-19,1.7599606837251303e-14,0.014160156250017592,1.7602239110736662e-14,1.7347234759768071e-18,-1.3183898417423734e-16,1,0.49261060888364427,6.3527471044072525e-21,4.6290415992264088e-17,1
24,0.16901408450704225,0.014160156250017594,0.014160156250022633,0.014160156250022633,0.014160156250022633,3.1178784345272521e-19,2.2639163538280931e-14,0.014160156250022631,2.2641610808449286e-14,1.7347234759768071e-18,-1.3270634591222574e-16,1,0.49198883428281448,5.3998350387461647e-21,4.433333880668524e-17,1
25,0.17605633802816903,0.014160156250022633,0.014160156250028642,0.014160156250028642,0.014160156250028642,1.8573700775453353e-19,2.8648475850664421e-14,0.01416015625002864,2.8650692929232946e-14,1.7347234759768071e-18,-1.3273345096653788e-16,1,0.49134030290336123,5.7174723939665273e-21,3.3785827643271009e-17,1
26,0.18309859154929578,0.014160156250028642,0.014160156250035645,0.014160156250035643,0.014160156250035645,5.0235628236652462e-20,3.565072989467552e-14,0.014160156250035642,3.5653771601751316e-14,3.4694469519536142e-18,-1.3276055602085002e-16,1,0.49066505001561828,6.1409888675936775e-21,5.9333365911971628e-17,1
27,0.19014084507042253,0.014160156250035645,0.01416015625004346,0.01416015625004346,0.01416015625004346,-9.4206845840095337e-20,4.346674608064257e-14,0.014160156250043458,4.3468700861026832e-14,1.7347234759768071e-18,-1.3281476612947429e-16,1,0.48996311234316747,6.0351097491868899e-21,1.2797687091489083e-16,1
28,0.19718309859154931,0.01416015625004346,0.014160156250052187,0.014160156250052187,0.014160156250052187,-2.4704045734575105e-19,5.2194263423225276e-14,0.014160156250052186,5.2196094668666149e-14,1.7347234759768071e-18,-1.3292318634672284e-16,1,0.48923452806084006,7.411538288475128e-21,5.3676802109380436e-17,1
29,0.20422535211267606,0.014160156250052187,0.014160156250061753,0.014160156250061753,0.014160156250061753,-4.077069969503013e-19,6.1758403097455533e-14,0.014160156250061749,6.1761359915202263e-14,3.4694469519536142e-18,-1.3292318634672284e-16,1,0.48847933679264194,7.6232965252887031e-21,4.5732453330034719e-17,1
30,0.21126760563380281,0.014160156250061753,0.014160156250072185,0.014160156250072185,0.014160156250072185,-5.7560818735768061e-19,7.2191198169522137e-14,0.014160156250072182,7.2193986899726781e-14,3.4694469519536142e-18,-1.3295029140103498e-16,0.99999999999999933,0.48769757960959775,5.5057141571529522e-21,7.248067266634022e-17,1
31,0.21830985915492959,0.014160156250072185,0.014160156250083312,0.014160156250083312,0.014160156250083312,-7.5013343234184761e-19,8.3317831834067417e-14,0.014160156250083308,8.3320503274642022e-14,3.4694469519536142e-18,-1.3295029140103498e-16,0.99999999999999933,0.4868892990275176,5.9292306307801024e-21,5.0129826678700661e-17,1
32,0.22535211267605634,0.014160156250083312,0.014160156250095068,0.014160156250095068,0.014160156250095068,-9.3067361953448195e-19,9.5074328816637211e-14,0.014160156250095065,9.5076724271336843e-14,3.4694469519536142e-18,-1.3314002678121994e-16,0.99999999999999933,0.48605453900468515,5.9292306307801024e-21,5.4133524973216703e-17,1
33,0.23239436619718309,0.014160156250095068,0.014160156250107268,0.014160156250107268,0.014160156250107268,-1.1165753198094847e-18,1.0727434648445256e-13,0.014160156250107265,1.0727703447788173e-13,3.4694469519536142e-18,-1.3335686721571705e-16,0.99999999999999556,0.48519334493946598,5.7174723939665273e-21,7.1465462022757281e-17,1
34,0.23943661971830987,0.014160156250107268,0.014160156250119918,0.014160156250119918,0.014160156250119918,-1.3072012487298799e-18,1.199245993281837e-13,0.014160156250119914,1.199266380647046e-13,3.4694469519536142e-18,-1.3357370765021415e-16,0.99999999999999545,0.48430576366783989,5.7174723939665273e-21,9.586489309167748e-17,1
35,0.24647887323943662,0.014160156250119918,0.014160156250132909,0.014160156250132909,0.014160156250132909,-1.5019297934331973e-18,1.3291501476231633e-13,0.014160156250132904,1.3291798217629491e-13,5.2041704279304213e-18,-1.3400738851920835e-16,0.99999999999999545,0.48339184346085251,6.246867986000465e-21,8.091275772760517e-17,1
36,0.25352112676056338,0.014160156250132909,0.014160156250145798,0.014160156250145798,0.014160156250145798,-1.700110934939571e-18,1.458038629723664e-13,0.014160156250145793,1.4580697760280259e-13,5.2041704279304213e-18,-1.3422422895370545e-16,0.99999999999999489,0.48245163402199104,5.5057141571529522e-21,7.0167215312094499e-17,1
37,0.26056338028169013,0.014160156250145798,0.014160156250158857,0.014160156250158857,0.014160156250158857,-1.9011265610161065e-18,1.5886345634050266e-13,0.014160156250158852,1.5886597592995599e-13,5.2041704279304213e-18,-1.34332649170954e-16,0.99999999999999489,0.48148518648448063,5.5057141571529522e-21,9.3321922301414281e-17,1
38,0.26760563380281693,0.014160156250158857,0.014160156250171854,0.014160156250171854,0.014160156250171854,-2.1043814496924695e-18,1.718593616525036e-13,0.014160156250171849,1.7186252421197423e-13,5.2041704279304213e-18,-1.3465790982269965e-16,0.99999999999999489,0.4804925534085035,6.3527471044072525e-21,1.4222163873270824e-16,1
39,0.27464788732394368,0.014160156250171854,0.014160156250184514,0.014160156250184514,0.014160156250184514,-2.3092707843900146e-18,1.8451996877763885e-13,0.014160156250184509,1.8452253613965297e-13,5.2041704279304213e-18,-1.3530843112619095e-16,0.99999999999999434,0.47947378877834057,5.7174723939665273e-21,4.7152087541894042e-17,1
40,0.28169014084507044,0.014160156250184514,0.014160156250197056,0.014160156250197054,0.014160156250197054,-2.5152157999712683e-18,1.9706050490260854e-13,0.014160156250197049,1.9706285214748931e-13,5.2041704279304213e-18,-1.3552527156068805e-16,0.99999999999999223,0.47842894799943575,6.3527471044072525e-21,5.4597284404030018e-17,1
41,0.28873239436619719,0.014160156250197054,0.014160156250209343,0.014160156250209343,0.014160156250209343,-2.7216593782047447e-18,2.0934839818190056e-13,0.014160156250209338,2.0935163325130901e-13,5.2041704279304213e-18,-1.3617579286417936e-16,0.99999999999999223,0.47735808789538209,6.3527471044072525e-21,2.3507176467770355e-17,1
42,0.29577464788732394,0.014160156250209343,0.014160156250221236,0.014160156250221234,0.014160156250221234,-2.9280648264314136e-18,2.2124051724608058e-13,0.014160156250221229,2.2124316267913002e-13,5.2041704279304213e-18,-1.3620289791849149e-16,0.99999999999999223,0.47626126670483221,6.5645053412208276e-21,6.7916798671876454e-17,1
43,0.30281690140845069,0.014160156250221234,0.014160156250232933,0.014160156250232933,0.014160156250232933,-3.1339001257375596e-18,2.3293868870532869e-13,0.014160156250232927,2.3294213780111761e-13,6.9388939039072284e-18,-1.3639263329867646e-16,0.99999999999999223,0.47513854407833039,4.6586812098986519e-21,9.753887876322605e-17,1
44,0.3098591549295775,0.014160156250232933,0.014160156250244176,0.014160156250244176,0.014160156250244176,-3.3387049036635394e-18,2.4418202731458089e-13,0.014160156250244169,2.441848806489233e-13,6.9388939039072284e-18,-1.3747683547116196e-16,0.99999999999999223,0.47398998107506901,5.558653716356346e-21,3.164777997375069e-17,1
45,0.31690140845070425,0.014160156250244176,0.0141601562502549,0.0141601562502549,0.0141601562502549,-3.5420277829238595e-18,2.5490484955347679e-13,0.014160156250254893,2.5490894117741192e-13,6.9388939039072284e-18,-1.3834419720915037e-16,0.99999999999999223,0.47281564015956706,5.6115932755597397e-21,4.9448625679267118e-17,1
46,0.323943661971831,0.0141601562502549,0.014160156250265312,0.014160156250265312,0.014160156250265312,-3.7434410688639568e-18,2.6531716879599451e-13,0.014160156250265305,2.6532075148022471e-13,6.9388939039072284e-18,-1.3845261742639892e-16,0.99999999999999223,0.47161558519827396,5.9292306307801024e-21,1.0516348061829545e-16,1
47,0.33098591549295775,0.014160156250265312,0.014160156250275453,0.014160156250275453,0.014160156250275453,-3.9425273639836668e-18,2.7545814194218628e-13,0.014160156250275446,2.7546194492078513e-13,6.9388939039072284e-18,-1.3921155894713877e-16,0.99999999999999223,0.47038988145609545,5.6115932755597397e-21,7.0652164111671701e-17,1
48,0.3380281690140845,0.014160156250275453,0.014160156250285383,0.014160156250285383,0.014160156250285383,-4.1389228645514015e-18,2.8538767546728044e-13,0.014160156250285374,2.8539150209727637e-13,8.6736173798840355e-18,-1.3942839938163587e-16,0.99999999999999223,0.46913859559284427,5.5057141571529522e-21,7.652228439002937e-17,1
49,0.34507042253521125,0.014160156250285383,0.014160156250295311,0.014160156250295309,0.014160156250295309,-4.3322954952919536e-18,2.9531445699736771e-13,0.014160156250295302,2.9531758982681566e-13,6.9388939039072284e-18,-1.3964523981613297e-16,0.99999999999999201,0.46786179565961589,5.9292306307801024e-21,1.192057297938168e-16,1
50,0.35211267605633806,0.014160156250295309,0.014160156250305325,0.014160156250305325,0.014160156250305325,-4.5223486217604361e-18,3.0532947775418294e-13,0.014160156250305317,3.0533388317710575e-13,8.6736173798840355e-18,-1.4007892068512717e-16,0.99999999999999201,0.46655955109508546,6.0351097491868899e-21,5.8538575430384189e-17,1
51,0.35915492957746481,0.014160156250305325,0.014160156250315449,0.014160156250315449,0.014160156250315449,-4.7088068819933762e-18,3.1545428263206975e-13,0.01416015625031544,3.1545772938290639e-13,8.6736173798840355e-18,-1.4010602573943931e-16,0.99999999999999201,0.4652319327217338,6.1409888675936775e-21,7.2788095930733292e-17,1
52,0.36619718309859156,0.014160156250315449,0.014160156250325826,0.014160156250325826,0.014160156250325826,-4.8914246255223589e-18,3.2583050020259833e-13,0.014160156250325817,3.2583484521619965e-13,8.6736173798840355e-18,-1.4018734090237572e-16,0.99999999999999201,0.46387901274199383,6.1409888675936775e-21,5.8172733078066836e-17,1
53,0.37323943661971831,0.014160156250325826,0.014160156250336607,0.014160156250336606,0.014160156250336606,-5.0699617342541743e-18,3.3661112134678294e-13,0.014160156250336597,3.3661441689591953e-13,8.6736173798840355e-18,-1.4051260155412137e-16,0.99999999999999201,0.46250086473432472,5.6115932755597397e-21,3.6357002797955732e-17,1
54,0.38028169014084506,0.014160156250336606,0.014160156250347968,0.014160156250347966,0.014160156250347966,-5.2442165493759926e-18,3.4797168682094171e-13,0.014160156250347958,3.4797512094009164e-13,8.6736173798840355e-18,-1.4072944198861848e-16,0.99999999999999201,0.46109756364921034,6.3527471044072525e-21,6.6812864273899559e-17,1
55,0.38732394366197181,0.014160156250347966,0.014160156250359981,0.014160156250359981,0.014160156250359981,-5.4140012740413924e-18,3.5998486965395451e-13,0.014160156250359971,3.5998981573470701e-13,1.0408340855860843e-17,-1.4078365209724275e-16,0.99999999999999201,0.45966918580508281,5.8233515123733148e-21,9.1627913391895066e-17,1
56,0.39436619718309862,0.014160156250359981,0.014160156250372768,0.014160156250372768,0.014160156250372768,-5.5791708998700939e-18,3.727720976060774e-13,0.014160156250372757,3.7277646247613205e-13,1.0408340855860843e-17,-1.4081075715155489e-16,0.99999999999999201,0.45821580888417229,6.246867986000465e-21,5.9826157508204478e-17,1
57,0.40140845070422537,0.014160156250372768,0.014160156250386524,0.014160156250386524,0.014160156250386524,-5.7396034024241404e-18,3.8652857785614137e-13,0.014160156250386514,3.8653281964062813e-13,1.0408340855860843e-17,-1.4137996329210978e-16,0.99999999999999201,0.45673751192828155,6.1409888675936775e-21,5.8357228837757947e-17,1
58,0.40845070422535212,0.014160156250386524,0.014160156250401398,0.014160156250401396,0.014160156250401396,-5.8951844827386455e-18,4.0140092772391582e-13,0.014160156250401386,4.014046040001773e-13,1.0408340855860843e-17,-1.4143417340073405e-16,0.99999999999999201,0.45523437533448829,5.082197683525802e-21,7.2411569636076022e-17,1
59,0.41549295774647887,0.014160156250401396,0.014160156250417874,0.014160156250417874,0.014160156250417874,-6.0458349654202989e-18,4.1787796814087732e-13,0.014160156250417864,4.1788274229848099e-13,1.0408340855860843e-17,-1.4146127845504619e-16,0.99999999999999201,0.45370648085077148,5.2939559203393771e-21,2.5050930345464784e-17,1
60,0.42253521126760563,0.014160156250417874,0.014160156250436212,0.01416015625043621,0.01416015625043621,-6.1914946344695713e-18,4.3621495545713824e-13,0.0141601562504362,4.3621876943955584e-13,1.0408340855860843e-17,-1.4151548856367047e-16,0.99999999999999201,0.45215391157156692,6.3527471044072525e-21,6.8006407108860232e-17,1
61,0.42957746478873238,0.01416015625043621,0.014160156250456531,0.014160156250456531,0.014160156250456531,-6.3321094941763757e-18,4.5653522899713368e-13,0.01416015625045652,4.5653932023714816e-13,1.0408340855860843e-17,-1.4181364416110398e-16,0.99999999999999178,0.4505767519332472,5.9292306307801024e-21,1.261537390859027e-16,1
62,0.43661971830985918,0.014160156250456531,0.014160156250478889,0.014160156250478889,0.014160156250478889,-6.4676505324327429e-18,4.7889286473279648e-13,0.014160156250478877,4.7889817111901323e-13,1.214306433183765e-17,-1.4192206437835253e-16,0.99999999999999178,0.44897508770952982,5.5057141571529522e-21,1.3964452165534021e-16,1
63,0.44366197183098594,0.014160156250478889,0.014160156250503453,0.014160156250503453,0.014160156250503453,-6.5980940731432804e-18,5.0345741724648663e-13,0.014160156250503443,5.0346185553884482e-13,1.0408340855860843e-17,-1.4203048459560108e-16,0.99999999999999178,0.44734900600681216,6.3527471044072525e-21,4.5527524283433685e-17,1
64,0.45070422535211269,0.014160156250503453,0.014160156250530463,0.014160156250530463,0.014160156250530463,-6.7234262425043252e-18,5.3046608154516173e-13,0.014160156250530451,5.304715000598037e-13,1.214306433183765e-17,-1.4224732503009818e-16,0.99999999999999178,0.44569859525943512,5.082197683525802e-21,6.2969568378286961e-17,1
65,0.45774647887323944,0.014160156250530463,0.014160156250560245,0.014160156250560245,0.014160156250560245,-6.8436577835164653e-18,5.6024841074625447e-13,0.014160156250560232,5.6025323269537353e-13,1.214306433183765e-17,-1.4268100589909238e-16,0.99999999999999178,0.44402394522487271,4.6586812098986519e-21,6.8782460398609696e-17,1
66,0.46478873239436619,0.014160156250560245,0.014160156250593223,0.014160156250593223,0.014160156250593223,-6.9588104373068116e-18,5.9322636645042428e-13,0.014160156250593211,5.9323206069716861e-13,1.214306433183765e-17,-1.4278942611634093e-16,0.99999999999999156,0.44232514697885089,6.3527471044072525e-21,1.7768377651552197e-17,2
67,0.471830985915493,0.014160156250593223,0.014160156250630114,0.014160156250630114,0.014160156250630114,-7.0689193519891098e-18,6.3011709450953374e-13,0.014160156250630102,6.3012269013729139e-13,1.214306433183765e-17,-1.4289784633358948e-16,0.99999999999999156,0.44060229291039416,5.5057141571529522e-21,5.8939664349268036e-17,2
68,0.47887323943661975,0.014160156250630114,0.014160156250671166,0.014160156250671165,0.014160156250671165,-7.1740097355875682e-18,6.7116880616846089e-13,0.014160156250671152,6.7117318647280655e-13,1.214306433183765e-17,-1.4333152720258369e-16,0.99999999999999156,0.43885547671680192,5.5057141571529522e-21,3.4379438675049419e-17,2
69,0.4859154929577465,0.014160156250671165,0.014160156250716587,0.014160156250716587,0.014160156250716587,-7.2741238171046586e-18,7.1659010206126839e-13,0.014160156250716574,7.1659518596778327e-13,1.214306433183765e-17,-1.4376520807157789e-16,0.99999999999999156,0.43708479339855144,5.2939559203393771e-21,6.9112011067505989e-17,2
70,0.49295774647887325,0.014160156250716587,0.014160156250766599,0.014160156250766599,0.014160156250766599,-7.3693116722791693e-18,7.666021757479369e-13,0.014160156250766586,7.6660726378019461e-13,1.214306433183765e-17,-1.4398204850607499e-16,0.99999999999999156,0.43529033925413224,5.5057141571529522e-21,4.491740933114892e-17,2
71,0.5,0.014160156250766599,0.014160156250821654,0.014160156250821654,0.014160156250821654,-7.4596286368598196e-18,8.2165749243309759e-13,0.014160156250821641,8.2166218273727054e-13,1.214306433183765e-17,-1.4400915356038713e-16,0.99999999999998845,0.43347221187480822,4.8174998875088332e-21,6.5485283696613509e-17,1
72,0.50704225352112675,0.014160156250821654,0.01416015625088228,0.01416015625088228,0.01416015625088228,-7.5451333592428752e-18,8.8228362546155065e-13,0.014160156250882268,8.8228903349918397e-13,1.214306433183765e-17,-1.4409046872332354e-16,0.99999999999997324,0.43163051013931125,5.7174723939665273e-21,1.0131175497675912e-16,1
73,0.5140845070422535,0.01416015625088228,0.014160156250948977,0.014160156250948977,0.014160156250948977,-7.6259010552660002e-18,9.489803939363203e-13,0.014160156250948965,9.4898568170354025e-13,1.214306433183765e-17,-1.4419888894057209e-16,0.99999999999997324,0.42976533420846219,5.2939559203393771e-21,4.7748877984528467e-17,1
74,0.52112676056338025,0.014160156250948977,0.014160156251022444,0.014160156251022444,0.014160156251022444,-7.7020210120748736e-18,1.0224476047309414e-12,0.01416015625102243,1.022452955634634e-12,1.3877787807814457e-17,-1.4441572937506919e-16,0.99999999999997324,0.42787678551972463,5.6115932755597397e-21,4.8628869891591155e-17,1
75,0.528169014084507,0.014160156251022444,0.014160156251103669,0.014160156251103669,0.014160156251103669,-7.773571885021261e-18,1.1036721852201674e-12,0.014160156251103655,1.103677912950296e-12,1.3877787807814457e-17,-1.4463256980956629e-16,0.99999999999997324,0.42596496678168799,5.9821701899834961e-21,3.2678044709946029e-17,1
76,0.53521126760563387,0.014160156251103669,0.014160156251193075,0.014160156251193075,0.014160156251193075,-7.8406245818034716e-18,1.1930780233247414e-12,0.014160156251193061,1.1930838261786647e-12,1.3877787807814457e-17,-1.4474099002681484e-16,0.99999999999997324,0.42402998196848191,5.082197683525802e-21,1.0180436667413343e-16,1
77,0.54225352112676062,0.014160156251193075,0.014160156251291096,0.014160156251291096,0.014160156251291096,-7.9032663838925465e-18,1.2910992425726154e-12,0.014160156251291082,1.2911043761887342e-12,1.3877787807814457e-17,-1.4495783046131194e-16,0.99999999999997324,0.42207193631412104,5.7174723939665273e-21,7.6954076094826774e-17,1
78,0.54929577464788737,0.014160156251291096,0.014160156251398277,0.014160156251398277,0.014160156251398277,-7.9615885526671546e-18,1.3982814325739706e-12,0.014160156251398265,1.3982860008754372e-12,1.214306433183765e-17,-1.4506625067856049e-16,0.99999999999997324,0.42009093630678257,5.9292306307801024e-21,6.37481009351274e-17,1
79,0.55633802816901412,0.014160156251398277,0.014160156251515241,0.014160156251515241,0.014160156251515241,-8.0156748558969768e-18,1.5152451821960356e-12,0.014160156251515229,1.5152497312431734e-12,1.214306433183765e-17,-1.4528309111305759e-16,0.99999999992851829,0.41808708968301428,5.1880768019325896e-21,4.2163073886947355e-17,1
80,0.56338028169014087,0.014160156251515241,0.0141601562516425,0.0141601562516425,0.0141601562516425,-8.0656129125713142e-18,1.6425032960702578e-12,0.014160156251642486,1.642509045440832e-12,1.3877787807814457e-17,-1.454999315475547e-16,0.99999999992851829,0.416060505421876,6.7762635780344027e-21,5.168048445781905e-17,1
81,0.57042253521126762,0.0141601562516425,0.014160156251780522,0.014160156251780522,0.014160156251780522,-8.1114951373779862e-18,1.780525447334162e-12,0.014160156251780508,1.7805305840834507e-12,1.3877787807814457e-17,-1.457167719820518e-16,0.99999999992851829,0.41401129373901219,6.0351097491868899e-21,4.1301198682865651e-17,1
82,0.57746478873239437,0.014160156251780522,0.01416015625192975,0.01416015625192975,0.01416015625192975,-8.1534204395591477e-18,1.9297530863497348e-12,0.014160156251929736,1.9297584363808795e-12,1.3877787807814457e-17,-1.459336124165489e-16,0.99999999831066699,0.41193956608065807,5.2939559203393771e-21,7.9598319124472724e-17,1
83,0.58450704225352113,0.01416015625192975,0.014160156252090744,0.014160156252090744,0.014160156252090744,-8.1914896387994088e-18,2.0907477720735199e-12,0.01416015625209073,2.0907529180158591e-12,1.3877787807814457e-17,-1.46150452851046e-16,0.99999954964857218,0.40984543511757837,5.5057141571529522e-21,7.203626288998499e-17,1
84,0.59154929577464788,0.014160156252090744,0.014160156252264473,0.014160156252264473,0.014160156252264473,-8.2258040073195716e-18,2.2644762348534319e-12,0.014160156252264459,2.2644820046879843e-12,1.3877787807814457e-17,-1.463672932855431e-16,0.99895616446387703,0.40772901473894069,4.6586812098986519e-21,9.8159356311107453e-17,1
85,0.59859154929577463,0.014160156252264473,0.014160156252451548,0.014160156252451548,0.014160156252451548,-8.2564677096880436e-18,2.4515511854888903e-12,0.014160156252451534,2.4515563190607992e-12,1.3877787807814457e-17,-1.465841337200402e-16,0.99894838045561851,0.40559042004612011,4.9233790059156207e-21,6.3718343332310655e-17,1
86,0.60563380281690138,0.014160156252451548,0.014160156252652214,0.014160156252652214,0.014160156252652214,-8.2835798426723653e-18,2.6522176030805385e-12,0.014160156252652201,2.6522221918678923e-12,1.214306433183765e-17,-1.468009741545373e-16,0.99894838045561851,0.4034297673464407,5.3998350387461647e-21,7.4631822993085653e-17,1
87,0.61267605633802813,0.014160156252652214,0.014160156252866188,0.014160156252866188,0.014160156252866188,-8.3072344383496783e-18,2.866192101759424e-12,0.014160156252866174,2.8661968631826795e-12,1.3877787807814457e-17,-1.470178145890344e-16,0.99734235231610857,0.40124717414684996,5.3468954795427709e-21,4.5907548492256895e-17,1
88,0.61971830985915499,0.014160156252866188,0.014160156253093933,0.014160156253093933,0.014160156253093933,-8.3275352057095323e-18,3.0939361895480106e-12,0.014160156253093919,3.0939417694497706e-12,1.3877787807814457e-17,-1.472346550235315e-16,0.99734235231610857,0.3990427591475274,6.4586262228140401e-21,7.8681517124389453e-17,1
89,0.62676056338028174,0.014160156253093933,0.014160156253335875,0.014160156253335875,0.014160156253335875,-8.3445723187688088e-18,3.3358788199615935e-12,0.014160156253335861,3.3358836526442559e-12,1.3877787807814457e-17,-1.474514954580286e-16,0.99733851411426333,0.39681664223542995,4.8174998875088332e-21,9.8489352106570875e-17,1
90,0.63380281690140849,0.014160156253335875,0.014160156253592258,0.014160156253592258,0.014160156253592258,-8.3584427936193339e-18,3.5922623763567342e-12,0.014160156253592245,3.5922671087762481e-12,1.3877787807814457e-17,-1.4755991567527715e-16,0.99733851411426333,0.39456894447777119,5.7174723939665273e-21,6.7096234573645661e-17,1
91,0.64084507042253525,0.014160156253592258,0.014160156253863066,0.014160156253863066,0.014160156253863066,-8.3692481105287957e-18,3.8630689864110973e-12,0.014160156253863052,3.8630747906109875e-12,1.3877787807814457e-17,-1.478851763270228e-16,0.99733851411426333,0.39229978811543809,6.5115657820174339e-21,6.0817875640779543e-17,1
92,0.647887323943662,0.014160156253863066,0.014160156254148517,0.014160156254148517,0.014160156254148517,-8.3770972580112031e-18,4.1485194674511108e-12,0.014160156254148503,4.148525273306447e-12,1.3877787807814457e-17,-1.4831885719601701e-16,0.99733851411426333,0.39000929655634176,4.6586812098986519e-21,8.0697255451619329e-17,1
93,0.65492957746478875,0.014160156254148517,0.014160156254448528,0.014160156254448528,0.014160156254448528,-8.3820800382684345e-18,4.4485321520631337e-12,0.014160156254448514,4.448537024859256e-12,1.3877787807814457e-17,-1.4853569763051411e-16,0.99731812113002327,0.38769759436870693,6.1409888675936775e-21,1.1122109380312215e-16,1
94,0.6619718309859155,0.014160156254448528,0.014160156254763048,0.014160156254763048,0.014160156254763048,-8.3842952851673165e-18,4.7630517358840835e-12,0.014160156254763035,4.7630562688416589e-12,1.214306433183765e-17,-1.4875253806501121e-16,0.99731812113002327,0.38536480727429667,5.4858618224516795e-21,9.6697311967631168e-17,1
95,0.66901408450704225,0.014160156254763048,0.014160156255091956,0.014160156255091956,0.014160156255091956,-8.3838530894607882e-18,5.0919599586398644e-12,0.014160156255091942,5.0919650440572894e-12,1.3877787807814457e-17,-1.4918621893400541e-16,0.99731812113002327,0.3830110621415751,6.8292031372377965e-21,1.0165148216438831e-16,1
96,0.676056338028169,0.014160156255091956,0.014160156255435413,0.014160156255435413,0.014160156255435413,-8.3808568646196073e-18,5.4354155065084914e-12,0.014160156255435399,5.4354212103424615e-12,1.3877787807814457e-17,-1.4940305936850251e-16,0.99731812113002327,0.3806364869788082,5.6115932755597397e-21,5.3174445720327059e-17,1
97,0.68309859154929575,0.014160156255435413,0.014160156255793099,0.014160156255793099,0.014160156255793099,-8.3753955139924473e-18,5.7931025325526577e-12,0.014160156255793085,5.7931073133010713e-12,1.3877787807814457e-17,-1.4961989980299961e-16,0.99706871881411696,0.37824121092710139,6.1409888675936775e-21,7.1555993955196186e-17,1
98,0.6901408450704225,0.014160156255793099,0.014160156256164822,0.014160156256164822,0.014160156256164822,-8.3675573381094812e-18,6.1648254251965417e-12,0.014160156256164808,6.1648307986272854e-12,1.3877787807814457e-17,-1.5005358067199381e-16,0.99706871881411696,0.37582536425337659,5.6215194429103761e-21,2.0586571529515735e-17,1
99,0.69718309859154937,0.014160156256164822,0.014160156256550722,0.014160156256550722,0.014160156256550722,-8.3574258990718211e-18,6.5507246917644647e-12,0.014160156256550708,6.550730444199182e-12,1.3877787807814457e-17,-1.5178830414797062e-16,0.99706871881411696,0.37338907834328761,5.5057141571529522e-21,6.107614277961816e-17,1
100,0.70422535211267612,0.014160156256550722,0.014160156256950608,0.014160156256950608,0.014160156256950608,-8.3450947091699395e-18,6.9506114094577739e-12,0.014160156256950595,6.9506171651578796e-12,1.3877787807814457e-17,-1.5352302762394743e-16,0.99706871881411696,0.37093248569407461,5.9027608511784055e-21,5.9924926892924099e-17,1
101,0.71126760563380287,0.014160156256950608,0.014160156257364137,0.014160156257364137,0.014160156257364137,-8.3306627879404432e-18,7.3641408065052943e-12,0.014160156257364123,7.3641457515316588e-12,1.3877787807814457e-17,-1.5395670849294163e-16,0.99706871880620551,0.36845571990735848,5.5057141571529522e-21,4.8108472292712386e-17,1
102,0.71830985915492962,0.014160156257364137,0.014160156257790686,0.014160156257790686,0.014160156257790686,-8.3142148562627688e-18,7.7906903742185211e-12,0.014160156257790673,7.79069517231612e-12,1.3877787807814457e-17,-1.5406512871019018e-16,0.99706871880620551,0.36595891568187461,5.082197683525802e-21,4.0485897857324351e-17,1
103,0.72535211267605637,0.014160156257790686,0.01416015625822978,0.01416015625822978,0.01416015625822978,-8.2958337283634438e-18,8.2297838878451511e-12,0.014160156258229768,8.2297883785553694e-12,1.214306433183765e-17,-1.5612511283791264e-16,0.99706220964382786,0.36344220880614758,6.3428209370566162e-21,4.5265605633329135e-17,1
104,0.73239436619718312,0.01416015625822978,0.014160156258680716,0.014160156258680716,0.014160156258680716,-8.2756030835325854e-18,8.680719198329185e-12,0.014160156258680702,8.6807245419651125e-12,1.3877787807814457e-17,-1.5785983631388945e-16,0.99706220964382786,0.36090573615110644,5.9027608511784055e-21,2.8966942267010241e-17,1
105,0.73943661971830987,0.014160156258680716,0.01416015625914308,0.01416015625914308,0.01416015625914308,-8.2536001376205572e-18,9.1430846058541871e-12,0.014160156259143068,9.1430890636345907e-12,1.214306433183765e-17,-1.5872719805187785e-16,0.99706220964382786,0.35834963566264033,6.246867986000465e-21,2.9014618501825354e-17,1
106,0.74647887323943662,0.01416015625914308,0.014160156259616289,0.014160156259616289,0.014160156259616289,-8.2299041389237618e-18,9.6162930125251936e-12,0.014160156259616277,9.6162973417524e-12,1.214306433183765e-17,-1.6046192152785466e-16,0.99706220964382786,0.35577404635409737,5.3998350387461647e-21,6.4081971218730627e-17,1
107,0.75352112676056338,0.014160156259616289,0.014160156260099597,0.014160156260099597,0.014160156260099597,-8.2045971175989003e-18,1.0099600348458122e-11,0.014160156260099583,1.0099605179947346e-11,1.3877787807814457e-17,-1.6132928326584306e-16,0.99706220964382786,0.35317910829872301,5.1351372427291958e-21,1.0550914276219623e-16,1
108,0.76056338028169013,0.014160156260099597,0.014160156260592355,0.014160156260592355,0.014160156260592355,-8.177762894146178e-18,1.0592358650360322e-11,0.014160156260592341,1.0592363791639414e-11,1.3877787807814457e-17,-1.6219664500383146e-16,0.99706220963639436,0.35056496262204367,5.5851234959580429e-21,7.7059846529455891e-17,1
109,0.76760563380281688,0.014160156260592355,0.014160156261093723,0.014160156261093723,0.014160156261093723,-8.1494819106480248e-18,1.1093727053452492e-11,0.014160156261093711,1.1093731835942755e-11,1.214306433183765e-17,-1.6306400674181987e-16,0.99706044321717024,0.34793175149419053,5.7704119531699211e-21,9.4520276703826507e-17,1
110,0.77464788732394363,0.014160156261093723,0.014160156261603461,0.014160156261603461,0.014160156261603461,-8.1198340381691975e-18,1.1603465657934602e-11,0.014160156261603449,1.1603469921017684e-11,1.214306433183765e-17,-1.6479873021779667e-16,0.99706044321717024,0.34527961812216806,5.5851234959580429e-21,8.0310027960151552e-17,1
111,0.78169014084507049,0.014160156261603461,0.014160156262121313,0.014160156262121313,0.014160156262121313,-8.0888902961636478e-18,1.2121316257575746e-11,0.014160156262121299,1.2121321307789756e-11,1.3877787807814457e-17,-1.6523241108679088e-16,0.99706044321717024,0.34260870674206589,6.8292031372377965e-21,6.0085612245758174e-17,1
112,0.78873239436619724,0.014160156262121313,0.014160156262646962,0.014160156262646962,0.014160156262646962,-8.0567237589570349e-18,1.264696566896243e-11,0.014160156262646949,1.2646970276586345e-11,1.214306433183765e-17,-1.6653345369377348e-16,0.99706044321717024,0.33991916261121391,5.8233515123733148e-21,4.720988089353432e-17,1
113,0.79577464788732399,0.014160156262646962,0.014160156263180091,0.014160156263180091,0.014160156263180091,-8.0234020953974706e-18,1.3180094878011305e-11,0.014160156263180079,1.3180099373011345e-11,1.214306433183765e-17,-1.6740081543176188e-16,0.99706044321717024,0.33721113200028335,5.9292306307801024e-21,8.0557828550054988e-17,1
114,0.80281690140845074,0.014160156263180091,0.014160156263720119,0.014160156263720119,0.014160156263720119,-7.9889962271610997e-18,1.3720123146646069e-11,0.014160156263720107,1.3720127464700305e-11,1.214306433183765e-17,-1.6826817716975029e-16,0.99706044321717024,0.33448476218533102,5.7704119531699211e-21,2.94787317074469e-17,1
115,0.8098591549295775,0.014160156263720119,0.014160156264266695,0.014160156264266695,0.014160156264266695,-7.9535740261472871e-18,1.4266700798394121e-11,0.014160156264266683,1.4266704137511077e-11,1.214306433183765e-17,-1.700029006457271e-16,0.99622843245742554,0.33174020143979011,5.9292306307801024e-21,6.9546351483791731e-17,1
116,0.81690140845070425,0.014160156264266695,0.014160156264819142,0.014160156264819142,0.014160156264819142,-7.9172003551250633e-18,1.481914645385083e-11,0.01416015626481913,1.4819151114564555e-11,1.214306433183765e-17,-1.702197410802242e-16,0.99622469812931513,0.3289775990264065,6.1409888675936775e-21,8.9951947049294436e-17,1
117,0.823943661971831,0.014160156264819142,0.014160156265376513,0.014160156265376513,0.014160156265376513,-7.8799377853491919e-18,1.5376516764734746e-11,0.0141601562653765,1.5376521236842855e-11,1.214306433183765e-17,-1.717376241217039e-16,0.99622469812931513,0.32619710518912076,5.6115932755597397e-21,7.19640196236216e-17,1
118,0.83098591549295775,0.014160156265376513,0.014160156265937772,0.014160156265937772,0.014160156265937772,-7.8418442292281535e-18,1.5937775836134061e-11,0.01416015626593776,1.5937780609154295e-11,1.214306433183765e-17,-1.7520707107365752e-16,0.99622469812931513,0.32339887114489724,5.1880768019325896e-21,3.5876653626647511e-17,1
119,0.8380281690140845,0.014160156265937772,0.014160156266501909,0.014160156266501909,0.014160156266501909,-7.802978232855311e-18,1.6501913839121863e-11,0.014160156266501897,1.6501917887712381e-11,1.214306433183765e-17,-1.7542391150815462e-16,0.99622469812931513,0.32058304907550056,5.2939559203393771e-21,3.4621278032772127e-17,1
120,0.84507042253521125,0.014160156266501909,0.014160156267068376,0.014160156267068376,0.014160156267068376,-7.7634010952684336e-18,1.7068380806811268e-11,0.014160156267068364,1.7068384899898703e-11,1.214306433183765e-17,-1.7694179454963432e-16,0.99622469812931513,0.31774979211921833,6.2998075452038588e-21,4.7723602976848724e-17,1
121,0.852112676056338,0.014160156267068376,0.01416015626763624,0.01416015626763624,0.01416015626763624,-7.7231696221914197e-18,1.7636243998586012e-11,0.014160156267636228,1.7636248364483187e-11,1.214306433183765e-17,-1.7780915628762273e-16,0.99622469812931513,0.31489925436253402,5.5454188265554975e-21,6.0217925187259406e-17,1
122,0.85915492957746475,0.01416015626763624,0.014160156268204898,0.014160156268204898,0.014160156268204898,-7.6823413632570004e-18,1.8204902138648258e-11,0.014160156268204886,1.8204906332419668e-11,1.214306433183765e-17,-1.7867651802561113e-16,0.99622469812931513,0.31203159083174525,6.1409888675936775e-21,9.0571351756846054e-17,1
123,0.86619718309859162,0.014160156268204898,0.014160156268773644,0.014160156268773644,0.014160156268773644,-7.6409686369098581e-18,1.877364885746773e-11,0.014160156268773632,1.8773652771253424e-11,1.214306433183765e-17,-1.8214596497756474e-16,0.99622469810887837,0.30914695748453447,5.5057141571529522e-21,9.6362150351694169e-17,1
124,0.87323943661971837,0.014160156268773644,0.014160156269341985,0.014160156269341985,0.014160156269341985,-7.5991021959291724e-18,1.934198933129799e-11,0.014160156269341972,1.9341993284793801e-11,1.214306433183765e-17,-1.8561541192951836e-16,0.99622469810887837,0.30624551120148646,4.393983413881683e-21,1.2145901818540178e-16,1
125,0.88028169014084512,0.014160156269341985,0.014160156269909319,0.014160156269909319,0.014160156269909319,-7.5567917361831462e-18,1.9909324243497202e-11,0.014160156269909309,1.9909327658718112e-11,1.0408340855860843e-17,-1.8735013540549517e-16,0.99622469810887837,0.30332740977755546,5.7174723939665273e-21,4.1611056908488138e-17,1
126,0.88732394366197187,0.014160156269909319,0.014160156270475108,0.014160156270475108,0.014160156270475108,-7.5140883656751187e-18,2.0475112434409524e-11,0.014160156270475096,2.0475116394025328e-11,1.214306433183765e-17,-1.8908485888147197e-16,0.99622469809535796,0.30039281191348549,6.4321564432123432e-21,7.636679411918304e-17,1
127,0.89436619718309862,0.014160156270475108,0.014160156271038633,0.014160156271038633,0.014160156271038633,-7.4710395372290838e-18,2.103863704597076e-11,0.01416015627103862,2.1038641315196394e-11,1.214306433183765e-17,-1.9255430583342559e-16,0.99622469809535796,0.29744187720717757,4.6586812098986519e-21,7.3427318360647427e-17,1
128,0.90140845070422537,0.014160156271038633,0.014160156271599679,0.014160156271599679,0.014160156271599679,-7.4276900658588966e-18,2.1599683981739623e-11,0.014160156271599668,2.1599687316520289e-11,1.0408340855860843e-17,-1.9428902930940239e-16,0.99622469809535796,0.29447476614501095,5.3998350387461647e-21,7.4244027099290081e-17,1
129,0.90845070422535212,0.014160156271599679,0.014160156272158513,0.014160156272158513,0.014160156272158513,-7.3840843372749663e-18,2.2158517324188459e-11,0.014160156272158501,2.2158521545412313e-11,1.214306433183765e-17,-1.960237527853792e-16,0.99622469809535796,0.29149164009311507,3.8066851789690334e-21,8.9842258053308503e-17,1
130,0.91549295774647887,0.014160156272158513,0.014160156272714976,0.014160156272714976,0.014160156272714976,-7.3402674797263308e-18,2.2714980360648612e-11,0.014160156272714964,2.2714984407312677e-11,1.214306433183765e-17,-1.9775847626135601e-16,0.99622469806213398,0.28849266128859324,3.8116482626443515e-21,1.5929121724007945e-16,1
131,0.92253521126760563,0.014160156272714976,0.014160156273268349,0.014160156273268349,0.014160156273268349,-7.2962812712070222e-18,2.3268354901337882e-11,0.014160156273268339,2.3268357726702327e-11,1.0408340855860843e-17,-1.9949319973733282e-16,0.99622469806213398,0.28547799283069974,4.8704394467122269e-21,4.7966122264110253e-17,1
132,0.92957746478873238,0.014160156273268349,0.014160156273817791,0.014160156273817791,0.014160156273817791,-7.2521650572551678e-18,2.3817795942390065e-11,0.014160156273817779,2.3817800162695413e-11,1.214306433183765e-17,-1.9971004017182992e-16,0.99622469806213398,0.28244779867196956,5.7704119531699211e-21,4.4530082901125062e-17,1
133,0.93661971830985913,0.014160156273817791,0.01416015627436284,0.01416015627436284,0.01416015627436284,-7.2079574966533674e-18,2.4362844910617805e-11,0.014160156274362829,2.436284854412385e-11,1.0408340855860843e-17,-2.0122792321330962e-16,0.99622469806213398,0.27940224360930177,3.5998900258307764e-21,6.2264713212196927e-17,1
134,0.94366197183098599,0.01416015627436284,0.01416015627490301,0.01416015627490301,0.01416015627490301,-7.1636972421567906e-18,2.4903015371326054e-11,0.014160156274903,2.490301888313784e-11,1.0408340855860843e-17,-2.0296264668928643e-16,0.99622469806213398,0.27634149327499719,4.3410438546782892e-21,8.9511124690632363e-17,1
135,0.95070422535211274,0.01416015627490301,0.01416015627543774,0.01416015627543774,0.01416015627543774,-7.1194212041600863e-18,2.5437745560792817e-11,0.01416015627543773,2.5437749129331166e-11,1.0408340855860843e-17,-2.0469737016526324e-16,0.9962246980621331,0.27326571412775036,4.7116207691020456e-21,8.401000487554729e-17,1
136,0.95774647887323949,0.01416015627543774,0.01416015627596692,0.01416015627596692,0.01416015627596692,-7.0751646840563488e-18,2.5966925496960881e-11,0.014160156275966909,2.5966928260401367e-11,1.0408340855860843e-17,-2.0643209364124004e-16,0.9962246980621331,0.27017507344359704,4.3410438546782892e-21,2.3930362948031885e-17,1
137,0.96478873239436624,0.01416015627596692,0.014160156276490391,0.014160156276490391,0.014160156276490391,-7.030962927368156e-18,2.6490396107390277e-11,0.014160156276490381,2.6490400151235605e-11,1.0408340855860843e-17,-2.0990154059319366e-16,0.9962246980621331,0.26706973930681627,3.9704669402545328e-21,8.1952498929241252e-17,1
138,0.971830985915493,0.014160156276490391,0.014160156277008056,0.014160156277008056,0.014160156277008056,-6.9868516321611731e-18,2.7008060942509349e-11,0.014160156277008045,2.7008064187872272e-11,1.0408340855860843e-17,-2.1163626406917047e-16,0.99622469804642455,0.26394988060078967,5.6115932755597397e-21,8.9164544789841956e-17,1
139,0.97887323943661975,0.014160156277008056,0.014160156277519943,0.014160156277519943,0.014160156277519943,-6.9428638186336311e-18,2.7519947622985166e-11,0.014160156277519933,2.7519951595333936e-11,1.0408340855860843e-17,-2.1337098754514727e-16,0.99622469804642455,0.26081566699881664,3.7322389238392609e-21,1.0790323298461998e-17,1
140,0.9859154929577465,0.014160156277519943,0.014160156278025759,0.014160156278025759,0.014160156278025759,-6.8990322224428461e-18,2.8025763859138596e-11,0.014160156278025748,2.8025767470629681e-11,1.0408340855860843e-17,-2.1510571102112408e-16,0.99622469804642455,0.25766726895488651,5.9821701899834961e-21,7.7388337463665229e-17,1
141,0.99295774647887325,0.014160156278025759,0.014160156278525241,0.014160156278525241,0.014160156278525241,-6.8553873676050079e-18,2.8525246012993627e-11,0.014160156278525231,2.8525249870514635e-11,1.0408340855860843e-17,-2.1684043449710089e-16,0.99622469804642455,0.25450485769440839,5.1351372427291958e-21,5.8792152623170692e-17,1
142,1,0.014160156278525241,0.014160156279018185,0.014160156279018185,0.014160156279018185,-6.8119577724022136e-18,2.9018190962245951e-11,0.014160156279018175,2.9018194097618633e-11,1.0408340855860843e-17,-2.1857515797307769e-16,0.99622469804642455,0.25132860520489936,4.5528020914918643e-21,8.9428075498638098e-17,1
143,1.0070422535211268,0.014160156279018185,0.014160156279504121,0.014160156279504121,0.014160156279504121,-6.7687715739840971e-18,2.9504127454943048e-11,0.014160156279504113,2.9504130041879684e-11,8.6736173798840355e-18,-2.203098814490545e-16,0.99622469804642455,0.24813868422663063,5.1219023529283474e-21,8.253051225564845e-17,1
144,1.0140845070422535,0.014160156279504121,0.014160156279982888,0.014160156279982888,0.014160156279982888,-6.7258560398977932e-18,2.9982892304125294e-11,0.014160156279982877,2.9982896374014523e-11,1.0408340855860843e-17,-2.2204460492503131e-16,0.99622469804642455,0.2449352682432335,4.3608961893795619e-21,7.6111652960502747e-17,1
145,1.0211267605633803,0.014160156279982888,0.014160156280454325,0.014160156280454325,0.014160156280454325,-6.6832373587079762e-18,3.0454330858351467e-11,0.014160156280454316,3.045433349946336e-11,8.6736173798840355e-18,-2.2377932840100812e-16,0.99622469804642455,0.24171853147226388,4.6537181262233337e-21,7.0795649484438655e-17,1
146,1.028169014084507,0.014160156280454325,0.014160156280918143,0.014160156280918143,0.014160156280918143,-6.6409406165781482e-18,3.0918148962652859e-11,0.014160156280918134,3.0918151719405707e-11,8.6736173798840355e-18,-2.2638141361497333e-16,0.99622469804642455,0.23848864885572801,5.3733652591444678e-21,7.8350683640534758e-17,1
147,1.0352112676056338,0.014160156280918143,0.014160156281374217,0.014160156281374217,0.014160156281374217,-6.5989901584497621e-18,3.1374222390261278e-11,0.014160156281374207,3.1374226133751293e-11,1.0408340855860843e-17,-2.2724877535296173e-16,0.9946624346706936,0.23524579605056795,4.7645603283054394e-21,3.8578830357219234e-17,1
148,1.0422535211267605,0.014160156281374217,0.014160156281822345,0.014160156281822345,0.014160156281822345,-6.557409956908473e-18,3.1822350877413281e-11,0.014160156281822336,3.182235377985343e-11,8.6736173798840355e-18,-2.2898349882893854e-16,0.99153179562230898,0.23199014941910842,5.1086674631274989e-21,6.3914251431494521e-17,1
149,1.0492957746478873,0.014160156281822345,0.014160156282262359,0.014160156282262359,0.014160156282262359,-6.5162225976370622e-18,3.2262365036938049e-11,0.014160156282262349,3.2262368124258423e-11,1.0408340855860843e-17,-2.3245294578089215e-16,0.99151979975482141,0.22872188601946569,5.7439421735682242e-21,8.3595410837296231e-17,1
150,1.056338028169014,0.014160156282262359,0.014160156282694104,0.014160156282694104,0.014160156282694104,-6.4754489527075755e-18,3.2694109966328359e-11,0.014160156282694094,3.2694113041853434e-11,1.0408340855860843e-17,-2.3332030751888055e-16,0.99151979975482141,0.22544118359591814,4.8704394467122269e-21,1.8337406775456001e-16,1
151,1.0633802816901408,0.014160156282694104,0.014160156283117415,0.014160156283117415,0.014160156283117415,-6.4351094555693005e-18,3.3117420687648182e-11,0.014160156283117406,3.3117423733908247e-11,8.6736173798840355e-18,-2.3765711620882257e-16,0.99151979975482141,0.2221482205692393,5.3270431448414982e-21,1.1788741491893636e-16,1
152,1.0704225352112677,0.014160156283117415,0.014160156283532181,0.014160156283532181,0.014160156283532181,-6.3952238439910073e-18,3.3532186217844743e-11,0.014160156283532172,3.3532189178120397e-11,8.6736173798840355e-18,-2.3776553642607112e-16,0.99151979975482141,0.21884317602699505,4.4469229730850768e-21,5.563411094430489e-17,1
153,1.0774647887323945,0.014160156283532181,0.014160156283938298,0.014160156283938298,0.014160156283938298,-6.3558106642007102e-18,3.3938303741838473e-11,0.014160156283938288,3.3938307025804804e-11,1.0408340855860843e-17,-2.3852447794681098e-16,0.99151979975482141,0.21552622971380347,5.7174723939665273e-21,8.15487018468813e-17,1
154,1.0845070422535212,0.014160156283938298,0.014160156284335689,0.014160156284335689,0.014160156284335689,-6.3168878599361597e-18,3.4335694896643082e-11,0.01416015628433568,3.4335697479681571e-11,8.6736173798840355e-18,-2.4112656316077619e-16,0.99151979975482141,0.2121975620215599,5.9557004103817993e-21,4.6437923466136095e-17,1
155,1.091549295774648,0.014160156284335689,0.014160156284724303,0.014160156284724303,0.014160156284724303,-6.2784730745134918e-18,3.4724308513194371e-11,0.014160156284724293,3.4724311967493371e-11,1.0408340855860843e-17,-2.4286128663675299e-16,0.99151979975482141,0.20885735397962576,6.2203982063987681e-21,1.6341987708288607e-16,1
156,1.0985915492957747,0.014160156284724303,0.014160156285104286,0.014160156285104286,0.014160156285104286,-6.2405820981035334e-18,3.5104291139194718e-11,0.014160156285104275,3.5104294471288711e-11,1.0408340855860843e-17,-2.437286483747414e-16,0.99151979975482141,0.20550578724498372,5.2542512509368318e-21,8.4070214538079109e-17,1
157,1.1056338028169015,0.014160156285104286,0.014160156285476025,0.014160156285476025,0.014160156285476025,-6.2032301110695049e-18,3.5476030218901955e-11,0.014160156285476014,3.5476033569126209e-11,1.0408340855860843e-17,-2.454633718507182e-16,0.99151979975482141,0.20214304409235817,5.7836468429707695e-21,1.4325687305370152e-16,1
158,1.1126760563380282,0.014160156285476025,0.014160156285839649,0.014160156285839649,0.014160156285839649,-6.1664310739813964e-18,3.5839654881025485e-11,0.01416015628583964,3.5839657630543087e-11,8.6736173798840355e-18,-2.4719809532669501e-16,0.99151979975482141,0.19876930740430207,5.9292306307801024e-21,6.9221649359905312e-17,1
159,1.119718309859155,0.014160156285839649,0.014160156286195606,0.014160156286195606,0.014160156286195606,-6.1301980289392377e-18,3.6195611365532801e-11,0.014160156286195597,3.6195614214196148e-11,8.6736173798840355e-18,-2.4893281880267182e-16,0.99151979975482141,0.19538476066125127,5.2410163611359833e-21,3.7540348318345914e-17,1
160,1.1267605633802817,0.014160156286195606,0.014160156286544054,0.014160156286544054,0.014160156286544054,-6.0945435392643719e-18,3.6544059735535736e-11,0.014160156286544046,3.6544062914645181e-11,8.6736173798840355e-18,-2.4980018054066022e-16,0.99151979975482141,0.19198958793154564,4.5528020914918643e-21,8.3959372723737915e-17,1
161,1.1338028169014085,0.014160156286544054,0.014160156286885113,0.014160156286885113,0.014160156286885113,-6.0594793573283161e-18,3.6885119393946229e-11,0.014160156286885104,3.6885121693086553e-11,8.6736173798840355e-18,-2.5153490401663703e-16,0.99083524783518973,0.18858397386141842,4.5528020914918643e-21,1.5632565765924608e-16,1
162,1.1408450704225352,0.014160156286885113,0.014160156287218624,0.014160156287218624,0.014160156287218624,-6.0250166852803258e-18,3.7218629401103206e-11,0.014160156287218615,3.721863268968395e-11,8.6736173798840355e-18,-2.5240226575462543e-16,0.98924210561179948,0.18516810366495479,4.0167890545575024e-21,8.4850357137358397e-17,1
163,1.147887323943662,0.014160156287218624,0.014160156287544471,0.014160156287544471,0.014160156287544471,-5.9911657057766166e-18,3.7544477576536822e-11,0.014160156287544462,3.7544479677964482e-11,8.6736173798840355e-18,-2.5413698923060224e-16,0.98924210561179948,0.18174216311401825,5.6645328347631335e-21,1.0311767369418791e-16,1
164,1.1549295774647887,0.014160156287544471,0.014160156287862666,0.014160156287862666,0.014160156287862664,-5.9579358323291043e-18,3.7862671462771321e-11,0.014160156287862657,3.7862673066269004e-11,6.9388939039072284e-18,-2.5587171270657905e-16,0.98924210561179948,0.17830633852814792,4.6057416506952581e-21,1.1384787678194651e-16,1
165,1.1619718309859155,0.014160156287862664,0.014160156288173209,0.014160156288173209,0.014160156288173209,-5.9253356577980493e-18,3.8173215088988016e-11,0.014160156288173201,3.8173218058767944e-11,8.6736173798840355e-18,-2.5760643618255585e-16,0.98924210561179948,0.17486081676442583,3.9175273810511391e-21,8.873385397196698e-17,1
166,1.1690140845070423,0.014160156288173209,0.014160156288476127,0.014160156288476127,0.014160156288476127,-5.8933731139419928e-18,3.8476133194871936e-11,0.014160156288476118,3.8476135472143014e-11,8.6736173798840355e-18,-2.5934115965853266e-16,0.98924210561179948,0.171405785207314,5.9292306307801024e-21,1.7583967065614785e-17,1
167,1.176056338028169,0.014160156288476127,0.014160156288771443,0.014160156288771443,0.014160156288771443,-5.8620554463215514e-18,3.877144869705877e-11,0.014160156288771434,3.8771451327246353e-11,8.6736173798840355e-18,-2.6107588313450947e-16,0.98924210561179948,0.16794143175846393,3.1499037726019294e-21,6.7006667728337058e-17,1
168,1.1830985915492958,0.014160156288771443,0.01416015628905919,0.01416015628905919,0.01416015628905919,-5.8313893361424791e-18,3.9059195415813715e-11,0.014160156289059181,3.9059198583824006e-11,8.6736173798840355e-18,-2.6194324487249787e-16,0.98924210561179948,0.16446794482649763,4.4866276424876221e-21,9.2240986199878653e-18,1
169,1.1901408450704225,0.01416015628905919,0.014160156289339476,0.014160156289339476,0.014160156289339478,-5.8013810676403651e-18,3.9339483092973274e-11,0.014160156289339469,3.9339486529454959e-11,8.6736173798840355e-18,-2.6454533008646308e-16,0.98924210561179948,0.16098551331676095,3.8381180422460484e-21,4.2006288199562979e-17,1
170,1.1971830985915493,0.014160156289339478,0.014160156289612346,0.014160156289612346,0.014160156289612346,-5.7720361771420642e-18,3.9612352423464536e-11,0.014160156289612338,3.9612355062779159e-11,8.6736173798840355e-18,-2.6541269182445149e-16,0.98924210561179948,0.15749432662105003,3.0704944337968387e-21,1.4152514896047523e-16,1
171,1.204225352112676,0.014160156289612346,0.014160156289877842,0.014160156289877842,0.014160156289877842,-5.7433594985071696e-18,3.9877848771309778e-11,0.014160156289877834,3.9877851021330457e-11,8.6736173798840355e-18,-2.680147770384167e-16,0.98924210561179948,0.153994574607311,3.3881317890172014e-21,7.4602998320752897e-17,1
172,1.2112676056338028,0.014160156289877842,0.014160156290135945,0.014160156290135945,0.014160156290135945,-5.7153554603492476e-18,4.0135951278186144e-11,0.014160156290135936,4.0135953588427142e-11,8.6736173798840355e-18,-2.688821387764051e-16,0.98924210561179948,0.1504864476093144,5.6115932755597397e-21,4.9625552219365486e-17,1
173,1.2183098591549295,0.014160156290135945,0.014160156290386663,0.014160156290386663,0.014160156290386663,-5.688028063460301e-18,4.0386668919302048e-11,0.014160156290386654,4.0386671437686594e-11,8.6736173798840355e-18,-2.697495005143935e-16,0.98924210561045955,0.14697013641630371,3.4940109074239889e-21,9.6482136369826149e-17,1
174,1.2253521126760563,0.014160156290386663,0.014160156290630053,0.014160156290630053,0.014160156290630053,-5.6613807114258183e-18,4.0630059491908227e-11,0.014160156290630044,4.063006181498352e-11,8.6736173798840355e-18,-2.7061686225238191e-16,0.98924210561045955,0.14344583226261926,4.3278089648774408e-21,2.0282223164293221e-16,1
175,1.2323943661971832,0.014160156290630053,0.01416015629086618,0.01416015629086618,0.01416015629086618,-5.6354162514217887e-18,4.0866186624481372e-11,0.014160156290866172,4.0866188905086531e-11,8.6736173798840355e-18,-2.7148422399037031e-16,0.98924210561045955,0.13991372681729794,3.1234339930002325e-21,9.1233625383986569e-17,1
176,1.23943661971831,0.01416015629086618,0.014160156291095112,0.014160156291095112,0.014160156291095112,-5.6101370457233807e-18,4.109511786897921e-11,0.014160156291095103,4.109512036221119e-11,8.6736173798840355e-18,-2.7235158572835871e-16,0.98924208067323161,0.13637401217364939,4.0234064994579266e-21,5.8424190426663216e-17,1
177,1.2464788732394367,0.014160156291095112,0.014160156291316917,0.014160156291316917,0.014160156291316917,-5.5855451024006717e-18,4.1316922565292367e-11,0.014160156291316908,4.1316925575296537e-11,8.6736173798840355e-18,-2.7495367094232392e-16,0.98924208067323161,0.13282688083880892,3.7587087034409578e-21,9.1174662967646812e-17,1
178,1.2535211267605635,0.014160156291316917,0.01416015629153167,0.01416015629153167,0.01416015629153167,-5.5616420056286081e-18,4.1531676234546529e-11,0.014160156291531662,4.1531679137452038e-11,8.6736173798840355e-18,-2.7582103268031233e-16,0.98924208067323161,0.12927252572326806,4.0763460586613204e-21,8.2601084158347737e-17,1
179,1.2605633802816902,0.01416015629153167,0.014160156291739443,0.014160156291739443,0.014160156291739443,-5.5384289153572211e-18,4.1739449789634143e-11,0.014160156291739435,4.1739452172340208e-11,8.6736173798840355e-18,-2.7598366300618515e-16,0.98924208067323161,0.12571114013038331,4.6586812098986519e-21,1.8253444899515708e-16,1
180,1.267605633802817,0.014160156291739443,0.014160156291940307,0.014160156291940307,0.014160156291940307,-5.5159067273996977e-18,4.1940313292718202e-11,0.014160156291940298,4.1940315803623562e-11,8.6736173798840355e-18,-2.7755575615628914e-16,0.98924208067323161,0.12214291774586307,5.2939559203393771e-21,3.3890695132713341e-17,1
181,1.2746478873239437,0.014160156291940307,0.014160156292134331,0.014160156292134331,0.014160156292134329,-5.494075951515528e-18,4.2134336267661723e-11,0.014160156292134322,4.2134337685517664e-11,6.9388939039072284e-18,-2.7929047963226594e-16,0.98924208067323161,0.11856805262723417,4.4998625322884706e-21,3.7986950679086383e-17,1
182,1.2816901408450705,0.014160156292134329,0.014160156292321582,0.014160156292321582,0.014160156292321582,-5.4729367853241657e-18,4.2321587641389631e-11,0.014160156292321573,4.2321590676408505e-11,8.6736173798840355e-18,-2.8015784137025435e-16,0.98924208067323161,0.1149867391932881,4.8572045569113785e-21,7.5849396995191686e-17,1
183,1.2887323943661972,0.014160156292321582,0.014160156292502137,0.014160156292502137,0.014160156292502137,-5.4524891575847064e-18,4.2502144132011465e-11,0.01416015629250213,4.2502145899958599e-11,6.9388939039072284e-18,-2.8102520310824275e-16,0.98924208067323161,0.11139917221350758,3.9307622708519875e-21,1.1599789438824063e-16,1
184,1.295774647887324,0.014160156292502137,0.014160156292676102,0.014160156292676102,0.014160156292676102,-5.4327326705072402e-18,4.2676109362776528e-11,0.014160156292676095,4.2676110909023457e-11,6.9388939039072284e-18,-2.8145888397723695e-16,0.98924208067323161,0.10780554679747383,4.4204531934833799e-21,5.8234035291091473e-17,1
185,1.3028169014084507,0.014160156292676102,0.014160156292843564,0.014160156292843564,0.014160156292843564,-5.4136666937592799e-18,4.2843570886200075e-11,0.014160156292843557,4.2843572439776878e-11,6.9388939039072284e-18,-2.8275992658421956e-16,0.98924208067323161,0.10420605838425592,3.7454738136401093e-21,3.9824908777051646e-17,1
186,1.3098591549295775,0.014160156292843564,0.01416015629300461,0.01416015629300461,0.014160156293004609,-5.3952903639491349e-18,4.3004616019552659e-11,0.014160156293004602,4.3004617228392661e-11,6.9388939039072284e-18,-2.8281413669284383e-16,0.98924208067323161,0.10060090273178147,3.6594470299345944e-21,7.7181209357405723e-17,1
187,1.3169014084507042,0.014160156293004609,0.014160156293159308,0.014160156293159308,0.014160156293159308,-5.377602680656855e-18,4.3159313627969659e-11,0.014160156293159299,4.3159316398533321e-11,8.6736173798840355e-18,-2.8362728832220796e-16,0.98924208067323161,0.096990275906190485,5.5255664918542249e-21,1.2878904898498573e-16,1
188,1.323943661971831,0.014160156293159308,0.014160156293307708,0.014160156293307708,0.014160156293307708,-5.3606024176661884e-18,4.3307714162435876e-11,0.014160156293307699,4.3307716787732708e-11,8.6736173798840355e-18,-2.8492833092919057e-16,0.98914175454813913,0.093374374271172567,5.6380630551614366e-21,2.539685754517569e-16,1
189,1.3309859154929577,0.014160156293307708,0.014160156293449872,0.014160156293449872,0.014160156293449872,-5.344288229340877e-18,4.344987833518796e-11,0.014160156293449863,4.344988084603596e-11,8.6736173798840355e-18,-2.8579569266717897e-16,0.98886674876915315,0.089753394477287168,4.155755397466411e-21,9.0350450485926777e-17,1
190,1.3380281690140845,0.014160156293449872,0.014160156293585847,0.014160156293585847,0.014160156293585847,-5.3286586592873104e-18,4.3585853788641394e-11,0.01416015629358584,4.3585855410976926e-11,6.9388939039072284e-18,-2.8622937353617317e-16,0.98843779287504063,0.086127533451269292,3.9704669402545328e-21,1.049642649857335e-16,1
191,1.3450704225352113,0.014160156293585847,0.01416015629371568,0.01416015629371568,0.01416015629371568,-5.3137121349465562e-18,4.3715687057979561e-11,0.014160156293715673,4.3715689054812934e-11,6.9388939039072284e-18,-2.8666305440516737e-16,0.98787491887597367,0.082496988385319242,3.3748968992163529e-21,1.0973592326040238e-16,1
192,1.352112676056338,0.01416015629371568,0.014160156293839425,0.014160156293839425,0.014160156293839425,-5.2994469874215681e-18,4.3839430920206735e-11,0.014160156293839416,4.3839433819248264e-11,8.6736173798840355e-18,-2.8753041614315578e-16,0.98719746651460716,0.078861956726378635,5.7836468429707695e-21,7.4853395495222622e-17,1
193,1.3591549295774648,0.014160156293839425,0.014160156293957138,0.014160156293957138,0.014160156293957138,-5.2858614782695869e-18,4.3957144507122799e-11,0.014160156293957131,4.3957146950157622e-11,6.9388939039072284e-18,-2.8755752119746791e-16,0.98642405239921427,0.075222636165392029,2.9910850949917481e-21,8.734961345496326e-17,1
194,1.3661971830985915,0.014160156293957138,0.014160156294068858,0.014160156294068858,0.014160156294068858,-5.2729538168153888e-18,4.4068864711817183e-11,0.014160156294068851,4.406886661145748e-11,6.9388939039072284e-18,-2.8818093744664708e-16,0.98557254076194412,0.071579224626555707,3.0903467684981114e-21,2.4381767863832639e-16,1
195,1.3732394366197183,0.014160156294068858,0.014160156294174621,0.014160156294174621,0.014160156294174621,-5.2607221795065633e-18,4.4174626984558622e-11,0.014160156294174614,4.4174629232340834e-11,6.9388939039072284e-18,-2.8883145875013838e-16,0.98466001773680023,0.06793192025655348,3.4543062380214436e-21,1.6803469421029544e-16,1
196,1.380281690140845,0.014160156294174621,0.014160156294274459,0.014160156294274459,0.014160156294274459,-5.2491647503044337e-18,4.4274465595112318e-11,0.014160156294274452,4.4274467772553727e-11,6.9388939039072284e-18,-2.8926513961913258e-16,0.98370277007496743,0.064280921413780473,3.0307897643942934e-21,5.3073456971249867e-17,1
197,1.3873239436619718,0.014160156294274459,0.014160156294368407,0.014160156294368407,0.014160156294368408,-5.2382796898619396e-18,4.436841384614575e-11,0.0141601562943684,4.4368416926565679e-11,8.6736173798840355e-18,-2.9056618222611519e-16,0.98271626732990525,0.060626426657555493,4.5395672016910159e-21,1.8127331581062802e-16,1
198,1.3943661971830987,0.014160156294368408,0.014160156294456498,0.014160156294456498,0.014160156294456498,-5.2280651755368041e-18,4.4456503355999128e-11,0.014160156294456489,4.4456506184675781e-11,8.6736173798840355e-18,-2.9121670352960649e-16,0.98171514705932839,0.056968634737322242,6.5115657820174339e-21,9.0798109324330539e-17,1
199,1.4014084507042255,0.014160156294456498,0.014160156294538756,0.014160156294538758,0.014160156294538758,-5.2185194308822563e-18,4.4538763665020305e-11,0.014160156294538749,4.4538766771906602e-11,8.6736173798840355e-18,-2.9143354396410359e-16,0.98071217714493131,0.053307744581840781,3.2226956665065958e-21,6.0378743864806119e-17,1
200,1.4084507042253522,0.014160156294538758,0.014160156294615216,0.014160156294615218,0.014160156294615218,-5.2096407153431412e-18,4.4615223313596312e-11,0.014160156294615209,4.4615226443833755e-11,8.6736173798840355e-18,-2.9165038439860069e-16,0.97971678973011422,0.049643955288368138,3.0969642133985356e-21,7.8670205778479611e-17,1
201,1.415492957746479,0.014160156294615218,0.014160156294685903,0.014160156294685903,0.014160156294685903,-5.2014273362582138e-18,4.4685908944312786e-11,0.014160156294685896,4.4685911221309382e-11,6.9388939039072284e-18,-2.9208406526759489e-16,0.97874211557674951,0.045977466111830893,5.3071908101402256e-21,8.6344972551096918e-17,1
202,1.4225352112676057,0.014160156294685903,0.014160156294750838,0.014160156294750838,0.01416015629475084,-5.1938776655858483e-18,4.4750845425700131e-11,0.014160156294750832,4.4750848859909098e-11,8.6736173798840355e-18,-2.92300905702092e-16,0.97780032861606636,0.042308476453988622,3.1697561073032021e-21,3.6260955044246564e-17,1
203,1.4295774647887325,0.01416015629475084,0.01416015629481005,0.01416015629481005,0.01416015629481005,-5.1869901570643884e-18,4.4810055932827549e-11,0.014160156294810043,4.4810058441591138e-11,6.9388939039072284e-18,-2.927345865710862e-16,0.9769026276768652,0.038637185852589254,3.1763735522036263e-21,1.0418781393196933e-16,1
204,1.4366197183098592,0.01416015629481005,0.014160156294863556,0.014160156294863556,0.014160156294863556,-5.1807633568944814e-18,4.4863562161387631e-11,0.014160156294863549,4.4863564252484167e-11,6.9388939039072284e-18,-2.929514270055833e-16,0.97605924067118943,0.034963793970517548,4.632211430296955e-21,1.7276063506553852e-16,1
205,1.443661971830986,0.014160156294863556,0.014160156294911377,0.014160156294911377,0.014160156294911377,-5.1751959132689925e-18,4.4911383326682433e-11,0.01416015629491137,4.491138537454642e-11,6.9388939039072284e-18,-2.931682674400804e-16,0.97527942937122258,0.031288500584936166,3.6660644748350187e-21,9.4367955109875275e-17,1
206,1.4507042253521127,0.014160156294911377,0.01416015629495353,0.01416015629495353,0.01416015629495353,-5.1702865854602876e-18,4.4953536702803322e-11,0.014160156294953524,4.4953539155012656e-11,6.9388939039072284e-18,-2.9327668765732895e-16,0.97457149446898539,0.027611505576420937,2.9513804255892027e-21,1.8514228647480077e-16,1
207,1.4577464788732395,0.01416015629495353,0.014160156294990029,0.014160156294990029,0.014160156294990031,-5.1660342520417776e-18,4.4990036034947017e-11,0.014160156294990022,4.4990039471670684e-11,8.6736173798840355e-18,-2.9349352809182605e-16,0.97394278072199647,0.023933008918090307,3.1366688828010809e-21,1.4053118918136484e-16,1
208,1.4647887323943662,0.014160156294990031,0.014160156295020888,0.01416015629502089,0.01416015629502089,-5.16243791659436e-18,4.502089515662755e-11,0.014160156295020881,4.5020898467584836e-11,8.6736173798840355e-18,-2.9371036852632315e-16,0.9733996820085471,0.020253210664729883,3.0837293235976872e-21,6.5727226807341956e-17,1
209,1.471830985915493,0.01416015629502089,0.01416015629504612,0.01416015629504612,0.01416015629504612,-5.1594967150080521e-18,4.5046126227505269e-11,0.014160156295046113,4.5046128285819442e-11,6.9388939039072284e-18,-2.938187887435717e-16,0.97294764613528539,0.016572310941912406,3.0742167465533274e-21,1.3185007706691728e-16,1
210,1.4788732394366197,0.01416015629504612,0.014160156295065732,0.014160156295065732,0.014160156295065732,-5.1572099210277776e-18,4.506573934719031e-11,0.014160156295065725,4.5065741069438836e-11,6.9388939039072284e-18,-2.9387299885219598e-16,0.97259117925841976,0.012890509935113748,3.1697561073032021e-21,5.2461536884686312e-17,1
211,1.4859154929577465,0.014160156295065732,0.014160156295079737,0.014160156295079737,0.014160156295079737,-5.1555769509057124e-18,4.5079742551152944e-11,0.014160156295079728,4.5079745492060397e-11,8.6736173798840355e-18,-2.9392720896082025e-16,0.9723338497987104,0.0092080078788266892,3.3418096747142318e-21,9.4093154931187802e-17,1
212,1.4929577464788732,0.014160156295079737,0.014160156295088136,0.014160156295088136,0.014160156295088135,-5.1545973667918035e-18,4.5088141808112667e-11,0.014160156295088128,4.5088143288407601e-11,6.9388939039072284e-18,-2.9400852412375666e-16,0.97217829174916148,0.0055250050456698936,3.2061520542555353e-21,7.8678215620382555e-17,1
213,1.5,0.014160156295088135,0.014160156295090934,0.014160156295090934,0.014160156295090934,-5.1542708796392507e-18,4.5090941017445313e-11,0.014160156295090928,4.5090943132097827e-11,6.9388939039072284e-18,-2.9401021818965117e-16,0.97212620729402888,0.0018417017354969533,3.1044088389115129e-21,1.3240859532309965e-16,1
214,1.5070422535211268,0.014160156295090934,0.014160156295088136,0.014160156295088136,0.014160156295088136,-5.154597351168877e-18,4.5088142005993172e-11,0.014160156295088128,4.5088145023131077e-11,8.6736173798840355e-18,-2.9337874520130574e-16,0.97212620729402888,0.0018417017354971138,3.0622226276713085e-21,1.0643334515301676e-16,1
215,1.5140845070422535,0.014160156295088136,0.014160156295079739,0.014160156295079739,0.014160156295079739,-5.1555767923926061e-18,4.5079744561530087e-11,0.01416015629507973,4.5079747226783873e-11,8.6736173798840355e-18,-2.9232724638185205e-16,0.97212620729402888,0.005525005045670054,3.0653245549683823e-21,1.6137991442245076e-16,1
216,1.5211267605633803,0.014160156295079739,0.014160156295065741,0.014160156295065741,0.014160156295065741,-5.1572093570573222e-18,4.5065746516711035e-11,0.014160156295065732,4.5065749743056216e-11,8.6736173798840355e-18,-2.9192471559525892e-16,0.97212620729402888,0.0092080078788268488,2.8918234214853848e-21,5.4653414541027696e-17,1
217,1.528169014084507,0.014160156295065741,0.014160156295046137,0.014160156295046137,0.014160156295046137,-5.1594953399914376e-18,4.5046143755954939e-11,0.01416015629504613,4.5046145633054202e-11,6.9388939039072284e-18,-2.9131472973652665e-16,0.97212620729402888,0.01289050993511391,2.8620449194334758e-21,9.3224108536484357e-17,1
218,1.5352112676056338,0.014160156295046137,0.014160156295020924,0.014160156295020924,0.014160156295020924,-5.1624351753541667e-18,4.5020930211258707e-11,0.014160156295020916,4.5020933162054355e-11,8.6736173798840355e-18,-2.9043817204399385e-16,0.97212620729402888,0.016572310941912353,2.7561658010266882e-21,9.1962368938093418e-17,1
219,1.5422535211267605,0.014160156295020924,0.014160156294990092,0.014160156294990092,0.014160156294990092,-5.1660294339356983e-18,4.4990097851734812e-11,0.014160156294990085,4.4990100186992343e-11,6.9388939039072284e-18,-2.8917116920114685e-16,0.97212620729402888,0.020253210664729827,3.1862997195542626e-21,2.011247636902735e-16,1
220,1.5492957746478873,0.014160156294990092,0.014160156294953631,0.014160156294953631,0.014160156294953631,-5.1702788195107122e-18,4.495363667063554e-11,0.014160156294953622,4.4953639768974263e-11,8.6736173798840355e-18,-2.8721581660076239e-16,0.97212620729402888,0.023933008918090252,3.1763735522036263e-21,6.9284689544020408e-17,1
221,1.556338028169014,0.014160156294953631,0.014160156294911529,0.014160156294911529,0.014160156294911529,-5.1751841642602201e-18,4.4911534671696633e-11,0.014160156294911521,4.4911538030212306e-11,8.6736173798840355e-18,-2.8506230067380847e-16,0.97212620729402888,0.027611505576420867,5.2575599733870439e-21,1.6629920137233843e-16,1
222,1.563380281690141,0.014160156294911529,0.014160156294863772,0.014160156294863772,0.014160156294863772,-5.1807464228668125e-18,4.4863777848130677e-11,0.014160156294863764,4.4863781092918664e-11,8.6736173798840355e-18,-2.848158948250953e-16,0.97212620729402888,0.031288500584936103,3.2028433318053232e-21,8.7973290291884774e-17,1
223,1.5704225352112677,0.014160156294863772,0.014160156294810345,0.014160156294810345,0.014160156294810345,-5.1869666670151614e-18,4.4810350165920146e-11,0.014160156294810336,4.4810353344582055e-11,8.6736173798840355e-18,-2.8350533869535018e-16,0.97212620729402888,0.034963793970517486,4.4733927526867737e-21,1.5589646669430507e-16,1
224,1.5774647887323945,0.014160156294810345,0.014160156294751227,0.014160156294751227,0.014160156294751227,-5.1938460771689876e-18,4.4751233472245834e-11,0.01416015629475122,4.4751235703244241e-11,6.9388939039072284e-18,-2.8054326425935351e-16,0.97212620729402888,0.038637185852589205,3.1499037726019294e-21,9.7567281534672312e-17,1
225,1.5845070422535212,0.014160156294751227,0.014160156294686402,0.014160156294686402,0.014160156294686402,-5.2013859344850092e-18,4.4686407610993021e-11,0.014160156294686393,4.4686410821670464e-11,8.6736173798840355e-18,-2.7510871101884495e-16,0.97212620729402888,0.04230847645398856,3.1896084420044747e-21,1.620034281044588e-16,1
226,1.591549295774648,0.014160156294686402,0.014160156294615844,0.014160156294615844,0.014160156294615844,-5.2095876115847713e-18,4.4615850336349e-11,0.014160156294615837,4.4615852679008583e-11,6.9388939039072284e-18,-2.6606299455215024e-16,0.97212620729402888,0.045977466111830845,3.4146015686188982e-21,8.6265583329582818e-17,1
227,1.5985915492957747,0.014160156294615844,0.014160156294539532,0.014160156294539532,0.014160156294539532,-5.2184525624690058e-18,4.4539537257735539e-11,0.014160156294539523,4.4539540458576887e-11,8.6736173798840355e-18,-2.6009172139069604e-16,0.97212620729402888,0.049643955288368083,2.9307009102753771e-21,4.5981550157194465e-17,1
228,1.6056338028169015,0.014160156294539532,0.014160156294457436,0.014160156294457436,0.014160156294457436,-5.2279823111450618e-18,4.445744181313896e-11,0.014160156294457427,4.4457444670076285e-11,8.6736173798840355e-18,-2.6009172139069604e-16,0.97212620729402888,0.053307744581840712,3.0903467684981114e-21,9.7189861135321055e-17,1
229,1.6126760563380282,0.014160156294457436,0.014160156294369529,0.014160156294369529,0.014160156294369529,-5.2381784397392753e-18,4.4369535234984371e-11,0.014160156294369522,4.436953755793116e-11,6.9388939039072284e-18,-2.6009172139069604e-16,0.97212620729402888,0.056968634737322187,4.1425205076655626e-21,6.8355557318307783e-17,1
230,1.619718309859155,0.014160156294369529,0.014160156294275781,0.014160156294275781,0.014160156294275781,-5.2490425767871516e-18,4.4275786555677846e-11,0.014160156294275772,4.4275789631842422e-11,8.6736173798840355e-18,-2.6009172139069604e-16,0.97212620729402888,0.060626426657555431,3.3219573400129591e-21,1.4478150029904818e-16,1
231,1.6267605633802817,0.014160156294275781,0.014160156294176156,0.014160156294176156,0.014160156294176156,-5.2605763840976025e-18,4.4176162567295267e-11,0.014160156294176149,4.4176164462617074e-11,6.9388939039072284e-18,-2.6009172139069604e-16,0.97212620729402888,0.064280921413780417,5.2542512509368318e-21,1.305470053212686e-16,1
232,1.6338028169014085,0.014160156294176156,0.014160156294070622,0.014160156294070622,0.014160156294070622,-5.2727815377982294e-18,4.4070627797543516e-11,0.014160156294070613,4.4070630825232548e-11,8.6736173798840355e-18,-2.6009172139069604e-16,0.97212620729402888,0.067931920256553424,3.4940109074239889e-21,3.7483881098786271e-17,1
233,1.6408450704225352,0.014160156294070622,0.014160156293959138,0.014160156293959138,0.014160156293959138,-5.2856597174429727e-18,4.395914449743922e-11,0.01416015629395913,4.3959147086325423e-11,8.6736173798840355e-18,-2.6009172139069609e-16,0.97212620729402888,0.071579224626555651,3.3087224502121107e-21,4.9409490937306622e-17,1
234,1.647887323943662,0.014160156293959138,0.014160156293841666,0.014160156293841666,0.014160156293841666,-5.2992125888561148e-18,4.3841672615774254e-11,0.014160156293841659,4.3841675081979226e-11,6.9388939039072284e-18,-2.599569074592613e-16,0.97212620729402888,0.075222636165391987,3.9704669402545328e-21,9.5291811228674216e-17,1
235,1.6549295774647887,0.014160156293841666,0.014160156293718163,0.014160156293718163,0.014160156293718163,-5.3134417911935089e-18,4.3718168927662508e-11,0.014160156293718154,4.3718171444107057e-11,8.6736173798840355e-18,-2.5944502906401517e-16,0.97212620729402888,0.078861956726378579,3.5734202462290796e-21,5.1698401861971197e-17,1
236,1.6619718309859155,0.014160156293718163,0.014160156293588582,0.014160156293588582,0.014160156293588582,-5.3283489106111467e-18,4.3588588719410721e-11,0.014160156293588575,4.3588591069898541e-11,6.9388939039072284e-18,-2.5851629825419805e-16,0.97212620729402888,0.082496988385319298,4.9895534549198629e-21,4.4619167138245029e-17,1
237,1.6690140845070423,0.014160156293588582,0.014160156293452878,0.014160156293452878,0.014160156293452878,-5.3439354653771015e-18,4.3452885076156859e-11,0.014160156293452872,4.3452887121819828e-11,6.9388939039072284e-18,-2.5713195935486698e-16,0.97212620729402888,0.086127533451269361,4.0234064994579266e-21,8.9367868240099934e-18,1
238,1.676056338028169,0.014160156293452878,0.014160156293311002,0.014160156293311002,0.014160156293311002,-5.3602028868184068e-18,4.331100854037426e-11,0.014160156293310994,4.3311011027613588e-11,8.6736173798840355e-18,-2.5535156641122721e-16,0.97212620729402888,0.089753394477287238,4.9498487855173176e-21,8.9058807145169309e-17,1
239,1.6830985915492958,0.014160156293311002,0.0141601562931629,0.0141601562931629,0.0141601562931629,-5.3771524988368996e-18,4.3162906797241644e-11,0.014160156293162893,4.3162909010852069e-11,6.9388939039072284e-18,-2.553515664112278e-16,0.97212620729402888,0.093374374271172594,4.751325438504591e-21,1.0182011075169898e-16,1
240,1.6901408450704225,0.0141601562931629,0.01416015629300852,0.01416015629300852,0.01416015629300852,-5.3947854987412585e-18,4.3008525680176242e-11,0.014160156293008512,4.3008529029830989e-11,8.6736173798840355e-18,-2.55351566411228e-16,0.97212620729402888,0.096990275906190526,2.9381455357883543e-21,4.008901915204908e-17,1
241,1.6971830985915493,0.01416015629300852,0.014160156292847803,0.014160156292847803,0.014160156292847803,-5.413102933473428e-18,4.2847808951764974e-11,0.014160156292847795,4.2847812103952165e-11,8.6736173798840355e-18,-2.5535156641122859e-16,0.97212620729402888,0.10060090273178142,3.5998900258307764e-21,8.1356655136656756e-17,1
242,1.704225352112676,0.014160156292847803,0.014160156292680692,0.014160156292680692,0.014160156292680692,-5.4321056831458992e-18,4.2680698281203737e-11,0.014160156292680684,4.2680700987340892e-11,8.6736173798840355e-18,-2.5535156641122938e-16,0.97212435219299986,0.10420605838425587,4.3410438546782892e-21,4.0067658207931572e-17,1
243,1.7112676056338028,0.014160156292680692,0.014160156292507128,0.014160156292507128,0.014160156292507128,-5.4517944144936441e-18,4.250713330212356e-11,0.014160156292507119,4.2507136699398984e-11,8.6736173798840355e-18,-2.5535156641123016e-16,0.97212435219299986,0.1078055467974738,5.4527745979495584e-21,2.7550750774398015e-17,1
244,1.7183098591549295,0.014160156292507128,0.014160156292327045,0.014160156292327045,0.014160156292327045,-5.4721695753176585e-18,4.2327050771261905e-11,0.014160156292327036,4.2327053320634356e-11,8.6736173798840355e-18,-2.5535156641123026e-16,0.97212435219299986,0.11139917221350752,3.7454738136401093e-21,3.5100346030558475e-17,1
245,1.7253521126760565,0.014160156292327045,0.01416015629214038,0.01416015629214038,0.01416015629214038,-5.4932313860980574e-18,4.2140386186382493e-11,0.014160156292140373,4.2140388401001871e-11,6.9388939039072284e-18,-2.5535156641123056e-16,0.97212435219299986,0.11498673919328807,4.6851509895003488e-21,1.0369397776818154e-16,1
246,1.7323943661971832,0.01416015629214038,0.014160156291947064,0.014160156291947064,0.014160156291947064,-5.5149797805028143e-18,4.1947070671615776e-11,0.014160156291947057,4.1947072551562492e-11,6.9388939039072284e-18,-2.5535156641123095e-16,0.97212435219299986,0.11856805262723409,3.7322389238392609e-21,6.8231902172547762e-17,1
247,1.73943661971831,0.014160156291947064,0.014160156291747028,0.014160156291747028,0.014160156291747028,-5.5374144260452972e-18,4.174703362133022e-11,0.014160156291747019,4.1747036383377178e-11,8.6736173798840355e-18,-2.5535156641123135e-16,0.97212435219299986,0.12214291774586299,5.3733652591444678e-21,8.4203741780719569e-17,1
248,1.7464788732394367,0.014160156291747028,0.014160156291540198,0.014160156291540198,0.014160156291540198,-5.5605346781144739e-18,4.1540204923673655e-11,0.014160156291540191,4.154020703805994e-11,6.9388939039072284e-18,-2.5535156641123174e-16,0.97212435219299986,0.12571114013038326,5.082197683525802e-21,5.3608742037546394e-17,1
249,1.7535211267605635,0.014160156291540198,0.014160156291326506,0.014160156291326506,0.014160156291326506,-5.5843395553405912e-18,4.1326513042875638e-11,0.0141601562913265,4.1326515126671737e-11,6.9388939039072284e-18,-2.5535156641123214e-16,0.97212435219299986,0.129272525723268,3.4146015686188982e-21,8.5957817799824257e-17,1
250,1.7605633802816902,0.014160156291326506,0.014160156291105879,0.014160156291105879,0.014160156291105879,-5.6088277163265182e-18,4.1105884987259735e-11,0.01416015629110587,4.1105887790826579e-11,8.6736173798840355e-18,-2.5535156641123224e-16,0.97212435219299986,0.13282688083880881,4.9101441161147723e-21,1.0831059049144326e-16,1
251,1.767605633802817,0.014160156291105879,0.01416015629087824,0.01416015629087824,0.01416015629087824,-5.633997423249335e-18,4.0878246368047998e-11,0.014160156290878231,4.0878248702691522e-11,8.6736173798840355e-18,-2.5535156641123293e-16,0.97212435219299986,0.13637401217364933,4.2881042954748955e-21,1.6422198219338335e-16,1
252,1.7746478873239437,0.01416015629087824,0.014160156290643516,0.014160156290643516,0.014160156290643516,-5.6598465229484623e-18,4.0643521922682716e-11,0.014160156290643508,4.0643525003880576e-11,8.6736173798840355e-18,-2.5535156641123312e-16,0.97212435219299986,0.13991372681729788,4.393983413881683e-21,1.3051261825351969e-16,1
253,1.7816901408450705,0.014160156290643516,0.014160156290401635,0.014160156290401635,0.014160156290401635,-5.6863724211457478e-18,4.0401640594551104e-11,0.014160156290401626,4.040164383600775e-11,8.6736173798840355e-18,-2.5535156641123332e-16,0.97212435219299986,0.14344583226261923,4.1028158382630173e-21,4.8169210058366533e-17,1
254,1.7887323943661972,0.014160156290401635,0.014160156290152522,0.014160156290152522,0.014160156290152522,-5.7135720414637009e-18,4.01525286590668e-11,0.014160156290152515,4.0152530605963577e-11,6.9388939039072284e-18,-2.5535156641123357e-16,0.97212435219299986,0.14697013641630366,5.0557279039241051e-21,9.1160283201717053e-17,1
255,1.795774647887324,0.014160156290152522,0.014160156289896107,0.014160156289896107,0.014160156289896107,-5.7414418125788574e-18,3.9896112661504689e-11,0.014160156289896099,3.9896115924809017e-11,8.6736173798840355e-18,-2.5535156641123371e-16,0.97212435219299986,0.15048644760931434,3.5403330217269584e-21,1.9615824477264549e-16,1
256,1.8028169014084507,0.014160156289896107,0.014160156289632313,0.014160156289632313,0.014160156289632313,-5.7699776497876248e-18,3.9632319729154525e-11,0.014160156289632306,3.9632321729987652e-11,6.9388939039072284e-18,-2.5535156641123411e-16,0.97199431273957926,0.15399457460731084,3.1896084420044747e-21,1.2971546076229769e-16,1
257,1.8098591549295775,0.014160156289632313,0.014160156289361066,0.014160156289361066,0.014160156289361066,-5.7991749067606945e-18,3.9361072565041227e-11,0.014160156289361058,3.936107516311349e-11,8.6736173798840355e-18,-2.5535156641123766e-16,0.97131699246474767,0.15749432662105009,5.1483721325300442e-21,1.0894883600166692e-16,1
258,1.8169014084507042,0.014160156289361066,0.014160156289082291,0.014160156289082291,0.014160156289082291,-5.8290283571490562e-18,3.9082297901803448e-11,0.014160156289082283,3.9082299896353589e-11,8.6736173798840355e-18,-2.5535156641125028e-16,0.97005951787164779,0.16098551331676103,3.7851784830426546e-21,1.3605254518888155e-16,1
259,1.823943661971831,0.014160156289082291,0.014160156288795927,0.014160156288795925,0.014160156288795925,-5.8595321778535907e-18,3.8795931546261567e-11,0.014160156288795918,3.8795933479662814e-11,6.9388939039072284e-18,-2.5535156641125028e-16,0.96818966187262878,0.16446794482649768,4.7910301079071363e-21,7.2190212401231121e-17,1
260,1.8309859154929577,0.014160156288795925,0.014160156288501907,0.014160156288501907,0.014160156288501905,-5.8906799188159657e-18,3.8501911504590547e-11,0.014160156288501896,3.8501913462996029e-11,8.6736173798840355e-18,-2.5535156641147116e-16,0.96818966187262878,0.16794143175846399,5.0160232345215598e-21,8.3215819896630588e-17,1
261,1.8380281690140845,0.014160156288501905,0.014160156288200172,0.014160156288200172,0.014160156288200172,-5.9224644003175526e-18,3.8200178374089557e-11,0.014160156288200164,3.8200180865755051e-11,8.6736173798840355e-18,-2.5535156641207701e-16,0.96818966187262878,0.17140578520731403,4.6586812098986519e-21,1.3326334962655592e-16,1
262,1.8450704225352113,0.014160156288200172,0.014160156287890673,0.014160156287890673,0.014160156287890673,-5.9548777638645357e-18,3.7890678290649465e-11,0.014160156287890663,3.7890681911512125e-11,1.0408340855860843e-17,-2.5535156644135952e-16,0.96818966187262878,0.17486081676442589,5.082197683525802e-21,1.1981492754497392e-16,1
263,1.852112676056338,0.014160156287890673,0.014160156287573354,0.014160156287573354,0.014160156287573354,-5.9879114444081285e-18,3.75733604301651e-11,0.014160156287573345,3.7573362823839496e-11,8.6736173798840355e-18,-2.5535156747533529e-16,0.96818966187262878,0.17830633852814798,4.3410438546782892e-21,8.6753358747484782e-17,1
264,1.8591549295774648,0.014160156287573354,0.014160156287248172,0.014160156287248172,0.014160156287248172,-6.0215562462092943e-18,3.7248177708858276e-11,0.014160156287248163,3.7248180234650263e-11,8.6736173798840355e-18,-2.553515683025159e-16,0.96818966187262878,0.18174216311401817,3.705769144237564e-21,1.5586922995025448e-16,1
265,1.8661971830985915,0.014160156287248172,0.014160156286915091,0.014160156286915091,0.014160156286915091,-6.0558022102393418e-18,3.6915096414862975e-11,0.014160156286915082,3.6915099449474909e-11,8.6736173798840355e-18,-2.5535156995687713e-16,0.96818966187262878,0.1851681036649547,3.4940109074239889e-21,1.18649064467443e-16,1
266,1.8732394366197183,0.014160156286915091,0.014160156286574088,0.014160156286574088,0.014160156286574088,-6.0906385919971878e-18,3.6574092637506792e-11,0.014160156286574077,3.6574096182184768e-11,1.0408340855860843e-17,-2.5535157161123835e-16,0.96818966187262878,0.18858397386141834,3.3881317890172014e-21,1.8329405563373291e-16,1
267,1.880281690140845,0.014160156286574088,0.014160156286225146,0.014160156286225146,0.014160156286225146,-6.126053851582876e-18,3.6225151694670323e-11,0.014160156286225137,3.6225154820268557e-11,8.6736173798840355e-18,-2.553515749199608e-16,0.96818966187262878,0.19198958793154555,3.407984123718474e-21,1.5641256047891908e-16,1
268,1.887323943661972,0.014160156286225146,0.014160156285868263,0.014160156285868263,0.014160156285868263,-6.16203562422123e-18,3.5868268865253464e-11,0.014160156285868255,3.5868271894279324e-11,8.6736173798840355e-18,-2.5535157822868325e-16,0.96818966187262878,0.19538476066125121,5.9821701899834961e-21,1.1610777980084796e-16,1
269,1.8943661971830987,0.014160156285868263,0.014160156285503446,0.014160156285503446,0.014160156285503446,-6.1985706983827659e-18,3.5503451432183034e-11,0.014160156285503437,3.5503454343110974e-11,8.6736173798840355e-18,-2.5535157822868325e-16,0.96818966187262878,0.19876930740430213,5.082197683525802e-21,7.3753579765224948e-17,1
270,1.9014084507042255,0.014160156285503446,0.014160156285130716,0.014160156285130716,0.014160156285130716,-6.2356449789951953e-18,3.5130721824521881e-11,0.014160156285130707,3.5130724718168693e-11,8.6736173798840355e-18,-2.5535157905586386e-16,0.96818966187262878,0.20214304409235817,5.1880768019325896e-21,6.9772740988215372e-17,1
271,1.9084507042253522,0.014160156285130716,0.014160156284750113,0.014160156284750113,0.014160156284750113,-6.2732434715144163e-18,3.4750117601905921e-11,0.014160156284750102,3.4750121183368954e-11,1.0408340855860843e-17,-2.5535157988304448e-16,0.96818966187262878,0.20550578724498378,3.9704669402545328e-21,7.5721633669844117e-17,1
272,1.915492957746479,0.014160156284750113,0.014160156284361696,0.014160156284361696,0.014160156284361696,-6.3113502542570773e-18,3.4361701548446277e-11,0.014160156284361687,3.4361704454033415e-11,8.6736173798840355e-18,-2.5535157988304448e-16,0.96818962375319551,0.20885735397962579,5.2939559203393771e-21,1.6317956300743882e-16,1
273,1.9225352112676057,0.014160156284361696,0.014160156283965573,0.014160156283965573,0.014160156283965573,-6.3499484727928312e-18,3.3965579056505161e-11,0.014160156283965565,3.3965582083017587e-11,8.6736173798840355e-18,-2.5535157988304448e-16,0.96818962375319551,0.2121975620215599,4.4469229730850768e-21,1.3827993411604779e-16,1
274,1.9295774647887325,0.014160156283965573,0.014160156283561849,0.014160156283561849,0.014160156283561849,-6.3890203564955144e-18,3.356185423938286e-11,0.014160156283561839,3.3561858153730029e-11,1.0408340855860843e-17,-2.553515815374057e-16,0.96818962375319551,0.21552622971380353,3.8645878218477453e-21,3.9578452717535126e-17,1
275,1.9366197183098592,0.014160156283561849,0.014160156283150647,0.014160156283150647,0.014160156283150647,-6.4285471570075001e-18,3.3150653378523275e-11,0.014160156283150638,3.3150655831537534e-11,8.6736173798840355e-18,-2.553515815374057e-16,0.96818962375319551,0.21884317602699499,5.4527745979495584e-21,5.131191233193209e-17,1
276,1.943661971830986,0.014160156283150647,0.014160156282732121,0.014160156282732121,0.014160156282732121,-6.4685090216746045e-18,3.2732125983769888e-11,0.01416015628273211,3.2732129506829466e-11,1.0408340855860843e-17,-2.5535158158910449e-16,0.96818962375319551,0.22214822056923925,6.0880493083902837e-21,1.06904216908919e-16,1
277,1.9507042253521127,0.014160156282732121,0.014160156282306444,0.014160156282306444,0.014160156282306444,-6.5088850928627248e-18,3.2306448705898293e-11,0.014160156282306434,3.2306452651953421e-11,1.0408340855860843e-17,-2.5535184623520172e-16,0.96818962375319551,0.22544118359591803,4.8704394467122269e-21,9.344125711514668e-17,1
278,1.9577464788732395,0.014160156282306444,0.014160156281873809,0.014160156281873809,0.014160156281873809,-6.549653616091539e-18,3.1873814554878675e-11,0.014160156281873799,3.1873817821215233e-11,1.0408340855860843e-17,-2.5535248150991216e-16,0.96818962375318773,0.22872188601946564,3.9175273810511391e-21,5.3742235882769623e-17,1
279,1.9647887323943662,0.014160156281873809,0.014160156281434426,0.014160156281434426,0.014160156281434426,-6.5907917990976776e-18,3.1434431787057099e-11,0.014160156281434416,3.1434434916155496e-11,1.0408340855860843e-17,-2.5535502260875392e-16,0.96818962375318773,0.23199014941910837,4.3410438546782892e-21,1.6692344515755932e-16,1
280,1.971830985915493,0.014160156281434426,0.014160156280988566,0.014160156280988566,0.014160156280988566,-6.632275802495623e-18,3.0988572008218114e-11,0.014160156280988557,3.0988574553636461e-11,8.6736173798840355e-18,-2.5535671667464843e-16,0.96818962375318773,0.23524579605056806,5.8498212919750117e-21,2.566171945124125e-16,1
281,1.9788732394366197,0.014160156280988566,0.014160156280536471,0.014160156280536471,0.014160156280536471,-6.674080676505221e-18,3.0536475839706996e-11,0.014160156280536461,3.0536479594944765e-11,1.0408340855860843e-17,-2.5536010480643745e-16,0.96818962375318773,0.23848864885572818,3.8645878218477453e-21,3.2333066011101674e-17,1
282,1.9859154929577465,0.014160156280536471,0.014160156280078461,0.014160156280078461,0.014160156280078461,-6.7161804543957493e-18,3.0078466326329318e-11,0.01416015628007845,3.0078469229199989e-11,1.0408340855860843e-17,-2.5536349293822647e-16,0.96818962375318773,0.24171853147226402,5.7174723939665273e-21,7.1506358879142365e-17,1
283,1.9929577464788732,0.014160156280078461,0.014160156279614908,0.014160156279614908,0.014160156279614908,-6.7585480106571429e-18,2.9614913116331289e-11,0.014160156279614897,2.9614916421949466e-11,1.0408340855860843e-17,-2.5536518700412097e-16,0.96818962375318773,0.24493526824323367,4.5528020914918643e-21,5.3597366003527711e-17,1
284,2,0.014160156279614908,0.014160156279146229,0.014160156279146229,0.014160156279146229,-6.801154833473053e-18,2.9146234733016428e-11,0.014160156279146218,2.9146237506827433e-11,1.0408340855860843e-17,-2.553702692018045e-16,0.96818750822499033,0.24813868422663074,5.7174723939665273e-21,1.2883280901720124e-16,1
285,2.007042253521127,0.014160156279146229,0.014160156278672632,0.014160156278672632,0.014160156278672632,-6.8439714541167143e-18,2.8672637435850531e-11,0.014160156278672622,2.8672640650651005e-11,1.0408340855860843e-17,-2.5537196326769901e-16,0.96818750822499033,0.25132860520489947,4.4469229730850768e-21,1.1926486272568502e-16,1
286,2.0140845070422535,0.014160156278672632,0.014160156278194494,0.014160156278194494,0.014160156278194494,-6.8869674087536217e-18,2.8194498548719246e-11,0.014160156278194483,2.8194502288414469e-11,1.0408340855860843e-17,-2.5537196326769901e-16,0.96818750822499033,0.25450485769440823,4.393983413881683e-21,4.8199440562924413e-17,1
287,2.0211267605633805,0.014160156278194494,0.014160156277712313,0.014160156277712313,0.014160156277712313,-6.9301110421917092e-18,2.7712318779659607e-11,0.014160156277712303,2.7712322020478908e-11,1.0408340855860843e-17,-2.5537238678417264e-16,0.96818750822499033,0.25766726895488656,5.5057141571529522e-21,1.5137289074854874e-16,1
288,2.028169014084507,0.014160156277712313,0.014160156277226891,0.014160156277226891,0.014160156277226891,-6.9733695313091749e-18,2.7226895731578619e-11,0.01416015627722688,2.7226899554366746e-11,1.0408340855860843e-17,-2.5537281030064626e-16,0.96818750822499033,0.26081566699881659,5.082197683525802e-21,1.4279845692530197e-16,1
289,2.035211267605634,0.014160156277226891,0.014160156276739127,0.014160156276739127,0.014160156276739127,-7.0167088930936726e-18,2.6739131562389454e-11,0.014160156276739116,2.6739135211562015e-11,1.0408340855860843e-17,-2.5538382172896057e-16,0.96818750822499033,0.26394988060078978,5.9292306307801024e-21,1.5144730566128811e-16,1
290,2.0422535211267605,0.014160156276739127,0.014160156276249702,0.014160156276249702,0.014160156276249702,-7.0600940004532697e-18,2.6249707263972218e-11,0.014160156276249692,2.6249710738390775e-11,1.0408340855860843e-17,-2.5541092678327271e-16,0.96818750822499033,0.2670697393068161,4.0234064994579266e-21,1.4120243639983246e-16,1
291,2.0492957746478875,0.014160156276249702,0.014160156275759173,0.014160156275759173,0.014160156275759173,-7.1034885342183835e-18,2.5759177158033654e-11,0.014160156275759162,2.5759181246365337e-11,1.0408340855860843e-17,-2.5543803183758484e-16,0.96818750822499033,0.27017507344359704,3.8910576014494422e-21,1.3500318423861299e-16,1
292,2.056338028169014,0.014160156275759173,0.014160156275268497,0.014160156275268497,0.014160156275268497,-7.1468549479375227e-18,2.5268502311667417e-11,0.014160156275268487,2.5268506037567917e-11,1.0408340855860843e-17,-2.5543972590347935e-16,0.9681546095304403,0.27326571412775036,4.7645603283054394e-21,7.6398034585419454e-17,2
293,2.063380281690141,0.014160156275268497,0.014160156274777843,0.014160156274777843,0.014160156274777843,-7.1901541145386312e-18,2.4777847978851534e-11,0.014160156274777833,2.4777851645452209e-11,1.0408340855860843e-17,-2.5673907444456745e-16,0.9681546095304403,0.27634149327499719,5.0292581243224083e-21,7.0178339934905754e-17,2
294,2.0704225352112675,0.014160156274777843,0.014160156274287941,0.014160156274287941,0.014160156274287943,-7.233345972094801e-18,2.4287947484934164e-11,0.014160156274287931,2.4287951858048551e-11,1.214306433183765e-17,-2.5847379792054426e-16,0.9681546095304403,0.27940224360930171,4.6057416506952581e-21,8.5203799599929182e-17,2
295,2.0774647887323945,0.014160156274287943,0.014160156273799799,0.014160156273799799,0.014160156273799799,-7.2763892443633688e-18,2.3799804591608884e-11,0.014160156273799789,2.3799807610802581e-11,1.0408340855860843e-17,-2.5848735044770033e-16,0.9681546095304403,0.28244779867196956,3.9704669402545328e-21,1.7219850754892495e-16,2
296,2.084507042253521,0.014160156273799799,0.01416015627331422,0.01416015627331422,0.01416015627331422,-7.3192415040986263e-18,2.3314224964552174e-11,0.014160156273314208,2.3314229019577581e-11,1.214306433183765e-17,-2.5850090297485639e-16,0.9681546095304403,0.28547799283069969,4.4072183036825315e-21,8.1610158949475638e-17,2
297,2.091549295774648,0.01416015627331422,0.014160156272831886,0.014160156272831886,0.014160156272831887,-7.3618589304532346e-18,2.2831891576374025e-11,0.014160156272831875,2.2831896095976134e-11,1.214306433183765e-17,-2.5858221813779281e-16,0.96815411738870216,0.28849266128859324,5.1880768019325896e-21,7.5468752368597318e-17,2
298,2.0985915492957745,0.014160156272831887,0.01416015627235352,0.01416015627235352,0.01416015627235352,-7.404196472722879e-18,2.235352476059903e-11,0.014160156272353508,2.235352875024077e-11,1.214306433183765e-17,-2.5874484846366563e-16,0.96815411738870216,0.29149164009311501,4.4072183036825315e-21,5.0429540122183902e-17,1
299,2.1056338028169015,0.01416015627235352,0.014160156271879798,0.014160156271879798,0.014160156271879798,-7.4462077163837805e-18,2.1879802945144257e-11,0.014160156271879786,2.1879806993974071e-11,1.214306433183765e-17,-2.5885326868091418e-16,0.96815411738870216,0.29447476614501084,4.5528020914918643e-21,7.3062624690782271e-17,1
300,2.112676056338028,0.014160156271879798,0.014160156271411848,0.014160156271411848,0.014160156271411848,-7.4878449229145083e-18,2.1411853387919603e-11,0.014160156271411838,2.1411856662711948e-11,1.0408340855860843e-17,-2.5886682120807025e-16,0.96815411738870139,0.29744187720717752,4.9763185651190145e-21,1.2963407986435197e-16,1
301,2.119718309859155,0.014160156271411848,0.014160156270950949,0.014160156270950949,0.014160156270950949,-7.5290591443583712e-18,2.0950954784239648e-11,0.014160156270950939,2.095095798237967e-11,1.0408340855860843e-17,-2.5885326868091418e-16,0.96815396351442717,0.30039281191348544,5.3998350387461647e-21,1.2284215209630462e-16,1
302,2.1267605633802815,0.014160156270950949,0.014160156270498278,0.014160156270498278,0.01416015627049828,-7.569800246740217e-18,2.0498284214811488e-11,0.014160156270498268,2.0498288830217426e-11,1.214306433183765e-17,-2.5886682120807025e-16,0.96815396351442717,0.3033274097775554,4.4998625322884706e-21,8.0224687788053244e-17,1
303,2.1338028169014085,0.01416015627049828,0.014160156270054782,0.014160156270054782,0.014160156270054782,-7.6100165907517749e-18,2.0054787661963776e-11,0.014160156270054772,2.0054791161072671e-11,1.0408340855860843e-17,-2.6194324487249787e-16,0.96815396351442717,0.30624551120148624,5.3468954795427709e-21,3.0998278092816176e-17,1
304,2.1408450704225355,0.014160156270054782,0.014160156269621679,0.014160156269621679,0.014160156269621679,-7.6496552517138936e-18,1.9621683537837133e-11,0.014160156269621667,1.962168795499597e-11,1.214306433183765e-17,-2.6281060661048627e-16,0.96815396351442717,0.30914695748453441,4.3410438546782892e-21,7.5456518858476148e-17,1
305,2.147887323943662,0.014160156269621679,0.014160156269198585,0.014160156269198585,0.014160156269198585,-7.6886618133620624e-18,1.9198589646831518e-11,0.014160156269198573,1.9198594103375655e-11,1.214306433183765e-17,-2.6367796834847468e-16,0.96815396205762605,0.3120315908317452,3.8116482626443515e-21,1.9479114453653312e-16,1
306,2.154929577464789,0.014160156269198585,0.014160156268787005,0.014160156268787005,0.014160156268787005,-7.7269808810312296e-18,1.8787010440313329e-11,0.014160156268786995,1.8787013611465397e-11,1.0408340855860843e-17,-2.6628005356243989e-16,0.96815396205762605,0.31489925436253391,6.1674586471953743e-21,2.5094764946720048e-17,1
307,2.1619718309859155,0.014160156268787005,0.014160156268388662,0.014160156268388662,0.014160156268388662,-7.764555413708187e-18,1.8388666672632073e-11,0.01416015626838865,1.8388670794400319e-11,1.214306433183765e-17,-2.6714741530042829e-16,0.96815396205762605,0.31774979211921828,4.1822251770681079e-21,1.2498330960303662e-16,1
308,2.1690140845070425,0.014160156268388662,0.014160156268005859,0.014160156268005857,0.014160156268005859,-7.80132709817805e-18,1.800586302304556e-11,0.014160156268005847,1.8005867630233041e-11,1.214306433183765e-17,-2.6736425573492539e-16,0.96744813173379351,0.32058304907550056,4.9763185651190145e-21,1.0190722520036181e-16,1
309,2.176056338028169,0.014160156268005859,0.014160156267641744,0.014160156267641744,0.014160156267641746,-7.8372358836370872e-18,1.7641749358967384e-11,0.014160156267641734,1.7641754376795937e-11,1.214306433183765e-17,-2.7061686225238191e-16,0.96744617084922102,0.32339887114489713,5.7174723939665273e-21,1.3740362095258777e-16,1
310,2.183098591549296,0.014160156267641746,0.014160156267298147,0.014160156267298149,0.014160156267298149,-7.8722206756667638e-18,1.7298153051245326e-11,0.014160156267298137,1.7298157697909211e-11,1.214306433183765e-17,-2.7148422399037031e-16,0.96744617084922102,0.32619710518912082,5.6115932755597397e-21,1.4697474651278834e-16,1
311,2.1901408450704225,0.014160156267298149,0.014160156266976746,0.014160156266976746,0.014160156266976748,-7.9062192080079377e-18,1.6976751902785829e-11,0.014160156266976736,1.6976756805897608e-11,1.214306433183765e-17,-2.7321894746634712e-16,0.96744617084922102,0.32897759902640633,5.558653716356346e-21,5.3835214886879098e-17,1
312,2.1971830985915495,0.014160156266976748,0.014160156266677503,0.014160156266677503,0.014160156266677503,-7.9391672644811577e-18,1.667750812049552e-11,0.014160156266677491,1.6677511802121181e-11,1.214306433183765e-17,-2.7929047963226594e-16,0.96744617084922102,0.33174020143979011,5.1351372427291958e-21,9.9757607135228257e-17,1
313,2.204225352112676,0.014160156266677503,0.014160156266401077,0.014160156266401077,0.014160156266401077,-7.9709998879745425e-18,1.6401081530076659e-11,0.014160156266401065,1.6401085350947753e-11,1.214306433183765e-17,-2.8275992658421956e-16,0.96744617084922102,0.33448476218533085,5.7174723939665273e-21,6.9964417560965193e-17,1
314,2.211267605633803,0.014160156266401077,0.014160156266149035,0.014160156266149035,0.014160156266149035,-8.001650851023791e-18,1.6149039869973637e-11,0.014160156266149023,1.6149043907676131e-11,1.214306433183765e-17,-2.8622937353617317e-16,0.96744617084922102,0.33721113200028335,5.2410163611359833e-21,8.8258149445647638e-17,1
315,2.2183098591549295,0.014160156266149035,0.0141601562659231,0.0141601562659231,0.0141601562659231,-8.0310518487962022e-18,1.5923104457857956e-11,0.014160156265923088,1.5923108317994483e-11,1.214306433183765e-17,-2.8969882048812678e-16,0.96744617084922102,0.33991916261121408,5.082197683525802e-21,9.0662538609534948e-17,1
316,2.2253521126760565,0.0141601562659231,0.014160156265724252,0.014160156265724252,0.014160156265724252,-8.0591337959319691e-18,1.5724255968444697e-11,0.01416015626572424,1.5724260435390214e-11,1.214306433183765e-17,-2.9143354396410359e-16,0.96716754465680799,0.34260870674206589,4.7645603283054394e-21,8.6356712085758378e-17,1
317,2.232394366197183,0.014160156265724252,0.014160156265554844,0.014160156265554844,0.014160156265554844,-8.0858252282288867e-18,1.5554847857062619e-11,0.014160156265554832,1.5554852544896747e-11,1.214306433183765e-17,-2.9490299091605721e-16,0.96716754465680799,0.34527961812216817,4.2351647362715017e-21,9.1584736761118301e-17,1
318,2.23943661971831,0.014160156265554844,0.014160156265415318,0.014160156265415318,0.01416015626541532,-8.1110541673353762e-18,1.5415323496398541e-11,0.014160156265415306,1.5415328735723932e-11,1.3877787807814457e-17,-2.9663771439203401e-16,0.96716754465680799,0.34793175149419053,5.5057141571529522e-21,8.4075367498479099e-17,1
319,2.2464788732394365,0.01416015626541532,0.014160156265308152,0.014160156265308152,0.014160156265308154,-8.1347474115761138e-18,1.5308157462989761e-11,0.01416015626530814,1.5308162723548513e-11,1.3877787807814457e-17,-2.9923979960599922e-16,0.96716754465680799,0.35056496262204379,4.4469229730850768e-21,9.3632146929274037e-17,1
320,2.2535211267605635,0.014160156265308154,0.014160156265236609,0.014160156265236609,0.014160156265236609,-8.1568306148143346e-18,1.5236613717633165e-11,0.014160156265236597,1.5236617523228801e-11,1.214306433183765e-17,-3.0097452308197603e-16,0.96716754465680799,0.35317910829872301,4.7645603283054394e-21,1.7402613273932274e-16,1
321,2.26056338028169,0.014160156265236609,0.014160156265204163,0.014160156265204163,0.014160156265204163,-8.1772279945707589e-18,1.5204167233844393e-11,0.01416015626520415,1.5204171255334131e-11,1.214306433183765e-17,-3.0270924655795284e-16,0.96716754465680799,0.35577404635409748,5.2939559203393771e-21,7.6770818378943411e-17,2
322,2.267605633802817,0.014160156265204163,0.014160156265215442,0.014160156265215442,0.014160156265215442,-8.1958620020805171e-18,1.521544545911657e-11,0.014160156265215428,1.5215450427374932e-11,1.3877787807814457e-17,-3.0704605524789486e-16,0.96665372195492472,0.35834963566264033,5.1880768019325896e-21,7.0324914181025739e-17,2
323,2.2746478873239435,0.014160156265215442,0.014160156265277694,0.014160156265277694,0.014160156265277694,-8.2126542201064694e-18,1.5277698099587745e-11,0.014160156265277682,1.5277702714033836e-11,1.214306433183765e-17,-3.0791341698588326e-16,0.96535791196882681,0.36090573615110649,4.6586812098986519e-21,2.1352014521849193e-17,2
324,2.2816901408450705,0.014160156265277694,0.014160156265395931,0.014160156265395931,0.014160156265395931,-8.227524818513713e-18,1.5395935174328139e-11,0.014160156265395919,1.5395939731432939e-11,1.214306433183765e-17,-3.0878077872387166e-16,0.96535791196882681,0.36344220880614758,4.7645603283054394e-21,9.3511344180147086e-17,2
325,2.288732394366197,0.014160156265395931,0.014160156265575966,0.014160156265575966,0.014160156265575966,-8.2403936017958798e-18,1.5575969472498842e-11,0.014160156265575952,1.557597453794024e-11,1.3877787807814457e-17,-3.1051550219984847e-16,0.96535791196882681,0.36595891568187472,4.8704394467122269e-21,1.6006213624561619e-16,2
326,2.295774647887324,0.014160156265575966,0.014160156265820767,0.014160156265820767,0.014160156265820767,-8.25118073309712e-18,1.5820770964079171e-11,0.014160156265820754,1.5820775245423135e-11,1.214306433183765e-17,-3.1398494915180208e-16,0.96535791196882681,0.36845571990735826,3.5998900258307764e-21,8.4171358758337369e-17,1
327,2.302816901408451,0.014160156265820767,0.014160156266133768,0.014160156266133768,0.01416015626613377,-8.2598055152890097e-18,1.6133772722887745e-11,0.014160156266133756,1.6133778341087535e-11,1.3877787807814457e-17,-3.174543961037557e-16,0.96535791196882681,0.37093248569407467,4.5528020914918643e-21,1.2474096881876634e-16,1
328,2.3098591549295775,0.01416015626613377,0.014160156266513645,0.014160156266513645,0.014160156266513645,-8.2661868350460649e-18,1.6513648870157216e-11,0.014160156266513632,1.6513653292027364e-11,1.214306433183765e-17,-3.1918911957973251e-16,0.96535791196882681,0.37338907834328749,5.5057141571529522e-21,1.301394915096213e-16,1
329,2.3169014084507045,0.014160156266513645,0.014160156266963113,0.014160156266963113,0.014160156266963113,-8.270243048705098e-18,1.6963116632692609e-11,0.014160156266963099,1.696312187937643e-11,1.3877787807814457e-17,-3.2092384305570931e-16,0.95985004499837046,0.37582536425337659,4.8704394467122269e-21,1.0054620078033206e-16,1
330,2.323943661971831,0.014160156266963113,0.014160156267486707,0.014160156267486707,0.014160156267486707,-8.2718914603452536e-18,1.7486710500981479e-11,0.014160156267486694,1.7486715200853986e-11,1.214306433183765e-17,-3.2439329000766293e-16,0.95883520598720307,0.37824121092710122,4.6586812098986519e-21,1.109864229347595e-16,1
331,2.330985915492958,0.014160156267486707,0.014160156268088966,0.014160156268088966,0.014160156268088968,-8.2710492115134882e-18,1.8088970839964727e-11,0.014160156268088954,1.8088976497243614e-11,1.3877787807814457e-17,-3.2526065174565133e-16,0.95883520598720307,0.3806364869788082,4.4469229730850768e-21,3.6412439356934482e-17,1
332,2.3380281690140845,0.014160156268088968,0.014160156268776052,0.014160156268776052,0.014160156268776052,-8.2676335901310258e-18,1.8776055801756208e-11,0.014160156268776038,1.877606056743808e-11,1.3877787807814457e-17,-3.2569433261464553e-16,0.95883520598720307,0.38301106214157499,6.0880493083902837e-21,1.8797777562662294e-16,1
333,2.3450704225352115,0.014160156268776052,0.014160156269551751,0.014160156269551751,0.014160156269551753,-8.2615630412054533e-18,1.9551755264161112e-11,0.014160156269551739,1.9551761251679345e-11,1.3877787807814457e-17,-3.2873009869760494e-16,0.95883520598720307,0.38536480727429662,5.2410163611359833e-21,6.1155566955975488e-17,1
334,2.352112676056338,0.014160156269551753,0.014160156270420124,0.014160156270420124,0.014160156270420124,-8.2527562168313324e-18,2.0420128147267635e-11,0.014160156270420112,2.0420132598730767e-11,1.214306433183765e-17,-3.3046482217358175e-16,0.95805388364199295,0.38769759436870693,5.7505596184686484e-21,5.4556964131305974e-17,1
335,2.359154929577465,0.014160156270420124,0.014160156271373677,0.014160156271373677,0.014160156271373677,-8.2411334514933187e-18,2.1373681150199018e-11,0.014160156271373665,2.1373685807346554e-11,1.214306433183765e-17,-3.3133218391157016e-16,0.95668512752161083,0.39000929655634181,4.5528020914918643e-21,1.7780591707419336e-16,1
336,2.3661971830985915,0.014160156271373677,0.014160156272412284,0.014160156272412284,0.014160156272412286,-8.2266159901748966e-18,2.2412288590177682e-11,0.014160156272412272,2.241229424271296e-11,1.3877787807814457e-17,-3.3653635433950058e-16,0.95668512752161083,0.39229978811543803,5.2939559203393771e-21,6.2176010150242982e-17,1
337,2.3732394366197185,0.014160156272412286,0.014160156273548328,0.014160156273548328,0.014160156273548328,-8.2091267072410281e-18,2.3548332506748151e-11,0.014160156273548316,2.3548336891554555e-11,1.214306433183765e-17,-3.3653635433950058e-16,0.95668512752161083,0.39456894447777119,4.4469229730850768e-21,8.7423915632032432e-17,1
338,2.380281690140845,0.014160156273548328,0.014160156274788767,0.014160156274788767,0.014160156274788767,-8.1885908358426057e-18,2.4788770213197628e-11,0.014160156274788753,2.4788775199180435e-11,1.3877787807814457e-17,-3.41740524767431e-16,0.95668512752161083,0.39681664223542984,5.5321839367546491e-21,2.3584312804725029e-16,1
339,2.387323943661972,0.014160156274788767,0.014160156276142902,0.014160156276142902,0.014160156276142904,-8.164936798013394e-18,2.614290682868866e-11,0.01416015627614289,2.6142912487592262e-11,1.3877787807814457e-17,-3.430415673744136e-16,0.95668512752161083,0.3990427591475274,4.4469229730850768e-21,7.3803487222807195e-17,1
340,2.3943661971830985,0.014160156276142904,0.014160156277625168,0.014160156277625168,0.014160156277625168,-8.1380983975058138e-18,2.7625172002390042e-11,0.014160156277625156,2.7625176451939737e-11,1.214306433183765e-17,-3.4520997171938461e-16,0.95663710824835535,0.40124717414685002,5.0292581243224083e-21,1.2119471563954595e-16,1
341,2.4014084507042255,0.014160156277625168,0.014160156279233985,0.014160156279233985,0.014160156279233985,-8.1080092871313138e-18,2.923398877089812e-11,0.014160156279233971,2.9233993698030147e-11,1.3877787807814457e-17,-3.5041414214731503e-16,0.95663710824835535,0.40342976734644076,5.7174723939665273e-21,1.5223667319847844e-16,1
342,2.408450704225352,0.014160156279233985,0.014160156280970872,0.014160156280970872,0.014160156280970872,-8.0746098069324055e-18,3.0970876211915361e-11,0.01416015628097086,3.0970880374181498e-11,1.214306433183765e-17,-3.5041414214731503e-16,0.95663710824835535,0.40559042004612,4.2351647362715017e-21,1.1461348491313445e-16,1
343,2.415492957746479,0.014160156280970872,0.01416015628284129,0.01416015628284129,0.01416015628284129,-8.0378439358017189e-18,3.2841294208956186e-11,0.014160156282841278,3.2841299124619638e-11,1.214306433183765e-17,-3.5301622736128024e-16,0.95663710824835535,0.40772901473894063,4.6586812098986519e-21,1.4743482161652985e-16,1
344,2.4225352112676055,0.01416015628284129,0.014160156284851195,0.014160156284851195,0.014160156284851195,-7.9976578160199267e-18,3.4851199355111805e-11,0.014160156284851183,3.4851203520314122e-11,1.214306433183765e-17,-3.5561831257524545e-16,0.95649430783668865,0.40984543511757837,7.1468404924581591e-21,1.1125544192229644e-16,1
345,2.4295774647887325,0.014160156284851195,0.014160156287002113,0.014160156287002115,0.014160156287002113,-7.9540025469282311e-18,3.7002117860069542e-11,0.014160156287002101,3.7002121852647285e-11,1.214306433183765e-17,-3.5605199344423966e-16,0.95649430783668865,0.41193956608065802,5.5057141571529522e-21,5.4629266760803012e-17,1
346,2.436619718309859,0.014160156287002113,0.014160156289298209,0.014160156289298209,0.014160156289298209,-7.9068352202018289e-18,3.9298212988510227e-11,0.014160156289298197,3.9298217457961471e-11,1.214306433183765e-17,-3.5908775952719907e-16,0.95649430783668865,0.41401129373901224,5.2939559203393771e-21,1.2316623716930347e-16,1
347,2.443661971830986,0.014160156289298209,0.014160156291742229,0.014160156291742229,0.014160156291742228,-7.8561161347310247e-18,4.1742232541417304e-11,0.014160156291742216,4.1742236403519151e-11,1.214306433183765e-17,-3.5908775952719907e-16,0.95649430783668865,0.41606050542187595,4.2351647362715017e-21,7.9797350114812314e-17,1
348,2.4507042253521125,0.014160156291742228,0.014160156294344726,0.014160156294344726,0.014160156294344726,-7.8018106881981331e-18,4.4344729252944944e-11,0.014160156294344712,4.4344734481671644e-11,1.3877787807814457e-17,-3.6255720647915268e-16,0.95578340249344507,0.41808708968301428,4.7645603283054394e-21,7.9774755120618454e-17,1
349,2.4577464788732395,0.014160156294344726,0.01416015629711667,0.01416015629711667,0.01416015629711667,-7.7438886995838608e-18,4.7116673910292438e-11,0.014160156297116658,4.7116678614234075e-11,1.214306433183765e-17,-3.677613769070831e-16,0.95544756695253497,0.42009093630678251,5.1351372427291958e-21,1.058844400732584e-16,1
350,2.4647887323943665,0.01416015629711667,0.014160156300051163,0.014160156300051163,0.014160156300051161,-7.6823286254221912e-18,5.0051165902634352e-11,0.014160156300051149,5.0051169805942486e-11,1.214306433183765e-17,-3.6949610038305991e-16,0.95544756695253497,0.42207193631412099,6.3527471044072525e-21,1.9770568209206997e-16,1
351,2.471830985915493,0.014160156300051161,0.014160156303149542,0.014160156303149542,0.014160156303149542,-7.6171144683900654e-18,5.3149545698102207e-11,0.01416015630314953,5.3149550732767281e-11,1.214306433183765e-17,-3.7209818559702512e-16,0.95544756695253497,0.4240299819684818,4.8704394467122269e-21,2.3004817193924591e-16,1
352,2.47887323943662,0.014160156303149542,0.014160156306411565,0.014160156306411565,0.014160156306411565,-7.5482374141497505e-18,5.6411568213946746e-11,0.014160156306411553,5.6411573329251397e-11,1.214306433183765e-17,-3.7383290907300193e-16,0.95542995578744228,0.42596496678168799,5.3998350387461647e-21,6.8839062338749259e-17,1
353,2.4859154929577465,0.014160156306411565,0.014160156309837389,0.014160156309837389,0.014160156309837389,-7.4756952705216023e-18,5.9837392371202125e-11,0.014160156309837376,5.9837397189954622e-11,1.214306433183765e-17,-3.7296554733501353e-16,0.95540724528227683,0.42787678551972447,4.4469229730850768e-21,6.717591844594124e-17,1
354,2.4929577464788735,0.014160156309837389,0.014160156313451629,0.014160156313451629,0.014160156313451629,-7.3994937138493976e-18,6.3451633125710687e-11,0.014160156313451617,6.3451638041001068e-11,1.214306433183765e-17,-3.7470027081099033e-16,0.95540724528227683,0.42976533420846219,4.4469229730850768e-21,9.2676962546771478e-17,1
355,2.5,0.014160156313451629,0.014160156317258704,0.014160156317258704,0.014160156317258704,-7.3196491874360149e-18,6.7258708343497929e-11,0.014160156317258692,6.7258712488360572e-11,1.214306433183765e-17,-3.7556763254897874e-16,0.95540724528227683,0.4316305101393112,4.5528020914918643e-21,3.346222057726864e-17,1
356,2.507042253521127,0.014160156317258704,0.01416015632126646,0.01416015632126646,0.01416015632126646,-7.2361826112703161e-18,7.1266463730978987e-11,0.014160156321266448,7.1266468421038454e-11,1.214306433183765e-17,-3.7578447298347584e-16,0.95376868003440218,0.43347221187480822,4.6586812098986519e-21,4.9484365116231723e-17,1
357,2.5140845070422535,0.01416015632126646,0.014160156325481673,0.014160156325481673,0.014160156325481673,-7.1491214796775266e-18,7.5481677529195478e-11,0.014160156325481661,7.5481681668931877e-11,1.214306433183765e-17,-3.7643499428696714e-16,0.94461923481116961,0.43529033925413207,7.7291756436954906e-21,6.1715010956510272e-17,1
358,2.5211267605633805,0.014160156325481673,0.014160156329901924,0.014160156329901924,0.014160156329901924,-7.0584998748396999e-18,7.9901928102983939e-11,0.014160156329901913,7.9901932292791855e-11,1.0408340855860843e-17,-3.7654341450421569e-16,0.92714086365057224,0.43708479339855139,5.9623178552822235e-21,1.6221582994595007e-16,1
359,2.528169014084507,0.014160156329901924,0.014160156334522337,0.014160156334522337,0.014160156334522337,-6.9643574358018243e-18,8.4522340656057988e-11,0.014160156334522325,8.4522345719650893e-11,1.214306433183765e-17,-3.7730235602495554e-16,0.92211683015379642,0.43885547671680181,5.4858618224516795e-21,4.7580128137709883e-17,1
360,2.535211267605634,0.014160156334522337,0.014160156339339695,0.014160156339339695,0.014160156339339695,-6.8667397222095528e-18,8.9339698938815323e-11,0.014160156339339683,8.9339704037461054e-11,1.214306433183765e-17,-3.7947076036992655e-16,0.91096621120650179,0.44060229291039421,3.8116482626443515e-21,4.2677748287791354e-17,1
361,2.5422535211267605,0.014160156339339695,0.014160156344353157,0.014160156344353157,0.014160156344353157,-6.7657025116630447e-18,9.4353161542933603e-11,0.014160156344353147,9.4353165905336489e-11,1.0408340855860843e-17,-3.7990444123892075e-16,0.91051849683470343,0.44232514697885067,5.5321839367546491e-21,1.1230556345221354e-16,1
362,2.5492957746478875,0.014160156344353157,0.014160156349569337,0.014160156349569337,0.014160156349569337,-6.6613163795703092e-18,9.95693406642679e-11,0.014160156349569325,9.9569345823891098e-11,1.214306433183765e-17,-3.7991799376607682e-16,0.91051849683470343,0.44402394522487265,5.7174723939665273e-21,1.0664264624335839e-16,1
363,2.556338028169014,0.014160156349569337,0.014160156354983491,0.014160156354983491,0.014160156354983491,-6.5536612800349477e-18,1.0498349487420271e-10,0.01416015635498348,1.0498349932441808e-10,1.0408340855860843e-17,-3.7991799376607682e-16,0.91051849683470343,0.44569859525943517,4.7380905487037425e-21,1.1506437186265279e-16,1
364,2.563380281690141,0.014160156354983491,0.014160156360587596,0.014160156360587596,0.014160156360587596,-6.4428294154024975e-18,1.1058760052967446e-10,0.014160156360587586,1.1058760504556453e-10,1.0408340855860843e-17,-3.8077180297690916e-16,0.91051810397587984,0.44734900600681216,4.8710598321716417e-21,5.5790703148974111e-17,1
365,2.5704225352112675,0.014160156360587596,0.014160156366380001,0.014160156366380001,0.014160156366380001,-6.3289163907845295e-18,1.163800052202835e-10,0.014160156366379991,1.1638000979585783e-10,1.0408340855860843e-17,-3.8120548384590336e-16,0.90866542936062544,0.44897508770952982,5.1351372427291958e-21,3.3407902624972003e-17,1
366,2.5774647887323945,0.014160156366380001,0.014160156372350729,0.014160156372350729,0.014160156372350729,-6.2120116351643022e-18,1.2235073304735531e-10,0.014160156372350718,1.2235073718058764e-10,1.0408340855860843e-17,-3.8185600514939466e-16,0.89993310770608481,0.45057675193324709,4.2351647362715017e-21,1.4205157317757721e-16,1
367,2.584507042253521,0.014160156372350729,0.014160156378492201,0.014160156378492201,0.014160156378492201,-6.0922216834849344e-18,1.2849220525013511e-10,0.014160156378492191,1.284922099276109e-10,1.0408340855860843e-17,-3.8185600514939466e-16,0.88293311092863358,0.45215391157156704,4.7645603283054394e-21,1.9259146849925757e-16,1
368,2.591549295774648,0.014160156378492201,0.014160156384800749,0.014160156384800749,0.014160156384800749,-5.9696556035858055e-18,1.3480075260898852e-10,0.014160156384800738,1.3480075736205244e-10,1.0408340855860843e-17,-3.8185600514939466e-16,0.88253865896369721,0.45370648085077148,5.082197683525802e-21,2.8406841720298577e-16,1
369,2.5985915492957745,0.014160156384800749,0.014160156391270802,0.014160156391270802,0.014160156391270802,-5.8444418318828763e-18,1.4127080640073794e-10,0.014160156391270792,1.4127081102155437e-10,1.0408340855860843e-17,-3.8228968601838886e-16,0.88253865896369721,0.45523437533448824,4.4469229730850768e-21,5.3603653480911909e-17,1
370,2.6056338028169015,0.014160156391270802,0.01416015639790911,0.01416015639790911,0.01416015639790911,-5.7167179229700054e-18,1.4790911345581248e-10,0.0141601563979091,1.4790911898043824e-10,1.0408340855860843e-17,-3.8261494667013451e-16,0.88253865896369721,0.45673751192828149,4.6586812098986519e-21,1.2580023861729146e-16,1
371,2.612676056338028,0.01416015639790911,0.014160156404695966,0.014160156404695966,0.014160156404695966,-5.5866415710585679e-18,1.5469597046148211e-10,0.014160156404695956,1.5469597478001695e-10,1.0408340855860843e-17,-3.8261494667013451e-16,0.8794594386696466,0.45821580888417235,4.6586812098986519e-21,2.4270178191622228e-16,1
372,2.619718309859155,0.014160156404695966,0.014160156411620184,0.014160156411620184,0.014160156411620184,-5.4543678915558732e-18,1.6162018831264686e-10,0.014160156411620174,1.6162019292331742e-10,1.0408340855860843e-17,-3.8272336688738307e-16,0.87011411092993796,0.45966918580508265,5.5057141571529522e-21,1.8534760980221066e-16,1
373,2.626760563380282,0.014160156411620184,0.014160156418689174,0.014160156418689174,0.014160156418689174,-5.3200564812008133e-18,1.6868917813051733e-10,0.014160156418689163,1.6868918241430553e-10,1.0408340855860843e-17,-3.8283178710463162e-16,0.85679175140404829,0.4610975636492104,4.9763185651190145e-21,1.0153011681612255e-16,1
374,2.6338028169014085,0.014160156418689174,0.014160156425927122,0.014160156425927122,0.014160156425927122,-5.1838788845198609e-18,1.759271255723967e-10,0.014160156425927111,1.7592713050240683e-10,1.0408340855860843e-17,-3.8299441743050444e-16,0.84238852278420517,0.46250086473432467,4.6586812098986519e-21,1.5967086465520895e-16,1
375,2.6408450704225355,0.014160156425927122,0.014160156433333125,0.014160156433333125,0.014160156433333125,-5.046016388407407e-18,1.8333312868807416e-10,0.014160156433333114,1.8333313339669033e-10,1.0408340855860843e-17,-3.8315704775637727e-16,0.84234805760212939,0.46387901274199383,6.4586262228140401e-21,1.3084167044916169e-16,1
376,2.647887323943662,0.014160156433333125,0.01416015644090231,0.01416015644090231,0.01416015644090231,-4.9066656105880639e-18,1.9090231393492277e-10,0.014160156440902301,1.9090231825891202e-10,8.6736173798840355e-18,-3.8326546797362582e-16,0.84234805760212939,0.46523193272173369,5.9292306307801024e-21,1.3077846051207526e-16,1
377,2.654929577464789,0.01416015644090231,0.014160156448621083,0.014160156448621083,0.014160156448621083,-4.7660336355043538e-18,1.9862108715662995e-10,0.014160156448621074,1.9862109179591414e-10,8.6736173798840355e-18,-3.8337388819087437e-16,0.84234805760212939,0.46655955109508546,4.5263323118901674e-21,6.3416503097612615e-17,1
378,2.6619718309859155,0.014160156448621083,0.014160156456469394,0.014160156456469394,0.014160156456469394,-4.6243184943554733e-18,2.0646939769701733e-10,0.014160156456469385,2.0646940233903788e-10,8.6736173798840355e-18,-3.8342809829949864e-16,0.83854422725541433,0.46786179565961566,4.4469229730850768e-21,2.0810335194321266e-16,1
379,2.6690140845070425,0.014160156456469394,0.014160156464434559,0.014160156464434559,0.014160156464434559,-4.4817356315036046e-18,2.1443456343911845e-10,0.01416015646443455,2.1443456732495036e-10,8.6736173798840355e-18,-3.8350941346243506e-16,0.82901339164967658,0.46913859559284427,4.7645603283054394e-21,3.267549944418193e-16,1
380,2.676056338028169,0.014160156464434559,0.014160156472503098,0.014160156472503098,0.014160156472503098,-4.3385025419747711e-18,2.2250310244571976e-10,0.014160156472503089,2.2250310621751979e-10,8.6736173798840355e-18,-3.8359072862537147e-16,0.81300963383059255,0.47038988145609534,5.1880768019325896e-21,1.8491090713904123e-16,1
381,2.683098591549296,0.014160156472503098,0.014160156480673947,0.014160156480673947,0.014160156480673947,-4.1948586418841982e-18,2.3067395118867383e-10,0.014160156480673938,2.3067395563125537e-10,8.6736173798840355e-18,-3.8375335895124429e-16,0.8128531674087367,0.47161558519827396,5.2939559203393771e-21,7.7613589717531232e-17,1
382,2.6901408450704225,0.014160156480673947,0.01416015648894264,0.01416015648894264,0.01416015648894264,-4.0510484806383086e-18,2.3894264428961967e-10,0.014160156488942631,2.3894264865320647e-10,8.6736173798840355e-18,-3.8391598927711712e-16,0.8128531674087367,0.4728156401595669,5.9821701899834961e-21,1.4374396198924325e-16,1
383,2.6971830985915495,0.01416015648894264,0.014160156497301407,0.014160156497301407,0.014160156497301405,-3.9073285725842166e-18,2.4730141070161831e-10,0.014160156497301398,2.4730141372220071e-10,6.9388939039072284e-18,-3.8413282971161422e-16,0.8128531674087367,0.47398998107506896,4.9233790059156207e-21,9.7895442488440728e-17,1
384,2.704225352112676,0.014160156497301405,0.01416015650573909,0.01416015650573909,0.01416015650573909,-3.7639590362999439e-18,2.5573909413610424e-10,0.014160156505739081,2.5573909830101105e-10,8.6736173798840355e-18,-3.8421414487455063e-16,0.80982889488677867,0.47513854407833039,5.0292581243224083e-21,7.4462816086967021e-17,1
385,2.711267605633803,0.01416015650573909,0.014160156514246578,0.014160156514246578,0.014160156514246576,-3.6211972213786694e-18,2.6424658165427805e-10,0.014160156514246569,2.6424658468304774e-10,6.9388939039072284e-18,-3.8434967014611132e-16,0.80175559779353844,0.4762612667048321,7.530652296682764e-21,2.196643559416468e-16,1
386,2.7183098591549295,0.014160156514246576,0.014160156522819945,0.014160156522819945,0.014160156522819945,-3.4793151785472822e-18,2.7281994990438436e-10,0.014160156522819939,2.7281995412797855e-10,6.9388939039072284e-18,-3.8451230047198415e-16,0.8016703953793276,0.47735808789538209,6.5115657820174339e-21,2.4249809931448209e-16,1
387,2.7253521126760565,0.014160156522819945,0.014160156531448198,0.014160156531448198,0.014160156531448196,-3.3385963042682685e-18,2.8144820204628994e-10,0.014160156531448189,2.8144820501951884e-10,6.9388939039072284e-18,-3.846207206892327e-16,0.8016703953793276,0.47842894799943569,5.2542512509368318e-21,1.1515237505226033e-16,1
388,2.732394366197183,0.014160156531448196,0.01416015654011768,0.01416015654011768,0.01416015654011768,-3.1993184556751089e-18,2.9011768531257651e-10,0.014160156540117673,2.9011768855335962e-10,6.9388939039072284e-18,-3.8472914090648125e-16,0.8016703953793276,0.47947378877834057,4.4469229730850768e-21,7.4274395122624798e-17,1
389,2.73943661971831,0.01416015654011768,0.014160156548812837,0.014160156548812837,0.014160156548812837,-3.0617702687978151e-18,2.9881284288192932e-10,0.01416015654881283,2.9881284599464486e-10,6.9388939039072284e-18,-3.8478335101510552e-16,0.79776473912251467,0.48049255340850344,3.5998900258307764e-21,2.9740228061169226e-16,1
390,2.7464788732394365,0.014160156548812837,0.014160156557521779,0.014160156557521781,0.014160156557521779,-2.9262294253611906e-18,3.0752178470811188e-10,0.014160156557521774,3.0752178754867021e-10,5.2041704279304213e-18,-3.8494598134097835e-16,0.78831843344248298,0.48148518648448058,4.2351647362715017e-21,9.3141925163484539e-17,1
391,2.7535211267605635,0.014160156557521779,0.01416015656624219,0.01416015656624219,0.01416015656624219,-2.792991993182928e-18,3.1624219575271827e-10,0.014160156566242183,3.1624219909431872e-10,6.9388939039072284e-18,-3.8510861166685117e-16,0.78740644448478769,0.48245163402199093,4.0234064994579266e-21,1.6103554057357994e-16,1
392,2.76056338028169,0.01416015656624219,0.01416015657497079,0.01416015657497079,0.014160156574970788,-2.6623446863534154e-18,3.2497079413043795e-10,0.014160156574970783,3.2497079680005037e-10,5.2041704279304213e-18,-3.8532545210134828e-16,0.78740644448478769,0.48339184346085251,4.3410438546782892e-21,1.185111375351349e-16,1
393,2.767605633802817,0.014160156574970788,0.014160156583697812,0.014160156583697812,0.014160156583697811,-2.5345867074942434e-18,3.3369781675901191e-10,0.014160156583697805,3.3369781937686582e-10,5.2041704279304213e-18,-3.8554229253584538e-16,0.78740644448478769,0.48430576366783984,5.7704119531699211e-21,1.7251887438044688e-16,1
394,2.7746478873239435,0.014160156583697811,0.014160156592457481,0.014160156592457481,0.014160156592457481,-2.4100157467530788e-18,3.4245748629170321e-10,0.014160156592457476,3.4245748944949916e-10,5.2041704279304213e-18,-3.8575913297034248e-16,0.78740573824411397,0.48519334493946586,4.4518860567603949e-21,9.3344912804263214e-17,1
395,2.7816901408450705,0.014160156592457481,0.014160156601247545,0.014160156601247545,0.014160156601247545,-2.2889215260062763e-18,3.5124755053605563e-10,0.01416015660124754,3.5124755361215509e-10,5.2041704279304213e-18,-3.8597597340483958e-16,0.78740573824411397,0.48605453900468515,5.1781506345819532e-21,1.0684565806624529e-16,1
396,2.7887323943661975,0.014160156601247545,0.01416015661006462,0.01416015661006462,0.014160156610064619,-2.1715940514613934e-18,3.6006462512448233e-10,0.014160156610064614,3.6006462741933198e-10,5.2041704279304213e-18,-3.8640965427383378e-16,0.78431154407668158,0.4868892990275176,4.6851509895003488e-21,1.0933400396850581e-16,1
397,2.795774647887324,0.014160156610064619,0.01416015661890936,0.01416015661890936,0.01416015661890936,-2.0583182064831176e-18,3.6890936494134068e-10,0.014160156618909354,3.6890936833122723e-10,5.2041704279304213e-18,-3.8684333514282798e-16,0.7843097151675068,0.4876975796095977,5.558653716356346e-21,1.6118616435993686e-16,1
398,2.802816901408451,0.01416015661890936,0.014160156627767465,0.014160156627767465,0.014160156627767465,-1.949372166836583e-18,3.7776746996379077e-10,0.01416015662776746,3.777674735527814e-10,5.2041704279304213e-18,-3.8706017557732508e-16,0.78296619135514722,0.48847933679264199,5.5718886061571944e-21,5.4866687539413312e-17,1
399,2.8098591549295775,0.014160156627767465,0.014160156636652042,0.014160156636652042,0.014160156636652042,-1.8450269361878301e-18,3.8665204732746251e-10,0.014160156636652037,3.8665205065457897e-10,5.2041704279304213e-18,-3.8727701601182218e-16,0.77692877978261821,0.48923452806084006,5.5189490469538006e-21,6.127334683817735e-17,1
400,2.8169014084507045,0.014160156636652042,0.014160156645559512,0.014160156645559512,0.014160156645559512,-1.7455468942269501e-18,3.9555951846084886e-10,0.014160156645559509,3.9555952090208901e-10,3.4694469519536142e-18,-3.8738543622907073e-16,0.76574694789127495,0.48996311234316747,4.9763185651190145e-21,6.2341405042969931e-17,1
401,2.823943661971831,0.014160156645559512,0.014160156654469231,0.014160156654469231,0.014160156654469231,-1.6511911285579052e-18,4.044692368283199e-10,0.014160156654469227,4.0446923935122392e-10,3.4694469519536142e-18,-3.8771069688081639e-16,0.75827995687149696,0.49066505001561822,6.8821426964411903e-21,7.5432132527117622e-17,1
402,2.830985915492958,0.014160156654469231,0.014160156663372669,0.014160156663372669,0.014160156663372669,-1.5622049502407438e-18,4.1337267493879098e-10,0.014160156663372664,4.1337267810137579e-10,5.2041704279304213e-18,-3.8781911709806494e-16,0.75827995687149696,0.49134030290336128,5.7704119531699211e-21,2.5857321564684306e-16,1
403,2.8380281690140845,0.014160156663372669,0.01416015667226601,0.01416015667226601,0.014160156672266009,-1.4788186295245122e-18,4.2226601545903898e-10,0.014160156672266005,4.2226601729145052e-10,3.4694469519536142e-18,-3.8814437774981059e-16,0.75783069427788829,0.49198883428281454,5.9821701899834961e-21,3.0531076634227058e-16,1
404,2.8450704225352115,0.014160156672266009,0.014160156681146318,0.014160156681146318,0.014160156681146317,-1.401249312531217e-18,4.3114632331317935e-10,0.014160156681146313,4.3114632523877372e-10,3.4694469519536142e-18,-3.8825279796705914e-16,0.75783069427788829,0.49261060888364427,5.2410163611359833e-21,6.1244677934293696e-17,1
405,2.852112676056338,0.014160156681146317,0.014160156690012473,0.014160156690012473,0.014160156690012473,-1.3296999043595114e-18,4.4001247823265211e-10,0.014160156690012467,4.400124813119799e-10,5.2041704279304213e-18,-3.8857805861880479e-16,0.75783006701552791,0.49320559289068189,3.8381180422460484e-21,2.4180185093681627e-16,1
406,2.859154929577465,0.014160156690012473,0.014160156698861517,0.014160156698861517,0.014160156698861516,-1.2643574539721971e-18,4.488615224069305e-10,0.014160156698861512,4.4886152433809556e-10,3.4694469519536142e-18,-3.8879489905330189e-16,0.75461567698765653,0.49377375394576339,5.7439421735682242e-21,1.4438882496375439e-16,1
407,2.8661971830985915,0.014160156698861516,0.014160156707688231,0.014160156707688231,0.014160156707688231,-1.2053928076429594e-18,4.5768823747576144e-10,0.014160156707688228,4.5768823973835193e-10,3.4694469519536142e-18,-3.8901173948779899e-16,0.75461567698765653,0.49431506114948925,5.4527745979495584e-21,1.9345647370307839e-16,1
408,2.8732394366197185,0.014160156707688231,0.014160156716497386,0.014160156716497386,0.014160156716497386,-1.1529560851738873e-18,4.6649739227924918e-10,0.014160156716497382,4.6649739453286099e-10,3.4694469519536142e-18,-3.8922857992229609e-16,0.75461564802384462,0.49482948506290464,4.6057416506952581e-21,7.6038718713984539e-17,1
409,2.880281690140845,0.014160156716497386,0.014160156725279481,0.014160156725279481,0.014160156725279481,-1.1071826445653328e-18,4.7527948655322621e-10,0.014160156725279477,4.7527948937586828e-10,3.4694469519536142e-18,-3.8939121024816892e-16,0.75109104730662279,0.49531699770910109,4.5528020914918643e-21,9.7307590546580853e-17,1
410,2.887323943661972,0.014160156725279481,0.014160156734049857,0.014160156734049857,0.014160156734049857,-1.0681820404050528e-18,4.8404986348319986e-10,0.014160156734049854,4.8404986616179535e-10,3.4694469519536142e-18,-3.8960805068266602e-16,0.75106727281584318,0.49577757257473665,5.2939559203393771e-21,1.7887041489975906e-16,1
411,2.8943661971830985,0.014160156734049857,0.014160156742819518,0.014160156742819518,0.014160156742819518,-1.0360399228547616e-18,4.9281952458213649e-10,0.014160156742819514,4.9281952650692684e-10,3.4694469519536142e-18,-3.8987910122578739e-16,0.75106727281584318,0.49621118461147956,5.2939559203393771e-21,5.1455720847975216e-17,1
412,2.9014084507042255,0.014160156742819518,0.014160156751586618,0.014160156751586618,0.014160156751586618,-1.0108225278905456e-18,5.0158662311929526e-10,0.014160156751586614,5.0158662640020779e-10,3.4694469519536142e-18,-3.900959416602845e-16,0.74948522983346844,0.49661781023736901,4.4469229730850768e-21,2.3592996805289553e-16,1
413,2.908450704225352,0.014160156751586618,0.014160156760345577,0.014160156760345577,0.014160156760345577,-9.9257155914493965e-19,5.1034558319325016e-10,0.014160156760345573,5.1034558523621598e-10,3.4694469519536142e-18,-3.903127820947816e-16,0.74941858884696422,0.49699742733809871,5.5057141571529522e-21,1.3518912401008438e-16,1
414,2.915492957746479,0.014160156760345577,0.014160156769095352,0.014160156769095352,0.014160156769095352,-9.8130505807621775e-19,5.1909535859749543e-10,0.014160156769095348,5.1909536044614235e-10,3.4694469519536142e-18,-3.905296225292787e-16,0.74941858884696422,0.49735001526821898,6.5115657820174339e-21,1.4475836787656306e-16,1
415,2.9225352112676055,0.014160156769095352,0.014160156777829655,0.014160156777829655,0.014160156777829655,-9.7701686442187381e-19,5.2782966093402191e-10,0.014160156777829652,5.2782966365738648e-10,3.4694469519536142e-18,-3.907464629637758e-16,0.74890690223304568,0.49767555485225973,4.1292856178647142e-21,1.4627516559245561e-16,1
416,2.9295774647887325,0.014160156777829655,0.014160156786544214,0.014160156786544214,0.014160156786544214,-9.7967653548746479e-19,5.3654421997448403e-10,0.01416015678654421,5.3654422224602705e-10,3.4694469519536142e-18,-3.909633033982729e-16,0.74585328264951312,0.49797402838577309,4.5528020914918643e-21,9.7681592479879068e-17,1
417,2.936619718309859,0.014160156786544214,0.014160156795235041,0.014160156795235041,0.014160156795235041,-9.8923042035834582e-19,5.4523504746948198e-10,0.014160156795235038,5.4523504981751625e-10,3.4694469519536142e-18,-3.9101751350689717e-16,0.74584273009167013,0.49824541963629676,4.2351647362715017e-21,8.0760643607353672e-17,1
418,2.943661971830986,0.014160156795235041,0.014160156803910112,0.01416015680391011,0.01416015680391011,-1.0056011722054615e-18,5.5391011747920898e-10,0.014160156803910107,5.5391011916094968e-10,3.4694469519536142e-18,-3.9128856405001855e-16,0.74584273009167013,0.49848971384423635,5.1880768019325896e-21,1.0599126029055773e-16,1
419,2.950704225352113,0.01416015680391011,0.014160156812566075,0.014160156812566075,0.014160156812566075,-1.0286858838588544e-18,5.6256608165546578e-10,0.014160156812566072,5.6256608399474217e-10,3.4694469519536142e-18,-3.916138247017642e-16,0.74554225061056723,0.4987068977236685,6.1939284267970712e-21,2.1439675714924945e-16,1
420,2.9577464788732395,0.014160156812566075,0.014160156821206402,0.014160156821206402,0.014160156821206402,-1.0583649922141031e-18,5.7120640724233573e-10,0.014160156821206398,5.7120641029639874e-10,3.4694469519536142e-18,-3.920475055707584e-16,0.74535584390557985,0.49889695946306262,5.4263048183478615e-21,1.7017123332209831e-16,1
421,2.9647887323943665,0.014160156821206402,0.014160156829828829,0.014160156829828829,0.014160156829828829,-1.0944890351077976e-18,5.7982883467222961e-10,0.014160156829828826,5.7982883772123017e-10,3.4694469519536142e-18,-3.9291486730874681e-16,0.74535584390557985,0.49905988872592461,5.3468954795427709e-21,7.1159203997353354e-17,1
422,2.971830985915493,0.014160156829828829,0.014160156838423046,0.014160156838423046,0.014160156838423046,-1.1368928941480189e-18,5.8842305268508106e-10,0.014160156838423043,5.8842305507289527e-10,3.4694469519536142e-18,-3.9356538861223811e-16,0.74535584390557985,0.49919567665135767,5.082197683525802e-21,7.4654752814481838e-17,1
423,2.97887323943662,0.014160156838423046,0.014160156846984759,0.014160156846984759,0.014160156846984759,-1.1853991771980628e-18,5.9698476471596434e-10,0.014160156846984755,5.9698476717606752e-10,3.4694469519536142e-18,-3.9378222904673521e-16,0.74535584390557985,0.4993043158545446,5.1880768019325896e-21,2.3528047300912576e-16,1
424,2.9859154929577465,0.014160156846984759,0.014160156855505658,0.014160156855505658,0.014160156855505658,-1.2397983860133662e-18,6.0550566480858258e-10,0.014160156855505654,6.0550566644002046e-10,3.4694469519536142e-18,-3.9399906948123231e-16,0.74531449502043523,0.49938580042715042,4.0234064994579266e-21,2.7730107733987247e-16,1
425,2.9929577464788735,0.014160156855505658,0.014160156863961952,0.014160156863961952,0.014160156863961952,-1.2998637654865763e-18,6.1396195805697473e-10,0.014160156863961947,6.1396196113228108e-10,5.2041704279304213e-18,-3.9464959078472361e-16,0.74531449502043523,0.49944012593764187,5.558653716356346e-21,9.5710203725534558e-17,1
426,3,0.014160156863961952,0.014160156872356316,0.014160156872356316,0.014160156872356316,-1.3653592767482057e-18,6.2235632218786703e-10,0.014160156872356312,6.2235632446172584e-10,3.4694469519536142e-18,-3.9486643121922071e-16,0.74531449502043523,0.4994672894315299,5.5057141571529522e-21,1.426144759433705e-16,1
